{"time":"September 13, 3:15 pm","ts":1663062343,"status":200,"resp_time":0.142729}
{"time":"September 13, 3:26 pm","ts":1663063004,"status":200,"resp_time":0.16343}
{"time":"September 13, 3:56 pm","ts":1663064787,"status":200,"resp_time":0.080469}
{"time":"September 13, 4:17 pm","ts":1663066049,"status":200,"resp_time":0.113747}
{"time":"September 13, 4:27 pm","ts":1663066678,"status":200,"resp_time":0.093581}
{"time":"September 13, 4:53 pm","ts":1663068184,"status":200,"resp_time":0.122392}
{"time":"September 13, 5:10 pm","ts":1663069225,"status":200,"resp_time":0.089144}
{"time":"September 13, 5:25 pm","ts":1663070150,"status":200,"resp_time":0.095773}
{"time":"September 13, 6:15 pm","ts":1663073127,"status":200,"resp_time":0.124848}
{"time":"September 13, 7:04 pm","ts":1663076088,"status":200,"resp_time":0.160833}
{"time":"September 13, 7:40 pm","ts":1663078215,"status":200,"resp_time":0.103423}
{"time":"September 13, 8:08 pm","ts":1663079903,"status":200,"resp_time":0.099385}
{"time":"September 13, 8:23 pm","ts":1663080836,"status":200,"resp_time":0.155369}
{"time":"September 13, 8:50 pm","ts":1663082422,"status":200,"resp_time":0.158169}
{"time":"September 13, 9:17 pm","ts":1663084039,"status":200,"resp_time":0.122212}
{"time":"September 13, 9:29 pm","ts":1663084766,"status":200,"resp_time":0.094187}
{"time":"September 13, 10:08 pm","ts":1663087130,"status":200,"resp_time":0.127718}
{"time":"September 13, 10:40 pm","ts":1663089055,"status":200,"resp_time":0.199334}
{"time":"September 13, 11:15 pm","ts":1663091120,"status":200,"resp_time":0.12298}
{"time":"September 13, 11:27 pm","ts":1663091861,"status":200,"resp_time":0.113155}
{"time":"September 14, 12:01 am","ts":1663093905,"status":200,"resp_time":0.1628}
{"time":"September 14, 12:26 am","ts":1663095386,"status":200,"resp_time":0.142119}
{"time":"September 14, 12:47 am","ts":1663096649,"status":200,"resp_time":0.161729}
{"time":"September 14, 1:01 am","ts":1663097474,"status":200,"resp_time":0.151894}
{"time":"September 14, 1:15 am","ts":1663098340,"status":200,"resp_time":0.148601}
{"time":"September 14, 1:26 am","ts":1663098960,"status":200,"resp_time":0.152141}
{"time":"September 14, 1:52 am","ts":1663100571,"status":200,"resp_time":0.155981}
{"time":"September 14, 2:13 am","ts":1663101829,"status":200,"resp_time":0.146541}
{"time":"September 14, 2:25 am","ts":1663102550,"status":200,"resp_time":0.15498}
{"time":"September 14, 2:48 am","ts":1663103914,"status":200,"resp_time":0.173922}
{"time":"September 14, 3:07 am","ts":1663105049,"status":200,"resp_time":0.199793}
{"time":"September 14, 3:20 am","ts":1663105845,"status":200,"resp_time":0.24122}
{"time":"September 14, 3:50 am","ts":1663107603,"status":200,"resp_time":0.078205}
{"time":"September 14, 4:10 am","ts":1663108841,"status":200,"resp_time":0.10309}
{"time":"September 14, 4:25 am","ts":1663109750,"status":200,"resp_time":0.147289}
{"time":"September 14, 4:52 am","ts":1663111342,"status":200,"resp_time":0.153253}
{"time":"September 14, 5:16 am","ts":1663112774,"status":200,"resp_time":0.080844}
{"time":"September 14, 5:29 am","ts":1663113592,"status":200,"resp_time":0.152644}
{"time":"September 14, 8:17 am","ts":1663123651,"status":200,"resp_time":0.107181}
{"time":"September 14, 9:58 am","ts":1663129698,"status":200,"resp_time":0.105402}
{"time":"September 14, 11:23 am","ts":1663134800,"status":200,"resp_time":0.173236}
{"time":"September 14, 12:21 pm","ts":1663138304,"status":200,"resp_time":0.084465}
{"time":"September 14, 1:02 pm","ts":1663140764,"status":200,"resp_time":0.122362}
{"time":"September 14, 1:24 pm","ts":1663142069,"status":200,"resp_time":0.130061}
{"time":"September 14, 1:54 pm","ts":1663143892,"status":200,"resp_time":0.182294}
{"time":"September 14, 2:21 pm","ts":1663145515,"status":200,"resp_time":0.138091}
{"time":"September 14, 2:50 pm","ts":1663147225,"status":200,"resp_time":0.172481}
{"time":"September 14, 3:15 pm","ts":1663148749,"status":200,"resp_time":0.14311}
{"time":"September 14, 3:26 pm","ts":1663149403,"status":200,"resp_time":0.188689}
{"time":"September 14, 3:56 pm","ts":1663151167,"status":200,"resp_time":0.086544}
{"time":"September 14, 4:16 pm","ts":1663152418,"status":200,"resp_time":0.13975}
{"time":"September 14, 4:27 pm","ts":1663153053,"status":200,"resp_time":0.129032}
{"time":"September 14, 4:52 pm","ts":1663154533,"status":200,"resp_time":0.162885}
{"time":"September 14, 5:10 pm","ts":1663155628,"status":200,"resp_time":0.107505}
{"time":"September 14, 5:25 pm","ts":1663156540,"status":200,"resp_time":0.119228}
{"time":"September 14, 6:11 pm","ts":1663159292,"status":200,"resp_time":0.118013}
{"time":"September 14, 7:08 pm","ts":1663162718,"status":200,"resp_time":0.079133}
{"time":"September 14, 7:44 pm","ts":1663164878,"status":200,"resp_time":0.111844}
{"time":"September 14, 8:12 pm","ts":1663166550,"status":200,"resp_time":0.204517}
{"time":"September 14, 8:27 pm","ts":1663167464,"status":200,"resp_time":0.14307}
{"time":"September 14, 8:58 pm","ts":1663169285,"status":200,"resp_time":0.196846}
{"time":"September 14, 9:20 pm","ts":1663170601,"status":200,"resp_time":0.133932}
{"time":"September 14, 9:36 pm","ts":1663171604,"status":200,"resp_time":0.223905}
{"time":"September 14, 10:21 pm","ts":1663174260,"status":200,"resp_time":0.195818}
{"time":"September 14, 10:57 pm","ts":1663176448,"status":200,"resp_time":0.094635}
{"time":"September 14, 11:20 pm","ts":1663177848,"status":200,"resp_time":0.138727}
{"time":"September 14, 11:53 pm","ts":1663179817,"status":200,"resp_time":0.089484}
{"time":"September 15, 12:21 am","ts":1663181495,"status":200,"resp_time":0.127563}
{"time":"September 15, 12:46 am","ts":1663182994,"status":200,"resp_time":0.110464}
{"time":"September 15, 1:01 am","ts":1663183911,"status":200,"resp_time":0.085154}
{"time":"September 15, 1:16 am","ts":1663184760,"status":200,"resp_time":0.197842}
{"time":"September 15, 1:26 am","ts":1663185381,"status":200,"resp_time":0.162979}
{"time":"September 15, 1:55 am","ts":1663187117,"status":200,"resp_time":0.132538}
{"time":"September 15, 2:15 am","ts":1663188350,"status":200,"resp_time":0.079724}
{"time":"September 15, 2:27 am","ts":1663189030,"status":200,"resp_time":0.162824}
{"time":"September 15, 2:50 am","ts":1663190413,"status":200,"resp_time":0.080458}
{"time":"September 15, 3:06 am","ts":1663191419,"status":200,"resp_time":0.16456}
{"time":"September 15, 3:20 am","ts":1663192220,"status":200,"resp_time":0.199615}
{"time":"September 15, 3:49 am","ts":1663193961,"status":200,"resp_time":0.096321}
{"time":"September 15, 4:10 am","ts":1663195212,"status":200,"resp_time":0.101985}
{"time":"September 15, 4:23 am","ts":1663195996,"status":200,"resp_time":0.101989}
{"time":"September 15, 4:49 am","ts":1663197581,"status":200,"resp_time":0.07718}
{"time":"September 15, 5:09 am","ts":1663198767,"status":200,"resp_time":0.249213}
{"time":"September 15, 5:25 am","ts":1663199757,"status":200,"resp_time":0.111762}
{"time":"September 15, 7:53 am","ts":1663208624,"status":200,"resp_time":0.116245}
{"time":"September 15, 10:00 am","ts":1663216244,"status":200,"resp_time":0.149175}
{"time":"September 15, 11:19 am","ts":1663220974,"status":200,"resp_time":0.148866}
{"time":"September 15, 12:01 pm","ts":1663223504,"status":200,"resp_time":0.082936}
{"time":"September 15, 12:47 pm","ts":1663226225,"status":200,"resp_time":0.08112}
{"time":"September 15, 1:14 pm","ts":1663227873,"status":200,"resp_time":0.173987}
{"time":"September 15, 1:27 pm","ts":1663228627,"status":200,"resp_time":0.182182}
{"time":"September 15, 2:03 pm","ts":1663230835,"status":200,"resp_time":0.110294}
{"time":"September 15, 2:28 pm","ts":1663232328,"status":200,"resp_time":0.252375}
{"time":"September 15, 2:58 pm","ts":1663234087,"status":200,"resp_time":0.083307}
{"time":"September 15, 3:17 pm","ts":1663235271,"status":200,"resp_time":0.084686}
{"time":"September 15, 3:28 pm","ts":1663235892,"status":200,