{"time":"November 15, 10:24 pm","ts":1668531279,"status":200,"resp_time":0.113642}
{"time":"November 15, 10:47 pm","ts":1668532629,"status":200,"resp_time":0.099666}
{"time":"November 15, 11:03 pm","ts":1668533631,"status":200,"resp_time":0.10732}
{"time":"November 15, 11:15 pm","ts":1668534334,"status":200,"resp_time":0.193908}
{"time":"November 15, 11:26 pm","ts":1668534966,"status":200,"resp_time":0.227361}
{"time":"November 15, 11:53 pm","ts":1668536624,"status":200,"resp_time":0.228783}
{"time":"November 16, 12:14 am","ts":1668537864,"status":200,"resp_time":0.090938}
{"time":"November 16, 12:25 am","ts":1668538537,"status":200,"resp_time":0.201765}
{"time":"November 16, 12:43 am","ts":1668539635,"status":200,"resp_time":0.36268}
{"time":"November 16, 12:56 am","ts":1668540367,"status":200,"resp_time":0.135732}
{"time":"November 16, 1:07 am","ts":1668541070,"status":200,"resp_time":0.089939}
{"time":"November 16, 1:18 am","ts":1668541703,"status":200,"resp_time":0.117274}
{"time":"November 16, 1:28 am","ts":1668542325,"status":200,"resp_time":0.086427}
{"time":"November 16, 1:55 am","ts":1668543924,"status":200,"resp_time":0.103224}
{"time":"November 16, 2:10 am","ts":1668544804,"status":200,"resp_time":0.101353}
{"time":"November 16, 2:45 am","ts":1668546915,"status":200,"resp_time":0.17977}
{"time":"November 16, 3:00 am","ts":1668547826,"status":200,"resp_time":0.235424}
{"time":"November 16, 3:15 am","ts":1668548740,"status":200,"resp_time":0.089927}
{"time":"November 16, 3:25 am","ts":1668549358,"status":200,"resp_time":0.117822}
{"time":"November 16, 3:47 am","ts":1668550671,"status":200,"resp_time":0.136596}
{"time":"November 16, 4:04 am","ts":1668551671,"status":200,"resp_time":0.130382}
{"time":"November 16, 4:15 am","ts":1668552349,"status":200,"resp_time":0.092135}
{"time":"November 16, 4:26 am","ts":1668552965,"status":200,"resp_time":0.092818}
{"time":"November 16, 4:49 am","ts":1668554359,"status":200,"resp_time":0.165648}
{"time":"November 16, 5:04 am","ts":1668555281,"status":200,"resp_time":0.296553}
{"time":"November 16, 5:16 am","ts":1668555972,"status":200,"resp_time":0.106803}
{"time":"November 16, 5:26 am","ts":1668556580,"status":200,"resp_time":0.149863}
{"time":"November 16, 7:18 am","ts":1668563325,"status":200,"resp_time":0.277864}
{"time":"November 16, 8:39 am","ts":1668568191,"status":200,"resp_time":0.212947}
{"time":"November 16, 9:24 am","ts":1668570871,"status":200,"resp_time":0.112237}
{"time":"November 16, 9:53 am","ts":1668572631,"status":200,"resp_time":0.172177}
{"time":"November 16, 10:19 am","ts":1668574158,"status":200,"resp_time":0.09332}
{"time":"November 16, 10:29 am","ts":1668574776,"status":200,"resp_time":0.21862}
{"time":"November 16, 10:52 am","ts":1668576148,"status":200,"resp_time":0.108016}
{"time":"November 16, 11:08 am","ts":1668577092,"status":200,"resp_time":0.145121}
{"time":"November 16, 11:18 am","ts":1668577720,"status":200,"resp_time":0.105546}
{"time":"November 16, 11:28 am","ts":1668578338,"status":200,"resp_time":0.086794}
{"time":"November 16, 11:59 am","ts":1668580199,"status":200,"resp_time":0.183691}
{"time":"November 16, 12:18 pm","ts":1668581305,"status":200,"resp_time":0.114461}
{"time":"November 16, 12:28 pm","ts":1668581928,"status":200,"resp_time":0.184728}
{"time":"November 16, 12:51 pm","ts":1668583288,"status":200,"resp_time":0.090823}
{"time":"November 16, 1:06 pm","ts":1668584188,"status":200,"resp_time":0.182004}
{"time":"November 16, 1:16 pm","ts":1668584807,"status":200,"resp_time":0.117804}
{"time":"November 16, 1:27 pm","ts":1668585436,"status":200,"resp_time":0.106353}
{"time":"November 16, 2:00 pm","ts":1668587431,"status":200,"resp_time":0.289819}
{"time":"November 16, 2:21 pm","ts":1668588689,"status":200,"resp_time":0.087941}
{"time":"November 16, 2:46 pm","ts":1668590217,"status":200,"resp_time":0.112363}
{"time":"November 16, 3:03 pm","ts":1668591227,"status":200,"resp_time":0.165286}
{"time":"November 16, 3:16 pm","ts":1668591965,"status":200,"resp_time":0.114922}
{"time":"November 16, 3:26 pm","ts":1668592593,"status":200,"resp_time":0.070204}
{"time":"November 16, 3:51 pm","ts":1668594085,"status":200,"resp_time":0.077518}
{"time":"November 16, 4:11 pm","ts":1668595272,"status":200,"resp_time":0.132165}
{"time":"November 16, 4:25 pm","ts":1668596143,"status":200,"resp_time":0.129087}
{"time":"November 16, 4:45 pm","ts":1668597314,"status":200,"resp_time":0.177772}
{"time":"November 16, 4:58 pm","ts":1668598117,"status":200,"resp_time":0.142288}
{"time":"November 16, 5:09 pm","ts":1668598760,"status":200,"resp_time":0.095681}
{"time":"November 16, 5:19 pm","ts":1668599376,"status":200,"resp_time":0.085417}
{"time":"November 16, 5:29 pm","ts":1668599990,"status":200,"resp_time":0.067741}
{"time":"November 16, 6:19 pm","ts":1668602974,"status":200,"resp_time":0.08933}
{"time":"November 16, 6:56 pm","ts":1668605192,"status":200,"resp_time":0.186273}
{"time":"November 16, 7:23 pm","ts":1668606786,"status":200,"resp_time":0.103251}
{"time":"November 16, 7:45 pm","ts":1668608115,"status":200,"resp_time":0.15652}
{"time":"November 16, 8:01 pm","ts":1668609088,"status":200,"resp_time":0.088188}
{"time":"November 16, 8:15 pm","ts":1668609934,"status":200,"resp_time":0.191693}
{"time":"November 16, 8:26 pm","ts":1668610565,"status":200,"resp_time":0.204069}
{"time":"November 16, 8:49 pm","ts":1668611982,"status":200,"resp_time":0.179832}
{"time":"November 16, 9:07 pm","ts":1668613020,"status":200,"resp_time":0.116873}
{"time":"November 16, 9:18 pm","ts":1668613724,"status":200,"resp_time":0.216324}
{"time":"November 16, 9:29 pm","ts":1668614340,"status":200,"resp_time":0.213958}
{"time":"November 16, 10:03 pm","ts":1668616429,"status":200,"resp_time":0.090141}
{"time":"November 16, 10:25 pm","ts":1668617751,"status":200,"resp_time":0.192637}
{"time":"November 16, 10:47 pm","ts":1668619025,"status":200,"resp_time":0.102869}
{"time":"November 16, 11:03 pm","ts":1668619989,"status":200,"resp_time":0.147332}
{"time":"November 16, 11:15 pm","ts":1668620731,"status":200,"resp_time":0.162898}
{"time":"November 16, 11:25 pm","ts":1668621354,"status":200,"resp_time":0.08555}
{"time":"November 16, 11:52 pm","ts":1668622974,"status":200,"resp_time":0.099045}
{"time":"November 17, 12:14 am","ts":1668624258,"status":200,"resp_time":0.129178}
{"time":"November 17, 12:25 am","ts":1668624931,"status":200,"resp_time":0.133271}
{"time":"November 17, 12:44 am","ts":1668626048,"status":200,"resp_time":0.200931}
{"time":"November 17, 12:56 am","ts":1668626800,"status":200,"resp_time":0.084534}
{"time":"November 17, 1:08 am","ts":1668627487,"status":200,"resp_time":0.387542}
{"time":"November 17, 1:18 am","ts":1668628122,"status":200,"resp_time":0.114599}
{"time":"November 17, 1:29 am","ts":1668628743,"status":200,"resp_time":0.098914}
{"time":"November 17, 1:55 am","ts":1668630301,"status":200,"resp_time":0.128418}
{"time":"November 17, 2:09 am","ts":1668631169,"status":200,"resp_time":0.124753}
{"time":"November 17, 2:19 am","ts":1668631794,"status":200,"resp_time":0.203015}
{"time":"November 17, 2:30 am","ts":1668632413,"status":200,"resp_time":0.165069}
{"time":"November 17, 2:54 am","ts":1668633863,"status":200,"resp_time":0.118068}
{"time":"November 17, 3:07 am","ts":1668634651,"status":200,"resp_time":0.184993}
{"time":"November 17, 3:18 am","ts":1668635285,"status":200,"resp_time":0.128056}
{"time":"November 17, 3:28 am","ts":1668635900,"status":200,"resp_time":0.13359}
{"time":"November 17, 3:52 am","ts":1668637362,"status":200,"resp_time":0.103478}
{"time":"November 17, 4:19 am","ts":1668638990,"status":200,"resp_time":0.139329}
{"time":"November 17, 4:30 am","ts":1668639618,"status":200,"resp_time":0.106168}
