{"time":"October 18, 8:12 am","ts":1666060967,"status":200,"resp_time":0.09043}
{"time":"October 18, 10:11 am","ts":1666068106,"status":200,"resp_time":0.079774}
{"time":"October 18, 11:31 am","ts":1666072879,"status":200,"resp_time":0.093714}
{"time":"October 18, 12:36 pm","ts":1666076775,"status":200,"resp_time":0.081982}
{"time":"October 18, 1:20 pm","ts":1666079402,"status":200,"resp_time":0.115095}
{"time":"October 18, 1:44 pm","ts":1666080844,"status":200,"resp_time":0.081107}
{"time":"October 18, 2:27 pm","ts":1666083438,"status":200,"resp_time":0.09057}
{"time":"October 18, 3:05 pm","ts":1666085709,"status":200,"resp_time":0.136751}
{"time":"October 18, 3:28 pm","ts":1666087119,"status":200,"resp_time":0.080803}
{"time":"October 18, 4:04 pm","ts":1666089291,"status":200,"resp_time":0.093843}
{"time":"October 18, 4:28 pm","ts":1666090734,"status":200,"resp_time":0.155752}
{"time":"October 18, 4:56 pm","ts":1666092378,"status":200,"resp_time":0.136171}
{"time":"October 18, 5:14 pm","ts":1666093464,"status":200,"resp_time":0.175204}
{"time":"October 18, 5:26 pm","ts":1666094167,"status":200,"resp_time":0.093904}
{"time":"October 18, 6:20 pm","ts":1666097429,"status":200,"resp_time":0.142866}
{"time":"October 18, 7:28 pm","ts":1666101490,"status":200,"resp_time":0.173335}
{"time":"October 18, 8:06 pm","ts":1666103782,"status":200,"resp_time":0.145604}
{"time":"October 18, 8:27 pm","ts":1666105021,"status":200,"resp_time":0.165258}
{"time":"October 18, 9:02 pm","ts":1666107126,"status":200,"resp_time":0.219752}
{"time":"October 18, 9:30 pm","ts":1666108827,"status":200,"resp_time":0.14485}
{"time":"October 18, 10:26 pm","ts":1666112171,"status":200,"resp_time":0.156026}
{"time":"October 18, 11:09 pm","ts":1666114784,"status":200,"resp_time":0.162781}
{"time":"October 18, 11:35 pm","ts":1666116300,"status":200,"resp_time":0.191799}
{"time":"October 19, 12:21 am","ts":1666119064,"status":200,"resp_time":0.175642}
{"time":"October 19, 12:54 am","ts":1666121062,"status":200,"resp_time":0.105676}
{"time":"October 19, 1:14 am","ts":1666122294,"status":200,"resp_time":0.163363}
{"time":"October 19, 1:26 am","ts":1666123010,"status":200,"resp_time":0.083314}
{"time":"October 19, 1:58 am","ts":1666124911,"status":200,"resp_time":0.408105}
{"time":"October 19, 2:21 am","ts":1666126311,"status":200,"resp_time":0.125977}
{"time":"October 19, 2:48 am","ts":1666127931,"status":200,"resp_time":0.212217}
{"time":"October 19, 3:10 am","ts":1666129258,"status":200,"resp_time":0.157981}
{"time":"October 19, 3:26 am","ts":1666130214,"status":200,"resp_time":0.176606}
{"time":"October 19, 3:56 am","ts":1666132008,"status":200,"resp_time":0.143092}
{"time":"October 19, 4:20 am","ts":1666133416,"status":200,"resp_time":0.08612}
{"time":"October 19, 4:55 am","ts":1666135538,"status":200,"resp_time":0.199368}
{"time":"October 19, 5:22 am","ts":1666137149,"status":200,"resp_time":0.093142}
{"time":"October 19, 7:30 am","ts":1666144836,"status":200,"resp_time":0.086767}
{"time":"October 19, 9:58 am","ts":1666153688,"status":200,"resp_time":0.189303}
{"time":"October 19, 11:26 am","ts":1666159004,"status":200,"resp_time":0.094278}
{"time":"October 19, 12:33 pm","ts":1666163028,"status":200,"resp_time":0.099246}
{"time":"October 19, 1:22 pm","ts":1666165974,"status":200,"resp_time":0.349013}
{"time":"October 19, 2:06 pm","ts":1666168592,"status":200,"resp_time":0.115431}
{"time":"October 19, 2:36 pm","ts":1666170402,"status":200,"resp_time":0.140657}
{"time":"October 19, 3:13 pm","ts":1666172619,"status":200,"resp_time":0.171259}
{"time":"October 19, 3:32 pm","ts":1666173755,"status":200,"resp_time":0.087722}
{"time":"October 19, 4:13 pm","ts":1666176214,"status":200,"resp_time":0.116631}
{"time":"October 19, 4:32 pm","ts":1666177338,"status":200,"resp_time":0.077202}
{"time":"October 19, 5:02 pm","ts":1666179132,"status":200,"resp_time":0.141144}
{"time":"October 19, 5:20 pm","ts":1666180255,"status":200,"resp_time":0.111243}
{"time":"October 19, 6:14 pm","ts":1666183485,"status":200,"resp_time":0.103917}
{"time":"October 19, 7:12 pm","ts":1666186978,"status":200,"resp_time":0.163197}
{"time":"October 19, 7:54 pm","ts":1666189498,"status":200,"resp_time":0.195587}
{"time":"October 19, 8:25 pm","ts":1666191332,"status":200,"resp_time":0.143469}
{"time":"October 19, 8:56 pm","ts":1666193174,"status":200,"resp_time":0.117968}
{"time":"October 19, 9:24 pm","ts":1666194867,"status":200,"resp_time":0.215032}
{"time":"October 19, 10:05 pm","ts":1666197325,"status":200,"resp_time":0.244099}
{"time":"October 19, 10:59 pm","ts":1666200581,"status":200,"resp_time":0.385156}
{"time":"October 19, 11:37 pm","ts":1666202860,"status":200,"resp_time":0.177048}
{"time":"October 20, 12:24 am","ts":1666205645,"status":200,"resp_time":0.140581}
{"time":"October 20, 12:56 am","ts":1666207566,"status":200,"resp_time":0.134822}
{"time":"October 20, 1:16 am","ts":1666208817,"status":200,"resp_time":0.184351}
{"time":"October 20, 1:27 am","ts":1666209455,"status":200,"resp_time":0.205842}
{"time":"October 20, 2:00 am","ts":1666211437,"status":200,"resp_time":0.177758}
{"time":"October 20, 2:24 am","ts":1666212893,"status":200,"resp_time":0.177385}
{"time":"October 20, 2:49 am","ts":1666214372,"status":200,"resp_time":0.103668}
{"time":"October 20, 3:11 am","ts":1666215673,"status":200,"resp_time":0.117123}
{"time":"October 20, 3:27 am","ts":1666216640,"status":200,"resp_time":0.077511}
{"time":"October 20, 4:00 am","ts":1666218630,"status":200,"resp_time":0.128619}
{"time":"October 20, 4:26 am","ts":1666220164,"status":200,"resp_time":0.10697}
{"time":"October 20, 4:58 am","ts":1666222108,"status":200,"resp_time":0.09889}
{"time":"October 20, 5:24 am","ts":1666223642,"status":200,"resp_time":0.129183}
{"time":"October 20, 7:30 am","ts":1666231228,"status":200,"resp_time":0.140957}
{"time":"October 20, 9:38 am","ts":1666238887,"status":200,"resp_time":0.091549}
{"time":"October 20, 10:42 am","ts":1666242754,"status":200,"resp_time":0.090408}
{"time":"October 20, 11:25 am","ts":1666245303,"status":200,"resp_time":0.099579}
{"time":"October 20, 12:04 pm","ts":1666247677,"status":200,"resp_time":0.136633}
{"time":"October 20, 12:44 pm","ts":1666250058,"status":200,"resp_time":0.126318}
{"time":"October 20, 1:14 pm","ts":1666251894,"status":200,"resp_time":0.095186}
{"time":"October 20, 1:29 pm","ts":1666252742,"status":200,"resp_time":0.112459}
{"time":"October 20, 2:08 pm","ts":1666255091,"status":200,"resp_time":0.135443}
{"time":"October 20, 2:33 pm","ts":1666256580,"status":200,"resp_time":0.123124}
{"time":"October 20, 3:08 pm","ts":1666258737,"status":200,"resp_time":0.126049}
{"time":"October 20, 3:28 pm","ts":1666259926,"status":200,"resp_time":0.076716}
{"time":"October 20, 4:04 pm","ts":1666262071,"status":200,"resp_time":0.071561}
{"time":"October 20, 4:27 pm","ts":1666263459,"status":200,"resp_time":0.090181}
{"time":"October 20, 4:55 pm","ts":1666265141,"status":200,"resp_time":0.080828}
{"time":"October 20, 5:14 pm","ts":1666266283,"status":200,"resp_time":0.177328}
{"time":"October 20, 5:26 pm","ts":1666266990,"status":200,"resp_time":0.084034}
{"time":"October 20, 6:23 pm","ts":1666270409,"status":200,"resp_time":0.148542}
{"time":"October 20, 7:28 pm","ts":1666274313,"status":200,"resp_time":0.094812}
{"time":"October 20, 8:07 pm","ts":1666276668,"status":200,"resp_time":0.217345}
{"time":"October 20, 8:29 pm","ts":1666277984,"status":200,"resp_time":0.18976}
{"time":"October 20, 9:04 pm","ts":1666280099,"status":200,"resp_time":0.118073}
{"time":"October 20, 9:29 pm","ts":1666281541,"status":200,"resp_time":0.448821}
{"time":"October 20, 10:18 pm","ts":1666284481,"status":200,"resp_time":0.124721}
{"time":"October 20, 10:58 pm","ts":1666286895,"status":200,"resp_time":0.198574}
{"time":"October 20, 11:38 pm","ts":1666289332,"status":200,"resp_time":0.208361}
{"time":"October 21, 12:26 am","ts":1666292194,"status":200,"resp_time":0.088032}
