{"time":"July 30, 2:25 pm","ts":1659171328,"status":200,"resp_time":0.105417}
{"time":"July 30, 2:46 pm","ts":1659172562,"status":200,"resp_time":0.082902}
{"time":"July 30, 3:02 pm","ts":1659173525,"status":200,"resp_time":0.22672}
{"time":"July 30, 3:15 pm","ts":1659174329,"status":200,"resp_time":0.103989}
{"time":"July 30, 3:25 pm","ts":1659174959,"status":200,"resp_time":0.088606}
{"time":"July 30, 3:49 pm","ts":1659176356,"status":200,"resp_time":0.130858}
{"time":"July 30, 4:06 pm","ts":1659177405,"status":200,"resp_time":0.143426}
{"time":"July 30, 4:17 pm","ts":1659178059,"status":200,"resp_time":0.153519}
{"time":"July 30, 4:28 pm","ts":1659178681,"status":200,"resp_time":0.139134}
{"time":"July 30, 4:51 pm","ts":1659180099,"status":200,"resp_time":0.15193}
{"time":"July 30, 5:07 pm","ts":1659181040,"status":200,"resp_time":0.141355}
{"time":"July 30, 5:17 pm","ts":1659181664,"status":200,"resp_time":0.129076}
{"time":"July 30, 5:28 pm","ts":1659182295,"status":200,"resp_time":0.089688}
{"time":"July 30, 6:09 pm","ts":1659184790,"status":200,"resp_time":0.162359}
{"time":"July 30, 6:38 pm","ts":1659186486,"status":200,"resp_time":0.174332}
{"time":"July 30, 7:04 pm","ts":1659188072,"status":200,"resp_time":0.102135}
{"time":"July 30, 7:17 pm","ts":1659188845,"status":200,"resp_time":0.13587}
{"time":"July 30, 7:27 pm","ts":1659189463,"status":200,"resp_time":0.107726}
{"time":"July 30, 7:50 pm","ts":1659190820,"status":200,"resp_time":0.101668}
{"time":"July 30, 8:07 pm","ts":1659191860,"status":200,"resp_time":0.120725}
{"time":"July 30, 8:17 pm","ts":1659192478,"status":200,"resp_time":0.190952}
{"time":"July 30, 8:28 pm","ts":1659193095,"status":200,"resp_time":0.150146}
{"time":"July 30, 8:53 pm","ts":1659194631,"status":200,"resp_time":0.146076}
{"time":"July 30, 9:10 pm","ts":1659195650,"status":200,"resp_time":0.109834}
{"time":"July 30, 9:25 pm","ts":1659196533,"status":200,"resp_time":0.198396}
{"time":"July 30, 9:53 pm","ts":1659198216,"status":200,"resp_time":0.111533}
{"time":"July 30, 10:22 pm","ts":1659199951,"status":200,"resp_time":0.177537}
{"time":"July 30, 10:46 pm","ts":1659201380,"status":200,"resp_time":0.108199}
{"time":"July 30, 11:02 pm","ts":1659202350,"status":200,"resp_time":0.116337}
{"time":"July 30, 11:15 pm","ts":1659203134,"status":200,"resp_time":0.119702}
{"time":"July 30, 11:25 pm","ts":1659203755,"status":200,"resp_time":0.488065}
{"time":"July 30, 11:51 pm","ts":1659205282,"status":200,"resp_time":0.15026}
{"time":"July 31, 12:13 am","ts":1659206621,"status":200,"resp_time":0.093833}
{"time":"July 31, 12:25 am","ts":1659207343,"status":200,"resp_time":0.190965}
{"time":"July 31, 12:43 am","ts":1659208435,"status":200,"resp_time":0.173465}
{"time":"July 31, 12:56 am","ts":1659209213,"status":200,"resp_time":0.090515}
{"time":"July 31, 1:07 am","ts":1659209877,"status":200,"resp_time":0.101228}
{"time":"July 31, 1:18 am","ts":1659210497,"status":200,"resp_time":0.168102}
{"time":"July 31, 1:28 am","ts":1659211111,"status":200,"resp_time":0.09}
{"time":"July 31, 1:53 am","ts":1659212623,"status":200,"resp_time":0.101278}
{"time":"July 31, 2:09 am","ts":1659213544,"status":200,"resp_time":0.380333}
{"time":"July 31, 2:19 am","ts":1659214155,"status":200,"resp_time":0.102577}
{"time":"July 31, 2:29 am","ts":1659214771,"status":200,"resp_time":0.199697}
{"time":"July 31, 2:50 am","ts":1659216053,"status":200,"resp_time":0.111637}
{"time":"July 31, 3:07 am","ts":1659217065,"status":200,"resp_time":0.127382}
{"time":"July 31, 3:18 am","ts":1659217686,"status":200,"resp_time":0.126329}
{"time":"July 31, 3:28 am","ts":1659218305,"status":200,"resp_time":0.133079}
{"time":"July 31, 3:52 am","ts":1659219725,"status":200,"resp_time":0.096669}
{"time":"July 31, 4:08 am","ts":1659220721,"status":200,"resp_time":0.081108}
{"time":"July 31, 4:19 am","ts":1659221347,"status":200,"resp_time":0.147062}
{"time":"July 31, 4:29 am","ts":1659221979,"status":200,"resp_time":0.134145}
{"time":"July 31, 4:53 am","ts":1659223397,"status":200,"resp_time":0.108992}
{"time":"July 31, 5:08 am","ts":1659224321,"status":200,"resp_time":0.32373}
{"time":"July 31, 5:18 am","ts":1659224934,"status":200,"resp_time":0.15985}
{"time":"July 31, 5:29 am","ts":1659225561,"status":200,"resp_time":0.211794}
{"time":"July 31, 8:06 am","ts":1659235007,"status":200,"resp_time":0.197053}
{"time":"July 31, 9:21 am","ts":1659239464,"status":200,"resp_time":0.203029}
{"time":"July 31, 10:03 am","ts":1659242004,"status":200,"resp_time":0.123425}
{"time":"July 31, 10:30 am","ts":1659243608,"status":200,"resp_time":0.102919}
{"time":"July 31, 10:54 am","ts":1659245080,"status":200,"resp_time":0.165292}
{"time":"July 31, 11:08 am","ts":1659245933,"status":200,"resp_time":0.103862}
{"time":"July 31, 11:19 am","ts":1659246546,"status":200,"resp_time":0.112156}
{"time":"July 31, 11:29 am","ts":1659247168,"status":200,"resp_time":0.191471}
{"time":"July 31, 11:59 am","ts":1659248949,"status":200,"resp_time":0.079615}
{"time":"July 31, 12:18 pm","ts":1659250107,"status":200,"resp_time":0.153687}
{"time":"July 31, 12:28 pm","ts":1659250726,"status":200,"resp_time":0.322793}
{"time":"July 31, 12:51 pm","ts":1659252099,"status":200,"resp_time":0.104136}
{"time":"July 31, 1:06 pm","ts":1659253013,"status":200,"resp_time":0.191111}
{"time":"July 31, 1:17 pm","ts":1659253641,"status":200,"resp_time":0.128244}
{"time":"July 31, 1:27 pm","ts":1659254269,"status":200,"resp_time":0.172883}
{"time":"July 31, 1:56 pm","ts":1659256012,"status":200,"resp_time":0.146676}
{"time":"July 31, 2:13 pm","ts":1659257030,"status":200,"resp_time":0.076602}
{"time":"July 31, 2:25 pm","ts":1659257739,"status":200,"resp_time":0.093095}
{"time":"July 31, 2:46 pm","ts":1659258983,"status":200,"resp_time":0.06878}
{"time":"July 31, 3:02 pm","ts":1659259944,"status":200,"resp_time":0.14551}
{"time":"July 31, 3:16 pm","ts":1659260762,"status":200,"resp_time":0.20882}
{"time":"July 31, 3:26 pm","ts":1659261384,"status":200,"resp_time":0.081793}
{"time":"July 31, 3:51 pm","ts":1659262865,"status":200,"resp_time":0.110399}
{"time":"July 31, 4:10 pm","ts":1659264036,"status":200,"resp_time":0.140786}
{"time":"July 31, 4:25 pm","ts":1659264936,"status":200,"resp_time":0.151057}
{"time":"July 31, 4:44 pm","ts":1659266082,"status":200,"resp_time":0.101904}
{"time":"July 31, 5:00 pm","ts":1659267037,"status":200,"resp_time":0.100909}
{"time":"July 31, 5:15 pm","ts":1659267933,"status":200,"resp_time":0.152168}
{"time":"July 31, 5:26 pm","ts":1659268561,"status":200,"resp_time":0.128245}
{"time":"July 31, 6:04 pm","ts":1659270866,"status":200,"resp_time":0.129925}
{"time":"July 31, 6:37 pm","ts":1659272823,"status":200,"resp_time":0.076887}
{"time":"July 31, 7:05 pm","ts":1659274528,"status":200,"resp_time":0.153961}
{"time":"July 31, 7:18 pm","ts":1659275288,"status":200,"resp_time":0.162957}
{"time":"July 31, 7:28 pm","ts":1659275903,"status":200,"resp_time":0.093988}
{"time":"July 31, 7:51 pm","ts":1659277268,"status":200,"resp_time":0.1604}
{"time":"July 31, 8:07 pm","ts":1659278246,"status":200,"resp_time":0.136244}
{"time":"July 31, 8:17 pm","ts":1659278879,"status":200,"resp_time":0.267209}
{"time":"July 31, 8:28 pm","ts":1659279509,"status":200,"resp_time":0.208699}
{"time":"July 31, 8:54 pm","ts":1659281060,"status":200,"resp_time":0.198354}
{"time":"July 31, 9:11 pm","ts":1659282076,"status":200,"resp_time":0.191737}
{"time":"July 31, 9:25 pm","ts":1659282941,"status":200,"resp_time":0.128132}
{"time":"July 31, 9:53 pm","ts":1659284606,"status":200,"resp_time":0.106971}
{"time":"July 31, 10:22 pm","ts":1659286334,"status":200,"resp_time":0.100361}
{"time":"July 31, 10:46 pm","ts":1659287776,"status":200,"resp_time":0.109368}
