{"time":"July 22, 8:17 pm","ts":1658501222,"status":200,"resp_time":0.13416}
{"time":"July 22, 8:27 pm","ts":1658501852,"status":200,"resp_time":0.205642}
{"time":"July 22, 8:55 pm","ts":1658503503,"status":200,"resp_time":0.206218}
{"time":"July 22, 9:14 pm","ts":1658504647,"status":200,"resp_time":0.145586}
{"time":"July 22, 9:25 pm","ts":1658505350,"status":200,"resp_time":0.147676}
{"time":"July 22, 10:00 pm","ts":1658507452,"status":200,"resp_time":0.156235}
{"time":"July 22, 10:37 pm","ts":1658509652,"status":200,"resp_time":0.133159}
{"time":"July 22, 11:07 pm","ts":1658511432,"status":200,"resp_time":0.242238}
{"time":"July 22, 11:21 pm","ts":1658512313,"status":200,"resp_time":0.209039}
{"time":"July 22, 11:52 pm","ts":1658514155,"status":200,"resp_time":0.153694}
{"time":"July 23, 12:02 am","ts":1658514729,"status":200,"resp_time":0.103043}
{"time":"July 23, 12:18 am","ts":1658515697,"status":200,"resp_time":0.228672}
{"time":"July 23, 12:28 am","ts":1658516339,"status":200,"resp_time":0.139275}
{"time":"July 23, 12:50 am","ts":1658517610,"status":200,"resp_time":0.174868}
{"time":"July 23, 1:00 am","ts":1658518253,"status":200,"resp_time":0.168201}
{"time":"July 23, 1:15 am","ts":1658519129,"status":200,"resp_time":0.182617}
{"time":"July 23, 1:25 am","ts":1658519751,"status":200,"resp_time":0.129627}
{"time":"July 23, 1:50 am","ts":1658521225,"status":200,"resp_time":0.162327}
{"time":"July 23, 2:11 am","ts":1658522492,"status":200,"resp_time":0.154478}
{"time":"July 23, 2:25 am","ts":1658523347,"status":200,"resp_time":0.107769}
{"time":"July 23, 2:46 am","ts":1658524592,"status":200,"resp_time":0.18305}
{"time":"July 23, 3:02 am","ts":1658525579,"status":200,"resp_time":0.107952}
{"time":"July 23, 3:16 am","ts":1658526385,"status":200,"resp_time":0.16234}
{"time":"July 23, 3:26 am","ts":1658526999,"status":200,"resp_time":0.126008}
