{"time":"September 26, 7:51 pm","ts":1664202114,"status":200,"resp_time":0.092434}
{"time":"September 26, 8:22 pm","ts":1664203942,"status":200,"resp_time":0.10084}
{"time":"September 26, 8:52 pm","ts":1664205727,"status":200,"resp_time":0.164957}
{"time":"September 26, 9:19 pm","ts":1664207394,"status":200,"resp_time":0.232686}
{"time":"September 26, 9:38 pm","ts":1664208491,"status":200,"resp_time":0.2267}
{"time":"September 26, 10:23 pm","ts":1664211191,"status":200,"resp_time":0.206432}
{"time":"September 26, 11:00 pm","ts":1664213445,"status":200,"resp_time":0.084386}
{"time":"September 26, 11:27 pm","ts":1664215021,"status":200,"resp_time":0.102832}
{"time":"September 27, 12:02 am","ts":1664217152,"status":200,"resp_time":0.104121}
{"time":"September 27, 12:28 am","ts":1664218732,"status":200,"resp_time":0.750369}
{"time":"September 27, 12:54 am","ts":1664220278,"status":200,"resp_time":0.193155}
{"time":"September 27, 1:10 am","ts":1664221201,"status":200,"resp_time":0.418068}
{"time":"September 27, 1:20 am","ts":1664221815,"status":200,"resp_time":0.129223}
{"time":"September 27, 1:36 am","ts":1664222809,"status":200,"resp_time":0.127637}
{"time":"September 27, 2:04 am","ts":1664224463,"status":200,"resp_time":0.181753}
{"time":"September 27, 2:21 am","ts":1664225509,"status":200,"resp_time":0.146105}
{"time":"September 27, 2:49 am","ts":1664227143,"status":200,"resp_time":0.093851}
{"time":"September 27, 3:12 am","ts":1664228554,"status":200,"resp_time":0.136623}
{"time":"September 27, 3:27 am","ts":1664229431,"status":200,"resp_time":0.117594}
{"time":"September 27, 3:55 am","ts":1664231155,"status":200,"resp_time":0.09094}
{"time":"September 27, 4:16 am","ts":1664232401,"status":200,"resp_time":0.151507}
{"time":"September 27, 4:27 am","ts":1664233064,"status":200,"resp_time":0.162997}
{"time":"September 27, 5:02 am","ts":1664235139,"status":200,"resp_time":0.09358}
{"time":"September 27, 5:28 am","ts":1664236723,"status":200,"resp_time":0.092149}
{"time":"September 27, 8:10 am","ts":1664246439,"status":200,"resp_time":0.161169}
{"time":"September 27, 9:55 am","ts":1664252706,"status":200,"resp_time":0.158008}
{"time":"September 27, 11:16 am","ts":1664257563,"status":200,"resp_time":0.185317}
{"time":"September 27, 12:06 pm","ts":1664260561,"status":200,"resp_time":0.140834}
{"time":"September 27, 12:56 pm","ts":1664263594,"status":200,"resp_time":0.100695}
{"time":"September 27, 1:32 pm","ts":1664265736,"status":200,"resp_time":0.081}
{"time":"September 27, 2:20 pm","ts":1664268622,"status":200,"resp_time":0.122253}
{"time":"September 27, 2:58 pm","ts":1664270923,"status":200,"resp_time":0.113914}
{"time":"September 27, 3:25 pm","ts":1664272522,"status":200,"resp_time":0.144019}
{"time":"September 27, 3:54 pm","ts":1664274243,"status":200,"resp_time":0.130931}
{"time":"September 27, 4:19 pm","ts":1664275788,"status":200,"resp_time":0.083555}
{"time":"September 27, 4:32 pm","ts":1664276540,"status":200,"resp_time":0.122631}
{"time":"September 27, 5:00 pm","ts":1664278215,"status":200,"resp_time":0.093365}
{"time":"September 27, 5:16 pm","ts":1664279198,"status":200,"resp_time":0.158902}
{"time":"September 27, 5:26 pm","ts":1664279815,"status":200,"resp_time":0.186177}
{"time":"September 27, 6:23 pm","ts":1664283194,"status":200,"resp_time":0.134908}
{"time":"September 27, 7:25 pm","ts":1664286924,"status":200,"resp_time":0.163774}
{"time":"September 27, 8:02 pm","ts":1664289178,"status":200,"resp_time":0.232597}
{"time":"September 27, 8:27 pm","ts":1664290631,"status":200,"resp_time":0.165167}
{"time":"September 27, 8:59 pm","ts":1664292558,"status":200,"resp_time":0.127029}
{"time":"September 27, 9:24 pm","ts":1664294055,"status":200,"resp_time":0.16895}
{"time":"September 27, 10:02 pm","ts":1664296332,"status":200,"resp_time":0.201684}
{"time":"September 27, 10:49 pm","ts":1664299140,"status":200,"resp_time":0.215779}
{"time":"September 27, 11:24 pm","ts":1664301240,"status":200,"resp_time":0.158731}
{"time":"September 27, 11:59 pm","ts":1664303375,"status":200,"resp_time":0.170228}
{"time":"September 28, 12:31 am","ts":1664305294,"status":200,"resp_time":0.153046}
{"time":"September 28, 1:01 am","ts":1664307062,"status":200,"resp_time":0.096411}
{"time":"September 28, 1:19 am","ts":1664308149,"status":200,"resp_time":0.162882}
{"time":"September 28, 1:29 am","ts":1664308777,"status":200,"resp_time":0.205217}
{"time":"September 28, 2:01 am","ts":1664310670,"status":200,"resp_time":0.133398}
{"time":"September 28, 2:23 am","ts":1664312011,"status":200,"resp_time":0.207164}
{"time":"September 28, 2:47 am","ts":1664313468,"status":200,"resp_time":0.161074}
{"time":"September 28, 3:08 am","ts":1664314733,"status":200,"resp_time":0.234649}
{"time":"September 28, 3:23 am","ts":1664315597,"status":200,"resp_time":0.261566}
{"time":"September 28, 3:50 am","ts":1664317237,"status":200,"resp_time":0.08755}
{"time":"September 28, 4:17 am","ts":1664318854,"status":200,"resp_time":0.149941}
{"time":"September 28, 4:28 am","ts":1664319524,"status":200,"resp_time":0.097632}
{"time":"September 28, 5:04 am","ts":1664321662,"status":200,"resp_time":0.095587}
{"time":"September 28, 5:28 am","ts":1664323109,"status":200,"resp_time":0.099496}
{"time":"September 28, 8:14 am","ts":1664333048,"status":200,"resp_time":0.116962}
{"time":"September 28, 10:01 am","ts":1664339511,"status":200,"resp_time":0.163976}
{"time":"September 28, 11:27 am","ts":1664344660,"status":200,"resp_time":0.090516}
{"time":"September 28, 12:27 pm","ts":1664348264,"status":200,"resp_time":0.089649}
{"time":"September 28, 1:08 pm","ts":1664350702,"status":200,"resp_time":0.074037}
{"time":"September 28, 1:28 pm","ts":1664351927,"status":200,"resp_time":0.139985}
{"time":"September 28, 2:08 pm","ts":1664354326,"status":200,"resp_time":0.136401}
{"time":"September 28, 2:33 pm","ts":1664355780,"status":200,"resp_time":0.134696}
{"time":"September 28, 3:07 pm","ts":1664357842,"status":200,"resp_time":0.132179}
{"time":"September 28, 3:26 pm","ts":1664358999,"status":200,"resp_time":0.137897}
{"time":"September 28, 3:58 pm","ts":1664360893,"status":200,"resp_time":0.074818}
{"time":"September 28, 4:23 pm","ts":1664362388,"status":200,"resp_time":0.105896}
{"time":"September 28, 4:47 pm","ts":1664363860,"status":200,"resp_time":0.158844}
{"time":"September 28, 5:08 pm","ts":1664365108,"status":200,"resp_time":0.076963}
{"time":"September 28, 5:21 pm","ts":1664365898,"status":200,"resp_time":0.086057}
{"time":"September 28, 6:09 pm","ts":1664368761,"status":200,"resp_time":0.379272}
{"time":"September 28, 7:05 pm","ts":1664372148,"status":200,"resp_time":0.156849}
{"time":"September 28, 7:51 pm","ts":1664374875,"status":200,"resp_time":0.111629}
{"time":"September 28, 8:27 pm","ts":1664377026,"status":200,"resp_time":0.169738}
{"time":"September 28, 9:00 pm","ts":1664379058,"status":200,"resp_time":0.204724}
{"time":"September 28, 9:29 pm","ts":1664380776,"status":200,"resp_time":0.14304}
{"time":"September 28, 10:19 pm","ts":1664383746,"status":200,"resp_time":0.183079}
{"time":"September 28, 10:57 pm","ts":1664386036,"status":200,"resp_time":0.12816}
{"time":"September 28, 11:31 pm","ts":1664388086,"status":200,"resp_time":0.107294}
{"time":"September 29, 12:15 am","ts":1664390758,"status":200,"resp_time":0.228185}
{"time":"September 29, 12:39 am","ts":1664392187,"status":200,"resp_time":0.079259}
{"time":"September 29, 1:02 am","ts":1664393578,"status":200,"resp_time":0.102098}
{"time":"September 29, 1:18 am","ts":1664394508,"status":200,"resp_time":0.16279}
{"time":"September 29, 1:28 am","ts":1664395135,"status":200,"resp_time":0.119215}
{"time":"September 29, 2:00 am","ts":1664397044,"status":200,"resp_time":0.093673}
{"time":"September 29, 2:23 am","ts":1664398401,"status":200,"resp_time":0.134805}
{"time":"September 29, 2:48 am","ts":1664399914,"status":200,"resp_time":0.159769}
{"time":"September 29, 3:09 am","ts":1664401163,"status":200,