{"time":"July 31, 11:15 pm","ts":1659289531,"status":200,"resp_time":0.117044}
{"time":"July 31, 11:25 pm","ts":1659290150,"status":200,"resp_time":2.250307}
{"time":"July 31, 11:51 pm","ts":1659291669,"status":200,"resp_time":0.164193}
{"time":"August 1, 12:13 am","ts":1659293022,"status":200,"resp_time":0.145637}
{"time":"August 1, 12:25 am","ts":1659293729,"status":200,"resp_time":0.198702}
{"time":"August 1, 12:44 am","ts":1659294864,"status":200,"resp_time":0.087589}
{"time":"August 1, 12:57 am","ts":1659295639,"status":200,"resp_time":0.153652}
{"time":"August 1, 1:09 am","ts":1659296360,"status":200,"resp_time":0.084566}
{"time":"August 1, 1:19 am","ts":1659296976,"status":200,"resp_time":0.155984}
{"time":"August 1, 1:29 am","ts":1659297585,"status":200,"resp_time":0.106589}
{"time":"August 1, 1:55 am","ts":1659299119,"status":200,"resp_time":0.158472}
{"time":"August 1, 2:09 am","ts":1659299995,"status":200,"resp_time":0.076282}
{"time":"August 1, 2:20 am","ts":1659300612,"status":200,"resp_time":0.189161}
{"time":"August 1, 2:31 am","ts":1659301267,"status":200,"resp_time":0.165175}
{"time":"August 1, 2:54 am","ts":1659302678,"status":200,"resp_time":0.137508}
{"time":"August 1, 3:07 am","ts":1659303476,"status":200,"resp_time":0.153477}
{"time":"August 1, 3:18 am","ts":1659304095,"status":200,"resp_time":0.203404}
{"time":"August 1, 3:28 am","ts":1659304721,"status":200,"resp_time":0.111605}
{"time":"August 1, 3:52 am","ts":1659306156,"status":200,"resp_time":0.153724}
{"time":"August 1, 4:09 am","ts":1659307146,"status":200,"resp_time":0.10424}
{"time":"August 1, 4:19 am","ts":1659307772,"status":200,"resp_time":0.104342}
{"time":"August 1, 4:30 am","ts":1659308401,"status":200,"resp_time":0.159841}
{"time":"August 1, 4:54 am","ts":1659309881,"status":200,"resp_time":0.141242}
{"time":"August 1, 5:09 am","ts":1659310763,"status":200,"resp_time":0.129347}
{"time":"August 1, 5:19 am","ts":1659311381,"status":200,"resp_time":0.123588}
{"time":"August 1, 5:30 am","ts":1659312012,"status":200,"resp_time":0.164983}
{"time":"August 1, 8:09 am","ts":1659321598,"status":200,"resp_time":0.123994}
{"time":"August 1, 9:49 am","ts":1659327551,"status":200,"resp_time":0.144567}
{"time":"August 1, 11:07 am","ts":1659332258,"status":200,"resp_time":0.178133}
{"time":"August 1, 11:45 am","ts":1659334553,"status":200,"resp_time":0.433802}
{"time":"August 1, 12:24 pm","ts":1659336848,"status":200,"resp_time":0.114363}
{"time":"August 1, 12:51 pm","ts":1659338468,"status":200,"resp_time":0.116233}
{"time":"August 1, 1:11 pm","ts":1659339707,"status":200,"resp_time":0.168268}
{"time":"August 1, 1:25 pm","ts":1659340544,"status":200,"resp_time":0.092643}
{"time":"August 1, 1:54 pm","ts":1659342266,"status":200,"resp_time":0.139881}
{"time":"August 1, 2:17 pm","ts":1659343647,"status":200,"resp_time":0.142052}
{"time":"August 1, 2:28 pm","ts":1659344291,"status":200,"resp_time":0.087506}
{"time":"August 1, 2:56 pm","ts":1659345988,"status":200,"resp_time":0.099736}
{"time":"August 1, 3:12 pm","ts":1659346974,"status":200,"resp_time":0.184989}
{"time":"August 1, 3:25 pm","ts":1659347732,"status":200,"resp_time":0.132203}
{"time":"August 1, 3:52 pm","ts":1659349330,"status":200,"resp_time":0.118906}
{"time":"August 1, 4:15 pm","ts":1659350706,"status":200,"resp_time":0.117235}
{"time":"August 1, 4:25 pm","ts":1659351330,"status":200,"resp_time":0.186028}
{"time":"August 1, 4:45 pm","ts":1659352545,"status":200,"resp_time":0.158721}
{"time":"August 1, 5:00 pm","ts":1659353455,"status":200,"resp_time":0.091645}
{"time":"August 1, 5:15 pm","ts":1659354331,"status":200,"resp_time":0.184892}
{"time":"August 1, 5:25 pm","ts":1659354956,"status":200,"resp_time":0.129665}
{"time":"August 1, 6:09 pm","ts":1659357545,"status":200,"resp_time":0.157766}
{"time":"August 1, 6:58 pm","ts":1659360502,"status":200,"resp_time":0.132051}
{"time":"August 1, 7:30 pm","ts":1659362443,"status":200,"resp_time":0.095158}
{"time":"August 1, 7:57 pm","ts":1659364076,"status":200,"resp_time":0.141648}
{"time":"August 1, 8:12 pm","ts":1659364957,"status":200,"resp_time":0.423606}
{"time":"August 1, 8:25 pm","ts":1659365735,"status":200,"resp_time":0.17985}
{"time":"August 1, 8:52 pm","ts":1659367337,"status":200,"resp_time":0.20911}
{"time":"August 1, 9:16 pm","ts":1659368786,"status":200,"resp_time":0.164116}
{"time":"August 1, 9:27 pm","ts":1659369453,"status":200,"resp_time":0.20166}
{"time":"August 1, 10:05 pm","ts":1659371748,"status":200,"resp_time":0.135782}
{"time":"August 1, 10:34 pm","ts":1659373483,"status":200,"resp_time":0.177894}
{"time":"August 1, 11:04 pm","ts":1659375297,"status":200,"resp_time":0.128492}
{"time":"August 1, 11:20 pm","ts":1659376212,"status":200,"resp_time":0.169552}
{"time":"August 1, 11:33 pm","ts":1659377028,"status":200,"resp_time":0.268654}
{"time":"August 2, 12:09 am","ts":1659379150,"status":200,"resp_time":0.206525}
{"time":"August 2, 12:27 am","ts":1659380233,"status":200,"resp_time":0.173284}
{"time":"August 2, 12:47 am","ts":1659381426,"status":200,"resp_time":0.136243}
{"time":"August 2, 12:58 am","ts":1659382095,"status":200,"resp_time":0.116221}
{"time":"August 2, 1:09 am","ts":1659382768,"status":200,"resp_time":0.15029}
{"time":"August 2, 1:19 am","ts":1659383391,"status":200,"resp_time":0.090236}
{"time":"August 2, 1:30 am","ts":1659384012,"status":200,"resp_time":0.201368}
{"time":"August 2, 1:59 am","ts":1659385786,"status":200,"resp_time":0.189996}
{"time":"August 2, 2:15 am","ts":1659386752,"status":200,"resp_time":0.20119}
{"time":"August 2, 2:26 am","ts":1659387369,"status":200,"resp_time":0.124284}
{"time":"August 2, 2:47 am","ts":1659388640,"status":200,"resp_time":0.221881}
{"time":"August 2, 3:05 am","ts":1659389723,"status":200,"resp_time":0.156313}
{"time":"August 2, 3:18 am","ts":1659390517,"status":200,"resp_time":0.176481}
{"time":"August 2, 3:29 am","ts":1659391145,"status":200,"resp_time":0.186781}
{"time":"August 2, 3:56 am","ts":1659392787,"status":200,"resp_time":0.185426}
{"time":"August 2, 4:12 am","ts":1659393756,"status":200,"resp_time":0.181417}
{"time":"August 2, 4:25 am","ts":1659394530,"status":200,"resp_time":0.174602}
{"time":"August 2, 4:50 am","ts":1659396021,"status":200,"resp_time":0.300742}
{"time":"August 2, 5:11 am","ts":1659397315,"status":200,"resp_time":0.0954}
{"time":"August 2, 5:25 am","ts":1659398144,"status":200,"resp_time":0.104651}
{"time":"August 2, 7:36 am","ts":1659405986,"status":200,"resp_time":0.215303}
{"time":"August 2, 9:42 am","ts":1659413562,"status":200,"resp_time":0.199899}
{"time":"August 2, 10:58 am","ts":1659418092,"status":200,"resp_time":0.111524}
{"time":"August 2, 11:26 am","ts":1659419762,"status":200,"resp_time":0.104703}
{"time":"August 2, 11:53 am","ts":1659421436,"status":200,"resp_time":0.090193}
{"time":"August 2, 12:17 pm","ts":1659422841,"status":200,"resp_time":0.164734}
{"time":"August 2, 12:27 pm","ts":1659423463,"status":200,"resp_time":0.109272}
{"time":"August 2, 12:53 pm","ts":1659425025,"status":200,"resp_time":0.124438}
{"time":"August 2, 1:09 pm","ts":1659425941,"status":200,"resp_time":0.150429}
{"time":"August 2, 1:19 pm","ts":1659426559,"status":200,"resp_time":0.134975}
{"time":"August 2, 1:29 pm","ts":1659427180,"status":200,"resp_time":0.126217}
{"time":"August 2, 2:03 pm","ts":1659429194,"status":200,"resp_time":0.131538}
{"time":"August 2, 2:23 pm","ts":1659430430,"status":200,"resp_time":0.088164}
{"time":"August 2, 2:46 pm","ts":1659431779,"status":200,"resp_time":0.096387}
{"time":"August 2, 3:03 pm","ts":1659432819,"status":200,"resp_time":0.086392}
