{"time":"November 17, 3:26 pm","ts":1668678960,"status":200,"resp_time":0.225526}
{"time":"November 17, 3:49 pm","ts":1668680399,"status":200,"resp_time":0.137372}
{"time":"November 17, 4:07 pm","ts":1668681461,"status":200,"resp_time":0.086579}
{"time":"November 17, 4:18 pm","ts":1668682132,"status":200,"resp_time":0.103181}
{"time":"November 17, 4:29 pm","ts":1668682758,"status":200,"resp_time":0.081701}
{"time":"November 17, 4:49 pm","ts":1668683976,"status":200,"resp_time":0.107827}
{"time":"November 17, 4:59 pm","ts":1668684590,"status":200,"resp_time":0.084025}
{"time":"November 17, 5:10 pm","ts":1668685204,"status":200,"resp_time":0.135173}
{"time":"November 17, 6:05 pm","ts":1668688545,"status":200,"resp_time":0.099992}
{"time":"November 17, 6:47 pm","ts":1668691022,"status":200,"resp_time":0.092645}
{"time":"November 17, 7:16 pm","ts":1668692813,"status":200,"resp_time":0.188663}
{"time":"November 17, 7:27 pm","ts":1668693430,"status":200,"resp_time":0.116579}
{"time":"November 17, 7:49 pm","ts":1668694779,"status":200,"resp_time":0.135514}
{"time":"November 17, 8:03 pm","ts":1668695624,"status":200,"resp_time":0.184005}
{"time":"November 17, 8:15 pm","ts":1668696343,"status":200,"resp_time":0.194536}
{"time":"November 17, 8:26 pm","ts":1668696966,"status":200,"resp_time":0.106197}
{"time":"November 17, 8:49 pm","ts":1668698393,"status":200,"resp_time":0.199634}
{"time":"November 17, 9:07 pm","ts":1668699446,"status":200,"resp_time":0.450257}
{"time":"November 17, 9:19 pm","ts":1668700145,"status":200,"resp_time":0.095619}
{"time":"November 17, 9:29 pm","ts":1668700762,"status":200,"resp_time":0.138587}
{"time":"November 17, 10:05 pm","ts":1668702912,"status":200,"resp_time":0.172098}
{"time":"November 17, 10:28 pm","ts":1668704306,"status":200,"resp_time":0.148876}
{"time":"November 17, 10:53 pm","ts":1668705799,"status":200,"resp_time":0.170895}
{"time":"November 17, 11:09 pm","ts":1668706779,"status":200,"resp_time":0.099777}
{"time":"November 17, 11:19 pm","ts":1668707396,"status":200,"resp_time":0.199679}
{"time":"November 17, 11:30 pm","ts":1668708013,"status":200,"resp_time":0.222918}
{"time":"November 17, 11:59 pm","ts":1668709787,"status":200,"resp_time":0.12308}
{"time":"November 18, 12:17 am","ts":1668710831,"status":200,"resp_time":0.169522}
{"time":"November 18, 12:27 am","ts":1668711473,"status":200,"resp_time":0.139792}
{"time":"November 18, 12:48 am","ts":1668712683,"status":200,"resp_time":0.090487}
{"time":"November 18, 12:58 am","ts":1668713305,"status":200,"resp_time":0.268655}
{"time":"November 18, 1:09 am","ts":1668713952,"status":200,"resp_time":0.135982}
{"time":"November 18, 1:19 am","ts":1668714578,"status":200,"resp_time":0.096139}
{"time":"November 18, 1:30 am","ts":1668715212,"status":200,"resp_time":0.159048}
{"time":"November 18, 1:55 am","ts":1668716740,"status":200,"resp_time":0.112413}
{"time":"November 18, 2:09 am","ts":1668717590,"status":200,"resp_time":0.134676}
{"time":"November 18, 2:20 am","ts":1668718208,"status":200,"resp_time":0.169767}
{"time":"November 18, 2:31 am","ts":1668718885,"status":200,"resp_time":0.152782}
{"time":"November 18, 2:54 am","ts":1668720288,"status":200,"resp_time":0.161945}
{"time":"November 18, 3:07 am","ts":1668721059,"status":200,"resp_time":0.147078}
{"time":"November 18, 3:18 am","ts":1668721681,"status":200,"resp_time":0.450209}
{"time":"November 18, 3:28 am","ts":1668722300,"status":200,"resp_time":0.207932}
{"time":"November 18, 3:54 am","ts":1668723842,"status":200,"resp_time":0.220648}
{"time":"November 18, 4:10 am","ts":1668724820,"status":200,"resp_time":0.099904}
{"time":"November 18, 4:25 am","ts":1668725732,"status":200,"resp_time":0.139802}
{"time":"November 18, 4:48 am","ts":1668727120,"status":200,"resp_time":0.146393}
{"time":"November 18, 5:05 am","ts":1668728141,"status":200,"resp_time":0.169391}
{"time":"November 18, 5:17 am","ts":1668728823,"status":200,"resp_time":0.123554}
{"time":"November 18, 5:27 am","ts":1668729442,"status":200,"resp_time":0.158827}
{"time":"November 18, 7:32 am","ts":1668736958,"status":200,"resp_time":0.137241}
{"time":"November 18, 8:49 am","ts":1668741548,"status":200,"resp_time":0.125286}
{"time":"November 18, 9:22 am","ts":1668743536,"status":200,"resp_time":0.236481}
{"time":"November 18, 9:51 am","ts":1668745286,"status":200,"resp_time":0.083704}
{"time":"November 18, 10:15 am","ts":1668746758,"status":200,"resp_time":0.116181}
{"time":"November 18, 10:26 am","ts":1668747376,"status":200,"resp_time":0.155603}
{"time":"November 18, 10:48 am","ts":1668748680,"status":200,"resp_time":0.100527}
{"time":"November 18, 11:02 am","ts":1668749555,"status":200,"resp_time":0.1523}
{"time":"November 18, 11:15 am","ts":1668750335,"status":200,"resp_time":0.11027}
{"time":"November 18, 11:25 am","ts":1668750951,"status":200,"resp_time":0.099404}
{"time":"November 18, 11:53 am","ts":1668752626,"status":200,"resp_time":0.111498}
{"time":"November 18, 12:15 pm","ts":1668753949,"status":200,"resp_time":0.329023}
{"time":"November 18, 12:26 pm","ts":1668754562,"status":200,"resp_time":0.104465}
{"time":"November 18, 12:47 pm","ts":1668755839,"status":200,"resp_time":0.117015}
{"time":"November 18, 1:00 pm","ts":1668756615,"status":200,"resp_time":0.165308}
{"time":"November 18, 1:15 pm","ts":1668757533,"status":200,"resp_time":0.11175}
{"time":"November 18, 1:25 pm","ts":1668758154,"status":200,"resp_time":0.198795}
{"time":"November 18, 1:53 pm","ts":1668759784,"status":200,"resp_time":0.119538}
{"time":"November 18, 2:13 pm","ts":1668761001,"status":200,"resp_time":0.086427}
{"time":"November 18, 2:25 pm","ts":1668761743,"status":200,"resp_time":0.131246}
{"time":"November 18, 2:47 pm","ts":1668763068,"status":200,"resp_time":0.095498}
{"time":"November 18, 3:03 pm","ts":1668763999,"status":200,"resp_time":0.180671}
{"time":"November 18, 3:15 pm","ts":1668764745,"status":200,"resp_time":0.137856}
{"time":"November 18, 3:26 pm","ts":1668765362,"status":200,"resp_time":0.148015}
{"time":"November 18, 3:50 pm","ts":1668766832,"status":200,"resp_time":0.093422}
{"time":"November 18, 4:11 pm","ts":1668768103,"status":200,"resp_time":0.128626}
{"time":"November 18, 4:25 pm","ts":1668768935,"status":200,"resp_time":0.10982}
{"time":"November 18, 4:44 pm","ts":1668770072,"status":200,"resp_time":0.133298}
{"time":"November 18, 4:58 pm","ts":1668770909,"status":200,"resp_time":0.134209}
{"time":"November 18, 5:09 pm","ts":1668771558,"status":200,"resp_time":0.16405}
{"time":"November 18, 5:19 pm","ts":1668772180,"status":200,"resp_time":0.09169}
{"time":"November 18, 5:30 pm","ts":1668772805,"status":200,"resp_time":0.12873}
{"time":"November 18, 6:16 pm","ts":1668775595,"status":200,"resp_time":0.087075}
{"time":"November 18, 6:51 pm","ts":1668777697,"status":200,"resp_time":0.150123}
{"time":"November 18, 7:20 pm","ts":1668779409,"status":200,"resp_time":0.112343}
{"time":"November 18, 7:30 pm","ts":1668780031,"status":200,"resp_time":0.165912}
{"time":"November 18, 7:57 pm","ts":1668781646,"status":200,"resp_time":0.130916}
{"time":"November 18, 8:11 pm","ts":1668782508,"status":200,"resp_time":0.111392}
{"time":"November 18, 8:25 pm","ts":1668783331,"status":200,"resp_time":0.145027}
{"time":"November 18, 8:48 pm","ts":1668784689,"status":200,"resp_time":0.132654}
{"time":"November 18, 9:06 pm","ts":1668785790,"status":200,"resp_time":0.246467}
{"time":"November 18, 9:18 pm","ts":1668786493,"status":200,"resp_time":0.11037}
{"time":"November 18, 9:28 pm","ts":1668787110,"status":200,"resp_time":0.093942}
{"time":"November 18, 10:03 pm","ts":1668789189,"status":200,"resp_time":0.088652}
{"time":"November 18, 10:26 pm","ts":1668790599,"status":200,"resp_time":0.106871}
{"time":"November 18, 10:49 pm","ts":1668791958,"status":200,"resp_time":0.091048}
{"time":"November 18, 11:05 pm","ts":1668792910,"status":200,"resp_time":0.107145}
{"time":"November 18, 11:15 pm","ts":1668793536,"status":200,