{"time":"October 5, 3:01 am","ts":1664919062,"status":200,"resp_time":0.131561}
{"time":"October 5, 3:21 am","ts":1664920295,"status":200,"resp_time":0.094863}
{"time":"October 5, 3:50 am","ts":1664922044,"status":200,"resp_time":0.090922}
{"time":"October 5, 4:17 am","ts":1664923654,"status":200,"resp_time":0.104409}
{"time":"October 5, 4:29 am","ts":1664924376,"status":200,"resp_time":0.097026}
{"time":"October 5, 5:04 am","ts":1664926461,"status":200,"resp_time":0.191285}
{"time":"October 5, 5:26 am","ts":1664927805,"status":200,"resp_time":0.123355}
{"time":"October 5, 7:42 am","ts":1664935924,"status":200,"resp_time":0.349811}
{"time":"October 5, 9:17 am","ts":1664941657,"status":200,"resp_time":0.161716}
{"time":"October 5, 10:00 am","ts":1664944254,"status":200,"resp_time":0.08036}
{"time":"October 5, 11:01 am","ts":1664947869,"status":200,"resp_time":0.176899}
{"time":"October 5, 11:47 am","ts":1664950654,"status":200,"resp_time":0.112814}
{"time":"October 5, 12:31 pm","ts":1664953317,"status":200,"resp_time":0.105139}
{"time":"October 5, 1:12 pm","ts":1664955767,"status":200,"resp_time":0.143394}
{"time":"October 5, 1:29 pm","ts":1664956770,"status":200,"resp_time":0.122436}
{"time":"October 5, 2:06 pm","ts":1664958984,"status":200,"resp_time":0.105877}
{"time":"October 5, 2:28 pm","ts":1664960324,"status":200,"resp_time":0.081999}
{"time":"October 5, 3:01 pm","ts":1664962311,"status":200,"resp_time":0.11243}
{"time":"October 5, 3:26 pm","ts":1664963760,"status":200,"resp_time":0.080729}
{"time":"October 5, 3:56 pm","ts":1664965579,"status":200,"resp_time":0.084938}
{"time":"October 5, 4:21 pm","ts":1664967075,"status":200,"resp_time":0.077646}
{"time":"October 5, 4:47 pm","ts":1664968679,"status":200,"resp_time":0.084826}
{"time":"October 5, 5:08 pm","ts":1664969884,"status":200,"resp_time":0.146815}
{"time":"October 5, 5:20 pm","ts":1664970657,"status":200,"resp_time":0.171978}
{"time":"October 5, 6:11 pm","ts":1664973706,"status":200,"resp_time":0.087195}
{"time":"October 5, 7:30 pm","ts":1664978409,"status":200,"resp_time":0.134598}
{"time":"October 5, 8:15 pm","ts":1664981159,"status":200,"resp_time":0.188002}
{"time":"October 5, 8:38 pm","ts":1664982510,"status":200,"resp_time":0.173539}
{"time":"October 5, 9:04 pm","ts":1664984062,"status":200,"resp_time":0.097048}
{"time":"October 5, 9:32 pm","ts":1664985739,"status":200,"resp_time":0.119634}
{"time":"October 5, 10:39 pm","ts":1664989761,"status":200,"resp_time":0.243271}
{"time":"October 5, 11:26 pm","ts":1664992584,"status":200,"resp_time":0.161359}
{"time":"October 6, 12:08 am","ts":1664995134,"status":200,"resp_time":0.087718}
{"time":"October 6, 12:42 am","ts":1664997137,"status":200,"resp_time":0.214515}
{"time":"October 6, 1:12 am","ts":1664998940,"status":200,"resp_time":0.191359}
{"time":"October 6, 1:27 am","ts":1664999824,"status":200,"resp_time":0.172955}
{"time":"October 6, 1:57 am","ts":1665001666,"status":200,"resp_time":0.157498}
{"time":"October 6, 2:19 am","ts":1665002979,"status":200,"resp_time":0.167914}
{"time":"October 6, 2:30 am","ts":1665003616,"status":200,"resp_time":0.171651}
{"time":"October 6, 2:57 am","ts":1665005263,"status":200,"resp_time":0.098477}
{"time":"October 6, 3:17 am","ts":1665006452,"status":200,"resp_time":0.104517}
{"time":"October 6, 3:27 am","ts":1665007079,"status":200,"resp_time":0.120773}
{"time":"October 6, 4:01 am","ts":1665009063,"status":200,"resp_time":0.108639}
{"time":"October 6, 4:25 am","ts":1665010506,"status":200,"resp_time":0.093653}
{"time":"October 6, 4:53 am","ts":1665012223,"status":200,"resp_time":0.091284}
{"time":"October 6, 5:20 am","ts":1665013820,"status":200,"resp_time":0.084133}
{"time":"October 6, 7:16 am","ts":1665020797,"status":200,"resp_time":0.495301}
{"time":"October 6, 8:54 am","ts":1665026658,"status":200,"resp_time":0.112529}
{"time":"October 6, 9:52 am","ts":1665030159,"status":200,"resp_time":0.141737}
{"time":"October 6, 10:41 am","ts":1665033084,"status":200,"resp_time":0.150147}
{"time":"October 6, 11:25 am","ts":1665035715,"status":200,"resp_time":0.07402}
{"time":"October 6, 11:59 am","ts":1665037795,"status":200,"resp_time":0.137971}
{"time":"October 6, 12:31 pm","ts":1665039693,"status":200,"resp_time":0.186148}
{"time":"October 6, 1:05 pm","ts":1665041735,"status":200,"resp_time":0.135014}
{"time":"October 6, 1:22 pm","ts":1665042749,"status":200,"resp_time":0.10367}
{"time":"October 6, 1:57 pm","ts":1665044846,"status":200,"resp_time":0.168172}
{"time":"October 6, 2:26 pm","ts":1665046611,"status":200,"resp_time":0.135496}
{"time":"October 6, 3:00 pm","ts":1665048622,"status":200,"resp_time":0.082268}
{"time":"October 6, 3:28 pm","ts":1665050322,"status":200,"resp_time":0.125811}
{"time":"October 6, 4:03 pm","ts":1665052400,"status":200,"resp_time":0.12399}
{"time":"October 6, 4:26 pm","ts":1665053773,"status":200,"resp_time":0.086559}
{"time":"October 6, 4:50 pm","ts":1665055249,"status":200,"resp_time":0.07579}
{"time":"October 6, 5:12 pm","ts":1665056564,"status":200,"resp_time":0.159721}
{"time":"October 6, 5:25 pm","ts":1665057333,"status":200,"resp_time":0.146}
{"time":"October 6, 6:14 pm","ts":1665060288,"status":200,"resp_time":0.086104}
{"time":"October 6, 7:10 pm","ts":1665063647,"status":200,"resp_time":0.126798}
{"time":"October 6, 7:54 pm","ts":1665066261,"status":200,"resp_time":0.140093}
{"time":"October 6, 8:25 pm","ts":1665068131,"status":200,"resp_time":0.159502}
{"time":"October 6, 8:55 pm","ts":1665069933,"status":200,"resp_time":0.194214}
{"time":"October 6, 9:22 pm","ts":1665071546,"status":200,"resp_time":0.184392}
{"time":"October 6, 10:01 pm","ts":1665073894,"status":200,"resp_time":0.254741}
{"time":"October 6, 10:45 pm","ts":1665076550,"status":200,"resp_time":0.152275}
{"time":"October 6, 11:18 pm","ts":1665078523,"status":200,"resp_time":0.135659}
{"time":"October 6, 11:39 pm","ts":1665079786,"status":200,"resp_time":0.365646}
{"time":"October 7, 12:19 am","ts":1665082171,"status":200,"resp_time":0.123365}
{"time":"October 7, 12:45 am","ts":1665083724,"status":200,"resp_time":0.180246}
{"time":"October 7, 1:10 am","ts":1665085208,"status":200,"resp_time":0.148148}
{"time":"October 7, 1:22 am","ts":1665085979,"status":200,"resp_time":0.092337}
{"time":"October 7, 1:52 am","ts":1665087750,"status":200,"resp_time":0.158199}
{"time":"October 7, 2:17 am","ts":1665089277,"status":200,"resp_time":0.116171}
{"time":"October 7, 2:29 am","ts":1665089994,"status":200,"resp_time":0.13202}
{"time":"October 7, 2:57 am","ts":1665091649,"status":200,"resp_time":0.216949}
{"time":"October 7, 3:17 am","ts":1665092867,"status":200,"resp_time":0.166102}
{"time":"October 7, 3:28 am","ts":1665093491,"status":200,"resp_time":0.08483}
{"time":"October 7, 3:59 am","ts":1665095355,"status":200,"resp_time":0.169759}
{"time":"October 7, 4:20 am","ts":1665096630,"status":200,"resp_time":0.155746}
{"time":"October 7, 4:54 am","ts":1665098693,"status":200,"resp_time":0.202682}
{"time":"October 7, 5:22 am","ts":1665100367,"status":200,"resp_time":0.093719}
{"time":"October 7, 7:28 am","ts":1665107927,"status":200,"resp_time":0.105291}
{"time":"October 7, 9:22 am","ts":1665114757,"status":200,"resp_time":0.145805}
{"time":"October 7, 10:23 am","ts":1665118435,"status":200,"resp_time":0.097199}
{"time":"October 7, 11:05 am","ts":1665120926,"status":200,"resp_time":0.076002}
{"time":"October 7, 11:29 am","ts":1665122361,"status":200,"resp_time":0.076908}
{"time":"October 7, 12:14 pm","ts":1665125066,"status":200,"resp_time":0.152902}
{"time":"October 7, 12:43 pm","ts":1665126812,"status":200,"resp_time":0.080836}
{"time":"October 7, 1:15 pm","ts":1665128716,"status":200,"resp_time":0.183265}
{"time":"October 7, 1:27 pm","ts":1665129474,"status":200,"resp_time":0.138028}
