{"time":"November 1, 10:10 pm","ts":1667320804,"status":200,"resp_time":0.102188}
{"time":"November 1, 10:41 pm","ts":1667322705,"status":200,"resp_time":0.104346}
{"time":"November 1, 11:15 pm","ts":1667324708,"status":200,"resp_time":0.095324}
{"time":"November 1, 11:27 pm","ts":1667325433,"status":200,"resp_time":0.176285}
{"time":"November 2, 12:01 am","ts":1667327504,"status":200,"resp_time":0.118403}
{"time":"November 2, 12:26 am","ts":1667328968,"status":200,"resp_time":0.142977}
{"time":"November 2, 12:47 am","ts":1667330258,"status":200,"resp_time":0.177123}
{"time":"November 2, 1:00 am","ts":1667331051,"status":200,"resp_time":0.244663}
{"time":"November 2, 1:15 am","ts":1667331936,"status":200,"resp_time":0.21839}
{"time":"November 2, 1:26 am","ts":1667332562,"status":200,"resp_time":0.123117}
{"time":"November 2, 1:53 am","ts":1667334199,"status":200,"resp_time":0.07982}
{"time":"November 2, 2:14 am","ts":1667335451,"status":200,"resp_time":0.109003}
{"time":"November 2, 2:25 am","ts":1667336147,"status":200,"resp_time":0.212573}
{"time":"November 2, 2:48 am","ts":1667337536,"status":200,"resp_time":0.15316}
{"time":"November 2, 3:07 am","ts":1667338627,"status":200,"resp_time":0.234791}
{"time":"November 2, 3:19 am","ts":1667339379,"status":200,"resp_time":0.092053}
{"time":"November 2, 3:29 am","ts":1667339997,"status":200,"resp_time":0.186832}
{"time":"November 2, 4:01 am","ts":1667341899,"status":200,"resp_time":0.214973}
{"time":"November 2, 4:22 am","ts":1667343179,"status":200,"resp_time":0.094309}
{"time":"November 2, 4:51 am","ts":1667344870,"status":200,"resp_time":0.096827}
{"time":"November 2, 5:15 am","ts":1667346305,"status":200,"resp_time":0.082372}
{"time":"November 2, 5:26 am","ts":1667346980,"status":200,"resp_time":0.111253}
{"time":"November 2, 7:39 am","ts":1667354974,"status":200,"resp_time":0.086928}
{"time":"November 2, 9:33 am","ts":1667361820,"status":200,"resp_time":0.191334}
{"time":"November 2, 10:42 am","ts":1667365938,"status":200,"resp_time":0.091796}
{"time":"November 2, 11:24 am","ts":1667368465,"status":200,"resp_time":0.195238}
{"time":"November 2, 11:58 am","ts":1667370487,"status":200,"resp_time":0.075445}
{"time":"November 2, 12:25 pm","ts":1667372151,"status":200,"resp_time":0.104229}
{"time":"November 2, 12:49 pm","ts":1667373578,"status":200,"resp_time":0.106593}
{"time":"November 2, 1:06 pm","ts":1667374611,"status":200,"resp_time":0.137534}
{"time":"November 2, 1:17 pm","ts":1667375258,"status":200,"resp_time":0.129916}
{"time":"November 2, 1:28 pm","ts":1667375886,"status":200,"resp_time":0.099998}
{"time":"November 2, 2:03 pm","ts":1667377986,"status":200,"resp_time":0.104808}
{"time":"November 2, 2:23 pm","ts":1667379223,"status":200,"resp_time":0.082829}
{"time":"November 2, 2:48 pm","ts":1667380697,"status":200,"resp_time":0.101311}
{"time":"November 2, 3:08 pm","ts":1667381919,"status":200,"resp_time":0.104357}
{"time":"November 2, 3:21 pm","ts":1667382678,"status":200,"resp_time":0.108145}
{"time":"November 2, 3:51 pm","ts":1667384464,"status":200,"resp_time":0.16691}
{"time":"November 2, 4:15 pm","ts":1667385935,"status":200,"resp_time":0.089298}
{"time":"November 2, 4:26 pm","ts":1667386588,"status":200,"resp_time":0.122753}
{"time":"November 2, 4:49 pm","ts":1667387984,"status":200,"resp_time":0.289045}
{"time":"November 2, 5:05 pm","ts":1667388927,"status":200,"resp_time":0.111287}
{"time":"November 2, 5:16 pm","ts":1667389588,"status":200,"resp_time":0.07561}
{"time":"November 2, 5:27 pm","ts":1667390226,"status":200,"resp_time":0.067052}
{"time":"November 2, 6:23 pm","ts":1667393590,"status":200,"resp_time":0.077318}
{"time":"November 2, 7:21 pm","ts":1667397108,"status":200,"resp_time":0.180862}
{"time":"November 2, 7:54 pm","ts":1667399053,"status":200,"resp_time":0.760114}
{"time":"November 2, 8:16 pm","ts":1667400374,"status":200,"resp_time":0.290565}
{"time":"November 2, 8:26 pm","ts":1667401014,"status":200,"resp_time":0.183509}
{"time":"November 2, 8:55 pm","ts":1667402728,"status":200,"resp_time":0.226502}
{"time":"November 2, 9:16 pm","ts":1667403968,"status":200,"resp_time":0.389364}
{"time":"November 2, 9:27 pm","ts":1667404657,"status":200,"resp_time":0.114166}
{"time":"November 2, 10:09 pm","ts":1667407186,"status":200,"resp_time":0.222896}
{"time":"November 2, 10:46 pm","ts":1667409409,"status":200,"resp_time":0.081777}
{"time":"November 2, 11:20 pm","ts":1667411417,"status":200,"resp_time":0.213427}
{"time":"November 2, 11:38 pm","ts":1667412518,"status":200,"resp_time":0.167751}
{"time":"November 3, 12:09 am","ts":1667414355,"status":200,"resp_time":0.186535}
{"time":"November 3, 12:25 am","ts":1667415310,"status":200,"resp_time":0.185048}
{"time":"November 3, 12:44 am","ts":1667416494,"status":200,"resp_time":0.192915}
{"time":"November 3, 12:57 am","ts":1667417275,"status":200,"resp_time":0.148821}
{"time":"November 3, 1:09 am","ts":1667417957,"status":200,"resp_time":0.07411}
{"time":"November 3, 1:19 am","ts":1667418594,"status":200,"resp_time":0.16994}
{"time":"November 3, 1:30 am","ts":1667419216,"status":200,"resp_time":0.23541}
{"time":"November 3, 1:59 am","ts":1667420949,"status":200,"resp_time":0.166916}
{"time":"November 3, 2:14 am","ts":1667421857,"status":200,"resp_time":0.101436}
{"time":"November 3, 2:25 am","ts":1667422544,"status":200,"resp_time":0.154303}
{"time":"November 3, 2:49 am","ts":1667423990,"status":200,"resp_time":0.132791}
{"time":"November 3, 3:06 am","ts":1667424988,"status":200,"resp_time":0.072542}
{"time":"November 3, 3:17 am","ts":1667425657,"status":200,"resp_time":0.077634}
{"time":"November 3, 3:27 am","ts":1667426272,"status":200,"resp_time":0.081171}
{"time":"November 3, 3:54 am","ts":1667427852,"status":200,"resp_time":0.184523}
{"time":"November 3, 4:10 am","ts":1667428848,"status":200,"resp_time":0.11644}
{"time":"November 3, 4:25 am","ts":1667429734,"status":200,"resp_time":0.132018}
{"time":"November 3, 4:50 am","ts":1667431244,"status":200,"resp_time":0.166839}
{"time":"November 3, 5:13 am","ts":1667432638,"status":200,"resp_time":0.225843}
{"time":"November 3, 5:25 am","ts":1667433333,"status":200,"resp_time":0.079527}
{"time":"November 3, 7:16 am","ts":1667440014,"status":200,"resp_time":0.233667}
{"time":"November 3, 8:51 am","ts":1667445704,"status":200,"resp_time":0.216043}
{"time":"November 3, 9:39 am","ts":1667448599,"status":200,"resp_time":0.113955}
{"time":"November 3, 10:25 am","ts":1667451320,"status":200,"resp_time":0.132547}
{"time":"November 3, 10:52 am","ts":1667452966,"status":200,"resp_time":0.096042}
{"time":"November 3, 11:12 am","ts":1667454131,"status":200,"resp_time":0.069985}
{"time":"November 3, 11:25 am","ts":1667454932,"status":200,"resp_time":0.192225}
{"time":"November 3, 11:54 am","ts":1667456667,"status":200,"resp_time":0.17939}
{"time":"November 3, 12:19 pm","ts":1667458177,"status":200,"resp_time":0.084293}
{"time":"November 3, 12:29 pm","ts":1667458797,"status":200,"resp_time":0.071341}
{"time":"November 3, 12:54 pm","ts":1667460240,"status":200,"resp_time":0.136207}
{"time":"November 3, 1:08 pm","ts":1667461092,"status":200,"resp_time":0.162151}
{"time":"November 3, 1:18 pm","ts":1667461711,"status":200,"resp_time":0.083691}
{"time":"November 3, 1:28 pm","ts":1667462326,"status":200,"resp_time":0.11643}
{"time":"November 3, 2:04 pm","ts":1667464454,"status":200,"resp_time":0.17303}
