{"time":"August 14, 11:51 pm","ts":1660501284,"status":200,"resp_time":0.172444}
{"time":"August 15, 12:14 am","ts":1660502660,"status":200,"resp_time":0.097887}
{"time":"August 15, 12:25 am","ts":1660503333,"status":200,"resp_time":0.151667}
{"time":"August 15, 12:44 am","ts":1660504447,"status":200,"resp_time":0.079666}
{"time":"August 15, 12:57 am","ts":1660505230,"status":200,"resp_time":0.097135}
{"time":"August 15, 1:08 am","ts":1660505911,"status":200,"resp_time":0.209961}
{"time":"August 15, 1:18 am","ts":1660506520,"status":200,"resp_time":0.089673}
{"time":"August 15, 1:29 am","ts":1660507145,"status":200,"resp_time":0.173427}
{"time":"August 15, 1:54 am","ts":1660508670,"status":200,"resp_time":0.107705}
{"time":"August 15, 2:09 am","ts":1660509582,"status":200,"resp_time":0.163124}
{"time":"August 15, 2:20 am","ts":1660510200,"status":200,"resp_time":0.142637}
{"time":"August 15, 2:30 am","ts":1660510814,"status":200,"resp_time":0.15252}
{"time":"August 15, 2:55 am","ts":1660512307,"status":200,"resp_time":0.14201}
{"time":"August 15, 3:08 am","ts":1660513100,"status":200,"resp_time":0.137285}
{"time":"August 15, 3:18 am","ts":1660513720,"status":200,"resp_time":0.234566}
{"time":"August 15, 3:28 am","ts":1660514331,"status":200,"resp_time":0.11934}
{"time":"August 15, 3:53 am","ts":1660515824,"status":200,"resp_time":0.146828}
{"time":"August 15, 4:09 am","ts":1660516790,"status":200,"resp_time":0.158286}
{"time":"August 15, 4:20 am","ts":1660517410,"status":200,"resp_time":0.109613}
{"time":"August 15, 4:31 am","ts":1660518076,"status":200,"resp_time":0.173161}
{"time":"August 15, 4:56 am","ts":1660519614,"status":200,"resp_time":0.17528}
{"time":"August 15, 5:10 am","ts":1660520454,"status":200,"resp_time":0.175127}
{"time":"August 15, 5:25 am","ts":1660521339,"status":200,"resp_time":0.199744}
{"time":"August 15, 7:26 am","ts":1660528609,"status":200,"resp_time":0.121165}
{"time":"August 15, 9:28 am","ts":1660535910,"status":200,"resp_time":0.295188}
{"time":"August 15, 10:38 am","ts":1660540123,"status":200,"resp_time":0.188536}
{"time":"August 15, 11:14 am","ts":1660542265,"status":200,"resp_time":0.13254}
{"time":"August 15, 11:27 am","ts":1660543055,"status":200,"resp_time":0.148156}
{"time":"August 15, 12:01 pm","ts":1660545067,"status":200,"resp_time":0.154263}
{"time":"August 15, 12:25 pm","ts":1660546519,"status":200,"resp_time":0.163468}
{"time":"August 15, 12:45 pm","ts":1660547743,"status":200,"resp_time":0.082225}
{"time":"August 15, 1:01 pm","ts":1660548711,"status":200,"resp_time":0.09419}
{"time":"August 15, 1:15 pm","ts":1660549536,"status":200,"resp_time":0.145166}
{"time":"August 15, 1:26 pm","ts":1660550165,"status":200,"resp_time":0.162535}
{"time":"August 15, 1:54 pm","ts":1660551858,"status":200,"resp_time":0.16721}
{"time":"August 15, 2:16 pm","ts":1660553161,"status":200,"resp_time":0.077494}
{"time":"August 15, 2:26 pm","ts":1660553818,"status":200,"resp_time":0.075172}
{"time":"August 15, 2:51 pm","ts":1660555292,"status":200,"resp_time":0.138771}
{"time":"August 15, 3:10 pm","ts":1660556451,"status":200,"resp_time":0.09841}
{"time":"August 15, 3:25 pm","ts":1660557338,"status":200,"resp_time":0.075364}
{"time":"August 15, 3:50 pm","ts":1660558857,"status":200,"resp_time":0.141549}
{"time":"August 15, 4:13 pm","ts":1660560205,"status":200,"resp_time":0.149284}
{"time":"August 15, 4:25 pm","ts":1660560929,"status":200,"resp_time":0.103716}
{"time":"August 15, 4:44 pm","ts":1660562097,"status":200,"resp_time":0.126084}
{"time":"August 15, 5:00 pm","ts":1660563011,"status":200,"resp_time":0.086929}
{"time":"August 15, 5:11 pm","ts":1660563672,"status":200,"resp_time":0.167985}
{"time":"August 15, 5:25 pm","ts":1660564537,"status":200,"resp_time":0.141419}
{"time":"August 15, 6:07 pm","ts":1660567034,"status":200,"resp_time":0.144789}
{"time":"August 15, 6:56 pm","ts":1660569976,"status":200,"resp_time":0.153271}
{"time":"August 15, 7:28 pm","ts":1660571888,"status":200,"resp_time":0.134268}
{"time":"August 15, 7:55 pm","ts":1660573547,"status":200,"resp_time":0.149585}
{"time":"August 15, 8:11 pm","ts":1660574499,"status":200,"resp_time":0.142818}
{"time":"August 15, 8:25 pm","ts":1660575341,"status":200,"resp_time":0.165484}
{"time":"August 15, 8:50 pm","ts":1660576856,"status":200,"resp_time":0.129861}
{"time":"August 15, 9:14 pm","ts":1660578287,"status":200,"resp_time":0.168221}
{"time":"August 15, 9:25 pm","ts":1660578944,"status":200,"resp_time":0.342927}
{"time":"August 15, 9:57 pm","ts":1660580820,"status":200,"resp_time":0.188528}
{"time":"August 15, 10:32 pm","ts":1660582926,"status":200,"resp_time":0.17009}
{"time":"August 15, 11:03 pm","ts":1660584828,"status":200,"resp_time":0.159105}
{"time":"August 15, 11:19 pm","ts":1660585773,"status":200,"resp_time":0.120425}
{"time":"August 15, 11:29 pm","ts":1660586387,"status":200,"resp_time":0.163536}
{"time":"August 16, 12:02 am","ts":1660588345,"status":200,"resp_time":0.159646}
{"time":"August 16, 12:23 am","ts":1660589637,"status":200,"resp_time":0.122369}
{"time":"August 16, 12:43 am","ts":1660590824,"status":200,"resp_time":0.245247}
{"time":"August 16, 12:58 am","ts":1660591688,"status":200,"resp_time":0.191701}
{"time":"August 16, 1:09 am","ts":1660592369,"status":200,"resp_time":0.306418}
{"time":"August 16, 1:19 am","ts":1660592991,"status":200,"resp_time":0.13983}
{"time":"August 16, 1:30 am","ts":1660593610,"status":200,"resp_time":0.207472}
{"time":"August 16, 1:56 am","ts":1660595182,"status":200,"resp_time":0.148237}
{"time":"August 16, 2:11 am","ts":1660596113,"status":200,"resp_time":0.094563}
{"time":"August 16, 2:25 am","ts":1660596943,"status":200,"resp_time":0.208749}
{"time":"August 16, 2:46 am","ts":1660598178,"status":200,"resp_time":0.20837}
{"time":"August 16, 3:03 am","ts":1660599199,"status":200,"resp_time":0.176794}
{"time":"August 16, 3:16 am","ts":1660599972,"status":200,"resp_time":0.232013}
{"time":"August 16, 3:26 am","ts":1660600592,"status":200,"resp_time":0.10809}
{"time":"August 16, 3:51 am","ts":1660602109,"status":200,"resp_time":0.143693}
{"time":"August 16, 4:11 am","ts":1660603280,"status":200,"resp_time":0.0956}
{"time":"August 16, 4:25 am","ts":1660604143,"status":200,"resp_time":0.11132}
{"time":"August 16, 4:48 am","ts":1660605515,"status":200,"resp_time":0.174922}
{"time":"August 16, 5:05 am","ts":1660606543,"status":200,"resp_time":0.145795}
{"time":"August 16, 5:17 am","ts":1660607230,"status":200,"resp_time":0.177475}
{"time":"August 16, 5:27 am","ts":1660607863,"status":200,"resp_time":0.159879}
{"time":"August 16, 7:52 am","ts":1660616574,"status":200,"resp_time":0.086406}
{"time":"August 16, 9:23 am","ts":1660622000,"status":200,"resp_time":0.196494}
{"time":"August 16, 10:10 am","ts":1660624828,"status":200,"resp_time":0.09187}
{"time":"August 16, 10:39 am","ts":1660626551,"status":200,"resp_time":0.116729}
{"time":"August 16, 10:58 am","ts":1660627722,"status":200,"resp_time":0.086462}
{"time":"August 16, 11:09 am","ts":1660628351,"status":200,"resp_time":0.199387}
{"time":"August 16, 11:19 am","ts":1660628973,"status":200,"resp_time":0.124259}
{"time":"August 16, 11:29 am","ts":1660629592,"status":200,"resp_time":0.128926}
{"time":"August 16, 12:01 pm","ts":1660631489,"status":200,"resp_time":0.183592}
{"time":"August 16, 12:22 pm","ts":1660632749,"status":200,"resp_time":0.0828}
{"time":"August 16, 12:43 pm","ts":1660634008,"status":200,"resp_time":0.197127}
