{"time":"October 2, 3:22 am","ts":1664661138,"status":200,"resp_time":0.150125}
{"time":"October 2, 3:49 am","ts":1664662774,"status":200,"resp_time":0.148865}
{"time":"October 2, 4:11 am","ts":1664664090,"status":200,"resp_time":0.133547}
{"time":"October 2, 4:26 am","ts":1664664997,"status":200,"resp_time":0.092172}
{"time":"October 2, 4:57 am","ts":1664666854,"status":200,"resp_time":0.143706}
{"time":"October 2, 5:20 am","ts":1664668238,"status":200,"resp_time":0.087917}
{"time":"October 2, 7:35 am","ts":1664676348,"status":200,"resp_time":0.403683}
{"time":"October 2, 9:50 am","ts":1664684416,"status":200,"resp_time":0.095166}
{"time":"October 2, 11:02 am","ts":1664688732,"status":200,"resp_time":0.115424}
{"time":"October 2, 11:33 am","ts":1664690608,"status":200,"resp_time":0.108318}
{"time":"October 2, 12:16 pm","ts":1664693191,"status":200,"resp_time":0.174627}
{"time":"October 2, 12:40 pm","ts":1664694600,"status":200,"resp_time":0.109297}
{"time":"October 2, 1:05 pm","ts":1664696146,"status":200,"resp_time":0.132333}
{"time":"October 2, 1:20 pm","ts":1664697020,"status":200,"resp_time":0.111365}
{"time":"October 2, 1:54 pm","ts":1664699097,"status":200,"resp_time":0.105492}
{"time":"October 2, 2:22 pm","ts":1664700724,"status":200,"resp_time":0.088119}
{"time":"October 2, 2:51 pm","ts":1664702467,"status":200,"resp_time":0.133934}
{"time":"October 2, 3:16 pm","ts":1664704002,"status":200,"resp_time":0.077736}
{"time":"October 2, 3:27 pm","ts":1664704669,"status":200,"resp_time":0.089843}
{"time":"October 2, 3:59 pm","ts":1664706569,"status":200,"resp_time":0.149758}
{"time":"October 2, 4:19 pm","ts":1664707780,"status":200,"resp_time":0.16951}
{"time":"October 2, 4:30 pm","ts":1664708401,"status":200,"resp_time":0.114954}
{"time":"October 2, 4:54 pm","ts":1664709898,"status":200,"resp_time":0.128772}
{"time":"October 2, 5:11 pm","ts":1664710888,"status":200,"resp_time":0.443129}
{"time":"October 2, 5:25 pm","ts":1664711734,"status":200,"resp_time":0.140553}
{"time":"October 2, 6:08 pm","ts":1664714308,"status":200,"resp_time":0.074554}
{"time":"October 2, 6:53 pm","ts":1664717034,"status":200,"resp_time":0.133677}
{"time":"October 2, 7:26 pm","ts":1664718972,"status":200,"resp_time":0.187331}
{"time":"October 2, 7:51 pm","ts":1664720479,"status":200,"resp_time":0.11787}
{"time":"October 2, 8:13 pm","ts":1664721796,"status":200,"resp_time":0.115052}
{"time":"October 2, 8:25 pm","ts":1664722540,"status":200,"resp_time":0.156453}
{"time":"October 2, 8:51 pm","ts":1664724100,"status":200,"resp_time":0.139789}
{"time":"October 2, 9:17 pm","ts":1664725662,"status":200,"resp_time":0.119604}
{"time":"October 2, 9:30 pm","ts":1664726402,"status":200,"resp_time":0.110542}
{"time":"October 2, 10:10 pm","ts":1664728800,"status":200,"resp_time":0.159029}
{"time":"October 2, 10:39 pm","ts":1664730582,"status":200,"resp_time":0.45628}
{"time":"October 2, 11:10 pm","ts":1664732416,"status":200,"resp_time":0.157844}
{"time":"October 2, 11:27 pm","ts":1664733452,"status":200,"resp_time":0.153572}
{"time":"October 3, 12:02 am","ts":1664735547,"status":200,"resp_time":0.11753}
{"time":"October 3, 12:27 am","ts":1664737045,"status":200,"resp_time":0.155037}
{"time":"October 3, 12:52 am","ts":1664738520,"status":200,"resp_time":0.13832}
{"time":"October 3, 1:09 am","ts":1664739576,"status":200,"resp_time":0.385934}
{"time":"October 3, 1:19 am","ts":1664740193,"status":200,"resp_time":0.09578}
{"time":"October 3, 1:30 am","ts":1664740820,"status":200,"resp_time":0.168499}
{"time":"October 3, 2:03 am","ts":1664742818,"status":200,"resp_time":0.471407}
{"time":"October 3, 2:22 am","ts":1664743945,"status":200,"resp_time":0.103971}
{"time":"October 3, 2:47 am","ts":1664745469,"status":200,"resp_time":0.134961}
{"time":"October 3, 3:08 am","ts":1664746693,"status":200,"resp_time":0.148834}
{"time":"October 3, 3:22 am","ts":1664747528,"status":200,"resp_time":0.131156}
{"time":"October 3, 3:49 am","ts":1664749163,"status":200,"resp_time":0.095726}
{"time":"October 3, 4:11 am","ts":1664750471,"status":200,"resp_time":0.095988}
{"time":"October 3, 4:26 am","ts":1664751396,"status":200,"resp_time":0.127719}
{"time":"October 3, 4:57 am","ts":1664753230,"status":200,"resp_time":0.122644}
{"time":"October 3, 5:20 am","ts":1664754600,"status":200,"resp_time":0.222081}
{"time":"October 3, 6:05 am","ts":1664757328,"status":200,"resp_time":0.111623}
{"time":"October 3, 8:19 am","ts":1664765350,"status":200,"resp_time":0.094948}
{"time":"October 3, 9:22 am","ts":1664769127,"status":200,"resp_time":0.144596}
{"time":"October 3, 10:23 am","ts":1664772817,"status":200,"resp_time":0.139373}
{"time":"October 3, 11:11 am","ts":1664775704,"status":200,"resp_time":0.110494}
{"time":"October 3, 11:45 am","ts":1664777716,"status":200,"resp_time":0.166225}
{"time":"October 3, 12:29 pm","ts":1664780350,"status":200,"resp_time":0.421028}
{"time":"October 3, 1:05 pm","ts":1664782511,"status":200,"resp_time":0.10969}
{"time":"October 3, 1:23 pm","ts":1664783621,"status":200,"resp_time":0.133961}
{"time":"October 3, 1:57 pm","ts":1664785679,"status":200,"resp_time":0.089333}
{"time":"October 3, 2:28 pm","ts":1664787499,"status":200,"resp_time":0.12028}
{"time":"October 3, 3:04 pm","ts":1664789699,"status":200,"resp_time":0.074109}
{"time":"October 3, 3:26 pm","ts":1664790986,"status":200,"resp_time":0.105404}
{"time":"October 3, 3:57 pm","ts":1664792838,"status":200,"resp_time":0.12584}
{"time":"October 3, 4:20 pm","ts":1664794256,"status":200,"resp_time":0.121264}
{"time":"October 3, 4:47 pm","ts":1664795852,"status":200,"resp_time":0.12015}
{"time":"October 3, 5:08 pm","ts":1664797103,"status":200,"resp_time":0.093493}
{"time":"October 3, 5:21 pm","ts":1664797886,"status":200,"resp_time":0.155896}
{"time":"October 3, 6:12 pm","ts":1664800923,"status":200,"resp_time":0.078352}
{"time":"October 3, 7:11 pm","ts":1664804471,"status":200,"resp_time":0.084243}
{"time":"October 3, 7:57 pm","ts":1664807237,"status":200,"resp_time":0.084142}
{"time":"October 3, 8:26 pm","ts":1664809006,"status":200,"resp_time":0.17316}
{"time":"October 3, 8:59 pm","ts":1664810988,"status":200,"resp_time":0.113529}
{"time":"October 3, 9:27 pm","ts":1664812658,"status":200,"resp_time":0.076261}
{"time":"October 3, 10:14 pm","ts":1664815486,"status":200,"resp_time":0.135345}
{"time":"October 3, 10:56 pm","ts":1664817976,"status":200,"resp_time":0.125779}
{"time":"October 3, 11:31 pm","ts":1664820107,"status":200,"resp_time":0.192121}
{"time":"October 4, 12:16 am","ts":1664822774,"status":200,"resp_time":0.178479}
{"time":"October 4, 12:40 am","ts":1664824208,"status":200,"resp_time":0.222678}
{"time":"October 4, 1:03 am","ts":1664825581,"status":200,"resp_time":0.134663}
{"time":"October 4, 1:19 am","ts":1664826551,"status":200,"resp_time":0.19802}
{"time":"October 4, 1:29 am","ts":1664827167,"status":200,"resp_time":0.158106}
{"time":"October 4, 2:02 am","ts":1664829129,"status":200,"resp_time":0.447128}
{"time":"October 4, 2:24 am","ts":1664830440,"status":200,"resp_time":0.235438}
{"time":"October 4, 2:48 am","ts":1664831897,"status":200,"resp_time":0.144806}
{"time":"October 4, 3:10 am","ts":1664833201,"status":200,"resp_time":0.091308}
{"time":"October 4, 3:24 am","ts":1664834069,"status":200,"resp_time":0.209798}
{"time":"October 4, 3:50 am","ts":1664835651,"status":200,"resp_time":0.170578}
{"time":"October 4, 4:18 am","ts":1664837317,"status":200,"resp_time":0.132261}
{"time":"October 4, 4:30 am","ts":1664838017,"status":200,"resp_time":0.175285}
{"time":"October 4, 5:08 am","ts":1664840292,"status":200,"resp_time":0.165968}
{"time":"October 4, 5:29 am","ts":1664841560,"status":200,"resp_time":0.37372}
{"time":"October 4, 7:59 am","ts":1664850579,"status":200,"resp_time":0.135029}
{"time":"October 4, 9:27 am","ts":1664855863,"status":200,"resp_time":0.172581}
{"time":"October 4, 10:37 am","ts":1664860027,"status":200,"resp_time":0.116602}
{"time":"October 4, 11:25 am","ts":1664862956,"status":200,