{"time":"September 14, 3:07 am","ts":1663105049,"status":200,"resp_time":0.199793}
{"time":"September 14, 3:20 am","ts":1663105845,"status":200,"resp_time":0.24122}
{"time":"September 14, 3:50 am","ts":1663107603,"status":200,"resp_time":0.078205}
{"time":"September 14, 4:10 am","ts":1663108841,"status":200,"resp_time":0.10309}
{"time":"September 14, 4:25 am","ts":1663109750,"status":200,"resp_time":0.147289}
{"time":"September 14, 4:52 am","ts":1663111342,"status":200,"resp_time":0.153253}
{"time":"September 14, 5:16 am","ts":1663112774,"status":200,"resp_time":0.080844}
{"time":"September 14, 5:29 am","ts":1663113592,"status":200,"resp_time":0.152644}
{"time":"September 14, 8:17 am","ts":1663123651,"status":200,"resp_time":0.107181}
{"time":"September 14, 9:58 am","ts":1663129698,"status":200,"resp_time":0.105402}
{"time":"September 14, 11:23 am","ts":1663134800,"status":200,"resp_time":0.173236}
{"time":"September 14, 12:21 pm","ts":1663138304,"status":200,"resp_time":0.084465}
{"time":"September 14, 1:02 pm","ts":1663140764,"status":200,"resp_time":0.122362}
{"time":"September 14, 1:24 pm","ts":1663142069,"status":200,"resp_time":0.130061}
{"time":"September 14, 1:54 pm","ts":1663143892,"status":200,"resp_time":0.182294}
{"time":"September 14, 2:21 pm","ts":1663145515,"status":200,"resp_time":0.138091}
{"time":"September 14, 2:50 pm","ts":1663147225,"status":200,"resp_time":0.172481}
{"time":"September 14, 3:15 pm","ts":1663148749,"status":200,"resp_time":0.14311}
{"time":"September 14, 3:26 pm","ts":1663149403,"status":200,"resp_time":0.188689}
{"time":"September 14, 3:56 pm","ts":1663151167,"status":200,"resp_time":0.086544}
{"time":"September 14, 4:16 pm","ts":1663152418,"status":200,"resp_time":0.13975}
{"time":"September 14, 4:27 pm","ts":1663153053,"status":200,"resp_time":0.129032}
{"time":"September 14, 4:52 pm","ts":1663154533,"status":200,"resp_time":0.162885}
{"time":"September 14, 5:10 pm","ts":1663155628,"status":200,"resp_time":0.107505}
{"time":"September 14, 5:25 pm","ts":1663156540,"status":200,"resp_time":0.119228}
{"time":"September 14, 6:11 pm","ts":1663159292,"status":200,"resp_time":0.118013}
{"time":"September 14, 7:08 pm","ts":1663162718,"status":200,"resp_time":0.079133}
{"time":"September 14, 7:44 pm","ts":1663164878,"status":200,"resp_time":0.111844}
{"time":"September 14, 8:12 pm","ts":1663166550,"status":200,"resp_time":0.204517}
{"time":"September 14, 8:27 pm","ts":1663167464,"status":200,"resp_time":0.14307}
{"time":"September 14, 8:58 pm","ts":1663169285,"status":200,"resp_time":0.196846}
{"time":"September 14, 9:20 pm","ts":1663170601,"status":200,"resp_time":0.133932}
{"time":"September 14, 9:36 pm","ts":1663171604,"status":200,"resp_time":0.223905}
{"time":"September 14, 10:21 pm","ts":1663174260,"status":200,"resp_time":0.195818}
{"time":"September 14, 10:57 pm","ts":1663176448,"status":200,"resp_time":0.094635}
{"time":"September 14, 11:20 pm","ts":1663177848,"status":200,"resp_time":0.138727}
{"time":"September 14, 11:53 pm","ts":1663179817,"status":200,"resp_time":0.089484}
{"time":"September 15, 12:21 am","ts":1663181495,"status":200,"resp_time":0.127563}
{"time":"September 15, 12:46 am","ts":1663182994,"status":200,"resp_time":0.110464}
{"time":"September 15, 1:01 am","ts":1663183911,"status":200,"resp_time":0.085154}
{"time":"September 15, 1:16 am","ts":1663184760,"status":200,"resp_time":0.197842}
{"time":"September 15, 1:26 am","ts":1663185381,"status":200,"resp_time":0.162979}
{"time":"September 15, 1:55 am","ts":1663187117,"status":200,"resp_time":0.132538}
{"time":"September 15, 2:15 am","ts":1663188350,"status":200,"resp_time":0.079724}
{"time":"September 15, 2:27 am","ts":1663189030,"status":200,"resp_time":0.162824}
{"time":"September 15, 2:50 am","ts":1663190413,"status":200,"resp_time":0.080458}
{"time":"September 15, 3:06 am","ts":1663191419,"status":200,"resp_time":0.16456}
{"time":"September 15, 3:20 am","ts":1663192220,"status":200,"resp_time":0.199615}
{"time":"September 15, 3:49 am","ts":1663193961,"status":200,"resp_time":0.096321}
{"time":"September 15, 4:10 am","ts":1663195212,"status":200,"resp_time":0.101985}
{"time":"September 15, 4:23 am","ts":1663195996,"status":200,"resp_time":0.101989}
{"time":"September 15, 4:49 am","ts":1663197581,"status":200,"resp_time":0.07718}
{"time":"September 15, 5:09 am","ts":1663198767,"status":200,"resp_time":0.249213}
{"time":"September 15, 5:25 am","ts":1663199757,"status":200,"resp_time":0.111762}
{"time":"September 15, 7:53 am","ts":1663208624,"status":200,"resp_time":0.116245}
{"time":"September 15, 10:00 am","ts":1663216244,"status":200,"resp_time":0.149175}
{"time":"September 15, 11:19 am","ts":1663220974,"status":200,"resp_time":0.148866}
{"time":"September 15, 12:01 pm","ts":1663223504,"status":200,"resp_time":0.082936}
{"time":"September 15, 12:47 pm","ts":1663226225,"status":200,"resp_time":0.08112}
{"time":"September 15, 1:14 pm","ts":1663227873,"status":200,"resp_time":0.173987}
{"time":"September 15, 1:27 pm","ts":1663228627,"status":200,"resp_time":0.182182}
{"time":"September 15, 2:03 pm","ts":1663230835,"status":200,"resp_time":0.110294}
{"time":"September 15, 2:28 pm","ts":1663232328,"status":200,"resp_time":0.252375}
{"time":"September 15, 2:58 pm","ts":1663234087,"status":200,"resp_time":0.083307}
{"time":"September 15, 3:17 pm","ts":1663235271,"status":200,"resp_time":0.084686}
{"time":"September 15, 3:28 pm","ts":1663235892,"status":200,"resp_time":0.133727}
{"time":"September 15, 3:59 pm","ts":1663237795,"status":200,"resp_time":0.075132}
{"time":"September 15, 4:19 pm","ts":1663238964,"status":200,"resp_time":0.085356}
{"time":"September 15, 4:29 pm","ts":1663239579,"status":200,"resp_time":0.075473}
{"time":"September 15, 4:54 pm","ts":1663241059,"status":200,"resp_time":0.177531}
{"time":"September 15, 5:10 pm","ts":1663242027,"status":200,"resp_time":0.086419}
{"time":"September 15, 5:25 pm","ts":1663242947,"status":200,"resp_time":0.126725}
{"time":"September 15, 6:17 pm","ts":1663246029,"status":200,"resp_time":0.102422}
{"time":"September 15, 7:07 pm","ts":1663249049,"status":200,"resp_time":0.228425}
{"time":"September 15, 7:43 pm","ts":1663251229,"status":200,"resp_time":0.086964}
{"time":"September 15, 8:11 pm","ts":1663252913,"status":200,"resp_time":0.212879}
{"time":"September 15, 8:27 pm","ts":1663253832,"status":200,"resp_time":0.220266}
{"time":"September 15, 8:56 pm","ts":1663255591,"status":200,"resp_time":0.118202}
{"time":"September 15, 9:18 pm","ts":1663256934,"status":200,"resp_time":0.105602}
{"time":"September 15, 9:30 pm","ts":1663257605,"status":200,"resp_time":0.187066}
{"time":"September 15, 10:10 pm","ts":1663260007,"status":200,"resp_time":0.105049}
{"time":"September 15, 10:38 pm","ts":1663261681,"status":200,"resp_time":0.08199}
{"time":"September 15, 11:08 pm","ts":1663263507,"status":200,"resp_time":0.178774}
{"time":"September 15, 11:24 pm","ts":1663264457,"status":200,"resp_time":0.161923}
{"time":"September 15, 11:53 pm","ts":1663266235,"status":200,"resp_time":0.134811}
{"time":"September 16, 12:20 am","ts":1663267808,"status":200,"resp_time":0.109786}
{"time":"September 16, 12:33 am","ts":1663268603,"status":200,"resp_time":0.295401}
{"time":"September 16, 12:56 am","ts":1663269961,"status":200,"resp_time":0.158096}
{"time":"September 16, 1:09 am","ts":1663270778,"status":200,"resp_time":0.168438}
{"time":"September 16, 1:20 am","ts":1663271404,"status":200,"resp_time":0.211311}
{"time":"September 16, 1:32 am","ts":1663272166,"status":200,"resp_time":0.155663}
{"time":"September 16, 2:04 am","ts":1663274041,"status":200,"resp_time":0.166035}
{"time":"September 16, 2:23 am","ts":1663275197,"status":200,"resp_time":0.09575}
{"time":"September 16, 2:48 am","ts":1663276684,"status":200,"resp_time":0.179487}
