{"time":"September 5, 2:25 am","ts":1662324938,"status":200,"resp_time":0.083576}
{"time":"September 5, 2:45 am","ts":1662326159,"status":200,"resp_time":0.091915}
{"time":"September 5, 3:02 am","ts":1662327122,"status":200,"resp_time":0.163948}
{"time":"September 5, 3:16 am","ts":1662327967,"status":200,"resp_time":0.113418}
{"time":"September 5, 3:26 am","ts":1662328585,"status":200,"resp_time":0.403832}
{"time":"September 5, 3:50 am","ts":1662330001,"status":200,"resp_time":0.133139}
{"time":"September 5, 4:07 am","ts":1662331023,"status":200,"resp_time":0.198858}
{"time":"September 5, 4:18 am","ts":1662331699,"status":200,"resp_time":0.11689}
{"time":"September 5, 4:28 am","ts":1662332332,"status":200,"resp_time":0.182867}
{"time":"September 5, 4:55 am","ts":1662333913,"status":200,"resp_time":0.091452}
{"time":"September 5, 5:13 am","ts":1662334998,"status":200,"resp_time":0.127242}
{"time":"September 5, 5:25 am","ts":1662335733,"status":200,"resp_time":0.0894}
{"time":"September 5, 7:37 am","ts":1662343656,"status":200,"resp_time":0.123147}
{"time":"September 5, 9:54 am","ts":1662351851,"status":200,"resp_time":0.15831}
{"time":"September 5, 11:18 am","ts":1662356937,"status":200,"resp_time":0.116633}
{"time":"September 5, 12:06 pm","ts":1662359811,"status":200,"resp_time":0.16362}
{"time":"September 5, 12:49 pm","ts":1662362366,"status":200,"resp_time":0.117176}
{"time":"September 5, 1:15 pm","ts":1662363932,"status":200,"resp_time":0.193503}
{"time":"September 5, 1:27 pm","ts":1662364668,"status":200,"resp_time":0.128916}
{"time":"September 5, 1:59 pm","ts":1662366559,"status":200,"resp_time":0.139627}
{"time":"September 5, 2:20 pm","ts":1662367802,"status":200,"resp_time":0.091148}
{"time":"September 5, 2:31 pm","ts":1662368482,"status":200,"resp_time":0.129885}
{"time":"September 5, 2:59 pm","ts":1662370180,"status":200,"resp_time":0.101606}
{"time":"September 5, 3:15 pm","ts":1662371151,"status":200,"resp_time":0.12439}
{"time":"September 5, 3:26 pm","ts":1662371772,"status":200,"resp_time":0.130777}
{"time":"September 5, 3:52 pm","ts":1662373338,"status":200,"resp_time":0.092151}
{"time":"September 5, 4:14 pm","ts":1662374656,"status":200,"resp_time":0.078581}
{"time":"September 5, 4:25 pm","ts":1662375331,"status":200,"resp_time":0.176091}
{"time":"September 5, 4:47 pm","ts":1662376624,"status":200,"resp_time":0.140285}
{"time":"September 5, 5:02 pm","ts":1662377577,"status":200,"resp_time":0.157674}
{"time":"September 5, 5:15 pm","ts":1662378332,"status":200,"resp_time":0.107613}
{"time":"September 5, 5:25 pm","ts":1662378955,"status":200,"resp_time":0.151812}
{"time":"September 5, 6:08 pm","ts":1662381490,"status":200,"resp_time":0.085455}
{"time":"September 5, 6:57 pm","ts":1662384431,"status":200,"resp_time":0.195717}
{"time":"September 5, 7:29 pm","ts":1662386389,"status":200,"resp_time":0.117455}
{"time":"September 5, 7:55 pm","ts":1662387941,"status":200,"resp_time":0.085813}
{"time":"September 5, 8:11 pm","ts":1662388897,"status":200,"resp_time":0.119579}
{"time":"September 5, 8:25 pm","ts":1662389734,"status":200,"resp_time":0.157499}
{"time":"September 5, 8:49 pm","ts":1662391197,"status":200,"resp_time":0.098711}
{"time":"September 5, 9:10 pm","ts":1662392413,"status":200,"resp_time":0.194006}
{"time":"September 5, 9:23 pm","ts":1662393209,"status":200,"resp_time":0.119512}
{"time":"September 5, 9:54 pm","ts":1662395079,"status":200,"resp_time":0.133538}
{"time":"September 5, 10:28 pm","ts":1662397120,"status":200,"resp_time":0.140643}
{"time":"September 5, 10:58 pm","ts":1662398923,"status":200,"resp_time":0.152413}
{"time":"September 5, 11:16 pm","ts":1662400018,"status":200,"resp_time":0.145538}
{"time":"September 5, 11:27 pm","ts":1662400635,"status":200,"resp_time":0.104053}
{"time":"September 5, 11:59 pm","ts":1662402559,"status":200,"resp_time":0.216342}
{"time":"September 6, 12:21 am","ts":1662403881,"status":200,"resp_time":0.126943}
{"time":"September 6, 12:43 am","ts":1662405236,"status":200,"resp_time":0.119996}
{"time":"September 6, 12:58 am","ts":1662406094,"status":200,"resp_time":0.168603}
{"time":"September 6, 1:09 am","ts":1662406774,"status":200,"resp_time":0.159611}
{"time":"September 6, 1:20 am","ts":1662407405,"status":200,"resp_time":0.120082}
{"time":"September 6, 1:30 am","ts":1662408032,"status":200,"resp_time":0.306588}
{"time":"September 6, 1:59 am","ts":1662409797,"status":200,"resp_time":0.10389}
{"time":"September 6, 2:15 am","ts":1662410744,"status":200,"resp_time":0.207691}
{"time":"September 6, 2:26 am","ts":1662411360,"status":200,"resp_time":0.111668}
{"time":"September 6, 2:47 am","ts":1662412656,"status":200,"resp_time":0.195791}
{"time":"September 6, 3:04 am","ts":1662413646,"status":200,"resp_time":0.092635}
{"time":"September 6, 3:16 am","ts":1662414416,"status":200,"resp_time":0.239515}
{"time":"September 6, 3:27 am","ts":1662415040,"status":200,"resp_time":0.207519}
{"time":"September 6, 3:53 am","ts":1662416631,"status":200,"resp_time":0.138973}
{"time":"September 6, 4:12 am","ts":1662417722,"status":200,"resp_time":0.143044}
{"time":"September 6, 4:25 am","ts":1662418537,"status":200,"resp_time":0.108546}
{"time":"September 6, 4:50 am","ts":1662420032,"status":200,"resp_time":0.113713}
{"time":"September 6, 5:15 am","ts":1662421502,"status":200,"resp_time":0.273176}
{"time":"September 6, 5:26 am","ts":1662422194,"status":200,"resp_time":0.162927}
{"time":"September 6, 7:58 am","ts":1662431330,"status":200,"resp_time":0.150467}
{"time":"September 6, 10:03 am","ts":1662438783,"status":200,"resp_time":0.086337}
{"time":"September 6, 11:34 am","ts":1662444269,"status":200,"resp_time":0.087173}
{"time":"September 6, 12:37 pm","ts":1662448047,"status":200,"resp_time":0.098797}
{"time":"September 6, 1:16 pm","ts":1662450389,"status":200,"resp_time":0.193062}
{"time":"September 6, 1:30 pm","ts":1662451218,"status":200,"resp_time":0.114289}
{"time":"September 6, 2:07 pm","ts":1662453425,"status":200,"resp_time":0.112502}
{"time":"September 6, 2:26 pm","ts":1662454587,"status":200,"resp_time":0.150101}
{"time":"September 6, 2:51 pm","ts":1662456062,"status":200,"resp_time":0.152557}
{"time":"September 6, 3:12 pm","ts":1662457322,"status":200,"resp_time":0.347553}
{"time":"September 6, 3:25 pm","ts":1662458136,"status":200,"resp_time":0.125466}
{"time":"September 6, 3:51 pm","ts":1662459705,"status":200,"resp_time":0.126561}
{"time":"September 6, 4:14 pm","ts":1662461064,"status":200,"resp_time":0.089681}
{"time":"September 6, 4:25 pm","ts":1662461735,"status":200,"resp_time":0.364426}
{"time":"September 6, 4:46 pm","ts":1662462993,"status":200,"resp_time":0.113433}
{"time":"September 6, 5:02 pm","ts":1662463926,"status":200,"resp_time":0.333924}
{"time":"September 6, 5:15 pm","ts":1662464728,"status":200,"resp_time":0.14595}
{"time":"September 6, 5:25 pm","ts":1662465346,"status":200,"resp_time":0.106327}
{"time":"September 6, 6:09 pm","ts":1662467984,"status":200,"resp_time":0.13322}
{"time":"September 6, 6:59 pm","ts":1662470947,"status":200,"resp_time":0.123808}
{"time":"September 6, 7:31 pm","ts":1662472877,"status":200,"resp_time":0.117066}
{"time":"September 6, 8:00 pm","ts":1662474603,"status":200,"resp_time":0.119406}
{"time":"September 6, 8:15 pm","ts":1662475530,"status":200,"resp_time":0.122105}
{"time":"September 6, 8:25 pm","ts":1662476147,"status":200,"resp_time":0.241674}
{"time":"September 6, 8:50 pm","ts":1662477632,"status":200,"resp_time":0.121825}
