{"time":"July 27, 2:49 am","ts":1658870345,"status":200,"resp_time":0.134437}
{"time":"July 27, 3:02 am","ts":1658871176,"status":200,"resp_time":0.106214}
{"time":"July 27, 3:15 am","ts":1658871930,"status":200,"resp_time":0.154914}
{"time":"July 27, 3:26 am","ts":1658872562,"status":200,"resp_time":0.166491}
{"time":"July 27, 3:50 am","ts":1658874031,"status":200,"resp_time":0.086764}
{"time":"July 27, 4:11 am","ts":1658875270,"status":200,"resp_time":0.167767}
{"time":"July 27, 4:25 am","ts":1658876137,"status":200,"resp_time":0.088251}
{"time":"July 27, 4:47 am","ts":1658877428,"status":200,"resp_time":0.162839}
{"time":"July 27, 5:03 am","ts":1658878398,"status":200,"resp_time":0.152478}
{"time":"July 27, 5:15 am","ts":1658879154,"status":200,"resp_time":0.200047}
{"time":"July 27, 5:26 am","ts":1658879790,"status":200,"resp_time":0.108192}
{"time":"July 27, 7:34 am","ts":1658887492,"status":200,"resp_time":0.181203}
{"time":"July 27, 9:24 am","ts":1658894044,"status":200,"resp_time":0.139635}
{"time":"July 27, 10:23 am","ts":1658897592,"status":200,"resp_time":0.147823}
{"time":"July 27, 11:01 am","ts":1658899910,"status":200,"resp_time":0.114697}
{"time":"July 27, 11:21 am","ts":1658901101,"status":200,"resp_time":0.163696}
{"time":"July 27, 11:52 am","ts":1658902936,"status":200,"resp_time":0.116488}
{"time":"July 27, 12:17 pm","ts":1658904473,"status":200,"resp_time":0.144337}
{"time":"July 27, 12:28 pm","ts":1658905093,"status":200,"resp_time":0.105701}
{"time":"July 27, 12:53 pm","ts":1658906633,"status":200,"resp_time":0.090604}
{"time":"July 27, 1:10 pm","ts":1658907624,"status":200,"resp_time":0.094672}
{"time":"July 27, 1:25 pm","ts":1658908540,"status":200,"resp_time":0.163913}
{"time":"July 27, 1:53 pm","ts":1658910236,"status":200,"resp_time":0.100469}
{"time":"July 27, 2:16 pm","ts":1658911570,"status":200,"resp_time":0.167291}
{"time":"July 27, 2:26 pm","ts":1658912212,"status":200,"resp_time":0.183327}
{"time":"July 27, 2:50 pm","ts":1658913623,"status":200,"resp_time":0.087779}
{"time":"July 27, 3:10 pm","ts":1658914816,"status":200,"resp_time":0.100205}
{"time":"July 27, 3:20 pm","ts":1658915427,"status":200,"resp_time":0.065687}
{"time":"July 27, 3:51 pm","ts":1658917267,"status":200,"resp_time":0.152654}
{"time":"July 27, 4:14 pm","ts":1658918664,"status":200,"resp_time":0.121641}
{"time":"July 27, 4:25 pm","ts":1658919334,"status":200,"resp_time":0.153752}
{"time":"July 27, 4:45 pm","ts":1658920509,"status":200,"resp_time":0.143316}
{"time":"July 27, 4:59 pm","ts":1658921389,"status":200,"resp_time":0.123357}
{"time":"July 27, 5:10 pm","ts":1658922044,"status":200,"resp_time":0.105987}
{"time":"July 27, 5:25 pm","ts":1658922954,"status":200,"resp_time":0.108319}
{"time":"July 27, 6:12 pm","ts":1658925735,"status":200,"resp_time":0.092851}
{"time":"July 27, 7:01 pm","ts":1658928707,"status":200,"resp_time":0.112796}
{"time":"July 27, 7:31 pm","ts":1658930506,"status":200,"resp_time":0.14881}
{"time":"July 27, 7:57 pm","ts":1658932031,"status":200,"resp_time":0.115274}
{"time":"July 27, 8:11 pm","ts":1658932878,"status":200,"resp_time":0.11042}
{"time":"July 27, 8:25 pm","ts":1658933746,"status":200,"resp_time":0.148776}
{"time":"July 27, 8:50 pm","ts":1658935215,"status":200,"resp_time":0.173516}
{"time":"July 27, 9:09 pm","ts":1658936379,"status":200,"resp_time":0.152308}
{"time":"July 27, 9:22 pm","ts":1658937125,"status":200,"resp_time":0.165185}
{"time":"July 27, 9:55 pm","ts":1658939154,"status":200,"resp_time":0.121361}
{"time":"July 27, 10:31 pm","ts":1658941311,"status":200,"resp_time":0.098815}
{"time":"July 27, 11:04 pm","ts":1658943260,"status":200,"resp_time":0.126534}
{"time":"July 27, 11:21 pm","ts":1658944284,"status":200,"resp_time":0.175123}
{"time":"July 27, 11:50 pm","ts":1658946025,"status":200,"resp_time":0.126772}
{"time":"July 28, 12:15 am","ts":1658947523,"status":200,"resp_time":0.146745}
{"time":"July 28, 12:25 am","ts":1658948136,"status":200,"resp_time":0.181117}
{"time":"July 28, 12:46 am","ts":1658949404,"status":200,"resp_time":0.133861}
{"time":"July 28, 1:00 am","ts":1658950212,"status":200,"resp_time":0.175568}
{"time":"July 28, 1:13 am","ts":1658951004,"status":200,"resp_time":0.201436}
{"time":"July 28, 1:25 am","ts":1658951747,"status":200,"resp_time":0.154757}
{"time":"July 28, 1:48 am","ts":1658953123,"status":200,"resp_time":0.31741}
{"time":"July 28, 2:04 am","ts":1658954085,"status":200,"resp_time":0.169105}
{"time":"July 28, 2:16 am","ts":1658954773,"status":200,"resp_time":0.104245}
{"time":"July 28, 2:26 am","ts":1658955391,"status":200,"resp_time":0.115928}
{"time":"July 28, 2:47 am","ts":1658956647,"status":200,"resp_time":0.149828}
{"time":"July 28, 3:02 am","ts":1658957521,"status":200,"resp_time":0.193408}
{"time":"July 28, 3:15 am","ts":1658958340,"status":200,"resp_time":0.150067}
{"time":"July 28, 3:26 am","ts":1658958981,"status":200,"resp_time":0.197671}
{"time":"July 28, 3:49 am","ts":1658960377,"status":200,"resp_time":0.118525}
{"time":"July 28, 4:08 am","ts":1658961492,"status":200,"resp_time":0.122687}
{"time":"July 28, 4:19 am","ts":1658962177,"status":200,"resp_time":0.168532}
{"time":"July 28, 4:30 am","ts":1658962803,"status":200,"resp_time":0.123459}
{"time":"July 28, 4:54 am","ts":1658964268,"status":200,"resp_time":0.194656}
{"time":"July 28, 5:09 am","ts":1658965159,"status":200,"resp_time":0.191059}
{"time":"July 28, 5:19 am","ts":1658965775,"status":200,"resp_time":0.142028}
{"time":"July 28, 5:29 am","ts":1658966398,"status":200,"resp_time":0.191056}
{"time":"July 28, 7:55 am","ts":1658975108,"status":200,"resp_time":0.171042}
{"time":"July 28, 9:22 am","ts":1658980358,"status":200,"resp_time":0.126964}
{"time":"July 28, 10:12 am","ts":1658983379,"status":200,"resp_time":0.102174}
{"time":"July 28, 10:45 am","ts":1658985327,"status":200,"resp_time":0.165559}
{"time":"July 28, 11:09 am","ts":1658986791,"status":200,"resp_time":0.120508}
{"time":"July 28, 11:20 am","ts":1658987454,"status":200,"resp_time":0.117506}
{"time":"July 28, 11:51 am","ts":1658989305,"status":200,"resp_time":0.128743}
{"time":"July 28, 12:18 pm","ts":1658990898,"status":200,"resp_time":0.093446}
{"time":"July 28, 12:28 pm","ts":1658991521,"status":200,"resp_time":0.142647}
{"time":"July 28, 12:52 pm","ts":1658992971,"status":200,"resp_time":0.105774}
{"time":"July 28, 1:08 pm","ts":1658993888,"status":200,"resp_time":0.185374}
{"time":"July 28, 1:18 pm","ts":1658994519,"status":200,"resp_time":0.1073}
{"time":"July 28, 1:29 pm","ts":1658995150,"status":200,"resp_time":0.157205}
{"time":"July 28, 2:02 pm","ts":1658997121,"status":200,"resp_time":0.137838}
{"time":"July 28, 2:21 pm","ts":1658998296,"status":200,"resp_time":0.116504}
{"time":"July 28, 2:47 pm","ts":1658999828,"status":200,"resp_time":0.29761}
{"time":"July 28, 3:04 pm","ts":1659000899,"status":200,"resp_time":0.140312}
{"time":"July 28, 3:17 pm","ts":1659001645,"status":200,"resp_time":0.14688}
{"time":"July 28, 3:27 pm","ts":1659002265,"status":200,"resp_time":0.121044}
{"time":"July 28, 3:57 pm","ts":1659004062,"status":200,"resp_time":0.142132}
{"time":"July 28, 4:15 pm","ts":1659005152,"status":200,"resp_time":0.114477}
{"time":"July 28, 4:26 pm","ts":1659005776,"status":200,"resp_time":0.074676}
