{"time":"September 12, 1:17 pm","ts":1662968853,"status":200,"resp_time":0.114894}
{"time":"September 12, 1:31 pm","ts":1662969684,"status":200,"resp_time":0.142221}
{"time":"September 12, 2:14 pm","ts":1662972267,"status":200,"resp_time":0.099572}
{"time":"September 12, 2:40 pm","ts":1662973832,"status":200,"resp_time":0.083888}
{"time":"September 12, 3:07 pm","ts":1662975443,"status":200,"resp_time":0.089921}
{"time":"September 12, 3:24 pm","ts":1662976443,"status":200,"resp_time":0.083014}
{"time":"September 12, 3:51 pm","ts":1662978095,"status":200,"resp_time":0.074639}
{"time":"September 12, 4:16 pm","ts":1662979593,"status":200,"resp_time":0.076425}
{"time":"September 12, 4:27 pm","ts":1662980253,"status":200,"resp_time":0.175287}
{"time":"September 12, 4:52 pm","ts":1662981721,"status":200,"resp_time":0.121154}
{"time":"September 12, 5:10 pm","ts":1662982819,"status":200,"resp_time":0.132839}
{"time":"September 12, 5:25 pm","ts":1662983748,"status":200,"resp_time":0.167719}
{"time":"September 12, 6:15 pm","ts":1662986718,"status":200,"resp_time":0.125177}
{"time":"September 12, 7:05 pm","ts":1662989709,"status":200,"resp_time":0.128778}
{"time":"September 12, 7:36 pm","ts":1662991593,"status":200,"resp_time":0.16323}
{"time":"September 12, 8:06 pm","ts":1662993361,"status":200,"resp_time":0.119061}
{"time":"September 12, 8:22 pm","ts":1662994354,"status":200,"resp_time":0.153668}
{"time":"September 12, 8:52 pm","ts":1662996122,"status":200,"resp_time":0.171384}
{"time":"September 12, 9:19 pm","ts":1662997787,"status":200,"resp_time":0.161847}
{"time":"September 12, 9:37 pm","ts":1662998877,"status":200,"resp_time":0.093816}
{"time":"September 12, 10:23 pm","ts":1663001584,"status":200,"resp_time":0.10782}
{"time":"September 12, 10:58 pm","ts":1663003702,"status":200,"resp_time":0.120252}
{"time":"September 12, 11:20 pm","ts":1663005021,"status":200,"resp_time":0.19479}
{"time":"September 12, 11:36 pm","ts":1663006018,"status":200,"resp_time":0.32966}
{"time":"September 13, 12:10 am","ts":1663008032,"status":200,"resp_time":0.179595}
{"time":"September 13, 12:31 am","ts":1663009294,"status":200,"resp_time":0.136695}
{"time":"September 13, 12:56 am","ts":1663010800,"status":200,"resp_time":0.196452}
{"time":"September 13, 1:10 am","ts":1663011625,"status":200,"resp_time":0.124665}
{"time":"September 13, 1:25 am","ts":1663012537,"status":200,"resp_time":0.212771}
{"time":"September 13, 1:51 am","ts":1663014104,"status":200,"resp_time":0.176111}
{"time":"September 13, 2:14 am","ts":1663015475,"status":200,"resp_time":0.151013}
{"time":"September 13, 2:26 am","ts":1663016177,"status":200,"resp_time":0.143406}
{"time":"September 13, 2:50 am","ts":1663017621,"status":200,"resp_time":0.141787}
{"time":"September 13, 3:12 am","ts":1663018964,"status":200,"resp_time":0.218259}
{"time":"September 13, 3:25 am","ts":1663019729,"status":200,"resp_time":0.179734}
{"time":"September 13, 3:49 am","ts":1663021168,"status":200,"resp_time":0.148555}
{"time":"September 13, 4:09 am","ts":1663022383,"status":200,"resp_time":0.224176}
{"time":"September 13, 4:22 am","ts":1663023151,"status":200,"resp_time":0.108626}
{"time":"September 13, 4:50 am","ts":1663024858,"status":200,"resp_time":0.181953}
{"time":"September 13, 5:16 am","ts":1663026379,"status":200,"resp_time":0.184292}
{"time":"September 13, 5:30 am","ts":1663027200,"status":200,"resp_time":0.11509}
{"time":"September 13, 8:20 am","ts":1663037428,"status":200,"resp_time":0.101002}
{"time":"September 13, 10:17 am","ts":1663044453,"status":200,"resp_time":0.075915}
{"time":"September 13, 11:35 am","ts":1663049142,"status":200,"resp_time":0.17724}
{"time":"September 13, 12:34 pm","ts":1663052651,"status":200,"resp_time":0.130365}
{"time":"September 13, 1:15 pm","ts":1663055145,"status":200,"resp_time":0.139481}
{"time":"September 13, 1:29 pm","ts":1663055999,"status":200,"resp_time":0.086286}
{"time":"September 13, 2:04 pm","ts":1663058078,"status":200,"resp_time":0.236557}
{"time":"September 13, 2:26 pm","ts":1663059375,"status":200,"resp_time":0.154835}
{"time":"September 13, 2:53 pm","ts":1663061001,"status":200,"resp_time":0.143203}
{"time":"September 13, 3:15 pm","ts":1663062343,"status":200,"resp_time":0.142729}
{"time":"September 13, 3:26 pm","ts":1663063004,"status":200,"resp_time":0.16343}
{"time":"September 13, 3:56 pm","ts":1663064787,"status":200,"resp_time":0.080469}
{"time":"September 13, 4:17 pm","ts":1663066049,"status":200,"resp_time":0.113747}
{"time":"September 13, 4:27 pm","ts":1663066678,"status":200,"resp_time":0.093581}
{"time":"September 13, 4:53 pm","ts":1663068184,"status":200,"resp_time":0.122392}
{"time":"September 13, 5:10 pm","ts":1663069225,"status":200,"resp_time":0.089144}
{"time":"September 13, 5:25 pm","ts":1663070150,"status":200,"resp_time":0.095773}
{"time":"September 13, 6:15 pm","ts":1663073127,"status":200,"resp_time":0.124848}
{"time":"September 13, 7:04 pm","ts":1663076088,"status":200,"resp_time":0.160833}
{"time":"September 13, 7:40 pm","ts":1663078215,"status":200,"resp_time":0.103423}
{"time":"September 13, 8:08 pm","ts":1663079903,"status":200,"resp_time":0.099385}
{"time":"September 13, 8:23 pm","ts":1663080836,"status":200,"resp_time":0.155369}
{"time":"September 13, 8:50 pm","ts":1663082422,"status":200,"resp_time":0.158169}
{"time":"September 13, 9:17 pm","ts":1663084039,"status":200,"resp_time":0.122212}
{"time":"September 13, 9:29 pm","ts":1663084766,"status":200,"resp_time":0.094187}
{"time":"September 13, 10:08 pm","ts":1663087130,"status":200,"resp_time":0.127718}
{"time":"September 13, 10:40 pm","ts":1663089055,"status":200,"resp_time":0.199334}
{"time":"September 13, 11:15 pm","ts":1663091120,"status":200,"resp_time":0.12298}
{"time":"September 13, 11:27 pm","ts":1663091861,"status":200,"resp_time":0.113155}
{"time":"September 14, 12:01 am","ts":1663093905,"status":200,"resp_time":0.1628}
{"time":"September 14, 12:26 am","ts":1663095386,"status":200,"resp_time":0.142119}
{"time":"September 14, 12:47 am","ts":1663096649,"status":200,"resp_time":0.161729}
{"time":"September 14, 1:01 am","ts":1663097474,"status":200,"resp_time":0.151894}
{"time":"September 14, 1:15 am","ts":1663098340,"status":200,"resp_time":0.148601}
{"time":"September 14, 1:26 am","ts":1663098960,"status":200,"resp_time":0.152141}
{"time":"September 14, 1:52 am","ts":1663100571,"status":200,"resp_time":0.155981}
{"time":"September 14, 2:13 am","ts":1663101829,"status":200,"resp_time":0.146541}
{"time":"September 14, 2:25 am","ts":1663102550,"status":200,"resp_time":0.15498}
{"time":"September 14, 2:48 am","ts":1663103914,"status":200,"resp_time":0.173922}
{"time":"September 14, 3:07 am","ts":1663105049,"status":200,"resp_time":0.199793}
{"time":"September 14, 3:20 am","ts":1663105845,"status":200,"resp_time":0.24122}
{"time":"September 14, 3:50 am","ts":1663107603,"status":200,"resp_time":0.078205}
{"time":"September 14, 4:10 am","ts":1663108841,"status":200,"resp_time":0.10309}
{"time":"September 14, 4:25 am","ts":1663109750,"status":200,"resp_time":0.147289}
{"time":"September 14, 4:52 am","ts":1663111342,"status":200,"resp_time":0.153253}
{"time":"September 14, 5:16 am","ts":1663112774,"status":200,"resp_time":0.080844}
{"time":"September 14, 5:29 am","ts":1663113592,"status":200,"resp_time":0.152644}
{"time":"September 14, 8:17 am","ts":1663123651,"status":200,"resp_time":0.107181}
{"time":"September 14, 9:58 am","ts":1663129698,"status":200,"resp_time":0.105402}
{"time":"September 14, 11:23 am","ts":1663134800,"status":200,"resp_time":0.173236}
{"time":"September 14, 12:21 pm","ts":1663138304,"status":200,"resp_time":0.084465}
