{"time":"July 23, 3:16 pm","ts":1658569616,"status":200,"resp_time":0.117499}
{"time":"July 23, 3:27 pm","ts":1658570239,"status":200,"resp_time":0.1481}
{"time":"July 23, 3:54 pm","ts":1658571841,"status":200,"resp_time":0.13024}
{"time":"July 23, 4:11 pm","ts":1658572903,"status":200,"resp_time":0.136496}
{"time":"July 23, 4:25 pm","ts":1658573737,"status":200,"resp_time":0.140911}
{"time":"July 23, 4:45 pm","ts":1658574928,"status":200,"resp_time":0.18045}
{"time":"July 23, 5:00 pm","ts":1658575809,"status":200,"resp_time":0.090896}
{"time":"July 23, 5:11 pm","ts":1658576462,"status":200,"resp_time":0.171548}
{"time":"July 23, 5:25 pm","ts":1658577332,"status":200,"resp_time":0.128408}
{"time":"July 23, 6:01 pm","ts":1658579491,"status":200,"resp_time":0.073006}
{"time":"July 23, 6:37 pm","ts":1658581643,"status":200,"resp_time":0.154164}
{"time":"July 23, 7:06 pm","ts":1658583388,"status":200,"resp_time":0.191739}
{"time":"July 23, 7:19 pm","ts":1658584167,"status":200,"resp_time":0.120947}
{"time":"July 23, 7:29 pm","ts":1658584786,"status":200,"resp_time":0.157092}
{"time":"July 23, 7:52 pm","ts":1658586134,"status":200,"resp_time":0.076616}
{"time":"July 23, 8:08 pm","ts":1658587110,"status":200,"resp_time":0.174278}
{"time":"July 23, 8:19 pm","ts":1658587743,"status":200,"resp_time":0.101087}
{"time":"July 23, 8:29 pm","ts":1658588357,"status":200,"resp_time":0.211713}
{"time":"July 23, 8:55 pm","ts":1658589940,"status":200,"resp_time":0.135791}
{"time":"July 23, 9:12 pm","ts":1658590957,"status":200,"resp_time":0.166148}
{"time":"July 23, 9:25 pm","ts":1658591739,"status":200,"resp_time":0.190592}
{"time":"July 23, 9:54 pm","ts":1658593484,"status":200,"resp_time":0.118285}
{"time":"July 23, 10:24 pm","ts":1658595279,"status":200,"resp_time":0.167408}
{"time":"July 23, 10:48 pm","ts":1658596701,"status":200,"resp_time":0.167775}
{"time":"July 23, 11:06 pm","ts":1658597773,"status":200,"resp_time":0.108468}
{"time":"July 23, 11:17 pm","ts":1658598423,"status":200,"resp_time":0.141869}
{"time":"July 23, 11:27 pm","ts":1658599046,"status":200,"resp_time":0.122266}
{"time":"July 23, 11:56 pm","ts":1658600802,"status":200,"resp_time":0.16066}
{"time":"July 24, 12:16 am","ts":1658602000,"status":200,"resp_time":0.088431}
{"time":"July 24, 12:26 am","ts":1658602614,"status":200,"resp_time":0.225077}
{"time":"July 24, 12:47 am","ts":1658603828,"status":200,"resp_time":0.104074}
{"time":"July 24, 12:58 am","ts":1658604521,"status":200,"resp_time":0.146922}
{"time":"July 24, 1:09 am","ts":1658605186,"status":200,"resp_time":0.141395}
{"time":"July 24, 1:20 am","ts":1658605814,"status":200,"resp_time":0.09984}
{"time":"July 24, 1:31 am","ts":1658606496,"status":200,"resp_time":0.238584}
{"time":"July 24, 1:58 am","ts":1658608120,"status":200,"resp_time":0.344005}
{"time":"July 24, 2:14 am","ts":1658609044,"status":200,"resp_time":0.160441}
{"time":"July 24, 2:25 am","ts":1658609749,"status":200,"resp_time":0.184267}
{"time":"July 24, 2:45 am","ts":1658610950,"status":200,"resp_time":0.081023}
{"time":"July 24, 3:01 am","ts":1658611904,"status":200,"resp_time":0.131588}
{"time":"July 24, 3:15 am","ts":1658612741,"status":200,"resp_time":0.126576}
{"time":"July 24, 3:26 am","ts":1658613360,"status":200,"resp_time":0.121887}
{"time":"July 24, 3:47 am","ts":1658614669,"status":200,"resp_time":0.136125}
{"time":"July 24, 4:04 am","ts":1658615696,"status":200,"resp_time":0.20574}
{"time":"July 24, 4:16 am","ts":1658616378,"status":200,"resp_time":0.135419}
{"time":"July 24, 4:26 am","ts":1658616998,"status":200,"resp_time":0.12462}
{"time":"July 24, 4:49 am","ts":1658618384,"status":200,"resp_time":0.159665}
{"time":"July 24, 5:04 am","ts":1658619291,"status":200,"resp_time":0.123162}
{"time":"July 24, 5:16 am","ts":1658619989,"status":200,"resp_time":0.184907}
{"time":"July 24, 5:26 am","ts":1658620605,"status":200,"resp_time":0.090799}
{"time":"July 24, 7:41 am","ts":1658628694,"status":200,"resp_time":0.117467}
{"time":"July 24, 9:14 am","ts":1658634275,"status":200,"resp_time":0.198092}
{"time":"July 24, 9:48 am","ts":1658636338,"status":200,"resp_time":0.137416}
{"time":"July 24, 10:23 am","ts":1658638429,"status":200,"resp_time":0.156055}
{"time":"July 24, 10:49 am","ts":1658639949,"status":200,"resp_time":0.114129}
{"time":"July 24, 11:06 am","ts":1658640987,"status":200,"resp_time":0.167648}
{"time":"July 24, 11:17 am","ts":1658641621,"status":200,"resp_time":0.161892}
{"time":"July 24, 11:27 am","ts":1658642250,"status":200,"resp_time":0.120724}
{"time":"July 24, 11:57 am","ts":1658644072,"status":200,"resp_time":0.183173}
{"time":"July 24, 12:19 pm","ts":1658645371,"status":200,"resp_time":0.323463}
{"time":"July 24, 12:29 pm","ts":1658645988,"status":200,"resp_time":0.168583}
{"time":"July 24, 12:53 pm","ts":1658647389,"status":200,"resp_time":0.200629}
{"time":"July 24, 1:08 pm","ts":1658648287,"status":200,"resp_time":0.203632}
{"time":"July 24, 1:18 pm","ts":1658648907,"status":200,"resp_time":0.123927}
{"time":"July 24, 1:28 pm","ts":1658649529,"status":200,"resp_time":0.12075}
{"time":"July 24, 1:59 pm","ts":1658651353,"status":200,"resp_time":0.093086}
{"time":"July 24, 2:17 pm","ts":1658652429,"status":200,"resp_time":0.106698}
{"time":"July 24, 2:27 pm","ts":1658653051,"status":200,"resp_time":0.163561}
{"time":"July 24, 2:51 pm","ts":1658654499,"status":200,"resp_time":0.221316}
{"time":"July 24, 3:10 pm","ts":1658655627,"status":200,"resp_time":0.185519}
{"time":"July 24, 3:25 pm","ts":1658656540,"status":200,"resp_time":0.097001}
{"time":"July 24, 3:49 pm","ts":1658657951,"status":200,"resp_time":0.097382}
{"time":"July 24, 4:08 pm","ts":1658659091,"status":200,"resp_time":0.105358}
{"time":"July 24, 4:19 pm","ts":1658659792,"status":200,"resp_time":0.159735}
{"time":"July 24, 4:30 pm","ts":1658660406,"status":200,"resp_time":0.382328}
{"time":"July 24, 4:50 pm","ts":1658661650,"status":200,"resp_time":0.164166}
{"time":"July 24, 5:07 pm","ts":1658662631,"status":200,"resp_time":0.157573}
{"time":"July 24, 5:17 pm","ts":1658663245,"status":200,"resp_time":0.123438}
{"time":"July 24, 5:27 pm","ts":1658663866,"status":200,"resp_time":0.089653}
{"time":"July 24, 6:11 pm","ts":1658666486,"status":200,"resp_time":0.143291}
{"time":"July 24, 6:46 pm","ts":1658668618,"status":200,"resp_time":0.145506}
{"time":"July 24, 7:12 pm","ts":1658670151,"status":200,"resp_time":0.09675}
{"time":"July 24, 7:25 pm","ts":1658670930,"status":200,"resp_time":0.165755}
{"time":"July 24, 7:45 pm","ts":1658672139,"status":200,"resp_time":0.091452}
{"time":"July 24, 8:01 pm","ts":1658673067,"status":200,"resp_time":0.112544}
{"time":"July 24, 8:15 pm","ts":1658673937,"status":200,"resp_time":0.169848}
{"time":"July 24, 8:25 pm","ts":1658674558,"status":200,"resp_time":0.159839}
{"time":"July 24, 8:49 pm","ts":1658675958,"status":200,"resp_time":0.134523}
{"time":"July 24, 9:08 pm","ts":1658677101,"status":200,"resp_time":0.089129}
{"time":"July 24, 9:21 pm","ts":1658677885,"status":200,"resp_time":0.153383}
{"time":"July 24, 9:53 pm","ts":1658679824,"status":200,"resp_time":0.112782}
{"time":"July 24, 10:25 pm","ts":1658681723,"status":200,"resp_time":0.163135}
{"time":"July 24, 10:49 pm","ts":1658683140,"status":200,"resp_time":0.104709}
{"time":"July 24, 11:07 pm","ts":1658684226,"status":200,"resp_time":0.193188}
