{"time":"August 26, 7:54 pm","ts":1661523849,"status":200,"resp_time":0.219192}
{"time":"August 26, 8:09 pm","ts":1661524782,"status":200,"resp_time":0.145034}
{"time":"August 26, 8:20 pm","ts":1661525404,"status":200,"resp_time":0.191602}
{"time":"August 26, 8:33 pm","ts":1661526224,"status":200,"resp_time":0.373221}
{"time":"August 26, 9:01 pm","ts":1661527918,"status":200,"resp_time":0.129474}
{"time":"August 26, 9:21 pm","ts":1661529068,"status":200,"resp_time":0.171924}
{"time":"August 26, 9:54 pm","ts":1661531083,"status":200,"resp_time":0.19162}
{"time":"August 26, 10:27 pm","ts":1661533054,"status":200,"resp_time":0.142678}
{"time":"August 26, 10:55 pm","ts":1661534705,"status":200,"resp_time":0.114717}
{"time":"August 26, 11:12 pm","ts":1661535749,"status":200,"resp_time":0.159023}
{"time":"August 26, 11:25 pm","ts":1661536543,"status":200,"resp_time":0.180968}
{"time":"August 26, 11:52 pm","ts":1661538172,"status":200,"resp_time":0.194027}
{"time":"August 27, 12:17 am","ts":1661539673,"status":200,"resp_time":0.095812}
{"time":"August 27, 12:28 am","ts":1661540312,"status":200,"resp_time":0.170224}
{"time":"August 27, 12:50 am","ts":1661541607,"status":200,"resp_time":0.093448}
{"time":"August 27, 1:00 am","ts":1661542216,"status":200,"resp_time":0.096977}
{"time":"August 27, 1:15 am","ts":1661543130,"status":200,"resp_time":0.149406}
{"time":"August 27, 1:25 am","ts":1661543756,"status":200,"resp_time":0.135518}
{"time":"August 27, 1:50 am","ts":1661545223,"status":200,"resp_time":0.135294}
{"time":"August 27, 2:11 am","ts":1661546471,"status":200,"resp_time":0.126731}
{"time":"August 27, 2:25 am","ts":1661547329,"status":200,"resp_time":0.148797}
{"time":"August 27, 2:45 am","ts":1661548523,"status":200,"resp_time":0.136057}
{"time":"August 27, 3:01 am","ts":1661549492,"status":200,"resp_time":0.171856}
{"time":"August 27, 3:15 am","ts":1661550354,"status":200,"resp_time":0.177434}
{"time":"August 27, 3:26 am","ts":1661550973,"status":200,"resp_time":0.160868}
{"time":"August 27, 3:49 am","ts":1661552372,"status":200,"resp_time":0.169163}
{"time":"August 27, 4:07 am","ts":1661553421,"status":200,"resp_time":0.183325}
{"time":"August 27, 4:18 am","ts":1661554093,"status":200,"resp_time":0.094279}
{"time":"August 27, 4:28 am","ts":1661554708,"status":200,"resp_time":0.155619}
{"time":"August 27, 4:54 am","ts":1661556269,"status":200,"resp_time":0.143983}
{"time":"August 27, 5:11 am","ts":1661557273,"status":200,"resp_time":0.156947}
{"time":"August 27, 5:25 am","ts":1661558136,"status":200,"resp_time":0.216823}
{"time":"August 27, 7:31 am","ts":1661565706,"status":200,"resp_time":0.128719}
{"time":"August 27, 9:35 am","ts":1661573130,"status":200,"resp_time":0.0892}
{"time":"August 27, 10:34 am","ts":1661576653,"status":200,"resp_time":0.172729}
{"time":"August 27, 11:06 am","ts":1661578565,"status":200,"resp_time":0.177783}
{"time":"August 27, 11:20 am","ts":1661579449,"status":200,"resp_time":0.076653}
{"time":"August 27, 11:50 am","ts":1661581249,"status":200,"resp_time":0.089967}
{"time":"August 27, 12:16 pm","ts":1661582803,"status":200,"resp_time":0.19359}
{"time":"August 27, 12:27 pm","ts":1661583437,"status":200,"resp_time":0.137706}
{"time":"August 27, 12:50 pm","ts":1661584808,"status":200,"resp_time":0.176098}
{"time":"August 27, 1:03 pm","ts":1661585600,"status":200,"resp_time":0.099136}
{"time":"August 27, 1:15 pm","ts":1661586333,"status":200,"resp_time":0.23699}
{"time":"August 27, 1:25 pm","ts":1661586950,"status":200,"resp_time":0.145121}
{"time":"August 27, 1:53 pm","ts":1661588593,"status":200,"resp_time":0.144089}
{"time":"August 27, 2:15 pm","ts":1661589913,"status":200,"resp_time":0.075098}
{"time":"August 27, 2:26 pm","ts":1661590591,"status":200,"resp_time":0.145112}
{"time":"August 27, 2:49 pm","ts":1661591969,"status":200,"resp_time":0.087432}
{"time":"August 27, 3:05 pm","ts":1661592927,"status":200,"resp_time":0.146025}
{"time":"August 27, 3:16 pm","ts":1661593610,"status":200,"resp_time":0.079982}
{"time":"August 27, 3:27 pm","ts":1661594225,"status":200,"resp_time":0.117227}
{"time":"August 27, 3:53 pm","ts":1661595797,"status":200,"resp_time":0.076964}
{"time":"August 27, 4:11 pm","ts":1661596890,"status":200,"resp_time":0.152499}
{"time":"August 27, 4:25 pm","ts":1661597730,"status":200,"resp_time":0.135337}
{"time":"August 27, 4:44 pm","ts":1661598898,"status":200,"resp_time":0.081835}
{"time":"August 27, 4:59 pm","ts":1661599792,"status":200,"resp_time":0.093455}
{"time":"August 27, 5:10 pm","ts":1661600437,"status":200,"resp_time":0.145923}
{"time":"August 27, 5:25 pm","ts":1661601327,"status":200,"resp_time":0.127265}
{"time":"August 27, 6:05 pm","ts":1661603713,"status":200,"resp_time":0.084271}
{"time":"August 27, 6:42 pm","ts":1661605948,"status":200,"resp_time":0.268413}
{"time":"August 27, 7:11 pm","ts":1661607681,"status":200,"resp_time":0.143558}
{"time":"August 27, 7:25 pm","ts":1661608529,"status":200,"resp_time":0.143813}
{"time":"August 27, 7:45 pm","ts":1661609746,"status":200,"resp_time":0.161576}
{"time":"August 27, 8:01 pm","ts":1661610660,"status":200,"resp_time":0.085179}
{"time":"August 27, 8:15 pm","ts":1661611530,"status":200,"resp_time":0.144887}
{"time":"August 27, 8:25 pm","ts":1661612149,"status":200,"resp_time":0.43125}
{"time":"August 27, 8:48 pm","ts":1661613534,"status":200,"resp_time":0.102777}
{"time":"August 27, 9:07 pm","ts":1661614660,"status":200,"resp_time":0.161553}
{"time":"August 27, 9:20 pm","ts":1661615422,"status":200,"resp_time":0.148442}
{"time":"August 27, 9:52 pm","ts":1661617349,"status":200,"resp_time":0.166064}
{"time":"August 27, 10:23 pm","ts":1661619211,"status":200,"resp_time":0.125858}
{"time":"August 27, 10:47 pm","ts":1661620654,"status":200,"resp_time":0.124943}
{"time":"August 27, 11:04 pm","ts":1661621696,"status":200,"resp_time":0.106881}
{"time":"August 27, 11:15 pm","ts":1661622346,"status":200,"resp_time":0.146665}
{"time":"August 27, 11:26 pm","ts":1661622975,"status":200,"resp_time":0.10997}
{"time":"August 27, 11:53 pm","ts":1661624616,"status":200,"resp_time":0.157651}
{"time":"August 28, 12:15 am","ts":1661625925,"status":200,"resp_time":0.112774}
{"time":"August 28, 12:26 am","ts":1661626572,"status":200,"resp_time":0.168362}
{"time":"August 28, 12:45 am","ts":1661627733,"status":200,"resp_time":0.144207}
{"time":"August 28, 12:57 am","ts":1661628457,"status":200,"resp_time":0.117022}
{"time":"August 28, 1:08 am","ts":1661629136,"status":200,"resp_time":0.211845}
{"time":"August 28, 1:19 am","ts":1661629753,"status":200,"resp_time":0.191407}
{"time":"August 28, 1:29 am","ts":1661630377,"status":200,"resp_time":0.12598}
{"time":"August 28, 1:55 am","ts":1661631929,"status":200,"resp_time":0.170797}
{"time":"August 28, 2:10 am","ts":1661632846,"status":200,"resp_time":0.079648}
{"time":"August 28, 2:25 am","ts":1661633730,"status":200,"resp_time":0.146345}
{"time":"August 28, 2:45 am","ts":1661634953,"status":200,"resp_time":0.170697}
{"time":"August 28, 3:01 am","ts":1661635915,"status":200,"resp_time":0.212515}
{"time":"August 28, 3:15 am","ts":1661636736,"status":200,"resp_time":0.152112}
{"time":"August 28, 3:25 am","ts":1661637355,"status":200,"resp_time":0.080623}
{"time":"August 28, 3:47 am","ts":1661638659,"status":200,"resp_time":0.155818}
{"time":"August 28, 4:04 am","ts":1661639693,"status":200,"resp_time":0.105004}
{"time":"August 28, 4:16 am","ts":1661640381,"status":200,"resp_time":0.152058}
{"time":"August 28, 4:26 am","ts":1661640995,"status":200,"resp_time":0.156571}
{"time":"August 28, 4:50 am","ts":1661642414,"status":200,"resp_time":0.122697}
{"time":"August 28, 5:11 am","ts":1661643663,"status":200,"resp_time":0.170333}
{"time":"August 28, 5:25 am","ts":1661644534,"status":200,"resp_time":0.089197}
{"time":"August 28, 7:39 am","ts":1661652574,"status":200,"resp_time":0.097714}
