{"time":"July 28, 12:25 am","ts":1658948136,"status":200,"resp_time":0.181117}
{"time":"July 28, 12:46 am","ts":1658949404,"status":200,"resp_time":0.133861}
{"time":"July 28, 1:00 am","ts":1658950212,"status":200,"resp_time":0.175568}
{"time":"July 28, 1:13 am","ts":1658951004,"status":200,"resp_time":0.201436}
{"time":"July 28, 1:25 am","ts":1658951747,"status":200,"resp_time":0.154757}
{"time":"July 28, 1:48 am","ts":1658953123,"status":200,"resp_time":0.31741}
{"time":"July 28, 2:04 am","ts":1658954085,"status":200,"resp_time":0.169105}
{"time":"July 28, 2:16 am","ts":1658954773,"status":200,"resp_time":0.104245}
{"time":"July 28, 2:26 am","ts":1658955391,"status":200,"resp_time":0.115928}
{"time":"July 28, 2:47 am","ts":1658956647,"status":200,"resp_time":0.149828}
{"time":"July 28, 3:02 am","ts":1658957521,"status":200,"resp_time":0.193408}
{"time":"July 28, 3:15 am","ts":1658958340,"status":200,"resp_time":0.150067}
{"time":"July 28, 3:26 am","ts":1658958981,"status":200,"resp_time":0.197671}
{"time":"July 28, 3:49 am","ts":1658960377,"status":200,"resp_time":0.118525}
{"time":"July 28, 4:08 am","ts":1658961492,"status":200,"resp_time":0.122687}
{"time":"July 28, 4:19 am","ts":1658962177,"status":200,"resp_time":0.168532}
{"time":"July 28, 4:30 am","ts":1658962803,"status":200,"resp_time":0.123459}
{"time":"July 28, 4:54 am","ts":1658964268,"status":200,"resp_time":0.194656}
{"time":"July 28, 5:09 am","ts":1658965159,"status":200,"resp_time":0.191059}
{"time":"July 28, 5:19 am","ts":1658965775,"status":200,"resp_time":0.142028}
{"time":"July 28, 5:29 am","ts":1658966398,"status":200,"resp_time":0.191056}
{"time":"July 28, 7:55 am","ts":1658975108,"status":200,"resp_time":0.171042}
{"time":"July 28, 9:22 am","ts":1658980358,"status":200,"resp_time":0.126964}
{"time":"July 28, 10:12 am","ts":1658983379,"status":200,"resp_time":0.102174}
{"time":"July 28, 10:45 am","ts":1658985327,"status":200,"resp_time":0.165559}
{"time":"July 28, 11:09 am","ts":1658986791,"status":200,"resp_time":0.120508}
{"time":"July 28, 11:20 am","ts":1658987454,"status":200,"resp_time":0.117506}
{"time":"July 28, 11:51 am","ts":1658989305,"status":200,"resp_time":0.128743}
{"time":"July 28, 12:18 pm","ts":1658990898,"status":200,"resp_time":0.093446}
{"time":"July 28, 12:28 pm","ts":1658991521,"status":200,"resp_time":0.142647}
{"time":"July 28, 12:52 pm","ts":1658992971,"status":200,"resp_time":0.105774}
{"time":"July 28, 1:08 pm","ts":1658993888,"status":200,"resp_time":0.185374}
{"time":"July 28, 1:18 pm","ts":1658994519,"status":200,"resp_time":0.1073}
{"time":"July 28, 1:29 pm","ts":1658995150,"status":200,"resp_time":0.157205}
{"time":"July 28, 2:02 pm","ts":1658997121,"status":200,"resp_time":0.137838}
{"time":"July 28, 2:21 pm","ts":1658998296,"status":200,"resp_time":0.116504}
{"time":"July 28, 2:47 pm","ts":1658999828,"status":200,"resp_time":0.29761}
{"time":"July 28, 3:04 pm","ts":1659000899,"status":200,"resp_time":0.140312}
{"time":"July 28, 3:17 pm","ts":1659001645,"status":200,"resp_time":0.14688}
{"time":"July 28, 3:27 pm","ts":1659002265,"status":200,"resp_time":0.121044}
{"time":"July 28, 3:57 pm","ts":1659004062,"status":200,"resp_time":0.142132}
{"time":"July 28, 4:15 pm","ts":1659005152,"status":200,"resp_time":0.114477}
{"time":"July 28, 4:26 pm","ts":1659005776,"status":200,"resp_time":0.074676}
{"time":"July 28, 4:47 pm","ts":1659007049,"status":200,"resp_time":0.142599}
{"time":"July 28, 5:01 pm","ts":1659007876,"status":200,"resp_time":0.086402}
{"time":"July 28, 5:15 pm","ts":1659008727,"status":200,"resp_time":0.182983}
{"time":"July 28, 5:25 pm","ts":1659009348,"status":200,"resp_time":0.086011}
{"time":"July 28, 6:12 pm","ts":1659012142,"status":200,"resp_time":0.085002}
{"time":"July 28, 6:59 pm","ts":1659014994,"status":200,"resp_time":0.097413}
{"time":"July 28, 7:30 pm","ts":1659016801,"status":200,"resp_time":0.128413}
{"time":"July 28, 7:58 pm","ts":1659018505,"status":200,"resp_time":0.198938}
{"time":"July 28, 8:13 pm","ts":1659019423,"status":200,"resp_time":0.157361}
{"time":"July 28, 8:25 pm","ts":1659020130,"status":200,"resp_time":0.168014}
{"time":"July 28, 8:48 pm","ts":1659021491,"status":200,"resp_time":0.156615}
{"time":"July 28, 9:09 pm","ts":1659022790,"status":200,"resp_time":0.132418}
{"time":"July 28, 9:23 pm","ts":1659023588,"status":200,"resp_time":0.203636}
{"time":"July 28, 9:58 pm","ts":1659025711,"status":200,"resp_time":0.144045}
{"time":"July 28, 10:34 pm","ts":1659027862,"status":200,"resp_time":0.190746}
{"time":"July 28, 11:06 pm","ts":1659029762,"status":200,"resp_time":0.16569}
{"time":"July 28, 11:20 pm","ts":1659030635,"status":200,"resp_time":0.152229}
{"time":"July 28, 11:52 pm","ts":1659032573,"status":200,"resp_time":0.158148}
{"time":"July 29, 12:19 am","ts":1659034146,"status":200,"resp_time":0.229369}
{"time":"July 29, 12:29 am","ts":1659034763,"status":200,"resp_time":0.135632}
{"time":"July 29, 12:49 am","ts":1659035964,"status":200,"resp_time":0.12086}
{"time":"July 29, 12:59 am","ts":1659036588,"status":200,"resp_time":0.15945}
{"time":"July 29, 1:10 am","ts":1659037203,"status":200,"resp_time":0.206879}
{"time":"July 29, 1:20 am","ts":1659037825,"status":200,"resp_time":0.162765}
{"time":"July 29, 1:49 am","ts":1659039559,"status":200,"resp_time":0.232228}
{"time":"July 29, 2:07 am","ts":1659040638,"status":200,"resp_time":0.180277}
{"time":"July 29, 2:18 am","ts":1659041313,"status":200,"resp_time":0.160047}
{"time":"July 29, 2:28 am","ts":1659041929,"status":200,"resp_time":0.15716}
{"time":"July 29, 2:51 am","ts":1659043301,"status":200,"resp_time":0.154752}
{"time":"July 29, 3:08 am","ts":1659044335,"status":200,"resp_time":0.117311}
{"time":"July 29, 3:19 am","ts":1659044979,"status":200,"resp_time":0.222688}
{"time":"July 29, 3:29 am","ts":1659045595,"status":200,"resp_time":0.094732}
{"time":"July 29, 3:54 am","ts":1659047052,"status":200,"resp_time":0.119558}
{"time":"July 29, 4:09 am","ts":1659047975,"status":200,"resp_time":0.190869}
{"time":"July 29, 4:19 am","ts":1659048593,"status":200,"resp_time":0.088218}
{"time":"July 29, 4:30 am","ts":1659049214,"status":200,"resp_time":0.18155}
{"time":"July 29, 4:56 am","ts":1659050807,"status":200,"resp_time":0.172704}
{"time":"July 29, 5:11 am","ts":1659051717,"status":200,"resp_time":0.166193}
{"time":"July 29, 5:25 am","ts":1659052530,"status":200,"resp_time":0.126114}
{"time":"July 29, 7:27 am","ts":1659059826,"status":200,"resp_time":0.156348}
{"time":"July 29, 9:23 am","ts":1659066788,"status":200,"resp_time":0.193542}
{"time":"July 29, 10:20 am","ts":1659070200,"status":200,"resp_time":0.193501}
{"time":"July 29, 10:49 am","ts":1659071980,"status":200,"resp_time":0.123614}
{"time":"July 29, 11:13 am","ts":1659073401,"status":200,"resp_time":0.117209}
{"time":"July 29, 11:25 am","ts":1659074128,"status":200,"resp_time":0.109583}
{"time":"July 29, 11:53 am","ts":1659075830,"status":200,"resp_time":0.174364}
{"time":"July 29, 12:18 pm","ts":1659077329,"status":200,"resp_time":0.09146}
{"time":"July 29, 12:28 pm","ts":1659077938,"status":200,"resp_time":0.139495}
{"time":"July 29, 12:52 pm","ts":1659079351,"status":200,"resp_time":0.097581}
{"time":"July 29, 1:07 pm","ts":1659080260,"status":200,"resp_time":0.176102}
