{"time":"August 21, 5:25 pm","ts":1661082941,"status":200,"resp_time":0.149787}
{"time":"August 21, 6:01 pm","ts":1661085079,"status":200,"resp_time":0.103342}
{"time":"August 21, 6:36 pm","ts":1661087195,"status":200,"resp_time":0.177551}
{"time":"August 21, 7:06 pm","ts":1661088970,"status":200,"resp_time":0.171636}
{"time":"August 21, 7:19 pm","ts":1661089750,"status":200,"resp_time":0.121792}
{"time":"August 21, 7:29 pm","ts":1661090371,"status":200,"resp_time":0.186635}
{"time":"August 21, 7:51 pm","ts":1661091709,"status":200,"resp_time":0.148271}
{"time":"August 21, 8:08 pm","ts":1661092685,"status":200,"resp_time":0.197364}
{"time":"August 21, 8:18 pm","ts":1661093304,"status":200,"resp_time":0.140038}
{"time":"August 21, 8:28 pm","ts":1661093930,"status":200,"resp_time":0.106509}
{"time":"August 21, 8:54 pm","ts":1661095489,"status":200,"resp_time":0.144239}
{"time":"August 21, 9:11 pm","ts":1661096514,"status":200,"resp_time":0.120823}
{"time":"August 21, 9:25 pm","ts":1661097329,"status":200,"resp_time":0.167993}
{"time":"August 21, 9:54 pm","ts":1661099054,"status":200,"resp_time":0.113428}
{"time":"August 21, 10:23 pm","ts":1661100830,"status":200,"resp_time":0.13485}
{"time":"August 21, 10:47 pm","ts":1661102245,"status":200,"resp_time":0.15384}
{"time":"August 21, 11:04 pm","ts":1661103270,"status":200,"resp_time":0.246289}
{"time":"August 21, 11:15 pm","ts":1661103941,"status":200,"resp_time":0.088915}
{"time":"August 21, 11:26 pm","ts":1661104572,"status":200,"resp_time":0.151433}
{"time":"August 21, 11:53 pm","ts":1661106188,"status":200,"resp_time":0.1292}
{"time":"August 22, 12:14 am","ts":1661107496,"status":200,"resp_time":0.111325}
{"time":"August 22, 12:25 am","ts":1661108143,"status":200,"resp_time":0.170479}
{"time":"August 22, 12:44 am","ts":1661109279,"status":200,"resp_time":0.154569}
{"time":"August 22, 12:57 am","ts":1661110051,"status":200,"resp_time":0.170437}
{"time":"August 22, 1:08 am","ts":1661110728,"status":200,"resp_time":0.211372}
{"time":"August 22, 1:19 am","ts":1661111353,"status":200,"resp_time":0.14518}
{"time":"August 22, 1:29 am","ts":1661111970,"status":200,"resp_time":0.12685}
{"time":"August 22, 1:55 am","ts":1661113541,"status":200,"resp_time":0.193367}
{"time":"August 22, 2:10 am","ts":1661114458,"status":200,"resp_time":0.116264}
{"time":"August 22, 2:25 am","ts":1661115337,"status":200,"resp_time":0.116737}
{"time":"August 22, 2:45 am","ts":1661116530,"status":200,"resp_time":0.102524}
{"time":"August 22, 3:01 am","ts":1661117460,"status":200,"resp_time":0.132782}
{"time":"August 22, 3:15 am","ts":1661118335,"status":200,"resp_time":0.184842}
{"time":"August 22, 3:25 am","ts":1661118951,"status":200,"resp_time":0.151073}
{"time":"August 22, 3:48 am","ts":1661120282,"status":200,"resp_time":0.198226}
{"time":"August 22, 4:05 am","ts":1661121316,"status":200,"resp_time":0.158518}
{"time":"August 22, 4:16 am","ts":1661121980,"status":200,"resp_time":0.144338}
{"time":"August 22, 4:26 am","ts":1661122593,"status":200,"resp_time":0.128387}
{"time":"August 22, 4:49 am","ts":1661123986,"status":200,"resp_time":0.115816}
{"time":"August 22, 5:04 am","ts":1661124891,"status":200,"resp_time":0.197369}
{"time":"August 22, 5:16 am","ts":1661125575,"status":200,"resp_time":0.146841}
{"time":"August 22, 5:26 am","ts":1661126201,"status":200,"resp_time":0.118239}
{"time":"August 22, 7:36 am","ts":1661133966,"status":200,"resp_time":0.202655}
{"time":"August 22, 9:35 am","ts":1661141150,"status":200,"resp_time":0.108596}
{"time":"August 22, 10:48 am","ts":1661145500,"status":200,"resp_time":0.124275}
{"time":"August 22, 11:22 am","ts":1661147553,"status":200,"resp_time":0.093915}
{"time":"August 22, 11:56 am","ts":1661149568,"status":200,"resp_time":0.139436}
{"time":"August 22, 12:22 pm","ts":1661151127,"status":200,"resp_time":0.12342}
{"time":"August 22, 12:45 pm","ts":1661152531,"status":200,"resp_time":0.073537}
{"time":"August 22, 1:01 pm","ts":1661153499,"status":200,"resp_time":0.134476}
{"time":"August 22, 1:15 pm","ts":1661154340,"status":200,"resp_time":0.112636}
{"time":"August 22, 1:26 pm","ts":1661154962,"status":200,"resp_time":0.107412}
{"time":"August 22, 1:54 pm","ts":1661156695,"status":200,"resp_time":0.191123}
{"time":"August 22, 2:18 pm","ts":1661158113,"status":200,"resp_time":0.086688}
{"time":"August 22, 2:29 pm","ts":1661158788,"status":200,"resp_time":0.137745}
{"time":"August 22, 2:55 pm","ts":1661160313,"status":200,"resp_time":0.111829}
{"time":"August 22, 3:11 pm","ts":1661161273,"status":200,"resp_time":0.185315}
{"time":"August 22, 3:25 pm","ts":1661162130,"status":200,"resp_time":0.185688}
{"time":"August 22, 3:50 pm","ts":1661163636,"status":200,"resp_time":0.158044}
{"time":"August 22, 4:14 pm","ts":1661165069,"status":200,"resp_time":0.124637}
{"time":"August 22, 4:25 pm","ts":1661165732,"status":200,"resp_time":0.140666}
{"time":"August 22, 4:45 pm","ts":1661166933,"status":200,"resp_time":0.126978}
{"time":"August 22, 5:00 pm","ts":1661167852,"status":200,"resp_time":0.145023}
{"time":"August 22, 5:15 pm","ts":1661168734,"status":200,"resp_time":0.39745}
{"time":"August 22, 5:25 pm","ts":1661169354,"status":200,"resp_time":0.147879}
{"time":"August 22, 6:09 pm","ts":1661171962,"status":200,"resp_time":0.086025}
{"time":"August 22, 6:57 pm","ts":1661174856,"status":200,"resp_time":0.128879}
{"time":"August 22, 7:26 pm","ts":1661176589,"status":200,"resp_time":0.142739}
{"time":"August 22, 7:47 pm","ts":1661177850,"status":200,"resp_time":0.244171}
{"time":"August 22, 8:02 pm","ts":1661178728,"status":200,"resp_time":0.102332}
{"time":"August 22, 8:15 pm","ts":1661179541,"status":200,"resp_time":0.148477}
{"time":"August 22, 8:25 pm","ts":1661180156,"status":200,"resp_time":0.151082}
{"time":"August 22, 8:52 pm","ts":1661181729,"status":200,"resp_time":0.149409}
{"time":"August 22, 9:14 pm","ts":1661183091,"status":200,"resp_time":0.320419}
{"time":"August 22, 9:26 pm","ts":1661183763,"status":200,"resp_time":0.14575}
{"time":"August 22, 9:56 pm","ts":1661185564,"status":200,"resp_time":0.254763}
{"time":"August 22, 10:26 pm","ts":1661187376,"status":200,"resp_time":0.20366}
{"time":"August 22, 10:50 pm","ts":1661188836,"status":200,"resp_time":0.17642}
{"time":"August 22, 11:10 pm","ts":1661190056,"status":200,"resp_time":0.178172}
{"time":"August 22, 11:25 pm","ts":1661190946,"status":200,"resp_time":0.132011}
{"time":"August 22, 11:52 pm","ts":1661192566,"status":200,"resp_time":0.18012}
{"time":"August 23, 12:16 am","ts":1661193998,"status":200,"resp_time":0.148029}
{"time":"August 23, 12:27 am","ts":1661194648,"status":200,"resp_time":0.13887}
{"time":"August 23, 12:48 am","ts":1661195916,"status":200,"resp_time":0.246432}
{"time":"August 23, 1:01 am","ts":1661196675,"status":200,"resp_time":0.108349}
{"time":"August 23, 1:15 am","ts":1661197533,"status":200,"resp_time":0.135661}
{"time":"August 23, 1:25 am","ts":1661198155,"status":200,"resp_time":0.168124}
{"time":"August 23, 1:49 am","ts":1661199545,"status":200,"resp_time":0.16345}
{"time":"August 23, 2:05 am","ts":1661200559,"status":200,"resp_time":0.130628}
{"time":"August 23, 2:17 am","ts":1661201260,"status":200,"resp_time":0.11685}
{"time":"August 23, 2:27 am","ts":1661201875,"status":200,"resp_time":0.167678}
{"time":"August 23, 2:51 am","ts":1661203263,"status":200,"resp_time":0.21826}
{"time":"August 23, 3:09 am","ts":1661204373,"status":200,"resp_time":0.226867}
{"time":"August 23, 3:19 am","ts":1661204997,"status":200,"resp_time":0.203967}
{"time":"August 23, 3:30 am","ts":1661205617,"status":200,"resp_time":0.129038}
{"time":"August 23, 3:58 am","ts":1661207335,"status":200,"resp_time":0.189603}
{"time":"August 23, 4:14 am","ts":1661208251,"status":200,"resp_time":0.305285}
{"time":"August 23, 4:25 am","ts":1661208935,"status":200,"resp_time":0.113953}
{"time":"August 23, 4:48 am","ts":1661210283,"status":200,"resp_time":0.18083}
{"time":"August 23, 5:05 am","ts":1661211352,"status":200,