{"time":"August 18, 10:42 am","ts":1660799577,"status":200,"resp_time":0.202043}
{"time":"August 18, 11:15 am","ts":1660801559,"status":200,"resp_time":0.12523}
{"time":"August 18, 11:27 am","ts":1660802241,"status":200,"resp_time":0.152119}
{"time":"August 18, 11:58 am","ts":1660804132,"status":200,"resp_time":0.138028}
{"time":"August 18, 12:23 pm","ts":1660805586,"status":200,"resp_time":0.145002}
{"time":"August 18, 12:45 pm","ts":1660806953,"status":200,"resp_time":0.14313}
{"time":"August 18, 1:01 pm","ts":1660807914,"status":200,"resp_time":0.145025}
{"time":"August 18, 1:15 pm","ts":1660808738,"status":200,"resp_time":0.078865}
{"time":"August 18, 1:26 pm","ts":1660809366,"status":200,"resp_time":0.200844}
{"time":"August 18, 1:53 pm","ts":1660811032,"status":200,"resp_time":0.388207}
{"time":"August 18, 2:16 pm","ts":1660812381,"status":200,"resp_time":0.112296}
{"time":"August 18, 2:27 pm","ts":1660813046,"status":200,"resp_time":0.11907}
{"time":"August 18, 2:53 pm","ts":1660814636,"status":200,"resp_time":0.269584}
{"time":"August 18, 3:11 pm","ts":1660815665,"status":200,"resp_time":0.125574}
{"time":"August 18, 3:25 pm","ts":1660816539,"status":200,"resp_time":0.178494}
{"time":"August 18, 3:51 pm","ts":1660818084,"status":200,"resp_time":0.581686}
{"time":"August 18, 4:14 pm","ts":1660819449,"status":200,"resp_time":0.11951}
{"time":"August 18, 4:25 pm","ts":1660820137,"status":200,"resp_time":0.161198}
{"time":"August 18, 4:46 pm","ts":1660821360,"status":200,"resp_time":0.17009}
{"time":"August 18, 5:00 pm","ts":1660822257,"status":200,"resp_time":0.191809}
{"time":"August 18, 5:15 pm","ts":1660823130,"status":200,"resp_time":0.089413}
{"time":"August 18, 5:26 pm","ts":1660823762,"status":200,"resp_time":0.196425}
{"time":"August 18, 6:10 pm","ts":1660826457,"status":200,"resp_time":0.173606}
{"time":"August 18, 7:00 pm","ts":1660829451,"status":200,"resp_time":0.101988}
{"time":"August 18, 7:30 pm","ts":1660831234,"status":200,"resp_time":0.115383}
{"time":"August 18, 8:00 pm","ts":1660833051,"status":200,"resp_time":0.420397}
{"time":"August 18, 8:24 pm","ts":1660834454,"status":200,"resp_time":0.100857}
{"time":"August 18, 8:59 pm","ts":1660836586,"status":200,"resp_time":0.137177}
{"time":"August 18, 9:27 pm","ts":1660838245,"status":200,"resp_time":0.259197}
{"time":"August 18, 10:08 pm","ts":1660840689,"status":200,"resp_time":0.102281}
{"time":"August 18, 10:51 pm","ts":1660843285,"status":200,"resp_time":0.156801}
{"time":"August 18, 11:23 pm","ts":1660845204,"status":200,"resp_time":0.10128}
{"time":"August 18, 11:49 pm","ts":1660846797,"status":200,"resp_time":0.143297}
{"time":"August 19, 12:12 am","ts":1660848123,"status":200,"resp_time":0.195562}
{"time":"August 19, 12:25 am","ts":1660848944,"status":200,"resp_time":0.139604}
{"time":"August 19, 12:45 am","ts":1660850123,"status":200,"resp_time":0.113826}
{"time":"August 19, 12:58 am","ts":1660850916,"status":200,"resp_time":0.184376}
{"time":"August 19, 1:10 am","ts":1660851611,"status":200,"resp_time":0.092788}
{"time":"August 19, 1:20 am","ts":1660852221,"status":200,"resp_time":0.17503}
{"time":"August 19, 1:50 am","ts":1660854007,"status":200,"resp_time":0.162198}
{"time":"August 19, 2:08 am","ts":1660855119,"status":200,"resp_time":0.123084}
{"time":"August 19, 2:20 am","ts":1660855834,"status":200,"resp_time":0.183434}
{"time":"August 19, 2:45 am","ts":1660857330,"status":200,"resp_time":0.10358}
{"time":"August 19, 3:01 am","ts":1660858317,"status":200,"resp_time":0.17937}
{"time":"August 19, 3:15 am","ts":1660859133,"status":200,"resp_time":0.162337}
{"time":"August 19, 3:25 am","ts":1660859751,"status":200,"resp_time":0.181548}
{"time":"August 19, 3:49 am","ts":1660861140,"status":200,"resp_time":0.100472}
{"time":"August 19, 4:07 am","ts":1660862223,"status":200,"resp_time":0.204818}
{"time":"August 19, 4:18 am","ts":1660862901,"status":200,"resp_time":0.141732}
{"time":"August 19, 4:28 am","ts":1660863519,"status":200,"resp_time":0.140147}
{"time":"August 19, 4:54 am","ts":1660865092,"status":200,"resp_time":0.099605}
{"time":"August 19, 5:09 am","ts":1660865977,"status":200,"resp_time":0.099529}
{"time":"August 19, 5:20 am","ts":1660866628,"status":200,"resp_time":0.0861}
{"time":"August 19, 7:20 am","ts":1660873821,"status":200,"resp_time":0.174443}
{"time":"August 19, 9:20 am","ts":1660881028,"status":200,"resp_time":0.341998}
{"time":"August 19, 10:20 am","ts":1660884643,"status":200,"resp_time":0.087113}
{"time":"August 19, 10:56 am","ts":1660886814,"status":200,"resp_time":0.115073}
{"time":"August 19, 11:16 am","ts":1660887968,"status":200,"resp_time":0.103995}
{"time":"August 19, 11:26 am","ts":1660888589,"status":200,"resp_time":0.124734}
{"time":"August 19, 11:58 am","ts":1660890535,"status":200,"resp_time":0.159417}
{"time":"August 19, 12:23 pm","ts":1660891988,"status":200,"resp_time":0.148717}
{"time":"August 19, 12:45 pm","ts":1660893356,"status":200,"resp_time":0.17594}
{"time":"August 19, 1:03 pm","ts":1660894383,"status":200,"resp_time":0.108672}
{"time":"August 19, 1:17 pm","ts":1660895263,"status":200,"resp_time":0.109702}
{"time":"August 19, 1:28 pm","ts":1660895895,"status":200,"resp_time":0.116196}
{"time":"August 19, 2:00 pm","ts":1660897822,"status":200,"resp_time":0.106546}
{"time":"August 19, 2:23 pm","ts":1660899184,"status":200,"resp_time":0.092674}
{"time":"August 19, 2:47 pm","ts":1660900657,"status":200,"resp_time":0.09521}
{"time":"August 19, 3:06 pm","ts":1660901799,"status":200,"resp_time":0.203749}
{"time":"August 19, 3:18 pm","ts":1660902526,"status":200,"resp_time":0.144229}
{"time":"August 19, 3:29 pm","ts":1660903152,"status":200,"resp_time":0.150501}
{"time":"August 19, 4:00 pm","ts":1660905016,"status":200,"resp_time":0.144761}
{"time":"August 19, 4:20 pm","ts":1660906250,"status":200,"resp_time":0.148834}
{"time":"August 19, 4:45 pm","ts":1660907710,"status":200,"resp_time":0.152797}
{"time":"August 19, 5:00 pm","ts":1660908650,"status":200,"resp_time":0.123068}
{"time":"August 19, 5:15 pm","ts":1660909534,"status":200,"resp_time":0.220573}
{"time":"August 19, 5:25 pm","ts":1660910149,"status":200,"resp_time":0.160076}
{"time":"August 19, 6:06 pm","ts":1660912588,"status":200,"resp_time":0.151514}
{"time":"August 19, 6:52 pm","ts":1660915338,"status":200,"resp_time":0.167005}
{"time":"August 19, 7:26 pm","ts":1660917380,"status":200,"resp_time":0.089853}
{"time":"August 19, 7:48 pm","ts":1660918721,"status":200,"resp_time":0.249199}
{"time":"August 19, 8:04 pm","ts":1660919646,"status":200,"resp_time":0.120259}
{"time":"August 19, 8:15 pm","ts":1660920349,"status":200,"resp_time":0.483037}
{"time":"August 19, 8:26 pm","ts":1660920970,"status":200,"resp_time":0.115386}
{"time":"August 19, 8:52 pm","ts":1660922576,"status":200,"resp_time":0.126971}
{"time":"August 19, 9:17 pm","ts":1660924020,"status":200,"resp_time":0.135255}
{"time":"August 19, 9:27 pm","ts":1660924659,"status":200,"resp_time":0.185418}
{"time":"August 19, 10:05 pm","ts":1660926957,"status":200,"resp_time":0.156294}
{"time":"August 19, 10:34 pm","ts":1660928680,"status":200,"resp_time":0.153069}
{"time":"August 19, 11:04 pm","ts":1660930463,"status":200,"resp_time":0.229737}
{"time":"August 19, 11:19 pm","ts":1660931384,"status":200,"resp_time":0.158929}
{"time":"August 19, 11:30 pm","ts":1660932012,"status":200,"resp_time":0.14699}
{"time":"August 20, 12:04 am","ts":1660934050,"status":200,"resp_time":0.200821}
{"time":"August 20, 12:25 am","ts":1660935324,"status":200,"resp_time":0.142119}
{"time":"August 20, 12:43 am","ts":1660936434,"status":200,"resp_time":0.174435}
{"time":"August 20, 12:57 am","ts":1660937271,"status":200,"resp_time":0.132577}
{"time":"August 20, 1:09 am","ts":1660937968,"status":200,"resp_time":0.081689}
{"time":"August 20, 1:19 am","ts":1660938580,"status":200,"resp_time":0.087121}
{"time":"August 20, 1:30 am","ts":1660939209,"status":200,"resp_time":0.164939}
{"time":"August 20, 1:56 am","ts":1660940818,"status":200,