{"time":"November 18, 3:03 pm","ts":1668763999,"status":200,"resp_time":0.180671}
{"time":"November 18, 3:15 pm","ts":1668764745,"status":200,"resp_time":0.137856}
{"time":"November 18, 3:26 pm","ts":1668765362,"status":200,"resp_time":0.148015}
{"time":"November 18, 3:50 pm","ts":1668766832,"status":200,"resp_time":0.093422}
{"time":"November 18, 4:11 pm","ts":1668768103,"status":200,"resp_time":0.128626}
{"time":"November 18, 4:25 pm","ts":1668768935,"status":200,"resp_time":0.10982}
{"time":"November 18, 4:44 pm","ts":1668770072,"status":200,"resp_time":0.133298}
{"time":"November 18, 4:58 pm","ts":1668770909,"status":200,"resp_time":0.134209}
{"time":"November 18, 5:09 pm","ts":1668771558,"status":200,"resp_time":0.16405}
{"time":"November 18, 5:19 pm","ts":1668772180,"status":200,"resp_time":0.09169}
{"time":"November 18, 5:30 pm","ts":1668772805,"status":200,"resp_time":0.12873}
{"time":"November 18, 6:16 pm","ts":1668775595,"status":200,"resp_time":0.087075}
{"time":"November 18, 6:51 pm","ts":1668777697,"status":200,"resp_time":0.150123}
{"time":"November 18, 7:20 pm","ts":1668779409,"status":200,"resp_time":0.112343}
{"time":"November 18, 7:30 pm","ts":1668780031,"status":200,"resp_time":0.165912}
{"time":"November 18, 7:57 pm","ts":1668781646,"status":200,"resp_time":0.130916}
{"time":"November 18, 8:11 pm","ts":1668782508,"status":200,"resp_time":0.111392}
{"time":"November 18, 8:25 pm","ts":1668783331,"status":200,"resp_time":0.145027}
{"time":"November 18, 8:48 pm","ts":1668784689,"status":200,"resp_time":0.132654}
{"time":"November 18, 9:06 pm","ts":1668785790,"status":200,"resp_time":0.246467}
{"time":"November 18, 9:18 pm","ts":1668786493,"status":200,"resp_time":0.11037}
{"time":"November 18, 9:28 pm","ts":1668787110,"status":200,"resp_time":0.093942}
{"time":"November 18, 10:03 pm","ts":1668789189,"status":200,"resp_time":0.088652}
{"time":"November 18, 10:26 pm","ts":1668790599,"status":200,"resp_time":0.106871}
{"time":"November 18, 10:49 pm","ts":1668791958,"status":200,"resp_time":0.091048}
{"time":"November 18, 11:05 pm","ts":1668792910,"status":200,"resp_time":0.107145}
{"time":"November 18, 11:15 pm","ts":1668793536,"status":200,"resp_time":0.162603}
{"time":"November 18, 11:25 pm","ts":1668794155,"status":200,"resp_time":0.171635}
{"time":"November 18, 11:54 pm","ts":1668795885,"status":200,"resp_time":0.184115}
{"time":"November 19, 12:26 am","ts":1668797770,"status":200,"resp_time":0.124335}
{"time":"November 19, 12:45 am","ts":1668798928,"status":200,"resp_time":0.167534}
{"time":"November 19, 12:56 am","ts":1668799606,"status":200,"resp_time":0.235996}
{"time":"November 19, 1:08 am","ts":1668800293,"status":200,"resp_time":0.104596}
{"time":"November 19, 1:18 am","ts":1668800915,"status":200,"resp_time":0.110606}
{"time":"November 19, 1:28 am","ts":1668801530,"status":200,"resp_time":0.180495}
{"time":"November 19, 1:54 am","ts":1668803090,"status":200,"resp_time":0.202743}
{"time":"November 19, 2:09 am","ts":1668803962,"status":200,"resp_time":0.120403}
{"time":"November 19, 2:19 am","ts":1668804583,"status":200,"resp_time":0.215771}
{"time":"November 19, 2:29 am","ts":1668805196,"status":200,"resp_time":0.196009}
{"time":"November 19, 2:51 am","ts":1668806489,"status":200,"resp_time":0.173543}
{"time":"November 19, 3:07 am","ts":1668807451,"status":200,"resp_time":0.090186}
{"time":"November 19, 3:18 am","ts":1668808080,"status":200,"resp_time":0.112179}
{"time":"November 19, 3:28 am","ts":1668808695,"status":200,"resp_time":0.150855}
{"time":"November 19, 3:53 am","ts":1668810208,"status":200,"resp_time":0.131736}
{"time":"November 19, 4:10 am","ts":1668811247,"status":200,"resp_time":0.183292}
{"time":"November 19, 4:25 am","ts":1668812134,"status":200,"resp_time":0.092256}
{"time":"November 19, 4:47 am","ts":1668813457,"status":200,"resp_time":0.244335}
{"time":"November 19, 5:03 am","ts":1668814410,"status":200,"resp_time":0.150446}
{"time":"November 19, 5:15 am","ts":1668815152,"status":200,"resp_time":0.08233}
{"time":"November 19, 7:13 am","ts":1668822222,"status":200,"resp_time":0.219269}
{"time":"November 19, 8:32 am","ts":1668826966,"status":200,"resp_time":0.217863}
{"time":"November 19, 9:15 am","ts":1668829516,"status":200,"resp_time":0.198363}
{"time":"November 19, 9:28 am","ts":1668830292,"status":200,"resp_time":0.118729}
{"time":"November 19, 9:58 am","ts":1668832117,"status":200,"resp_time":0.087169}
{"time":"November 19, 10:17 am","ts":1668833235,"status":200,"resp_time":0.078296}
{"time":"November 19, 10:27 am","ts":1668833852,"status":200,"resp_time":0.11253}
{"time":"November 19, 10:49 am","ts":1668835176,"status":200,"resp_time":0.127886}
{"time":"November 19, 11:02 am","ts":1668835941,"status":200,"resp_time":0.132808}
{"time":"November 19, 11:15 am","ts":1668836740,"status":200,"resp_time":0.166481}
{"time":"November 19, 11:25 am","ts":1668837353,"status":200,"resp_time":0.161041}
{"time":"November 19, 11:52 am","ts":1668838934,"status":200,"resp_time":0.278981}
{"time":"November 19, 12:13 pm","ts":1668840221,"status":200,"resp_time":0.085143}
{"time":"November 19, 12:45 pm","ts":1668842109,"status":200,"resp_time":0.158147}
{"time":"November 19, 12:58 pm","ts":1668842919,"status":200,"resp_time":0.093367}
{"time":"November 19, 1:09 pm","ts":1668843547,"status":200,"resp_time":0.219598}
{"time":"November 19, 1:19 pm","ts":1668844168,"status":200,"resp_time":0.091594}
{"time":"November 19, 1:29 pm","ts":1668844783,"status":200,"resp_time":0.147438}
{"time":"November 19, 1:59 pm","ts":1668846566,"status":200,"resp_time":0.124578}
{"time":"November 19, 2:16 pm","ts":1668847562,"status":200,"resp_time":0.119737}
{"time":"November 19, 2:26 pm","ts":1668848181,"status":200,"resp_time":0.088235}
{"time":"November 19, 2:48 pm","ts":1668849480,"status":200,"resp_time":0.107817}
{"time":"November 19, 3:01 pm","ts":1668850306,"status":200,"resp_time":0.11241}
{"time":"November 19, 3:15 pm","ts":1668851131,"status":200,"resp_time":0.07773}
{"time":"November 19, 3:25 pm","ts":1668851747,"status":200,"resp_time":0.082284}
{"time":"November 19, 3:48 pm","ts":1668853116,"status":200,"resp_time":0.088936}
{"time":"November 19, 4:06 pm","ts":1668854161,"status":200,"resp_time":0.144091}
{"time":"November 19, 4:16 pm","ts":1668854814,"status":200,"resp_time":0.091059}
{"time":"November 19, 4:27 pm","ts":1668855432,"status":200,"resp_time":0.119778}
{"time":"November 19, 4:46 pm","ts":1668856599,"status":200,"resp_time":0.184392}
{"time":"November 19, 4:58 pm","ts":1668857286,"status":200,"resp_time":0.142995}
{"time":"November 19, 5:08 pm","ts":1668857935,"status":200,"resp_time":0.110075}
{"time":"November 19, 5:19 pm","ts":1668858551,"status":200,"resp_time":0.090303}
{"time":"November 19, 5:29 pm","ts":1668859173,"status":200,"resp_time":0.107782}
{"time":"November 19, 6:12 pm","ts":1668861735,"status":200,"resp_time":0.163633}
{"time":"November 19, 6:43 pm","ts":1668863635,"status":200,"resp_time":0.07685}
{"time":"November 19, 7:07 pm","ts":1668865049,"status":200,"resp_time":0.122725}
{"time":"November 19, 7:18 pm","ts":1668865682,"status":200,"resp_time":0.321877}
{"time":"November 19, 7:28 pm","ts":1668866289,"status":200,"resp_time":0.103798}
{"time":"November 19, 7:49 pm","ts":1668867589,"status":200,"resp_time":0.113343}
{"time":"November 19, 8:01 pm","ts":1668868318,"status":200,"resp_time":0.095202}
{"time":"November 19, 8:15 pm","ts":1668869138,"status":200,"resp_time":0.12936}
{"time":"November 19, 8:48 pm","ts":1668871082,"status":200,"resp_time":0.091537}
{"time":"November 19, 9:04 pm","ts":1668872059,"status":200,"resp_time":0.110155}
{"time":"November 19, 9:16 pm","ts":1668872765,"status":200,"resp_time":0.110789}
{"time":"November 19, 9:26 pm","ts":1668873383,"status":200,"resp_time":0.13124}
{"time":"November 19, 9:56 pm","ts":1668875184,"status":200,"resp_time":0.088506}
{"time":"November 19, 10:44 pm","ts":1668878055,"status":200,"resp_time":0.171155}
