{"time":"August 5, 12:29 pm","ts":1659682763,"status":200,"resp_time":0.081998}
{"time":"August 5, 12:53 pm","ts":1659684188,"status":200,"resp_time":0.1559}
{"time":"August 5, 1:08 pm","ts":1659685090,"status":200,"resp_time":0.151112}
{"time":"August 5, 1:18 pm","ts":1659685719,"status":200,"resp_time":0.091065}
{"time":"August 5, 1:28 pm","ts":1659686331,"status":200,"resp_time":0.173405}
{"time":"August 5, 1:59 pm","ts":1659688193,"status":200,"resp_time":0.113762}
{"time":"August 5, 2:17 pm","ts":1659689265,"status":200,"resp_time":0.149936}
{"time":"August 5, 2:28 pm","ts":1659689887,"status":200,"resp_time":0.097347}
{"time":"August 5, 2:54 pm","ts":1659691443,"status":200,"resp_time":0.144687}
{"time":"August 5, 3:10 pm","ts":1659692440,"status":200,"resp_time":0.141235}
{"time":"August 5, 3:25 pm","ts":1659693345,"status":200,"resp_time":0.110594}
{"time":"August 5, 3:49 pm","ts":1659694790,"status":200,"resp_time":0.195869}
{"time":"August 5, 4:08 pm","ts":1659695897,"status":200,"resp_time":0.089748}
{"time":"August 5, 4:19 pm","ts":1659696586,"status":200,"resp_time":0.087081}
{"time":"August 5, 4:30 pm","ts":1659697202,"status":200,"resp_time":0.383692}
{"time":"August 5, 4:52 pm","ts":1659698533,"status":200,"resp_time":0.152234}
{"time":"August 5, 5:09 pm","ts":1659699552,"status":200,"resp_time":0.138233}
{"time":"August 5, 5:19 pm","ts":1659700178,"status":200,"resp_time":0.104918}
{"time":"August 5, 5:29 pm","ts":1659700793,"status":200,"resp_time":0.093004}
{"time":"August 5, 6:22 pm","ts":1659703972,"status":200,"resp_time":0.163776}
{"time":"August 5, 7:11 pm","ts":1659706870,"status":200,"resp_time":0.151341}
{"time":"August 5, 7:31 pm","ts":1659708095,"status":200,"resp_time":0.157481}
{"time":"August 5, 7:58 pm","ts":1659709718,"status":200,"resp_time":0.187972}
{"time":"August 5, 8:13 pm","ts":1659710595,"status":200,"resp_time":0.16978}
{"time":"August 5, 8:25 pm","ts":1659711341,"status":200,"resp_time":0.116652}
{"time":"August 5, 8:49 pm","ts":1659712778,"status":200,"resp_time":0.110325}
{"time":"August 5, 9:10 pm","ts":1659714027,"status":200,"resp_time":0.192436}
{"time":"August 5, 9:22 pm","ts":1659714769,"status":200,"resp_time":0.181117}
{"time":"August 5, 9:55 pm","ts":1659716749,"status":200,"resp_time":0.142293}
{"time":"August 5, 10:32 pm","ts":1659718938,"status":200,"resp_time":0.175304}
{"time":"August 5, 11:05 pm","ts":1659720917,"status":200,"resp_time":0.140269}
{"time":"August 5, 11:21 pm","ts":1659721897,"status":200,"resp_time":0.193247}
{"time":"August 5, 11:52 pm","ts":1659723735,"status":200,"resp_time":0.155379}
{"time":"August 6, 12:16 am","ts":1659725160,"status":200,"resp_time":0.131189}
{"time":"August 6, 12:27 am","ts":1659725847,"status":200,"resp_time":0.155752}
{"time":"August 6, 12:48 am","ts":1659727122,"status":200,"resp_time":0.178495}
{"time":"August 6, 1:01 am","ts":1659727861,"status":200,"resp_time":0.155856}
{"time":"August 6, 1:15 am","ts":1659728754,"status":200,"resp_time":0.143454}
{"time":"August 6, 1:26 am","ts":1659729368,"status":200,"resp_time":0.14043}
{"time":"August 6, 1:50 am","ts":1659730818,"status":200,"resp_time":0.18157}
{"time":"August 6, 2:10 am","ts":1659732058,"status":200,"resp_time":0.191764}
{"time":"August 6, 2:25 am","ts":1659732949,"status":200,"resp_time":0.207535}
{"time":"August 6, 2:46 am","ts":1659734168,"status":200,"resp_time":0.180294}
{"time":"August 6, 3:01 am","ts":1659735100,"status":200,"resp_time":0.115911}
{"time":"August 6, 3:15 am","ts":1659735930,"status":200,"resp_time":0.168911}
{"time":"August 6, 3:25 am","ts":1659736549,"status":200,"resp_time":0.095841}
{"time":"August 6, 3:47 am","ts":1659737865,"status":200,"resp_time":0.144051}
{"time":"August 6, 4:04 am","ts":1659738897,"status":200,"resp_time":0.106579}
{"time":"August 6, 4:16 am","ts":1659739576,"status":200,"resp_time":0.155031}
{"time":"August 6, 4:26 am","ts":1659740189,"status":200,"resp_time":0.156258}
{"time":"August 6, 4:49 am","ts":1659741574,"status":200,"resp_time":0.156504}
{"time":"August 6, 5:04 am","ts":1659742495,"status":200,"resp_time":0.21449}
{"time":"August 6, 5:16 am","ts":1659743185,"status":200,"resp_time":0.212851}
{"time":"August 6, 5:26 am","ts":1659743813,"status":200,"resp_time":0.164099}
{"time":"August 6, 7:30 am","ts":1659751232,"status":200,"resp_time":0.131895}
{"time":"August 6, 8:56 am","ts":1659756411,"status":200,"resp_time":0.147575}
{"time":"August 6, 9:29 am","ts":1659758364,"status":200,"resp_time":0.156425}
{"time":"August 6, 10:02 am","ts":1659760369,"status":200,"resp_time":0.161315}
{"time":"August 6, 10:23 am","ts":1659761637,"status":200,"resp_time":0.101918}
{"time":"August 6, 10:44 am","ts":1659762894,"status":200,"resp_time":0.164307}
{"time":"August 6, 11:00 am","ts":1659763822,"status":200,"resp_time":0.095634}
{"time":"August 6, 11:15 am","ts":1659764749,"status":200,"resp_time":0.113709}
{"time":"August 6, 11:26 am","ts":1659765364,"status":200,"resp_time":0.127776}
{"time":"August 6, 11:52 am","ts":1659766974,"status":200,"resp_time":0.083484}
{"time":"August 6, 12:15 pm","ts":1659768327,"status":200,"resp_time":0.171938}
{"time":"August 6, 12:25 pm","ts":1659768952,"status":200,"resp_time":0.095234}
{"time":"August 6, 12:46 pm","ts":1659770216,"status":200,"resp_time":0.141538}
{"time":"August 6, 1:01 pm","ts":1659771091,"status":200,"resp_time":0.085636}
{"time":"August 6, 1:15 pm","ts":1659771933,"status":200,"resp_time":0.179128}
{"time":"August 6, 1:26 pm","ts":1659772566,"status":200,"resp_time":0.148281}
{"time":"August 6, 1:52 pm","ts":1659774171,"status":200,"resp_time":0.182536}
{"time":"August 6, 2:13 pm","ts":1659775412,"status":200,"resp_time":0.083882}
{"time":"August 6, 2:25 pm","ts":1659776142,"status":200,"resp_time":0.170561}
{"time":"August 6, 2:46 pm","ts":1659777386,"status":200,"resp_time":0.122163}
{"time":"August 6, 3:02 pm","ts":1659778347,"status":200,"resp_time":0.17497}
{"time":"August 6, 3:15 pm","ts":1659779149,"status":200,"resp_time":0.103665}
{"time":"August 6, 3:26 pm","ts":1659779767,"status":200,"resp_time":0.093883}
{"time":"August 6, 3:49 pm","ts":1659781185,"status":200,"resp_time":0.145314}
{"time":"August 6, 4:06 pm","ts":1659782219,"status":200,"resp_time":0.139587}
{"time":"August 6, 4:17 pm","ts":1659782876,"status":200,"resp_time":0.073451}
{"time":"August 6, 4:28 pm","ts":1659783493,"status":200,"resp_time":0.145895}
{"time":"August 6, 4:49 pm","ts":1659784770,"status":200,"resp_time":0.159798}
{"time":"August 6, 5:02 pm","ts":1659785540,"status":200,"resp_time":0.088832}
{"time":"August 6, 5:16 pm","ts":1659786393,"status":200,"resp_time":0.143867}
{"time":"August 6, 5:27 pm","ts":1659787026,"status":200,"resp_time":0.165962}
{"time":"August 6, 6:06 pm","ts":1659789383,"status":200,"resp_time":0.14804}
{"time":"August 6, 6:35 pm","ts":1659791127,"status":200,"resp_time":0.138349}
{"time":"August 6, 7:03 pm","ts":1659792817,"status":200,"resp_time":0.141401}
{"time":"August 6, 7:17 pm","ts":1659793642,"status":200,"resp_time":0.133149}
{"time":"August 6, 7:27 pm","ts":1659794260,"status":200,"resp_time":0.221912}
{"time":"August 6, 7:50 pm","ts":1659795603,"status":200,"resp_time":0.157553}
{"time":"August 6, 8:02 pm","ts":1659796335,"status":200,"resp_time":0.162449}
{"time":"August 6, 8:15 pm","ts":1659797144,"status":200,"resp_time":0.158065}
