{"time":"November 7, 8:49 pm","ts":1667834372,"status":200,"resp_time":0.097885}
{"time":"November 7, 9:08 pm","ts":1667835529,"status":200,"resp_time":0.308945}
{"time":"November 7, 9:21 pm","ts":1667836280,"status":200,"resp_time":0.094821}
{"time":"November 7, 9:54 pm","ts":1667838283,"status":200,"resp_time":0.169758}
{"time":"November 7, 10:28 pm","ts":1667840288,"status":200,"resp_time":0.199668}
{"time":"November 7, 11:00 pm","ts":1667842244,"status":200,"resp_time":0.133943}
{"time":"November 7, 11:22 pm","ts":1667843528,"status":200,"resp_time":0.169244}
{"time":"November 7, 11:52 pm","ts":1667845332,"status":200,"resp_time":0.12866}
{"time":"November 8, 12:15 am","ts":1667846752,"status":200,"resp_time":0.132873}
{"time":"November 8, 12:26 am","ts":1667847391,"status":200,"resp_time":0.144486}
{"time":"November 8, 12:47 am","ts":1667848636,"status":200,"resp_time":0.187684}
{"time":"November 8, 12:58 am","ts":1667849303,"status":200,"resp_time":0.185139}
{"time":"November 8, 1:09 am","ts":1667849974,"status":200,"resp_time":0.097847}
{"time":"November 8, 1:20 am","ts":1667850600,"status":200,"resp_time":0.102645}
{"time":"November 8, 1:30 am","ts":1667851216,"status":200,"resp_time":0.198254}
{"time":"November 8, 2:01 am","ts":1667853063,"status":200,"resp_time":0.162222}
{"time":"November 8, 2:18 am","ts":1667854083,"status":200,"resp_time":0.326979}
{"time":"November 8, 2:54 am","ts":1667856247,"status":200,"resp_time":0.120316}
{"time":"November 8, 3:11 am","ts":1667857260,"status":200,"resp_time":0.109303}
{"time":"November 8, 3:50 am","ts":1667859601,"status":200,"resp_time":0.096633}
{"time":"November 8, 4:08 am","ts":1667860694,"status":200,"resp_time":0.28458}
{"time":"November 8, 4:19 am","ts":1667861378,"status":200,"resp_time":0.098425}
{"time":"November 8, 4:30 am","ts":1667862010,"status":200,"resp_time":0.119721}
{"time":"November 8, 5:00 am","ts":1667863816,"status":200,"resp_time":0.155596}
{"time":"November 8, 5:19 am","ts":1667864986,"status":200,"resp_time":0.107659}
{"time":"November 8, 5:30 am","ts":1667865610,"status":200,"resp_time":0.19333}
{"time":"November 8, 7:46 am","ts":1667873797,"status":200,"resp_time":0.101955}
{"time":"November 8, 9:11 am","ts":1667878896,"status":200,"resp_time":0.094512}
{"time":"November 8, 9:58 am","ts":1667881685,"status":200,"resp_time":0.177711}
{"time":"November 8, 10:36 am","ts":1667883993,"status":200,"resp_time":0.099128}
{"time":"November 8, 11:04 am","ts":1667885681,"status":200,"resp_time":0.096811}
{"time":"November 8, 11:18 am","ts":1667886530,"status":200,"resp_time":0.079711}
{"time":"November 8, 11:29 am","ts":1667887152,"status":200,"resp_time":0.163035}
{"time":"November 8, 12:03 pm","ts":1667889218,"status":200,"resp_time":0.133372}
{"time":"November 8, 12:24 pm","ts":1667890450,"status":200,"resp_time":0.078419}
{"time":"November 8, 12:46 pm","ts":1667891784,"status":200,"resp_time":0.128669}
{"time":"November 8, 1:01 pm","ts":1667892695,"status":200,"resp_time":0.099775}
{"time":"November 8, 1:15 pm","ts":1667893535,"status":200,"resp_time":0.161377}
{"time":"November 8, 1:26 pm","ts":1667894164,"status":200,"resp_time":0.070197}
{"time":"November 8, 1:58 pm","ts":1667896133,"status":200,"resp_time":0.082188}
{"time":"November 8, 2:20 pm","ts":1667897458,"status":200,"resp_time":0.106012}
{"time":"November 8, 2:48 pm","ts":1667899098,"status":200,"resp_time":0.069142}
{"time":"November 8, 3:05 pm","ts":1667900105,"status":200,"resp_time":0.101653}
{"time":"November 8, 3:18 pm","ts":1667900909,"status":200,"resp_time":0.079517}
{"time":"November 8, 3:28 pm","ts":1667901533,"status":200,"resp_time":0.175839}
{"time":"November 8, 4:01 pm","ts":1667903480,"status":200,"resp_time":0.112481}
{"time":"November 8, 4:21 pm","ts":1667904696,"status":200,"resp_time":0.08354}
{"time":"November 8, 4:44 pm","ts":1667906093,"status":200,"resp_time":0.081486}
{"time":"November 8, 5:00 pm","ts":1667907004,"status":200,"resp_time":0.102378}
{"time":"November 8, 5:11 pm","ts":1667907670,"status":200,"resp_time":0.12481}
{"time":"November 8, 5:25 pm","ts":1667908536,"status":200,"resp_time":0.133275}
{"time":"November 8, 7:00 pm","ts":1667914214,"status":200,"resp_time":0.084054}
{"time":"November 8, 7:31 pm","ts":1667916074,"status":200,"resp_time":0.083688}
{"time":"November 8, 8:02 pm","ts":1667917971,"status":200,"resp_time":0.201908}
{"time":"November 8, 8:19 pm","ts":1667918974,"status":200,"resp_time":0.193849}
{"time":"November 8, 8:29 pm","ts":1667919587,"status":200,"resp_time":0.136382}
{"time":"November 8, 8:57 pm","ts":1667921269,"status":200,"resp_time":0.174991}
{"time":"November 8, 9:15 pm","ts":1667922349,"status":200,"resp_time":0.089787}
{"time":"November 8, 9:26 pm","ts":1667922976,"status":200,"resp_time":0.254375}
{"time":"November 8, 10:02 pm","ts":1667925159,"status":200,"resp_time":0.176137}
{"time":"November 8, 10:36 pm","ts":1667927191,"status":200,"resp_time":0.115015}
{"time":"November 8, 11:05 pm","ts":1667928900,"status":200,"resp_time":0.430217}
{"time":"November 8, 11:20 pm","ts":1667929800,"status":200,"resp_time":0.2354}
{"time":"November 8, 11:30 pm","ts":1667930423,"status":200,"resp_time":0.120123}
{"time":"November 9, 12:41 am","ts":1667934701,"status":200,"resp_time":0.137915}
{"time":"November 9, 1:06 am","ts":1667936196,"status":200,"resp_time":0.154015}
{"time":"November 9, 1:17 am","ts":1667936873,"status":200,"resp_time":0.129995}
{"time":"November 9, 1:28 am","ts":1667937492,"status":200,"resp_time":0.191618}
{"time":"November 9, 1:57 am","ts":1667939279,"status":200,"resp_time":0.113673}
{"time":"November 9, 2:14 am","ts":1667940273,"status":200,"resp_time":0.075055}
{"time":"November 9, 2:46 am","ts":1667942212,"status":200,"resp_time":0.254164}
{"time":"November 9, 3:02 am","ts":1667943178,"status":200,"resp_time":0.149581}
{"time":"November 9, 3:16 am","ts":1667943962,"status":200,"resp_time":0.168917}
{"time":"November 9, 3:26 am","ts":1667944583,"status":200,"resp_time":0.151419}
{"time":"November 9, 3:51 am","ts":1667946091,"status":200,"resp_time":0.332918}
{"time":"November 9, 4:11 am","ts":1667947315,"status":200,"resp_time":0.195661}
{"time":"November 9, 4:25 am","ts":1667948138,"status":200,"resp_time":0.156802}
{"time":"November 9, 4:50 am","ts":1667949654,"status":200,"resp_time":0.204416}
{"time":"November 9, 5:26 am","ts":1667951761,"status":200,"resp_time":0.167801}
{"time":"November 9, 7:26 am","ts":1667959005,"status":200,"resp_time":0.141601}
{"time":"November 9, 9:11 am","ts":1667965307,"status":200,"resp_time":0.115379}
{"time":"November 9, 10:01 am","ts":1667968263,"status":200,"resp_time":0.113892}
{"time":"November 9, 10:46 am","ts":1667970989,"status":200,"resp_time":0.073815}
{"time":"November 9, 11:12 am","ts":1667972576,"status":200,"resp_time":0.159674}
{"time":"November 9, 11:25 am","ts":1667973331,"status":200,"resp_time":0.111506}
{"time":"November 9, 11:59 am","ts":1667975365,"status":200,"resp_time":0.112252}
{"time":"November 9, 12:27 pm","ts":1667977026,"status":200,"resp_time":0.159589}
{"time":"November 9, 12:51 pm","ts":1667978464,"status":200,"resp_time":0.095981}
{"time":"November 9, 1:08 pm","ts":1667979539,"status":200,"resp_time":0.067768}
{"time":"November 9, 1:19 pm","ts":1667980173,"status":200,"resp_time":0.148189}
{"time":"November 9, 1:29 pm","ts":1667980790,"status":200,"resp_time":0.208495}
{"time":"November 9, 2:03 pm","ts":1667982825,"status":200,"resp_time":0.109953}
{"time":"November 9, 2:22 pm","ts":1667983952,"status":200,"resp_time":0.067769}
{"time":"November 9, 2:47 pm","ts":1667985463,"status":200,"resp_time":0.108353}
