{"time":"August 6, 7:50 pm","ts":1659795603,"status":200,"resp_time":0.157553}
{"time":"August 6, 8:02 pm","ts":1659796335,"status":200,"resp_time":0.162449}
{"time":"August 6, 8:15 pm","ts":1659797144,"status":200,"resp_time":0.158065}
{"time":"August 6, 8:26 pm","ts":1659797779,"status":200,"resp_time":0.192552}
{"time":"August 6, 8:49 pm","ts":1659799151,"status":200,"resp_time":0.095529}
{"time":"August 6, 9:06 pm","ts":1659800197,"status":200,"resp_time":0.1245}
{"time":"August 6, 9:18 pm","ts":1659800918,"status":200,"resp_time":0.097905}
{"time":"August 6, 9:28 pm","ts":1659801536,"status":200,"resp_time":0.143457}
{"time":"August 6, 10:02 pm","ts":1659803549,"status":200,"resp_time":0.196611}
{"time":"August 6, 10:27 pm","ts":1659805035,"status":200,"resp_time":0.164465}
{"time":"August 6, 10:50 pm","ts":1659806432,"status":200,"resp_time":0.129752}
{"time":"August 6, 11:08 pm","ts":1659807522,"status":200,"resp_time":0.155354}
{"time":"August 6, 11:19 pm","ts":1659808140,"status":200,"resp_time":0.133006}
{"time":"August 6, 11:29 pm","ts":1659808776,"status":200,"resp_time":0.110809}
{"time":"August 6, 11:59 pm","ts":1659810554,"status":200,"resp_time":0.19389}
{"time":"August 7, 12:17 am","ts":1659811637,"status":200,"resp_time":0.155268}
{"time":"August 7, 12:27 am","ts":1659812253,"status":200,"resp_time":0.122757}
{"time":"August 7, 12:47 am","ts":1659813456,"status":200,"resp_time":0.126103}
{"time":"August 7, 12:58 am","ts":1659814082,"status":200,"resp_time":0.166609}
{"time":"August 7, 1:10 am","ts":1659814815,"status":200,"resp_time":0.174548}
{"time":"August 7, 1:20 am","ts":1659815439,"status":200,"resp_time":0.161468}
{"time":"August 7, 1:46 am","ts":1659817015,"status":200,"resp_time":0.076778}
{"time":"August 7, 2:03 am","ts":1659818003,"status":200,"resp_time":0.161369}
{"time":"August 7, 2:15 am","ts":1659818753,"status":200,"resp_time":0.184284}
{"time":"August 7, 2:26 am","ts":1659819375,"status":200,"resp_time":0.147908}
{"time":"August 7, 2:47 am","ts":1659820627,"status":200,"resp_time":0.139556}
{"time":"August 7, 3:01 am","ts":1659821507,"status":200,"resp_time":0.087442}
{"time":"August 7, 3:15 am","ts":1659822327,"status":200,"resp_time":0.131229}
{"time":"August 7, 3:25 am","ts":1659822947,"status":200,"resp_time":0.105573}
{"time":"August 7, 3:47 am","ts":1659824222,"status":200,"resp_time":0.186952}
{"time":"August 7, 4:03 am","ts":1659825203,"status":200,"resp_time":0.111793}
{"time":"August 7, 4:15 am","ts":1659825932,"status":200,"resp_time":0.164571}
{"time":"August 7, 4:25 am","ts":1659826559,"status":200,"resp_time":0.103167}
{"time":"August 7, 4:48 am","ts":1659827922,"status":200,"resp_time":0.095164}
{"time":"August 7, 5:04 am","ts":1659828863,"status":200,"resp_time":0.158591}
{"time":"August 7, 5:16 am","ts":1659829611,"status":200,"resp_time":0.159685}
{"time":"August 7, 5:27 am","ts":1659830239,"status":200,"resp_time":0.381664}
{"time":"August 7, 7:48 am","ts":1659838689,"status":200,"resp_time":0.16515}
{"time":"August 7, 9:03 am","ts":1659843191,"status":200,"resp_time":0.149919}
{"time":"August 7, 9:33 am","ts":1659844996,"status":200,"resp_time":0.112425}
{"time":"August 7, 10:07 am","ts":1659847066,"status":200,"resp_time":0.096954}
{"time":"August 7, 10:25 am","ts":1659848142,"status":200,"resp_time":0.140095}
{"time":"August 7, 10:45 am","ts":1659849344,"status":200,"resp_time":0.115325}
{"time":"August 7, 11:00 am","ts":1659850211,"status":200,"resp_time":0.145878}
{"time":"August 7, 11:11 am","ts":1659850861,"status":200,"resp_time":0.176418}
{"time":"August 7, 11:25 am","ts":1659851748,"status":200,"resp_time":0.146128}
{"time":"August 7, 11:52 am","ts":1659853320,"status":200,"resp_time":0.075635}
{"time":"August 7, 12:15 pm","ts":1659854736,"status":200,"resp_time":0.13031}
{"time":"August 7, 12:26 pm","ts":1659855368,"status":200,"resp_time":0.115575}
{"time":"August 7, 12:47 pm","ts":1659856650,"status":200,"resp_time":0.142873}
{"time":"August 7, 1:01 pm","ts":1659857478,"status":200,"resp_time":0.079125}
{"time":"August 7, 1:15 pm","ts":1659858336,"status":200,"resp_time":0.090298}
{"time":"August 7, 1:26 pm","ts":1659858964,"status":200,"resp_time":0.087941}
{"time":"August 7, 1:51 pm","ts":1659860514,"status":200,"resp_time":0.101296}
{"time":"August 7, 2:12 pm","ts":1659861739,"status":200,"resp_time":0.14155}
{"time":"August 7, 2:25 pm","ts":1659862529,"status":200,"resp_time":0.078782}
{"time":"August 7, 2:46 pm","ts":1659863773,"status":200,"resp_time":0.152739}
{"time":"August 7, 3:02 pm","ts":1659864732,"status":200,"resp_time":0.135351}
{"time":"August 7, 3:16 pm","ts":1659865564,"status":200,"resp_time":0.080501}
{"time":"August 7, 3:26 pm","ts":1659866196,"status":200,"resp_time":0.150991}
{"time":"August 7, 3:51 pm","ts":1659867672,"status":200,"resp_time":0.12816}
{"time":"August 7, 4:10 pm","ts":1659868830,"status":200,"resp_time":0.151319}
{"time":"August 7, 4:25 pm","ts":1659869730,"status":200,"resp_time":0.108879}
{"time":"August 7, 4:45 pm","ts":1659870903,"status":200,"resp_time":0.139023}
{"time":"August 7, 4:59 pm","ts":1659871762,"status":200,"resp_time":0.147179}
{"time":"August 7, 5:10 pm","ts":1659872400,"status":200,"resp_time":0.127339}
{"time":"August 7, 5:20 pm","ts":1659873039,"status":200,"resp_time":0.165942}
{"time":"August 7, 5:59 pm","ts":1659875348,"status":200,"resp_time":0.1881}
{"time":"August 7, 6:33 pm","ts":1659877419,"status":200,"resp_time":0.176088}
{"time":"August 7, 7:04 pm","ts":1659879240,"status":200,"resp_time":0.145272}
{"time":"August 7, 7:17 pm","ts":1659880057,"status":200,"resp_time":0.110613}
{"time":"August 7, 7:27 pm","ts":1659880675,"status":200,"resp_time":0.157089}
{"time":"August 7, 7:50 pm","ts":1659882017,"status":200,"resp_time":0.090592}
{"time":"August 7, 8:02 pm","ts":1659882730,"status":200,"resp_time":0.157951}
{"time":"August 7, 8:15 pm","ts":1659883535,"status":200,"resp_time":0.090942}
{"time":"August 7, 8:26 pm","ts":1659884162,"status":200,"resp_time":0.143393}
{"time":"August 7, 8:48 pm","ts":1659885507,"status":200,"resp_time":0.201677}
{"time":"August 7, 9:06 pm","ts":1659886591,"status":200,"resp_time":0.114737}
{"time":"August 7, 9:18 pm","ts":1659887331,"status":200,"resp_time":0.180645}
{"time":"August 7, 9:29 pm","ts":1659887946,"status":200,"resp_time":0.097539}
{"time":"August 7, 10:02 pm","ts":1659889928,"status":200,"resp_time":0.218141}
{"time":"August 7, 10:27 pm","ts":1659891423,"status":200,"resp_time":0.140307}
{"time":"August 7, 10:50 pm","ts":1659892810,"status":200,"resp_time":0.218178}
{"time":"August 7, 11:04 pm","ts":1659893690,"status":200,"resp_time":0.165839}
{"time":"August 7, 11:15 pm","ts":1659894336,"status":200,"resp_time":0.095911}
{"time":"August 7, 11:26 pm","ts":1659894967,"status":200,"resp_time":0.129819}
{"time":"August 7, 11:52 pm","ts":1659896570,"status":200,"resp_time":0.156491}
{"time":"August 8, 12:14 am","ts":1659897868,"status":200,"resp_time":0.162872}
{"time":"August 8, 12:25 am","ts":1659898532,"status":200,"resp_time":0.082472}
{"time":"August 8, 12:44 am","ts":1659899645,"status":200,"resp_time":0.148722}
{"time":"August 8, 12:57 am","ts":1659900426,"status":200,"resp_time":0.109256}
{"time":"August 8, 1:09 am","ts":1659901161,"status":200,"resp_time":0.093239}
{"time":"August 8, 1:19 am","ts":1659901794,"status":200,"resp_time":0.13915}
