{"time":"October 22, 7:23 am","ts":1666403614,"status":200,"resp_time":0.115569}
{"time":"October 22, 9:28 am","ts":1666411117,"status":200,"resp_time":0.155213}
{"time":"October 22, 10:40 am","ts":1666415447,"status":200,"resp_time":0.089208}
{"time":"October 22, 11:24 am","ts":1666418078,"status":200,"resp_time":0.147125}
{"time":"October 22, 11:59 am","ts":1666420184,"status":200,"resp_time":0.189528}
{"time":"October 22, 12:30 pm","ts":1666422056,"status":200,"resp_time":0.087886}
{"time":"October 22, 1:03 pm","ts":1666424029,"status":200,"resp_time":0.134725}
{"time":"October 22, 1:21 pm","ts":1666425066,"status":200,"resp_time":0.169285}
{"time":"October 22, 1:57 pm","ts":1666427239,"status":200,"resp_time":0.133192}
{"time":"October 22, 2:26 pm","ts":1666428961,"status":200,"resp_time":0.076064}
{"time":"October 22, 2:54 pm","ts":1666430679,"status":200,"resp_time":0.100681}
{"time":"October 22, 3:18 pm","ts":1666432083,"status":200,"resp_time":0.087197}
{"time":"October 22, 3:29 pm","ts":1666432755,"status":200,"resp_time":0.065197}
{"time":"October 22, 4:01 pm","ts":1666434709,"status":200,"resp_time":0.065724}
{"time":"October 22, 4:24 pm","ts":1666436096,"status":200,"resp_time":0.451075}
{"time":"October 22, 4:46 pm","ts":1666437412,"status":200,"resp_time":0.070971}
{"time":"October 22, 5:05 pm","ts":1666438550,"status":200,"resp_time":0.168666}
{"time":"October 22, 5:18 pm","ts":1666439315,"status":200,"resp_time":0.125363}
{"time":"October 22, 5:28 pm","ts":1666439931,"status":200,"resp_time":0.140413}
{"time":"October 22, 6:24 pm","ts":1666443258,"status":200,"resp_time":0.151621}
{"time":"October 22, 7:10 pm","ts":1666446032,"status":200,"resp_time":0.082568}
{"time":"October 22, 7:35 pm","ts":1666447524,"status":200,"resp_time":0.13049}
{"time":"October 22, 8:03 pm","ts":1666449184,"status":200,"resp_time":0.079789}
{"time":"October 22, 8:22 pm","ts":1666450337,"status":200,"resp_time":0.127701}
{"time":"October 22, 8:51 pm","ts":1666452060,"status":200,"resp_time":0.079511}
{"time":"October 22, 9:18 pm","ts":1666453708,"status":200,"resp_time":0.117907}
{"time":"October 22, 9:30 pm","ts":1666454458,"status":200,"resp_time":0.120686}
{"time":"October 22, 10:19 pm","ts":1666457348,"status":200,"resp_time":0.097023}
{"time":"October 22, 10:47 pm","ts":1666459066,"status":200,"resp_time":0.157698}
{"time":"October 22, 11:17 pm","ts":1666460835,"status":200,"resp_time":0.143793}
{"time":"October 22, 11:29 pm","ts":1666461592,"status":200,"resp_time":0.08843}
{"time":"October 23, 12:06 am","ts":1666463765,"status":200,"resp_time":0.079268}
{"time":"October 23, 12:29 am","ts":1666465141,"status":200,"resp_time":0.134228}
{"time":"October 23, 12:55 am","ts":1666466707,"status":200,"resp_time":0.087281}
{"time":"October 23, 1:10 am","ts":1666467636,"status":200,"resp_time":0.101517}
{"time":"October 23, 1:25 am","ts":1666468530,"status":200,"resp_time":0.160724}
{"time":"October 23, 1:52 am","ts":1666470176,"status":200,"resp_time":0.16578}
{"time":"October 23, 2:17 am","ts":1666471632,"status":200,"resp_time":0.10849}
{"time":"October 23, 2:29 am","ts":1666472358,"status":200,"resp_time":0.175452}
{"time":"October 23, 2:57 am","ts":1666474025,"status":200,"resp_time":0.09016}
{"time":"October 23, 3:16 am","ts":1666475195,"status":200,"resp_time":0.108115}
{"time":"October 23, 3:27 am","ts":1666475828,"status":200,"resp_time":5.11242}
{"time":"October 23, 3:55 am","ts":1666477538,"status":200,"resp_time":0.214765}
{"time":"October 23, 4:17 am","ts":1666478840,"status":200,"resp_time":0.102315}
{"time":"October 23, 4:28 am","ts":1666479510,"status":200,"resp_time":0.197682}
{"time":"October 23, 5:03 am","ts":1666481635,"status":200,"resp_time":0.171178}
{"time":"October 23, 5:26 am","ts":1666482969,"status":200,"resp_time":0.099068}
{"time":"October 23, 7:50 am","ts":1666491616,"status":200,"resp_time":0.073323}
{"time":"October 23, 9:46 am","ts":1666498618,"status":200,"resp_time":0.111246}
{"time":"October 23, 10:54 am","ts":1666502698,"status":200,"resp_time":0.132184}
{"time":"October 23, 11:31 am","ts":1666504913,"status":200,"resp_time":0.146163}
{"time":"October 23, 12:16 pm","ts":1666507603,"status":200,"resp_time":0.201418}
{"time":"October 23, 12:41 pm","ts":1666509114,"status":200,"resp_time":0.140848}
{"time":"October 23, 1:11 pm","ts":1666510893,"status":200,"resp_time":0.123884}
{"time":"October 23, 1:26 pm","ts":1666511793,"status":200,"resp_time":0.143139}
{"time":"October 23, 2:00 pm","ts":1666513839,"status":200,"resp_time":0.086599}
{"time":"October 23, 2:27 pm","ts":1666515447,"status":200,"resp_time":0.076798}
{"time":"October 23, 2:58 pm","ts":1666517316,"status":200,"resp_time":0.247013}
{"time":"October 23, 3:20 pm","ts":1666518649,"status":200,"resp_time":0.079874}
{"time":"October 23, 3:51 pm","ts":1666520492,"status":200,"resp_time":0.110366}
{"time":"October 23, 4:18 pm","ts":1666522119,"status":200,"resp_time":0.08368}
{"time":"October 23, 4:30 pm","ts":1666522812,"status":200,"resp_time":0.134099}
{"time":"October 23, 4:55 pm","ts":1666524335,"status":200,"resp_time":0.17015}
{"time":"October 23, 5:12 pm","ts":1666525328,"status":200,"resp_time":0.086157}
{"time":"October 23, 5:25 pm","ts":1666526129,"status":200,"resp_time":0.101956}
{"time":"October 23, 6:10 pm","ts":1666528816,"status":200,"resp_time":0.178041}
{"time":"October 23, 7:01 pm","ts":1666531882,"status":200,"resp_time":0.152438}
{"time":"October 23, 7:33 pm","ts":1666533789,"status":200,"resp_time":0.088708}
{"time":"October 23, 8:03 pm","ts":1666535617,"status":200,"resp_time":0.179903}
{"time":"October 23, 8:22 pm","ts":1666536766,"status":200,"resp_time":0.1946}
{"time":"October 23, 8:50 pm","ts":1666538441,"status":200,"resp_time":0.098104}
{"time":"October 23, 9:18 pm","ts":1666540139,"status":200,"resp_time":0.180625}
{"time":"October 23, 9:37 pm","ts":1666541252,"status":200,"resp_time":0.139535}
{"time":"October 23, 10:21 pm","ts":1666543896,"status":200,"resp_time":0.093924}
{"time":"October 23, 10:57 pm","ts":1666546066,"status":200,"resp_time":0.100359}
{"time":"October 23, 11:23 pm","ts":1666547617,"status":200,"resp_time":0.118113}
{"time":"October 23, 11:55 pm","ts":1666549508,"status":200,"resp_time":0.153828}
{"time":"October 24, 12:23 am","ts":1666551207,"status":200,"resp_time":0.163311}
{"time":"October 24, 12:48 am","ts":1666552707,"status":200,"resp_time":0.12423}
{"time":"October 24, 1:06 am","ts":1666553760,"status":200,"resp_time":0.07663}
{"time":"October 24, 1:18 am","ts":1666554480,"status":200,"resp_time":0.118103}
{"time":"October 24, 1:28 am","ts":1666555100,"status":200,"resp_time":0.115658}
{"time":"October 24, 2:00 am","ts":1666557051,"status":200,"resp_time":0.147707}
{"time":"October 24, 2:23 am","ts":1666558432,"status":200,"resp_time":0.086331}
{"time":"October 24, 2:48 am","ts":1666559889,"status":200,"resp_time":0.108835}
{"time":"October 24, 3:09 am","ts":1666561154,"status":200,"resp_time":0.117811}
{"time":"October 24, 3:23 am","ts":1666562017,"status":200,"resp_time":0.173327}
{"time":"October 24, 3:49 am","ts":1666563598,"status":200,"resp_time":0.164793}
{"time":"October 24, 4:13 am","ts":1666564984,"status":200,"resp_time":0.089547}
{"time":"October 24, 4:28 am","ts":1666565880,"status":200,"resp_time":0.164426}
{"time":"October 24, 5:04 am","ts":1666568061,"status":200,"resp_time":0.188713}
{"time":"October 24, 5:26 am","ts":1666569402,"status":200,"resp_time":0.102511}
{"time":"October 24, 8:09 am","ts":1666579194,"status":200,"resp_time":0.088682}
{"time":"October 24, 10:19 am","ts":1666586980,"status":200,"resp_time":0.102523}
{"time":"October 24, 11:39 am","ts":1666591787,"status":200,"resp_time":0.296815}
{"time":"October 24, 12:46 pm","ts":1666595761,"status":200,"resp_time":0.104964}
{"time":"October 24, 1:29 pm","ts":1666598346,"status":200,"resp_time":0.154622}
{"time":"October 24, 2:17 pm","ts":1666601265,"status":200,"resp_time":0.123909}
{"time":"October 24, 2:48 pm","ts":1666603123,