{"time":"August 15, 11:29 pm","ts":1660586387,"status":200,"resp_time":0.163536}
{"time":"August 16, 12:02 am","ts":1660588345,"status":200,"resp_time":0.159646}
{"time":"August 16, 12:23 am","ts":1660589637,"status":200,"resp_time":0.122369}
{"time":"August 16, 12:43 am","ts":1660590824,"status":200,"resp_time":0.245247}
{"time":"August 16, 12:58 am","ts":1660591688,"status":200,"resp_time":0.191701}
{"time":"August 16, 1:09 am","ts":1660592369,"status":200,"resp_time":0.306418}
{"time":"August 16, 1:19 am","ts":1660592991,"status":200,"resp_time":0.13983}
{"time":"August 16, 1:30 am","ts":1660593610,"status":200,"resp_time":0.207472}
{"time":"August 16, 1:56 am","ts":1660595182,"status":200,"resp_time":0.148237}
{"time":"August 16, 2:11 am","ts":1660596113,"status":200,"resp_time":0.094563}
{"time":"August 16, 2:25 am","ts":1660596943,"status":200,"resp_time":0.208749}
{"time":"August 16, 2:46 am","ts":1660598178,"status":200,"resp_time":0.20837}
{"time":"August 16, 3:03 am","ts":1660599199,"status":200,"resp_time":0.176794}
{"time":"August 16, 3:16 am","ts":1660599972,"status":200,"resp_time":0.232013}
{"time":"August 16, 3:26 am","ts":1660600592,"status":200,"resp_time":0.10809}
{"time":"August 16, 3:51 am","ts":1660602109,"status":200,"resp_time":0.143693}
{"time":"August 16, 4:11 am","ts":1660603280,"status":200,"resp_time":0.0956}
{"time":"August 16, 4:25 am","ts":1660604143,"status":200,"resp_time":0.11132}
{"time":"August 16, 4:48 am","ts":1660605515,"status":200,"resp_time":0.174922}
{"time":"August 16, 5:05 am","ts":1660606543,"status":200,"resp_time":0.145795}
{"time":"August 16, 5:17 am","ts":1660607230,"status":200,"resp_time":0.177475}
{"time":"August 16, 5:27 am","ts":1660607863,"status":200,"resp_time":0.159879}
{"time":"August 16, 7:52 am","ts":1660616574,"status":200,"resp_time":0.086406}
{"time":"August 16, 9:23 am","ts":1660622000,"status":200,"resp_time":0.196494}
{"time":"August 16, 10:10 am","ts":1660624828,"status":200,"resp_time":0.09187}
{"time":"August 16, 10:39 am","ts":1660626551,"status":200,"resp_time":0.116729}
{"time":"August 16, 10:58 am","ts":1660627722,"status":200,"resp_time":0.086462}
{"time":"August 16, 11:09 am","ts":1660628351,"status":200,"resp_time":0.199387}
{"time":"August 16, 11:19 am","ts":1660628973,"status":200,"resp_time":0.124259}
{"time":"August 16, 11:29 am","ts":1660629592,"status":200,"resp_time":0.128926}
{"time":"August 16, 12:01 pm","ts":1660631489,"status":200,"resp_time":0.183592}
{"time":"August 16, 12:22 pm","ts":1660632749,"status":200,"resp_time":0.0828}
{"time":"August 16, 12:43 pm","ts":1660634008,"status":200,"resp_time":0.197127}
{"time":"August 16, 12:57 pm","ts":1660634822,"status":200,"resp_time":0.196236}
{"time":"August 16, 1:07 pm","ts":1660635459,"status":200,"resp_time":0.083217}
{"time":"August 16, 1:18 pm","ts":1660636086,"status":200,"resp_time":0.244175}
{"time":"August 16, 1:28 pm","ts":1660636707,"status":200,"resp_time":0.094546}
{"time":"August 16, 1:55 pm","ts":1660638357,"status":200,"resp_time":0.115635}
{"time":"August 16, 2:10 pm","ts":1660639221,"status":200,"resp_time":0.150132}
{"time":"August 16, 2:25 pm","ts":1660640143,"status":200,"resp_time":0.146304}
{"time":"August 16, 2:45 pm","ts":1660641331,"status":200,"resp_time":0.094232}
{"time":"August 16, 2:59 pm","ts":1660642144,"status":200,"resp_time":0.114901}
{"time":"August 16, 3:09 pm","ts":1660642762,"status":200,"resp_time":0.114138}
{"time":"August 16, 3:19 pm","ts":1660643382,"status":200,"resp_time":0.13562}
{"time":"August 16, 3:30 pm","ts":1660644001,"status":200,"resp_time":0.148469}
{"time":"August 16, 3:57 pm","ts":1660645627,"status":200,"resp_time":0.147855}
{"time":"August 16, 4:11 pm","ts":1660646473,"status":200,"resp_time":0.138626}
{"time":"August 16, 4:25 pm","ts":1660647336,"status":200,"resp_time":0.180331}
{"time":"August 16, 4:43 pm","ts":1660648431,"status":200,"resp_time":0.117688}
{"time":"August 16, 4:56 pm","ts":1660649196,"status":200,"resp_time":0.080506}
{"time":"August 16, 5:07 pm","ts":1660649865,"status":200,"resp_time":0.130167}
{"time":"August 16, 5:18 pm","ts":1660650491,"status":200,"resp_time":0.139751}
{"time":"August 16, 5:28 pm","ts":1660651119,"status":200,"resp_time":0.183059}
{"time":"August 16, 6:15 pm","ts":1660653935,"status":200,"resp_time":0.157441}
{"time":"August 16, 6:49 pm","ts":1660655983,"status":200,"resp_time":0.198196}
{"time":"August 16, 7:11 pm","ts":1660657295,"status":200,"resp_time":0.156523}
{"time":"August 16, 7:25 pm","ts":1660658132,"status":200,"resp_time":0.156257}
{"time":"August 16, 7:46 pm","ts":1660659410,"status":200,"resp_time":0.179282}
{"time":"August 16, 8:02 pm","ts":1660660334,"status":200,"resp_time":0.130021}
{"time":"August 16, 8:15 pm","ts":1660661132,"status":200,"resp_time":0.185325}
{"time":"August 16, 8:25 pm","ts":1660661758,"status":200,"resp_time":0.177638}
{"time":"August 16, 8:50 pm","ts":1660663226,"status":200,"resp_time":0.120774}
{"time":"August 16, 9:15 pm","ts":1660664721,"status":200,"resp_time":0.134514}
{"time":"August 16, 9:27 pm","ts":1660665435,"status":200,"resp_time":0.176232}
{"time":"August 16, 10:02 pm","ts":1660667552,"status":200,"resp_time":0.212247}
{"time":"August 16, 10:30 pm","ts":1660669256,"status":200,"resp_time":0.128364}
{"time":"August 16, 11:02 pm","ts":1660671122,"status":200,"resp_time":0.126311}
{"time":"August 16, 11:18 pm","ts":1660672123,"status":200,"resp_time":0.174558}
{"time":"August 16, 11:29 pm","ts":1660672740,"status":200,"resp_time":0.113918}
{"time":"August 17, 12:03 am","ts":1660674816,"status":200,"resp_time":0.140702}
{"time":"August 17, 12:23 am","ts":1660676020,"status":200,"resp_time":0.103205}
{"time":"August 17, 12:43 am","ts":1660677227,"status":200,"resp_time":0.153203}
{"time":"August 17, 12:57 am","ts":1660678063,"status":200,"resp_time":0.144841}
{"time":"August 17, 1:09 am","ts":1660678744,"status":200,"resp_time":0.186225}
{"time":"August 17, 1:19 am","ts":1660679362,"status":200,"resp_time":0.125816}
{"time":"August 17, 1:29 am","ts":1660679985,"status":200,"resp_time":0.155837}
{"time":"August 17, 1:55 am","ts":1660681525,"status":200,"resp_time":0.176797}
{"time":"August 17, 2:11 am","ts":1660682483,"status":200,"resp_time":0.105059}
{"time":"August 17, 2:25 am","ts":1660683336,"status":200,"resp_time":0.166808}
{"time":"August 17, 2:46 am","ts":1660684563,"status":200,"resp_time":0.231118}
{"time":"August 17, 3:02 am","ts":1660685541,"status":200,"resp_time":0.140819}
{"time":"August 17, 3:16 am","ts":1660686371,"status":200,"resp_time":0.29415}
{"time":"August 17, 3:26 am","ts":1660687004,"status":200,"resp_time":0.116658}
{"time":"August 17, 3:51 am","ts":1660688513,"status":200,"resp_time":0.213089}
{"time":"August 17, 4:11 am","ts":1660689719,"status":200,"resp_time":0.163263}
{"time":"August 17, 4:25 am","ts":1660690532,"status":200,"resp_time":0.123957}
{"time":"August 17, 4:46 am","ts":1660691793,"status":200,"resp_time":0.14514}
{"time":"August 17, 5:03 am","ts":1660692781,"status":200,"resp_time":0.174071}
{"time":"August 17, 5:16 am","ts":1660693610,"status":200,"resp_time":0.168604}
{"time":"August 17, 5:27 am","ts":1660694251,"status":200,"resp_time":0.227687}
{"time":"August 17, 7:58 am","ts":1660703334,"status":200,"resp_time":0.166827}
{"time":"August 17, 9:38 am","ts":1660709298,"status":200,"resp_time":5.161427}
{"time":"August 17, 10:48 am","ts":1660713530,"status":200,"resp_time":0.144616}
{"time":"August 17, 11:20 am","ts":1660715444,"status":200,"resp_time":0.111498}
{"time":"August 17, 11:54 am","ts":1660717443,"status":200,"resp_time":0.146196}
