{"time":"November 1, 5:17 am","ts":1667260031,"status":200,"resp_time":0.096098}
{"time":"November 1, 5:27 am","ts":1667260666,"status":200,"resp_time":0.094671}
{"time":"November 1, 8:10 am","ts":1667270409,"status":200,"resp_time":0.247705}
{"time":"November 1, 9:52 am","ts":1667276545,"status":200,"resp_time":0.212981}
{"time":"November 1, 11:04 am","ts":1667280871,"status":200,"resp_time":0.080236}
{"time":"November 1, 11:34 am","ts":1667282644,"status":200,"resp_time":0.120176}
{"time":"November 1, 12:14 pm","ts":1667285081,"status":200,"resp_time":0.13233}
{"time":"November 1, 12:34 pm","ts":1667286291,"status":200,"resp_time":0.141713}
{"time":"November 1, 1:00 pm","ts":1667287846,"status":200,"resp_time":0.062719}
{"time":"November 1, 1:17 pm","ts":1667288863,"status":200,"resp_time":0.083476}
{"time":"November 1, 1:27 pm","ts":1667289464,"status":200,"resp_time":0.083778}
{"time":"November 1, 2:02 pm","ts":1667291534,"status":200,"resp_time":0.113996}
{"time":"November 1, 2:23 pm","ts":1667292782,"status":200,"resp_time":0.087858}
{"time":"November 1, 2:51 pm","ts":1667294498,"status":200,"resp_time":0.113218}
{"time":"November 1, 3:17 pm","ts":1667296022,"status":200,"resp_time":0.128247}
{"time":"November 1, 3:27 pm","ts":1667296646,"status":200,"resp_time":0.12598}
{"time":"November 1, 3:58 pm","ts":1667298500,"status":200,"resp_time":0.076435}
{"time":"November 1, 4:18 pm","ts":1667299705,"status":200,"resp_time":0.141698}
{"time":"November 1, 4:28 pm","ts":1667300328,"status":200,"resp_time":0.0676}
{"time":"November 1, 4:52 pm","ts":1667301766,"status":200,"resp_time":0.100037}
{"time":"November 1, 5:09 pm","ts":1667302771,"status":200,"resp_time":0.298051}
{"time":"November 1, 5:19 pm","ts":1667303399,"status":200,"resp_time":0.107773}
{"time":"November 1, 5:30 pm","ts":1667304042,"status":200,"resp_time":0.082713}
{"time":"November 1, 6:38 pm","ts":1667308102,"status":200,"resp_time":0.207795}
{"time":"November 1, 7:26 pm","ts":1667310970,"status":200,"resp_time":0.102703}
{"time":"November 1, 7:58 pm","ts":1667312890,"status":200,"resp_time":0.132437}
{"time":"November 1, 8:21 pm","ts":1667314291,"status":200,"resp_time":0.132328}
{"time":"November 1, 8:50 pm","ts":1667316039,"status":200,"resp_time":0.108668}
{"time":"November 1, 9:16 pm","ts":1667317612,"status":200,"resp_time":0.127353}
{"time":"November 1, 9:28 pm","ts":1667318286,"status":200,"resp_time":0.1544}
{"time":"November 1, 10:10 pm","ts":1667320804,"status":200,"resp_time":0.102188}
{"time":"November 1, 10:41 pm","ts":1667322705,"status":200,"resp_time":0.104346}
{"time":"November 1, 11:15 pm","ts":1667324708,"status":200,"resp_time":0.095324}
{"time":"November 1, 11:27 pm","ts":1667325433,"status":200,"resp_time":0.176285}
{"time":"November 2, 12:01 am","ts":1667327504,"status":200,"resp_time":0.118403}
{"time":"November 2, 12:26 am","ts":1667328968,"status":200,"resp_time":0.142977}
{"time":"November 2, 12:47 am","ts":1667330258,"status":200,"resp_time":0.177123}
{"time":"November 2, 1:00 am","ts":1667331051,"status":200,"resp_time":0.244663}
{"time":"November 2, 1:15 am","ts":1667331936,"status":200,"resp_time":0.21839}
{"time":"November 2, 1:26 am","ts":1667332562,"status":200,"resp_time":0.123117}
{"time":"November 2, 1:53 am","ts":1667334199,"status":200,"resp_time":0.07982}
{"time":"November 2, 2:14 am","ts":1667335451,"status":200,"resp_time":0.109003}
{"time":"November 2, 2:25 am","ts":1667336147,"status":200,"resp_time":0.212573}
{"time":"November 2, 2:48 am","ts":1667337536,"status":200,"resp_time":0.15316}
{"time":"November 2, 3:07 am","ts":1667338627,"status":200,"resp_time":0.234791}
{"time":"November 2, 3:19 am","ts":1667339379,"status":200,"resp_time":0.092053}
{"time":"November 2, 3:29 am","ts":1667339997,"status":200,"resp_time":0.186832}
{"time":"November 2, 4:01 am","ts":1667341899,"status":200,"resp_time":0.214973}
{"time":"November 2, 4:22 am","ts":1667343179,"status":200,"resp_time":0.094309}
{"time":"November 2, 4:51 am","ts":1667344870,"status":200,"resp_time":0.096827}
{"time":"November 2, 5:15 am","ts":1667346305,"status":200,"resp_time":0.082372}
{"time":"November 2, 5:26 am","ts":1667346980,"status":200,"resp_time":0.111253}
{"time":"November 2, 7:39 am","ts":1667354974,"status":200,"resp_time":0.086928}
{"time":"November 2, 9:33 am","ts":1667361820,"status":200,"resp_time":0.191334}
{"time":"November 2, 10:42 am","ts":1667365938,"status":200,"resp_time":0.091796}
{"time":"November 2, 11:24 am","ts":1667368465,"status":200,"resp_time":0.195238}
{"time":"November 2, 11:58 am","ts":1667370487,"status":200,"resp_time":0.075445}
{"time":"November 2, 12:25 pm","ts":1667372151,"status":200,"resp_time":0.104229}
{"time":"November 2, 12:49 pm","ts":1667373578,"status":200,"resp_time":0.106593}
{"time":"November 2, 1:06 pm","ts":1667374611,"status":200,"resp_time":0.137534}
{"time":"November 2, 1:17 pm","ts":1667375258,"status":200,"resp_time":0.129916}
{"time":"November 2, 1:28 pm","ts":1667375886,"status":200,"resp_time":0.099998}
{"time":"November 2, 2:03 pm","ts":1667377986,"status":200,"resp_time":0.104808}
{"time":"November 2, 2:23 pm","ts":1667379223,"status":200,"resp_time":0.082829}
{"time":"November 2, 2:48 pm","ts":1667380697,"status":200,"resp_time":0.101311}
{"time":"November 2, 3:08 pm","ts":1667381919,"status":200,"resp_time":0.104357}
{"time":"November 2, 3:21 pm","ts":1667382678,"status":200,"resp_time":0.108145}
{"time":"November 2, 3:51 pm","ts":1667384464,"status":200,"resp_time":0.16691}
{"time":"November 2, 4:15 pm","ts":1667385935,"status":200,"resp_time":0.089298}
{"time":"November 2, 4:26 pm","ts":1667386588,"status":200,"resp_time":0.122753}
{"time":"November 2, 4:49 pm","ts":1667387984,"status":200,"resp_time":0.289045}
{"time":"November 2, 5:05 pm","ts":1667388927,"status":200,"resp_time":0.111287}
{"time":"November 2, 5:16 pm","ts":1667389588,"status":200,"resp_time":0.07561}
{"time":"November 2, 5:27 pm","ts":1667390226,"status":200,"resp_time":0.067052}
{"time":"November 2, 6:23 pm","ts":1667393590,"status":200,"resp_time":0.077318}
{"time":"November 2, 7:21 pm","ts":1667397108,"status":200,"resp_time":0.180862}
{"time":"November 2, 7:54 pm","ts":1667399053,"status":200,"resp_time":0.760114}
{"time":"November 2, 8:16 pm","ts":1667400374,"status":200,"resp_time":0.290565}
{"time":"November 2, 8:26 pm","ts":1667401014,"status":200,"resp_time":0.183509}
{"time":"November 2, 8:55 pm","ts":1667402728,"status":200,"resp_time":0.226502}
{"time":"November 2, 9:16 pm","ts":1667403968,"status":200,"resp_time":0.389364}
{"time":"November 2, 9:27 pm","ts":1667404657,"status":200,"resp_time":0.114166}
{"time":"November 2, 10:09 pm","ts":1667407186,"status":200,"resp_time":0.222896}
{"time":"November 2, 10:46 pm","ts":1667409409,"status":200,"resp_time":0.081777}
{"time":"November 2, 11:20 pm","ts":1667411417,"status":200,"resp_time":0.213427}
{"time":"November 2, 11:38 pm","ts":1667412518,"status":200,"resp_time":0.167751}
{"time":"November 3, 12:09 am","ts":1667414355,"status":200,"resp_time":0.186535}
{"time":"November 3, 12:25 am","ts":1667415310,"status":200,"resp_time":0.185048}
{"time":"November 3, 12:44 am","ts":1667416494,"status":200,"resp_time":0.192915}
{"time":"November 3, 12:57 am","ts":1667417275,"status":200,"resp_time":0.148821}
{"time":"November 3, 1:09 am","ts":1667417957,"status":200,"resp_time":0.07411}
{"time":"November 3, 1:19 am","ts":1667418594,"status":200,"resp_time":0.16994}
{"time":"November 3, 1:30 am","ts":1667419216,"status":200,"resp_time":0.23541}
{"time":"November 3, 1:59 am","ts":1667420949,"status":200,"resp_time":0.166916}
{"time":"November 3, 2:14 am","ts":1667421857,"status":200,"resp_time":0.101436}
{"time":"November 3, 2:25 am","ts":1667422544,"status":200,"resp_time":0.154303}
{"time":"November 3, 2:49 am","ts":1667423990,"status":200,"resp_time":0.132791}
