{"time":"July 24, 9:53 pm","ts":1658679824,"status":200,"resp_time":0.112782}
{"time":"July 24, 10:25 pm","ts":1658681723,"status":200,"resp_time":0.163135}
{"time":"July 24, 10:49 pm","ts":1658683140,"status":200,"resp_time":0.104709}
{"time":"July 24, 11:07 pm","ts":1658684226,"status":200,"resp_time":0.193188}
{"time":"July 24, 11:18 pm","ts":1658684887,"status":200,"resp_time":0.160708}
{"time":"July 24, 11:28 pm","ts":1658685510,"status":200,"resp_time":0.166629}
{"time":"July 24, 11:59 pm","ts":1658687381,"status":200,"resp_time":0.200908}
{"time":"July 25, 12:19 am","ts":1658688543,"status":200,"resp_time":0.111604}
{"time":"July 25, 12:29 am","ts":1658689165,"status":200,"resp_time":0.201506}
{"time":"July 25, 12:50 am","ts":1658690408,"status":200,"resp_time":0.19711}
{"time":"July 25, 1:00 am","ts":1658691029,"status":200,"resp_time":0.090473}
{"time":"July 25, 1:15 am","ts":1658691931,"status":200,"resp_time":0.208319}
{"time":"July 25, 1:25 am","ts":1658692549,"status":200,"resp_time":0.156527}
{"time":"July 25, 1:49 am","ts":1658693958,"status":200,"resp_time":0.142229}
{"time":"July 25, 2:06 am","ts":1658694983,"status":200,"resp_time":0.159258}
{"time":"July 25, 2:17 am","ts":1658695669,"status":200,"resp_time":0.128348}
{"time":"July 25, 2:28 am","ts":1658696287,"status":200,"resp_time":0.154049}
{"time":"July 25, 2:50 am","ts":1658697648,"status":200,"resp_time":0.119572}
{"time":"July 25, 3:09 am","ts":1658698743,"status":200,"resp_time":0.146363}
{"time":"July 25, 3:19 am","ts":1658699365,"status":200,"resp_time":0.103724}
{"time":"July 25, 3:29 am","ts":1658699984,"status":200,"resp_time":0.089362}
{"time":"July 25, 3:54 am","ts":1658701454,"status":200,"resp_time":0.081249}
{"time":"July 25, 4:10 am","ts":1658702416,"status":200,"resp_time":0.200305}
{"time":"July 25, 4:20 am","ts":1658703026,"status":200,"resp_time":0.09712}
{"time":"July 25, 4:46 am","ts":1658704599,"status":200,"resp_time":0.205931}
{"time":"July 25, 5:04 am","ts":1658705640,"status":200,"resp_time":0.196043}
{"time":"July 25, 5:16 am","ts":1658706412,"status":200,"resp_time":0.105712}
{"time":"July 25, 5:27 am","ts":1658707051,"status":200,"resp_time":0.155901}
{"time":"July 25, 7:44 am","ts":1658715252,"status":200,"resp_time":0.111772}
{"time":"July 25, 9:25 am","ts":1658721302,"status":200,"resp_time":0.123781}
{"time":"July 25, 10:19 am","ts":1658724540,"status":200,"resp_time":0.146359}
{"time":"July 25, 10:48 am","ts":1658726320,"status":200,"resp_time":0.074313}
{"time":"July 25, 11:13 am","ts":1658727795,"status":200,"resp_time":0.103393}
{"time":"July 25, 11:25 am","ts":1658728530,"status":200,"resp_time":0.163829}
{"time":"July 25, 11:53 am","ts":1658730238,"status":200,"resp_time":0.082315}
{"time":"July 25, 12:19 pm","ts":1658731790,"status":200,"resp_time":0.125415}
{"time":"July 25, 12:30 pm","ts":1658732425,"status":200,"resp_time":0.164782}
{"time":"July 25, 12:57 pm","ts":1658734069,"status":200,"resp_time":0.148363}
{"time":"July 25, 1:11 pm","ts":1658734913,"status":200,"resp_time":0.078977}
{"time":"July 25, 1:25 pm","ts":1658735742,"status":200,"resp_time":0.083099}
{"time":"July 25, 1:56 pm","ts":1658737562,"status":200,"resp_time":0.078515}
{"time":"July 25, 2:18 pm","ts":1658738928,"status":200,"resp_time":0.13881}
{"time":"July 25, 2:29 pm","ts":1658739558,"status":200,"resp_time":0.125241}
{"time":"July 25, 2:55 pm","ts":1658741150,"status":200,"resp_time":0.090068}
{"time":"July 25, 3:12 pm","ts":1658742155,"status":200,"resp_time":0.13727}
{"time":"July 25, 3:25 pm","ts":1658742942,"status":200,"resp_time":0.177344}
{"time":"July 25, 3:51 pm","ts":1658744505,"status":200,"resp_time":0.13821}
{"time":"July 25, 4:14 pm","ts":1658745840,"status":200,"resp_time":0.087011}
{"time":"July 25, 4:25 pm","ts":1658746533,"status":200,"resp_time":0.137323}
{"time":"July 25, 4:46 pm","ts":1658747799,"status":200,"resp_time":0.147454}
{"time":"July 25, 5:02 pm","ts":1658748744,"status":200,"resp_time":0.096614}
{"time":"July 25, 5:15 pm","ts":1658749532,"status":200,"resp_time":0.17637}
{"time":"July 25, 5:26 pm","ts":1658750160,"status":200,"resp_time":0.111932}
{"time":"July 25, 6:11 pm","ts":1658752876,"status":200,"resp_time":0.1452}
{"time":"July 25, 6:57 pm","ts":1658755678,"status":200,"resp_time":0.105648}
{"time":"July 25, 7:29 pm","ts":1658757578,"status":200,"resp_time":0.138989}
{"time":"July 25, 7:54 pm","ts":1658759049,"status":200,"resp_time":0.202867}
{"time":"July 25, 8:09 pm","ts":1658759965,"status":200,"resp_time":0.173683}
{"time":"July 25, 8:19 pm","ts":1658760592,"status":200,"resp_time":0.163852}
{"time":"July 25, 8:30 pm","ts":1658761216,"status":200,"resp_time":0.15931}
{"time":"July 25, 8:58 pm","ts":1658762920,"status":200,"resp_time":0.152532}
{"time":"July 25, 9:17 pm","ts":1658764061,"status":200,"resp_time":0.228707}
{"time":"July 25, 9:28 pm","ts":1658764684,"status":200,"resp_time":0.164427}
{"time":"July 25, 10:04 pm","ts":1658766876,"status":200,"resp_time":0.184394}
{"time":"July 25, 10:32 pm","ts":1658768522,"status":200,"resp_time":0.173514}
{"time":"July 25, 11:04 pm","ts":1658770480,"status":200,"resp_time":0.679734}
{"time":"July 25, 11:19 pm","ts":1658771367,"status":200,"resp_time":0.202514}
{"time":"July 25, 11:29 pm","ts":1658771984,"status":200,"resp_time":0.134165}
{"time":"July 26, 12:01 am","ts":1658773909,"status":200,"resp_time":0.17338}
{"time":"July 26, 12:24 am","ts":1658775251,"status":200,"resp_time":0.153122}
{"time":"July 26, 12:43 am","ts":1658776419,"status":200,"resp_time":0.113371}
{"time":"July 26, 12:57 am","ts":1658777227,"status":200,"resp_time":0.238116}
{"time":"July 26, 1:10 am","ts":1658778040,"status":200,"resp_time":0.119863}
{"time":"July 26, 1:25 am","ts":1658778929,"status":200,"resp_time":0.18343}
{"time":"July 26, 1:48 am","ts":1658780280,"status":200,"resp_time":0.157453}
{"time":"July 26, 2:04 am","ts":1658781277,"status":200,"resp_time":0.158541}
{"time":"July 26, 2:16 am","ts":1658781968,"status":200,"resp_time":0.191989}
{"time":"July 26, 2:26 am","ts":1658782598,"status":200,"resp_time":0.142841}
{"time":"July 26, 2:47 am","ts":1658783873,"status":200,"resp_time":0.100042}
{"time":"July 26, 3:02 am","ts":1658784730,"status":200,"resp_time":0.150645}
{"time":"July 26, 3:15 am","ts":1658785541,"status":200,"resp_time":0.159526}
{"time":"July 26, 3:25 am","ts":1658786159,"status":200,"resp_time":0.100486}
{"time":"July 26, 3:47 am","ts":1658787465,"status":200,"resp_time":0.097767}
{"time":"July 26, 4:04 am","ts":1658788467,"status":200,"resp_time":0.155144}
{"time":"July 26, 4:15 am","ts":1658789136,"status":200,"resp_time":0.145585}
{"time":"July 26, 4:25 am","ts":1658789752,"status":200,"resp_time":0.235933}
{"time":"July 26, 4:49 am","ts":1658791148,"status":200,"resp_time":0.149436}
{"time":"July 26, 5:05 am","ts":1658792137,"status":200,"resp_time":0.528306}
{"time":"July 26, 5:16 am","ts":1658792813,"status":200,"resp_time":0.152533}
{"time":"July 26, 5:27 am","ts":1658793444,"status":200,"resp_time":0.395668}
{"time":"July 26, 7:57 am","ts":1658802443,"status":200,"resp_time":0.162606}
{"time":"July 26, 9:45 am","ts":1658808943,"status":200,"resp_time":0.155454}
{"time":"July 26, 10:48 am","ts":1658812721,"status":200,"resp_time":0.085813}
{"time":"July 26, 11:21 am","ts":1658814693,"status":200,"resp_time":0.116164}
{"time":"July 26, 11:53 am","ts":1658816580,"status":200,"resp_time":0.190111}
{"time":"July 26, 12:19 pm","ts":1658818157,"status":200,"resp_time":0.115808}
{"time":"July 26, 12:29 pm","ts":1658818778,"status":200,"resp_time":0.186709}
