{"time":"September 9, 4:52 pm","ts":1662722523,"status":200,"resp_time":0.090787}
{"time":"September 9, 5:10 pm","ts":1662723618,"status":200,"resp_time":0.098426}
{"time":"September 9, 5:25 pm","ts":1662724543,"status":200,"resp_time":0.196548}
{"time":"September 9, 6:09 pm","ts":1662727175,"status":200,"resp_time":0.092536}
{"time":"September 9, 7:02 pm","ts":1662730371,"status":200,"resp_time":0.195852}
{"time":"September 9, 7:36 pm","ts":1662732384,"status":200,"resp_time":0.107696}
{"time":"September 9, 8:03 pm","ts":1662734014,"status":200,"resp_time":0.140806}
{"time":"September 9, 8:20 pm","ts":1662735049,"status":200,"resp_time":0.222448}
{"time":"September 9, 8:50 pm","ts":1662736821,"status":200,"resp_time":0.204319}
{"time":"September 9, 9:16 pm","ts":1662738387,"status":200,"resp_time":0.204623}
{"time":"September 9, 9:28 pm","ts":1662739110,"status":200,"resp_time":0.212814}
{"time":"September 9, 10:07 pm","ts":1662741461,"status":200,"resp_time":0.145117}
{"time":"September 9, 10:35 pm","ts":1662743151,"status":200,"resp_time":0.169441}
{"time":"September 9, 11:05 pm","ts":1662744959,"status":200,"resp_time":0.154579}
{"time":"September 9, 11:22 pm","ts":1662745951,"status":200,"resp_time":0.217695}
{"time":"September 9, 11:54 pm","ts":1662747842,"status":200,"resp_time":0.214352}
{"time":"September 10, 12:21 am","ts":1662749485,"status":200,"resp_time":0.112022}
{"time":"September 10, 12:46 am","ts":1662750968,"status":200,"resp_time":0.105097}
{"time":"September 10, 1:01 am","ts":1662751870,"status":200,"resp_time":0.15771}
{"time":"September 10, 1:15 am","ts":1662752730,"status":200,"resp_time":0.090845}
{"time":"September 10, 1:26 am","ts":1662753361,"status":200,"resp_time":0.136636}
{"time":"September 10, 1:52 am","ts":1662754956,"status":200,"resp_time":0.083924}
{"time":"September 10, 2:14 am","ts":1662756262,"status":200,"resp_time":0.089139}
{"time":"September 10, 2:26 am","ts":1662756969,"status":200,"resp_time":0.174099}
{"time":"September 10, 2:48 am","ts":1662758334,"status":200,"resp_time":0.173707}
{"time":"September 10, 3:07 am","ts":1662759429,"status":200,"resp_time":0.124999}
{"time":"September 10, 3:20 am","ts":1662760224,"status":200,"resp_time":0.095706}
{"time":"September 10, 3:48 am","ts":1662761932,"status":200,"resp_time":0.14279}
{"time":"September 10, 4:09 am","ts":1662763177,"status":200,"resp_time":0.166892}
{"time":"September 10, 4:22 am","ts":1662763965,"status":200,"resp_time":0.229089}
{"time":"September 10, 4:50 am","ts":1662765652,"status":200,"resp_time":0.090755}
{"time":"September 10, 5:16 am","ts":1662767171,"status":200,"resp_time":0.187987}
{"time":"September 10, 5:29 am","ts":1662767973,"status":200,"resp_time":0.166409}
{"time":"September 10, 8:19 am","ts":1662778163,"status":200,"resp_time":0.109961}
{"time":"September 10, 9:56 am","ts":1662783970,"status":200,"resp_time":0.104648}
{"time":"September 10, 11:03 am","ts":1662787998,"status":200,"resp_time":0.141112}
{"time":"September 10, 11:32 am","ts":1662789749,"status":200,"resp_time":0.064243}
{"time":"September 10, 12:10 pm","ts":1662792041,"status":200,"resp_time":0.073106}
{"time":"September 10, 12:31 pm","ts":1662793297,"status":200,"resp_time":0.102213}
{"time":"September 10, 12:59 pm","ts":1662794961,"status":200,"resp_time":0.082594}
{"time":"September 10, 1:13 pm","ts":1662795803,"status":200,"resp_time":0.11089}
{"time":"September 10, 1:25 pm","ts":1662796548,"status":200,"resp_time":0.172303}
{"time":"September 10, 1:55 pm","ts":1662798328,"status":200,"resp_time":0.10905}
{"time":"September 10, 2:19 pm","ts":1662799753,"status":200,"resp_time":0.187096}
{"time":"September 10, 2:31 pm","ts":1662800464,"status":200,"resp_time":0.086854}
{"time":"September 10, 2:59 pm","ts":1662802197,"status":200,"resp_time":0.136541}
{"time":"September 10, 3:16 pm","ts":1662803183,"status":200,"resp_time":0.082132}
{"time":"September 10, 3:26 pm","ts":1662803806,"status":200,"resp_time":0.126327}
{"time":"September 10, 3:54 pm","ts":1662805461,"status":200,"resp_time":0.190857}
{"time":"September 10, 4:14 pm","ts":1662806663,"status":200,"resp_time":0.180322}
{"time":"September 10, 4:25 pm","ts":1662807341,"status":200,"resp_time":0.092841}
{"time":"September 10, 4:46 pm","ts":1662808598,"status":200,"resp_time":0.14289}
{"time":"September 10, 5:02 pm","ts":1662809544,"status":200,"resp_time":0.129413}
{"time":"September 10, 5:15 pm","ts":1662810340,"status":200,"resp_time":0.137328}
{"time":"September 10, 5:25 pm","ts":1662810958,"status":200,"resp_time":0.126788}
{"time":"September 10, 6:06 pm","ts":1662813393,"status":200,"resp_time":0.143403}
{"time":"September 10, 6:47 pm","ts":1662815821,"status":200,"resp_time":0.091778}
{"time":"September 10, 7:15 pm","ts":1662817559,"status":200,"resp_time":0.196274}
{"time":"September 10, 7:27 pm","ts":1662818241,"status":200,"resp_time":0.108188}
{"time":"September 10, 7:52 pm","ts":1662819722,"status":200,"resp_time":0.106757}
{"time":"September 10, 8:10 pm","ts":1662820842,"status":200,"resp_time":0.15652}
{"time":"September 10, 8:25 pm","ts":1662821738,"status":200,"resp_time":0.172125}
{"time":"September 10, 8:49 pm","ts":1662823192,"status":200,"resp_time":0.119083}
{"time":"September 10, 9:10 pm","ts":1662824424,"status":200,"resp_time":0.164071}
{"time":"September 10, 9:26 pm","ts":1662825392,"status":200,"resp_time":0.111646}
{"time":"September 10, 9:59 pm","ts":1662827371,"status":200,"resp_time":0.357941}
{"time":"September 10, 10:30 pm","ts":1662829228,"status":200,"resp_time":0.095929}
{"time":"September 10, 11:02 pm","ts":1662831163,"status":200,"resp_time":0.164305}
{"time":"September 10, 11:19 pm","ts":1662832195,"status":200,"resp_time":0.117731}
{"time":"September 10, 11:30 pm","ts":1662832813,"status":200,"resp_time":0.216535}
{"time":"September 11, 12:03 am","ts":1662834799,"status":200,"resp_time":0.25533}
{"time":"September 11, 12:24 am","ts":1662836097,"status":200,"resp_time":0.116977}
{"time":"September 11, 12:44 am","ts":1662837257,"status":200,"resp_time":0.133788}
{"time":"September 11, 12:59 am","ts":1662838159,"status":200,"resp_time":0.183577}
{"time":"September 11, 1:11 am","ts":1662838870,"status":200,"resp_time":0.124309}
{"time":"September 11, 1:25 am","ts":1662839740,"status":200,"resp_time":0.179349}
{"time":"September 11, 1:50 am","ts":1662841212,"status":200,"resp_time":0.115253}
{"time":"September 11, 2:08 am","ts":1662842339,"status":200,"resp_time":0.096426}
{"time":"September 11, 2:21 am","ts":1662843102,"status":200,"resp_time":0.175649}
{"time":"September 11, 2:46 am","ts":1662844566,"status":200,"resp_time":0.184678}
{"time":"September 11, 3:04 am","ts":1662845659,"status":200,"resp_time":0.106041}
{"time":"September 11, 3:18 am","ts":1662846490,"status":200,"resp_time":0.192899}
{"time":"September 11, 3:28 am","ts":1662847105,"status":200,"resp_time":0.106416}
{"time":"September 11, 3:55 am","ts":1662848726,"status":200,"resp_time":0.196872}
{"time":"September 11, 4:12 am","ts":1662849761,"status":200,"resp_time":0.152608}
{"time":"September 11, 4:25 am","ts":1662850535,"status":200,"resp_time":0.220119}
{"time":"September 11, 4:49 am","ts":1662851962,"status":200,"resp_time":0.126156}
{"time":"September 11, 5:08 am","ts":1662853134,"status":200,"resp_time":0.171927}
{"time":"September 11, 5:24 am","ts":1662854078,"status":200,"resp_time":0.156624}
{"time":"September 11, 7:30 am","ts":1662861612,"status":200,"resp_time":0.120025}
{"time":"September 11, 9:40 am","ts":1662869426,"status":200,"resp_time":0.100413}
{"time":"September 11, 10:45 am","ts":1662873304,"status":200,"resp_time":0.140014}
{"time":"September 11, 11:21 am","ts":1662875468,"status":200,"resp_time":0.097281}
{"time":"September 11, 11:54 am","ts":1662877459,"status":200,"resp_time":0.099856}
{"time":"September 11, 12:21 pm","ts":1662879079,"status":200,"resp_time":0.152807}
{"time":"September 11, 12:47 pm","ts":1662880634,"status":200,