{"time":"August 31, 7:42 am","ts":1661911937,"status":200,"resp_time":0.103555}
{"time":"August 31, 10:08 am","ts":1661920694,"status":200,"resp_time":0.149839}
{"time":"August 31, 11:43 am","ts":1661926439,"status":200,"resp_time":0.074573}
{"time":"August 31, 12:40 pm","ts":1661929821,"status":200,"resp_time":0.181253}
{"time":"August 31, 1:18 pm","ts":1661932124,"status":200,"resp_time":0.298492}
{"time":"August 31, 1:30 pm","ts":1661932808,"status":200,"resp_time":0.428207}
{"time":"August 31, 2:02 pm","ts":1661934735,"status":200,"resp_time":0.087924}
{"time":"August 31, 2:24 pm","ts":1661936043,"status":200,"resp_time":0.115316}
{"time":"August 31, 2:47 pm","ts":1661937478,"status":200,"resp_time":0.187904}
{"time":"August 31, 3:09 pm","ts":1661938745,"status":200,"resp_time":0.091261}
{"time":"August 31, 3:21 pm","ts":1661939495,"status":200,"resp_time":0.076207}
{"time":"August 31, 3:49 pm","ts":1661941155,"status":200,"resp_time":0.331087}
{"time":"August 31, 4:09 pm","ts":1661942397,"status":200,"resp_time":0.139332}
{"time":"August 31, 4:22 pm","ts":1661943128,"status":200,"resp_time":0.270632}
{"time":"August 31, 4:45 pm","ts":1661944506,"status":200,"resp_time":0.128485}
{"time":"August 31, 5:00 pm","ts":1661945458,"status":200,"resp_time":0.309688}
{"time":"August 31, 5:15 pm","ts":1661946329,"status":200,"resp_time":0.345101}
{"time":"August 31, 5:25 pm","ts":1661946948,"status":200,"resp_time":0.395357}
{"time":"August 31, 6:10 pm","ts":1661949656,"status":200,"resp_time":0.193399}
{"time":"August 31, 6:59 pm","ts":1661952578,"status":200,"resp_time":0.389864}
{"time":"August 31, 7:28 pm","ts":1661954319,"status":200,"resp_time":0.134814}
{"time":"August 31, 7:54 pm","ts":1661955853,"status":200,"resp_time":0.112467}
{"time":"August 31, 8:10 pm","ts":1661956856,"status":200,"resp_time":0.187533}
{"time":"August 31, 8:25 pm","ts":1661957729,"status":200,"resp_time":0.198485}
{"time":"August 31, 8:48 pm","ts":1661959139,"status":200,"resp_time":0.407509}
{"time":"August 31, 9:09 pm","ts":1661960375,"status":200,"resp_time":0.130081}
{"time":"August 31, 9:23 pm","ts":1661961187,"status":200,"resp_time":0.120098}
{"time":"August 31, 9:55 pm","ts":1661963119,"status":200,"resp_time":0.17592}
{"time":"August 31, 10:28 pm","ts":1661965106,"status":200,"resp_time":0.099022}
{"time":"August 31, 10:57 pm","ts":1661966820,"status":200,"resp_time":0.408584}
{"time":"August 31, 11:13 pm","ts":1661967814,"status":200,"resp_time":0.144792}
{"time":"August 31, 11:25 pm","ts":1661968543,"status":200,"resp_time":0.204351}
{"time":"August 31, 11:53 pm","ts":1661970180,"status":200,"resp_time":0.100364}
{"time":"September 1, 12:16 am","ts":1661971617,"status":200,"resp_time":0.191225}
{"time":"September 1, 12:28 am","ts":1661972303,"status":200,"resp_time":0.172582}
{"time":"September 1, 12:51 am","ts":1661973667,"status":200,"resp_time":0.197487}
{"time":"September 1, 1:06 am","ts":1661974615,"status":200,"resp_time":0.098501}
{"time":"September 1, 1:17 am","ts":1661975246,"status":200,"resp_time":0.176801}
{"time":"September 1, 1:27 am","ts":1661975873,"status":200,"resp_time":0.115036}
{"time":"September 1, 1:55 am","ts":1661977544,"status":200,"resp_time":0.10141}
{"time":"September 1, 2:12 am","ts":1661978533,"status":200,"resp_time":0.110171}
{"time":"September 1, 2:25 am","ts":1661979339,"status":200,"resp_time":0.227632}
{"time":"September 1, 2:46 am","ts":1661980607,"status":200,"resp_time":0.256088}
{"time":"September 1, 3:02 am","ts":1661981532,"status":200,"resp_time":0.164202}
{"time":"September 1, 3:16 am","ts":1661982385,"status":200,"resp_time":0.192653}
{"time":"September 1, 3:26 am","ts":1661983005,"status":200,"resp_time":0.143165}
{"time":"September 1, 3:53 am","ts":1661984589,"status":200,"resp_time":0.219709}
{"time":"September 1, 4:12 am","ts":1661985740,"status":200,"resp_time":0.159137}
{"time":"September 1, 4:25 am","ts":1661986538,"status":200,"resp_time":0.129311}
{"time":"September 1, 4:49 am","ts":1661987949,"status":200,"resp_time":0.090309}
{"time":"September 1, 5:08 am","ts":1661989087,"status":200,"resp_time":0.151155}
{"time":"September 1, 5:22 am","ts":1661989920,"status":200,"resp_time":0.192511}
{"time":"September 1, 7:19 am","ts":1661996986,"status":200,"resp_time":0.133455}
{"time":"September 1, 9:28 am","ts":1662004737,"status":200,"resp_time":0.072112}
{"time":"September 1, 10:48 am","ts":1662009535,"status":200,"resp_time":0.139606}
{"time":"September 1, 11:31 am","ts":1662012066,"status":200,"resp_time":0.160465}
{"time":"September 1, 12:13 pm","ts":1662014637,"status":200,"resp_time":0.184301}
{"time":"September 1, 12:35 pm","ts":1662015900,"status":200,"resp_time":0.089804}
{"time":"September 1, 1:00 pm","ts":1662017408,"status":200,"resp_time":0.102255}
{"time":"September 1, 1:14 pm","ts":1662018242,"status":200,"resp_time":0.107214}
{"time":"September 1, 1:25 pm","ts":1662018934,"status":200,"resp_time":0.105404}
{"time":"September 1, 1:56 pm","ts":1662020774,"status":200,"resp_time":0.127535}
{"time":"September 1, 2:19 pm","ts":1662022196,"status":200,"resp_time":0.14553}
{"time":"September 1, 2:31 pm","ts":1662022907,"status":200,"resp_time":0.183949}
{"time":"September 1, 2:59 pm","ts":1662024563,"status":200,"resp_time":0.108567}
{"time":"September 1, 3:15 pm","ts":1662025540,"status":200,"resp_time":0.505785}
{"time":"September 1, 3:26 pm","ts":1662026165,"status":200,"resp_time":0.16103}
{"time":"September 1, 3:52 pm","ts":1662027735,"status":200,"resp_time":0.083078}
{"time":"September 1, 4:13 pm","ts":1662029023,"status":200,"resp_time":0.087014}
{"time":"September 1, 4:25 pm","ts":1662029729,"status":200,"resp_time":0.123456}
{"time":"September 1, 4:46 pm","ts":1662030969,"status":200,"resp_time":0.113085}
{"time":"September 1, 5:01 pm","ts":1662031915,"status":200,"resp_time":0.196872}
{"time":"September 1, 5:15 pm","ts":1662032733,"status":200,"resp_time":0.072154}
{"time":"September 1, 5:26 pm","ts":1662033363,"status":200,"resp_time":0.117663}
{"time":"September 1, 6:10 pm","ts":1662036011,"status":200,"resp_time":0.21886}
{"time":"September 1, 6:53 pm","ts":1662038610,"status":200,"resp_time":0.077676}
{"time":"September 1, 7:22 pm","ts":1662040376,"status":200,"resp_time":0.311278}
{"time":"September 1, 7:46 pm","ts":1662041780,"status":200,"resp_time":0.112154}
{"time":"September 1, 8:03 pm","ts":1662042808,"status":200,"resp_time":0.189504}
{"time":"September 1, 8:16 pm","ts":1662043604,"status":200,"resp_time":0.192605}
{"time":"September 1, 8:27 pm","ts":1662044226,"status":200,"resp_time":0.140018}
{"time":"September 1, 8:55 pm","ts":1662045941,"status":200,"resp_time":0.194062}
{"time":"September 1, 9:15 pm","ts":1662047139,"status":200,"resp_time":0.124527}
{"time":"September 1, 9:26 pm","ts":1662047798,"status":200,"resp_time":0.108302}
{"time":"September 1, 10:00 pm","ts":1662049832,"status":200,"resp_time":0.229851}
{"time":"September 1, 10:32 pm","ts":1662051766,"status":200,"resp_time":0.186639}
{"time":"September 1, 11:02 pm","ts":1662053562,"status":200,"resp_time":0.173111}
{"time":"September 1, 11:19 pm","ts":1662054565,"status":200,"resp_time":0.116138}
{"time":"September 1, 11:29 pm","ts":1662055185,"status":200,"resp_time":0.150514}
{"time":"September 2, 12:03 am","ts":1662057182,"status":200,"resp_time":0.131396}
{"time":"September 2, 12:24 am","ts":1662058476,"status":200,"resp_time":0.100944}
{"time":"September 2, 12:44 am","ts":1662059679,"status":200,"resp_time":0.179181}
{"time":"September 2, 12:58 am","ts":1662060515,"status":200,"resp_time":0.217373}
{"time":"September 2, 1:10 am","ts":1662061206,"status":200,"resp_time":0.209228}
{"time":"September 2, 1:20 am","ts":1662061825,"status":200,"resp_time":0.199695}
{"time":"September 2, 1:48 am","ts":1662063532,"status":200,"resp_time":0.211895}
{"time":"September 2, 2:07 am","ts":1662064636,"status":200,"resp_time":0.121717}
{"time":"September 2, 2:19 am","ts":1662065397,"status":200,