{"time":"September 21, 9:20 pm","ts":1663775425,"status":200,"resp_time":0.164094}
{"time":"September 21, 9:59 pm","ts":1663777786,"status":200,"resp_time":0.082889}
{"time":"September 21, 10:40 pm","ts":1663780239,"status":200,"resp_time":0.16507}
{"time":"September 21, 11:17 pm","ts":1663782421,"status":200,"resp_time":0.192453}
{"time":"September 21, 11:29 pm","ts":1663783189,"status":200,"resp_time":0.200595}
{"time":"September 22, 12:07 am","ts":1663785462,"status":200,"resp_time":0.113458}
{"time":"September 22, 12:30 am","ts":1663786848,"status":200,"resp_time":0.108017}
{"time":"September 22, 12:58 am","ts":1663788493,"status":200,"resp_time":0.143053}
{"time":"September 22, 1:13 am","ts":1663789380,"status":200,"resp_time":0.201918}
{"time":"September 22, 1:25 am","ts":1663790144,"status":200,"resp_time":0.173416}
{"time":"September 22, 1:51 am","ts":1663791716,"status":200,"resp_time":0.135901}
{"time":"September 22, 2:14 am","ts":1663793093,"status":200,"resp_time":0.120066}
{"time":"September 22, 2:26 am","ts":1663793793,"status":200,"resp_time":0.127697}
{"time":"September 22, 2:50 am","ts":1663795235,"status":200,"resp_time":0.15629}
{"time":"September 22, 3:12 am","ts":1663796560,"status":200,"resp_time":0.106768}
{"time":"September 22, 3:25 am","ts":1663797331,"status":200,"resp_time":0.103257}
{"time":"September 22, 3:51 am","ts":1663798913,"status":200,"resp_time":0.076239}
{"time":"September 22, 4:16 am","ts":1663800373,"status":200,"resp_time":0.086588}
{"time":"September 22, 4:27 am","ts":1663801027,"status":200,"resp_time":0.143312}
{"time":"September 22, 4:56 am","ts":1663802816,"status":200,"resp_time":0.095647}
{"time":"September 22, 5:18 am","ts":1663804097,"status":200,"resp_time":0.121483}
{"time":"September 22, 6:00 am","ts":1663806659,"status":200,"resp_time":0.122856}
{"time":"September 22, 8:49 am","ts":1663816783,"status":200,"resp_time":0.084876}
{"time":"September 22, 10:29 am","ts":1663822778,"status":200,"resp_time":0.233789}
{"time":"September 22, 11:40 am","ts":1663827020,"status":200,"resp_time":0.147306}
{"time":"September 22, 12:33 pm","ts":1663830211,"status":200,"resp_time":0.134679}
{"time":"September 22, 1:15 pm","ts":1663832752,"status":200,"resp_time":0.09721}
{"time":"September 22, 1:30 pm","ts":1663833642,"status":200,"resp_time":0.126332}
{"time":"September 22, 2:10 pm","ts":1663836024,"status":200,"resp_time":0.113062}
{"time":"September 22, 2:32 pm","ts":1663837356,"status":200,"resp_time":0.111444}
{"time":"September 22, 3:05 pm","ts":1663839322,"status":200,"resp_time":0.084044}
{"time":"September 22, 3:23 pm","ts":1663840426,"status":200,"resp_time":0.151113}
{"time":"September 22, 3:51 pm","ts":1663842078,"status":200,"resp_time":0.171584}
{"time":"September 22, 4:16 pm","ts":1663843606,"status":200,"resp_time":0.144757}
{"time":"September 22, 4:27 pm","ts":1663844273,"status":200,"resp_time":0.146406}
{"time":"September 22, 4:53 pm","ts":1663845787,"status":200,"resp_time":0.083654}
{"time":"September 22, 5:10 pm","ts":1663846844,"status":200,"resp_time":0.088438}
{"time":"September 22, 5:25 pm","ts":1663847734,"status":200,"resp_time":0.134968}
{"time":"September 22, 6:10 pm","ts":1663850408,"status":200,"resp_time":0.144355}
{"time":"September 22, 7:02 pm","ts":1663853553,"status":200,"resp_time":0.13121}
{"time":"September 22, 7:38 pm","ts":1663855732,"status":200,"resp_time":0.179863}
{"time":"September 22, 8:08 pm","ts":1663857518,"status":200,"resp_time":0.121063}
{"time":"September 22, 8:24 pm","ts":1663858467,"status":200,"resp_time":0.139089}
{"time":"September 22, 8:50 pm","ts":1663860028,"status":200,"resp_time":0.171405}
{"time":"September 22, 9:18 pm","ts":1663861684,"status":200,"resp_time":0.154974}
{"time":"September 22, 9:29 pm","ts":1663862398,"status":200,"resp_time":0.191023}
{"time":"September 22, 10:11 pm","ts":1663864898,"status":200,"resp_time":0.105534}
{"time":"September 22, 10:49 pm","ts":1663867144,"status":200,"resp_time":0.462339}
{"time":"September 22, 11:17 pm","ts":1663868852,"status":200,"resp_time":0.120994}
{"time":"September 22, 11:29 pm","ts":1663869570,"status":200,"resp_time":0.082256}
{"time":"September 23, 12:04 am","ts":1663871640,"status":200,"resp_time":0.16501}
{"time":"September 23, 12:26 am","ts":1663873003,"status":200,"resp_time":0.237493}
{"time":"September 23, 12:49 am","ts":1663874384,"status":200,"resp_time":0.190603}
{"time":"September 23, 1:03 am","ts":1663875221,"status":200,"resp_time":0.177597}
{"time":"September 23, 1:16 am","ts":1663875970,"status":200,"resp_time":0.193015}
{"time":"September 23, 1:26 am","ts":1663876599,"status":200,"resp_time":0.148026}
{"time":"September 23, 1:55 am","ts":1663878327,"status":200,"resp_time":0.199149}
{"time":"September 23, 2:15 am","ts":1663879530,"status":200,"resp_time":0.198823}
{"time":"September 23, 2:27 am","ts":1663880225,"status":200,"resp_time":0.084214}
{"time":"September 23, 2:52 am","ts":1663881752,"status":200,"resp_time":0.087824}
{"time":"September 23, 3:13 am","ts":1663883002,"status":200,"resp_time":0.091149}
{"time":"September 23, 3:25 am","ts":1663883730,"status":200,"resp_time":0.109144}
{"time":"September 23, 3:51 am","ts":1663885270,"status":200,"resp_time":0.183704}
{"time":"September 23, 4:15 am","ts":1663886708,"status":200,"resp_time":0.212965}
{"time":"September 23, 4:26 am","ts":1663887387,"status":200,"resp_time":0.18677}
{"time":"September 23, 4:54 am","ts":1663889097,"status":200,"resp_time":0.148936}
{"time":"September 23, 5:16 am","ts":1663890360,"status":200,"resp_time":0.084053}
{"time":"September 23, 5:29 am","ts":1663891180,"status":200,"resp_time":0.150037}
{"time":"September 23, 8:20 am","ts":1663901453,"status":200,"resp_time":0.085092}
{"time":"September 23, 10:17 am","ts":1663908441,"status":200,"resp_time":0.280107}
{"time":"September 23, 11:24 am","ts":1663912448,"status":200,"resp_time":0.103775}
{"time":"September 23, 12:17 pm","ts":1663915621,"status":200,"resp_time":0.087554}
{"time":"September 23, 12:51 pm","ts":1663917687,"status":200,"resp_time":0.071447}
{"time":"September 23, 1:24 pm","ts":1663919655,"status":200,"resp_time":0.125014}
{"time":"September 23, 1:55 pm","ts":1663921537,"status":200,"resp_time":0.107085}
{"time":"September 23, 2:24 pm","ts":1663923260,"status":200,"resp_time":0.112049}
{"time":"September 23, 2:52 pm","ts":1663924934,"status":200,"resp_time":0.638878}
{"time":"September 23, 3:16 pm","ts":1663926402,"status":200,"resp_time":0.093283}
{"time":"September 23, 3:27 pm","ts":1663927070,"status":200,"resp_time":0.076026}
{"time":"September 23, 4:00 pm","ts":1663929003,"status":200,"resp_time":0.12277}
{"time":"September 23, 4:19 pm","ts":1663930197,"status":200,"resp_time":0.080192}
{"time":"September 23, 4:30 pm","ts":1663930817,"status":200,"resp_time":0.185696}
{"time":"September 23, 4:58 pm","ts":1663932518,"status":200,"resp_time":0.124267}
{"time":"September 23, 5:14 pm","ts":1663933472,"status":200,"resp_time":0.11196}
{"time":"September 23, 5:25 pm","ts":1663934133,"status":200,"resp_time":0.182324}
{"time":"September 23, 6:09 pm","ts":1663936768,"status":200,"resp_time":0.101078}
{"time":"September 23, 7:03 pm","ts":1663940005,"status":200,"resp_time":0.110991}
{"time":"September 23, 7:48 pm","ts":1663942706,"status":200,"resp_time":0.143143}
{"time":"September 23, 8:19 pm","ts":1663944582,"status":200,"resp_time":0.178793}
{"time":"September 23, 8:37 pm","ts":1663945641,"status":200,"resp_time":0.193664}
{"time":"September 23, 9:08 pm","ts":1663947488,"status":200,"resp_time":0.091305}
{"time":"September 23, 9:27 pm","ts":1663948621,"status":200,"resp_time":0.200094}
{"time":"September 23, 10:06 pm","ts":1663950996,"status":200,"resp_time":0.154076}
{"time":"September 23, 10:46 pm","ts":1663953385,"status":200,"resp_time":0.245347}
{"time":"September 23, 11:18 pm","ts":1663955321,"status":200,"resp_time":0.08111}
{"time":"September 23, 11:37 pm","ts":1663956452,"status":200,