{"time":"August 20, 2:26 pm","ts":1660985796,"status":200,"resp_time":0.08512}
{"time":"August 20, 2:49 pm","ts":1660987153,"status":200,"resp_time":0.180897}
{"time":"August 20, 3:04 pm","ts":1660988081,"status":200,"resp_time":0.128835}
{"time":"August 20, 3:16 pm","ts":1660988780,"status":200,"resp_time":0.083383}
{"time":"August 20, 3:26 pm","ts":1660989403,"status":200,"resp_time":0.150496}
{"time":"August 20, 3:52 pm","ts":1660990924,"status":200,"resp_time":0.191893}
{"time":"August 20, 4:11 pm","ts":1660992076,"status":200,"resp_time":0.104557}
{"time":"August 20, 4:25 pm","ts":1660992936,"status":200,"resp_time":0.169832}
{"time":"August 20, 4:44 pm","ts":1660994098,"status":200,"resp_time":0.125992}
{"time":"August 20, 4:59 pm","ts":1660994974,"status":200,"resp_time":0.105136}
{"time":"August 20, 5:10 pm","ts":1660995619,"status":200,"resp_time":0.121876}
{"time":"August 20, 5:25 pm","ts":1660996537,"status":200,"resp_time":0.159531}
{"time":"August 20, 6:01 pm","ts":1660998692,"status":200,"resp_time":0.097681}
{"time":"August 20, 6:36 pm","ts":1661000788,"status":200,"resp_time":0.159694}
{"time":"August 20, 7:05 pm","ts":1661002546,"status":200,"resp_time":0.10005}
{"time":"August 20, 7:18 pm","ts":1661003325,"status":200,"resp_time":0.094417}
{"time":"August 20, 7:29 pm","ts":1661003958,"status":200,"resp_time":0.101379}
{"time":"August 20, 7:51 pm","ts":1661005309,"status":200,"resp_time":0.15886}
{"time":"August 20, 8:08 pm","ts":1661006293,"status":200,"resp_time":0.146271}
{"time":"August 20, 8:18 pm","ts":1661006921,"status":200,"resp_time":0.109962}
{"time":"August 20, 8:28 pm","ts":1661007539,"status":200,"resp_time":0.106949}
{"time":"August 20, 8:55 pm","ts":1661009117,"status":200,"resp_time":0.188755}
{"time":"August 20, 9:11 pm","ts":1661010107,"status":200,"resp_time":0.187243}
{"time":"August 20, 9:25 pm","ts":1661010929,"status":200,"resp_time":0.20364}
{"time":"August 20, 9:53 pm","ts":1661012588,"status":200,"resp_time":0.146416}
{"time":"August 20, 10:23 pm","ts":1661014382,"status":200,"resp_time":0.136514}
{"time":"August 20, 10:47 pm","ts":1661015823,"status":200,"resp_time":0.121324}
{"time":"August 20, 11:04 pm","ts":1661016848,"status":200,"resp_time":0.139315}
{"time":"August 20, 11:15 pm","ts":1661017531,"status":200,"resp_time":0.129511}
{"time":"August 20, 11:25 pm","ts":1661018153,"status":200,"resp_time":0.099808}
{"time":"August 20, 11:52 pm","ts":1661019725,"status":200,"resp_time":0.212298}
{"time":"August 21, 12:14 am","ts":1661021084,"status":200,"resp_time":0.159344}
{"time":"August 21, 12:25 am","ts":1661021735,"status":200,"resp_time":0.123098}
{"time":"August 21, 12:44 am","ts":1661022848,"status":200,"resp_time":0.21724}
{"time":"August 21, 12:57 am","ts":1661023646,"status":200,"resp_time":0.192512}
{"time":"August 21, 1:08 am","ts":1661024324,"status":200,"resp_time":0.163938}
{"time":"August 21, 1:19 am","ts":1661024959,"status":200,"resp_time":0.119146}
{"time":"August 21, 1:29 am","ts":1661025579,"status":200,"resp_time":0.185844}
{"time":"August 21, 1:55 am","ts":1661027128,"status":200,"resp_time":0.107853}
{"time":"August 21, 2:10 am","ts":1661028039,"status":200,"resp_time":0.102278}
{"time":"August 21, 2:25 am","ts":1661028944,"status":200,"resp_time":0.157055}
{"time":"August 21, 2:46 am","ts":1661030201,"status":200,"resp_time":0.09539}
{"time":"August 21, 3:04 am","ts":1661031285,"status":200,"resp_time":0.087715}
{"time":"August 21, 3:20 am","ts":1661032231,"status":200,"resp_time":0.089479}
{"time":"August 21, 3:46 am","ts":1661033785,"status":200,"resp_time":0.154232}
{"time":"August 21, 4:04 am","ts":1661034860,"status":200,"resp_time":0.123687}
{"time":"August 21, 4:16 am","ts":1661035568,"status":200,"resp_time":0.108781}
{"time":"August 21, 4:26 am","ts":1661036190,"status":200,"resp_time":0.110976}
{"time":"August 21, 4:48 am","ts":1661037528,"status":200,"resp_time":0.298797}
{"time":"August 21, 5:03 am","ts":1661038431,"status":200,"resp_time":0.159243}
{"time":"August 21, 5:15 am","ts":1661039157,"status":200,"resp_time":0.129381}
{"time":"August 21, 5:26 am","ts":1661039775,"status":200,"resp_time":0.098699}
{"time":"August 21, 7:27 am","ts":1661047031,"status":200,"resp_time":0.151757}
{"time":"August 21, 9:13 am","ts":1661053429,"status":200,"resp_time":0.154661}
{"time":"August 21, 9:51 am","ts":1661055666,"status":200,"resp_time":0.150941}
{"time":"August 21, 10:23 am","ts":1661057625,"status":200,"resp_time":0.160227}
{"time":"August 21, 10:48 am","ts":1661059099,"status":200,"resp_time":0.158766}
{"time":"August 21, 11:05 am","ts":1661060103,"status":200,"resp_time":0.214606}
{"time":"August 21, 11:15 am","ts":1661060734,"status":200,"resp_time":0.157831}
{"time":"August 21, 11:25 am","ts":1661061358,"status":200,"resp_time":0.138032}
{"time":"August 21, 11:53 am","ts":1661062996,"status":200,"resp_time":0.188483}
{"time":"August 21, 12:16 pm","ts":1661064399,"status":200,"resp_time":0.15132}
{"time":"August 21, 12:27 pm","ts":1661065031,"status":200,"resp_time":0.084585}
{"time":"August 21, 12:49 pm","ts":1661066394,"status":200,"resp_time":0.077023}
{"time":"August 21, 1:02 pm","ts":1661067178,"status":200,"resp_time":0.121218}
{"time":"August 21, 1:15 pm","ts":1661067936,"status":200,"resp_time":0.086776}
{"time":"August 21, 1:26 pm","ts":1661068562,"status":200,"resp_time":0.113523}
{"time":"August 21, 1:53 pm","ts":1661070181,"status":200,"resp_time":0.080117}
{"time":"August 21, 2:14 pm","ts":1661071448,"status":200,"resp_time":0.174756}
{"time":"August 21, 2:25 pm","ts":1661072136,"status":200,"resp_time":0.106335}
{"time":"August 21, 2:46 pm","ts":1661073413,"status":200,"resp_time":0.109021}
{"time":"August 21, 3:03 pm","ts":1661074412,"status":200,"resp_time":0.161642}
{"time":"August 21, 3:16 pm","ts":1661075214,"status":200,"resp_time":0.095156}
{"time":"August 21, 3:27 pm","ts":1661075834,"status":200,"resp_time":0.157633}
{"time":"August 21, 3:53 pm","ts":1661077420,"status":200,"resp_time":0.127811}
{"time":"August 21, 4:11 pm","ts":1661078475,"status":200,"resp_time":0.180883}
{"time":"August 21, 4:25 pm","ts":1661079329,"status":200,"resp_time":0.094647}
{"time":"August 21, 4:44 pm","ts":1661080486,"status":200,"resp_time":0.09246}
{"time":"August 21, 4:59 pm","ts":1661081376,"status":200,"resp_time":0.094626}
{"time":"August 21, 5:10 pm","ts":1661082021,"status":200,"resp_time":0.109014}
{"time":"August 21, 5:25 pm","ts":1661082941,"status":200,"resp_time":0.149787}
{"time":"August 21, 6:01 pm","ts":1661085079,"status":200,"resp_time":0.103342}
{"time":"August 21, 6:36 pm","ts":1661087195,"status":200,"resp_time":0.177551}
{"time":"August 21, 7:06 pm","ts":1661088970,"status":200,"resp_time":0.171636}
{"time":"August 21, 7:19 pm","ts":1661089750,"status":200,"resp_time":0.121792}
{"time":"August 21, 7:29 pm","ts":1661090371,"status":200,"resp_time":0.186635}
{"time":"August 21, 7:51 pm","ts":1661091709,"status":200,"resp_time":0.148271}
{"time":"August 21, 8:08 pm","ts":1661092685,"status":200,"resp_time":0.197364}
{"time":"August 21, 8:18 pm","ts":1661093304,"status":200,"resp_time":0.140038}
{"time":"August 21, 8:28 pm","ts":1661093930,"status":200,"resp_time":0.106509}
{"time":"August 21, 8:54 pm","ts":1661095489,"status":200,"resp_time":0.144239}
{"time":"August 21, 9:11 pm","ts":1661096514,"status":200,"resp_time":0.120823}
{"time":"August 21, 9:25 pm","ts":1661097329,"status":200,"resp_time":0.167993}
{"time":"August 21, 9:54 pm","ts":1661099054,"status":200,"resp_time":0.113428}
{"time":"August 21, 10:23 pm","ts":1661100830,"status":200,"resp_time":0.13485}
{"time":"August 21, 10:47 pm","ts":1661102245,"status":200,"resp_time":0.15384}
{"time":"August 21, 11:04 pm","ts":1661103270,"status":200,"resp_time":0.246289}
