{"time":"October 20, 5:24 am","ts":1666223642,"status":200,"resp_time":0.129183}
{"time":"October 20, 7:30 am","ts":1666231228,"status":200,"resp_time":0.140957}
{"time":"October 20, 9:38 am","ts":1666238887,"status":200,"resp_time":0.091549}
{"time":"October 20, 10:42 am","ts":1666242754,"status":200,"resp_time":0.090408}
{"time":"October 20, 11:25 am","ts":1666245303,"status":200,"resp_time":0.099579}
{"time":"October 20, 12:04 pm","ts":1666247677,"status":200,"resp_time":0.136633}
{"time":"October 20, 12:44 pm","ts":1666250058,"status":200,"resp_time":0.126318}
{"time":"October 20, 1:14 pm","ts":1666251894,"status":200,"resp_time":0.095186}
{"time":"October 20, 1:29 pm","ts":1666252742,"status":200,"resp_time":0.112459}
{"time":"October 20, 2:08 pm","ts":1666255091,"status":200,"resp_time":0.135443}
{"time":"October 20, 2:33 pm","ts":1666256580,"status":200,"resp_time":0.123124}
{"time":"October 20, 3:08 pm","ts":1666258737,"status":200,"resp_time":0.126049}
{"time":"October 20, 3:28 pm","ts":1666259926,"status":200,"resp_time":0.076716}
{"time":"October 20, 4:04 pm","ts":1666262071,"status":200,"resp_time":0.071561}
{"time":"October 20, 4:27 pm","ts":1666263459,"status":200,"resp_time":0.090181}
{"time":"October 20, 4:55 pm","ts":1666265141,"status":200,"resp_time":0.080828}
{"time":"October 20, 5:14 pm","ts":1666266283,"status":200,"resp_time":0.177328}
{"time":"October 20, 5:26 pm","ts":1666266990,"status":200,"resp_time":0.084034}
{"time":"October 20, 6:23 pm","ts":1666270409,"status":200,"resp_time":0.148542}
{"time":"October 20, 7:28 pm","ts":1666274313,"status":200,"resp_time":0.094812}
{"time":"October 20, 8:07 pm","ts":1666276668,"status":200,"resp_time":0.217345}
{"time":"October 20, 8:29 pm","ts":1666277984,"status":200,"resp_time":0.18976}
{"time":"October 20, 9:04 pm","ts":1666280099,"status":200,"resp_time":0.118073}
{"time":"October 20, 9:29 pm","ts":1666281541,"status":200,"resp_time":0.448821}
{"time":"October 20, 10:18 pm","ts":1666284481,"status":200,"resp_time":0.124721}
{"time":"October 20, 10:58 pm","ts":1666286895,"status":200,"resp_time":0.198574}
{"time":"October 20, 11:38 pm","ts":1666289332,"status":200,"resp_time":0.208361}
{"time":"October 21, 12:26 am","ts":1666292194,"status":200,"resp_time":0.088032}
{"time":"October 21, 12:58 am","ts":1666294113,"status":200,"resp_time":0.117996}
{"time":"October 21, 1:18 am","ts":1666295311,"status":200,"resp_time":0.15382}
{"time":"October 21, 1:28 am","ts":1666295934,"status":200,"resp_time":0.173637}
{"time":"October 21, 2:02 am","ts":1666297959,"status":200,"resp_time":0.151459}
{"time":"October 21, 2:23 am","ts":1666299223,"status":200,"resp_time":0.163725}
{"time":"October 21, 2:49 am","ts":1666300784,"status":200,"resp_time":0.102469}
{"time":"October 21, 3:11 am","ts":1666302082,"status":200,"resp_time":0.21909}
{"time":"October 21, 3:27 am","ts":1666303042,"status":200,"resp_time":0.120246}
{"time":"October 21, 3:58 am","ts":1666304903,"status":200,"resp_time":0.235536}
{"time":"October 21, 4:21 am","ts":1666306304,"status":200,"resp_time":0.463147}
{"time":"October 21, 4:56 am","ts":1666308385,"status":200,"resp_time":0.115277}
{"time":"October 21, 5:23 am","ts":1666310037,"status":200,"resp_time":0.097858}
{"time":"October 21, 7:14 am","ts":1666316672,"status":200,"resp_time":0.182386}
{"time":"October 21, 8:58 am","ts":1666322932,"status":200,"resp_time":0.092441}
{"time":"October 21, 10:19 am","ts":1666327767,"status":200,"resp_time":0.144491}
{"time":"October 21, 11:11 am","ts":1666330890,"status":200,"resp_time":0.133533}
{"time":"October 21, 11:49 am","ts":1666333187,"status":200,"resp_time":0.096259}
{"time":"October 21, 12:31 pm","ts":1666335683,"status":200,"resp_time":0.080251}
{"time":"October 21, 1:11 pm","ts":1666338066,"status":200,"resp_time":0.08959}
{"time":"October 21, 1:27 pm","ts":1666339022,"status":200,"resp_time":0.1963}
{"time":"October 21, 2:06 pm","ts":1666341376,"status":200,"resp_time":0.075928}
{"time":"October 21, 2:32 pm","ts":1666342926,"status":200,"resp_time":0.122499}
{"time":"October 21, 3:08 pm","ts":1666345133,"status":200,"resp_time":0.098061}
{"time":"October 21, 3:28 pm","ts":1666346337,"status":200,"resp_time":0.07663}
{"time":"October 21, 4:03 pm","ts":1666348429,"status":200,"resp_time":0.078945}
{"time":"October 21, 4:26 pm","ts":1666349787,"status":200,"resp_time":0.139973}
{"time":"October 21, 4:51 pm","ts":1666351310,"status":200,"resp_time":0.157899}
{"time":"October 21, 5:13 pm","ts":1666352634,"status":200,"resp_time":0.082818}
{"time":"October 21, 5:26 pm","ts":1666353390,"status":200,"resp_time":0.176761}
{"time":"October 21, 6:21 pm","ts":1666356701,"status":200,"resp_time":0.191122}
{"time":"October 21, 7:27 pm","ts":1666360626,"status":200,"resp_time":0.103868}
{"time":"October 21, 8:09 pm","ts":1666363161,"status":200,"resp_time":0.107214}
{"time":"October 21, 8:33 pm","ts":1666364618,"status":200,"resp_time":0.217358}
{"time":"October 21, 9:13 pm","ts":1666367018,"status":200,"resp_time":0.138433}
{"time":"October 21, 9:41 pm","ts":1666368684,"status":200,"resp_time":0.13014}
{"time":"October 21, 10:32 pm","ts":1666371743,"status":200,"resp_time":0.162962}
{"time":"October 21, 11:15 pm","ts":1666374301,"status":200,"resp_time":0.108016}
{"time":"October 21, 11:31 pm","ts":1666375313,"status":200,"resp_time":0.142817}
{"time":"October 22, 12:16 am","ts":1666377975,"status":200,"resp_time":0.123272}
{"time":"October 22, 12:41 am","ts":1666379484,"status":200,"resp_time":0.116085}
{"time":"October 22, 1:07 am","ts":1666381073,"status":200,"resp_time":0.170934}
{"time":"October 22, 1:21 am","ts":1666381898,"status":200,"resp_time":0.158144}
{"time":"October 22, 1:53 am","ts":1666383789,"status":200,"resp_time":0.096167}
{"time":"October 22, 2:17 am","ts":1666385260,"status":200,"resp_time":0.102805}
{"time":"October 22, 2:29 am","ts":1666385979,"status":200,"resp_time":0.119574}
{"time":"October 22, 2:57 am","ts":1666387659,"status":200,"resp_time":0.202228}
{"time":"October 22, 3:17 am","ts":1666388879,"status":200,"resp_time":0.12079}
{"time":"October 22, 3:28 am","ts":1666389494,"status":200,"resp_time":0.134093}
{"time":"October 22, 4:00 am","ts":1666391402,"status":200,"resp_time":0.48863}
{"time":"October 22, 4:21 am","ts":1666392718,"status":200,"resp_time":0.154373}
{"time":"October 22, 4:53 am","ts":1666394636,"status":200,"resp_time":0.115486}
{"time":"October 22, 5:21 am","ts":1666396269,"status":200,"resp_time":0.097654}
{"time":"October 22, 7:23 am","ts":1666403614,"status":200,"resp_time":0.115569}
{"time":"October 22, 9:28 am","ts":1666411117,"status":200,"resp_time":0.155213}
{"time":"October 22, 10:40 am","ts":1666415447,"status":200,"resp_time":0.089208}
{"time":"October 22, 11:24 am","ts":1666418078,"status":200,"resp_time":0.147125}
{"time":"October 22, 11:59 am","ts":1666420184,"status":200,"resp_time":0.189528}
{"time":"October 22, 12:30 pm","ts":1666422056,"status":200,"resp_time":0.087886}
{"time":"October 22, 1:03 pm","ts":1666424029,"status":200,"resp_time":0.134725}
{"time":"October 22, 1:21 pm","ts":1666425066,"status":200,"resp_time":0.169285}
{"time":"October 22, 1:57 pm","ts":1666427239,"status":200,"resp_time":0.133192}
{"time":"October 22, 2:26 pm","ts":1666428961,"status":200,"resp_time":0.076064}
{"time":"October 22, 2:54 pm","ts":1666430679,"status":200,"resp_time":0.100681}
{"time":"October 22, 3:18 pm","ts":1666432083,"status":200,"resp_time":0.087197}
{"time":"October 22, 3:29 pm","ts":1666432755,"status":200,"resp_time":0.065197}
{"time":"October 22, 4:01 pm","ts":1666434709,"status":200,"resp_time":0.065724}
{"time":"October 22, 4:24 pm","ts":1666436096,"status":200,"resp_time":0.451075}
{"time":"October 22, 4:46 pm","ts":1666437412,"status":200,"resp_time":0.070971}
{"time":"October 22, 5:05 pm","ts":1666438550,"status":200,"resp_time":0.168666}
