{"time":"November 4, 9:57 pm","ts":1667579248,"status":200,"resp_time":0.088254}
{"time":"November 4, 10:28 pm","ts":1667581137,"status":200,"resp_time":0.109402}
{"time":"November 4, 10:56 pm","ts":1667582773,"status":200,"resp_time":0.09765}
{"time":"November 4, 11:13 pm","ts":1667583783,"status":200,"resp_time":0.260829}
{"time":"November 4, 11:25 pm","ts":1667584545,"status":200,"resp_time":0.098888}
{"time":"November 4, 11:53 pm","ts":1667586216,"status":200,"resp_time":0.114356}
{"time":"November 5, 12:16 am","ts":1667587601,"status":200,"resp_time":0.070861}
{"time":"November 5, 12:27 am","ts":1667588233,"status":200,"resp_time":0.109357}
{"time":"November 5, 12:48 am","ts":1667589494,"status":200,"resp_time":0.101176}
{"time":"November 5, 1:09 am","ts":1667590785,"status":200,"resp_time":0.117054}
{"time":"November 5, 1:20 am","ts":1667591409,"status":200,"resp_time":0.129663}
{"time":"November 5, 1:32 am","ts":1667592143,"status":200,"resp_time":0.169874}
{"time":"November 5, 2:01 am","ts":1667593911,"status":200,"resp_time":0.169582}
{"time":"November 5, 2:16 am","ts":1667594818,"status":200,"resp_time":0.116344}
{"time":"November 5, 2:27 am","ts":1667595448,"status":200,"resp_time":0.087419}
{"time":"November 5, 2:50 am","ts":1667596820,"status":200,"resp_time":0.08525}
{"time":"November 5, 3:08 am","ts":1667597926,"status":200,"resp_time":0.09955}
{"time":"November 5, 3:19 am","ts":1667598542,"status":200,"resp_time":0.200201}
{"time":"November 5, 3:29 am","ts":1667599160,"status":200,"resp_time":0.154843}
{"time":"November 5, 3:54 am","ts":1667600691,"status":200,"resp_time":0.088348}
{"time":"November 5, 4:10 am","ts":1667601650,"status":200,"resp_time":0.157544}
{"time":"November 5, 4:25 am","ts":1667602534,"status":200,"resp_time":0.185708}
{"time":"November 5, 4:51 am","ts":1667604090,"status":200,"resp_time":0.09938}
{"time":"November 5, 5:12 am","ts":1667605346,"status":200,"resp_time":0.09215}
{"time":"November 5, 5:25 am","ts":1667606137,"status":200,"resp_time":0.195738}
{"time":"November 5, 7:16 am","ts":1667612778,"status":200,"resp_time":0.232038}
{"time":"November 5, 8:43 am","ts":1667618033,"status":200,"resp_time":0.161337}
{"time":"November 5, 9:28 am","ts":1667620723,"status":200,"resp_time":0.226657}
{"time":"November 5, 10:04 am","ts":1667622870,"status":200,"resp_time":0.086675}
{"time":"November 5, 10:25 am","ts":1667624112,"status":200,"resp_time":0.266442}
{"time":"November 5, 10:45 am","ts":1667625331,"status":200,"resp_time":0.084386}
{"time":"November 5, 11:01 am","ts":1667626287,"status":200,"resp_time":0.15504}
{"time":"November 5, 11:25 am","ts":1667627753,"status":200,"resp_time":0.113755}
{"time":"November 5, 11:53 am","ts":1667629429,"status":200,"resp_time":0.108494}
{"time":"November 5, 12:16 pm","ts":1667630766,"status":200,"resp_time":0.113029}
{"time":"November 5, 12:26 pm","ts":1667631384,"status":200,"resp_time":0.10671}
{"time":"November 5, 12:48 pm","ts":1667632693,"status":200,"resp_time":0.078449}
{"time":"November 5, 1:01 pm","ts":1667633494,"status":200,"resp_time":0.079377}
{"time":"November 5, 1:15 pm","ts":1667634336,"status":200,"resp_time":0.075266}
{"time":"November 5, 1:25 pm","ts":1667634959,"status":200,"resp_time":0.126438}
{"time":"November 5, 1:53 pm","ts":1667636623,"status":200,"resp_time":0.096964}
{"time":"November 5, 2:25 pm","ts":1667638531,"status":200,"resp_time":0.148415}
{"time":"November 5, 2:47 pm","ts":1667639865,"status":200,"resp_time":0.137703}
{"time":"November 5, 3:03 pm","ts":1667640828,"status":200,"resp_time":0.103402}
{"time":"November 5, 3:15 pm","ts":1667641550,"status":200,"resp_time":0.131867}
{"time":"November 5, 3:26 pm","ts":1667642181,"status":200,"resp_time":0.102695}
{"time":"November 5, 3:52 pm","ts":1667643726,"status":200,"resp_time":0.07213}
{"time":"November 5, 4:25 pm","ts":1667645731,"status":200,"resp_time":0.175158}
{"time":"November 5, 4:44 pm","ts":1667646847,"status":200,"resp_time":0.076291}
{"time":"November 5, 4:58 pm","ts":1667647705,"status":200,"resp_time":0.251425}
{"time":"November 5, 5:09 pm","ts":1667648355,"status":200,"resp_time":0.18546}
{"time":"November 5, 5:29 pm","ts":1667649587,"status":200,"resp_time":0.191584}
{"time":"November 5, 6:14 pm","ts":1667652245,"status":200,"resp_time":0.084227}
{"time":"November 5, 6:45 pm","ts":1667654135,"status":200,"resp_time":0.104711}
{"time":"November 5, 7:10 pm","ts":1667655607,"status":200,"resp_time":0.217725}
{"time":"November 5, 7:20 pm","ts":1667656232,"status":200,"resp_time":0.114243}
{"time":"November 5, 7:44 pm","ts":1667657673,"status":200,"resp_time":0.098239}
{"time":"November 5, 8:00 pm","ts":1667658631,"status":200,"resp_time":0.212368}
{"time":"November 5, 8:15 pm","ts":1667659531,"status":200,"resp_time":0.091511}
{"time":"November 5, 8:25 pm","ts":1667660151,"status":200,"resp_time":0.159028}
{"time":"November 5, 8:48 pm","ts":1667661504,"status":200,"resp_time":0.149027}
{"time":"November 5, 9:05 pm","ts":1667662543,"status":200,"resp_time":0.104043}
{"time":"November 5, 9:17 pm","ts":1667663239,"status":200,"resp_time":0.191967}
{"time":"November 5, 9:27 pm","ts":1667663859,"status":200,"resp_time":0.066513}
{"time":"November 5, 10:00 pm","ts":1667665856,"status":200,"resp_time":0.197218}
{"time":"November 5, 10:26 pm","ts":1667667371,"status":200,"resp_time":0.216181}
{"time":"November 5, 10:47 pm","ts":1667668659,"status":200,"resp_time":0.164919}
{"time":"November 5, 11:03 pm","ts":1667669608,"status":200,"resp_time":0.074822}
{"time":"November 5, 11:15 pm","ts":1667670336,"status":200,"resp_time":0.125423}
{"time":"November 5, 11:26 pm","ts":1667670960,"status":200,"resp_time":0.084372}
{"time":"November 5, 11:52 pm","ts":1667672572,"status":200,"resp_time":0.088957}
{"time":"November 6, 12:13 am","ts":1667673834,"status":200,"resp_time":0.077206}
{"time":"November 6, 12:25 am","ts":1667674531,"status":200,"resp_time":0.167503}
{"time":"November 6, 12:44 am","ts":1667675670,"status":200,"resp_time":0.209134}
{"time":"November 6, 12:57 am","ts":1667676425,"status":200,"resp_time":0.073883}
{"time":"November 6, 1:08 am","ts":1667677099,"status":200,"resp_time":0.101222}
{"time":"November 6, 1:18 am","ts":1667677721,"status":200,"resp_time":0.282182}
{"time":"November 6, 1:29 am","ts":1667678352,"status":200,"resp_time":0.148352}
{"time":"November 6, 1:58 am","ts":1667680081,"status":200,"resp_time":0.099297}
{"time":"November 6, 2:13 am","ts":1667681025,"status":200,"resp_time":0.231164}
{"time":"November 6, 2:25 am","ts":1667681736,"status":200,"resp_time":0.079789}
{"time":"November 6, 2:45 am","ts":1667682934,"status":200,"resp_time":0.174483}
{"time":"November 6, 3:00 am","ts":1667683822,"status":200,"resp_time":0.192825}
{"time":"November 6, 3:15 am","ts":1667684732,"status":200,"resp_time":0.083935}
{"time":"November 6, 3:25 am","ts":1667685355,"status":200,"resp_time":0.205732}
{"time":"November 6, 3:47 am","ts":1667686668,"status":200,"resp_time":0.223906}
{"time":"November 6, 4:04 am","ts":1667687673,"status":200,"resp_time":0.155216}
{"time":"November 6, 4:15 am","ts":1667688359,"status":200,"resp_time":0.120198}
{"time":"November 6, 4:26 am","ts":1667688978,"status":200,"resp_time":0.125036}
{"time":"November 6, 4:51 am","ts":1667690469,"status":200,"resp_time":0.238692}
{"time":"November 6, 5:10 am","ts":1667691627,"status":200,"resp_time":0.110772}
{"time":"November 6, 5:25 am","ts":1667692531,"status":200,"resp_time":0.110757}
{"time":"November 6, 8:47 am","ts":1667704654,"status":200,"resp_time":0.114387}
{"time":"November 6, 9:29 am","ts":1667707177,"status":200,"resp_time":0.077585}
{"time":"November 6, 10:05 am","ts":1667709309,"status":200,"resp_time":0.160742}
{"time":"November 6, 10:25 am","ts":1667710511,"status":200,"resp_time":0.110911}
{"time":"November 6, 10:45 am","ts":1667711710,"status":200,"resp_time":0.098023}
{"time":"November 6, 11:01 am","ts":1667712665,"status":200,"resp_time":0.07907}
{"time":"November 6, 11:15 am",