{"time":"August 2, 4:27 pm","ts":1659437869,"status":200,"resp_time":0.113652}
{"time":"August 2, 4:49 pm","ts":1659439180,"status":200,"resp_time":0.191913}
{"time":"August 2, 5:01 pm","ts":1659439915,"status":200,"resp_time":0.080484}
{"time":"August 2, 5:15 pm","ts":1659440741,"status":200,"resp_time":0.099671}
{"time":"August 2, 5:26 pm","ts":1659441365,"status":200,"resp_time":0.151855}
{"time":"August 2, 6:12 pm","ts":1659444128,"status":200,"resp_time":0.127663}
{"time":"August 2, 6:59 pm","ts":1659446948,"status":200,"resp_time":0.094012}
{"time":"August 2, 7:26 pm","ts":1659448618,"status":200,"resp_time":0.194845}
{"time":"August 2, 7:50 pm","ts":1659450056,"status":200,"resp_time":0.120044}
{"time":"August 2, 8:09 pm","ts":1659451196,"status":200,"resp_time":0.187409}
{"time":"August 2, 8:20 pm","ts":1659451817,"status":200,"resp_time":0.159569}
{"time":"August 2, 8:48 pm","ts":1659453481,"status":200,"resp_time":0.262919}
{"time":"August 2, 9:08 pm","ts":1659454706,"status":200,"resp_time":0.18205}
{"time":"August 2, 9:21 pm","ts":1659455483,"status":200,"resp_time":0.190313}
{"time":"August 2, 9:53 pm","ts":1659457413,"status":200,"resp_time":0.153486}
{"time":"August 2, 10:31 pm","ts":1659459683,"status":200,"resp_time":0.207276}
{"time":"August 2, 11:04 pm","ts":1659461678,"status":200,"resp_time":0.133444}
{"time":"August 2, 11:20 pm","ts":1659462622,"status":200,"resp_time":0.197809}
{"time":"August 2, 11:51 pm","ts":1659464468,"status":200,"resp_time":0.181516}
{"time":"August 3, 12:16 am","ts":1659465968,"status":200,"resp_time":0.098523}
{"time":"August 3, 12:26 am","ts":1659466600,"status":200,"resp_time":0.162762}
{"time":"August 3, 12:46 am","ts":1659467780,"status":200,"resp_time":0.135234}
{"time":"August 3, 12:57 am","ts":1659468475,"status":200,"resp_time":0.133204}
{"time":"August 3, 1:09 am","ts":1659469146,"status":200,"resp_time":0.210338}
{"time":"August 3, 1:19 am","ts":1659469765,"status":200,"resp_time":0.109137}
{"time":"August 3, 1:29 am","ts":1659470387,"status":200,"resp_time":0.214202}
{"time":"August 3, 1:56 am","ts":1659472007,"status":200,"resp_time":0.142584}
{"time":"August 3, 2:12 am","ts":1659472972,"status":200,"resp_time":0.112047}
{"time":"August 3, 2:25 am","ts":1659473747,"status":200,"resp_time":0.128007}
{"time":"August 3, 2:46 am","ts":1659474978,"status":200,"resp_time":0.219377}
{"time":"August 3, 3:01 am","ts":1659475900,"status":200,"resp_time":0.160272}
{"time":"August 3, 3:15 am","ts":1659476730,"status":200,"resp_time":0.178019}
{"time":"August 3, 3:25 am","ts":1659477349,"status":200,"resp_time":0.115217}
{"time":"August 3, 3:49 am","ts":1659478786,"status":200,"resp_time":0.126263}
{"time":"August 3, 4:08 am","ts":1659479899,"status":200,"resp_time":0.131916}
{"time":"August 3, 4:20 am","ts":1659480633,"status":200,"resp_time":0.153636}
{"time":"August 3, 4:47 am","ts":1659482244,"status":200,"resp_time":0.148829}
{"time":"August 3, 5:05 am","ts":1659483325,"status":200,"resp_time":0.215221}
{"time":"August 3, 5:16 am","ts":1659484004,"status":200,"resp_time":0.44229}
{"time":"August 3, 5:27 am","ts":1659484625,"status":200,"resp_time":0.111757}
{"time":"August 3, 7:40 am","ts":1659492629,"status":200,"resp_time":0.199161}
{"time":"August 3, 9:31 am","ts":1659499292,"status":200,"resp_time":0.206019}
{"time":"August 3, 10:45 am","ts":1659503738,"status":200,"resp_time":0.122564}
{"time":"August 3, 11:20 am","ts":1659505820,"status":200,"resp_time":0.104308}
{"time":"August 3, 11:50 am","ts":1659507653,"status":200,"resp_time":0.110932}
{"time":"August 3, 12:17 pm","ts":1659509222,"status":200,"resp_time":0.272406}
{"time":"August 3, 12:27 pm","ts":1659509845,"status":200,"resp_time":0.189562}
{"time":"August 3, 12:50 pm","ts":1659511234,"status":200,"resp_time":0.076186}
{"time":"August 3, 1:08 pm","ts":1659512282,"status":200,"resp_time":0.156776}
{"time":"August 3, 1:18 pm","ts":1659512895,"status":200,"resp_time":0.092811}
{"time":"August 3, 1:28 pm","ts":1659513514,"status":200,"resp_time":0.074405}
{"time":"August 3, 2:03 pm","ts":1659515616,"status":200,"resp_time":0.178186}
{"time":"August 3, 2:23 pm","ts":1659516817,"status":200,"resp_time":0.403505}
{"time":"August 3, 2:46 pm","ts":1659518174,"status":200,"resp_time":0.131593}
{"time":"August 3, 3:08 pm","ts":1659519520,"status":200,"resp_time":0.198208}
{"time":"August 3, 3:17 pm","ts":1659520033,"status":200,"resp_time":0.149695}
{"time":"August 3, 3:27 pm","ts":1659520654,"status":200,"resp_time":0.107341}
{"time":"August 3, 3:56 pm","ts":1659522385,"status":200,"resp_time":0.089178}
{"time":"August 3, 4:12 pm","ts":1659523334,"status":200,"resp_time":0.353278}
{"time":"August 3, 4:25 pm","ts":1659524138,"status":200,"resp_time":0.127263}
{"time":"August 3, 4:45 pm","ts":1659525337,"status":200,"resp_time":0.147296}
{"time":"August 3, 5:00 pm","ts":1659526225,"status":200,"resp_time":0.133869}
{"time":"August 3, 5:15 pm","ts":1659527130,"status":200,"resp_time":0.111202}
{"time":"August 3, 5:26 pm","ts":1659527766,"status":200,"resp_time":0.138096}
{"time":"August 3, 6:09 pm","ts":1659530368,"status":200,"resp_time":0.139395}
{"time":"August 3, 6:55 pm","ts":1659533141,"status":200,"resp_time":0.131895}
{"time":"August 3, 7:26 pm","ts":1659534960,"status":200,"resp_time":0.099655}
{"time":"August 3, 7:46 pm","ts":1659536202,"status":200,"resp_time":0.122975}
{"time":"August 3, 8:01 pm","ts":1659537103,"status":200,"resp_time":0.291165}
{"time":"August 3, 8:15 pm","ts":1659537932,"status":200,"resp_time":0.169095}
{"time":"August 3, 8:25 pm","ts":1659538547,"status":200,"resp_time":0.102254}
{"time":"August 3, 8:51 pm","ts":1659540114,"status":200,"resp_time":0.254216}
{"time":"August 3, 9:16 pm","ts":1659541594,"status":200,"resp_time":0.239606}
{"time":"August 3, 9:27 pm","ts":1659542225,"status":200,"resp_time":0.468913}
{"time":"August 3, 10:01 pm","ts":1659544285,"status":200,"resp_time":0.191807}
{"time":"August 3, 10:30 pm","ts":1659546008,"status":200,"resp_time":0.180113}
{"time":"August 3, 10:55 pm","ts":1659547547,"status":200,"resp_time":0.160083}
{"time":"August 3, 11:11 pm","ts":1659548483,"status":200,"resp_time":0.124778}
{"time":"August 3, 11:25 pm","ts":1659549343,"status":200,"resp_time":0.170934}
{"time":"August 3, 11:52 pm","ts":1659550975,"status":200,"resp_time":0.159794}
{"time":"August 4, 12:16 am","ts":1659552388,"status":200,"resp_time":0.304076}
{"time":"August 4, 12:27 am","ts":1659553024,"status":200,"resp_time":0.174389}
{"time":"August 4, 12:47 am","ts":1659554237,"status":200,"resp_time":0.227275}
{"time":"August 4, 12:58 am","ts":1659554913,"status":200,"resp_time":0.19506}
{"time":"August 4, 1:09 am","ts":1659555575,"status":200,"resp_time":0.141476}
{"time":"August 4, 1:20 am","ts":1659556209,"status":200,"resp_time":0.166182}
{"time":"August 4, 1:32 am","ts":1659556931,"status":200,"resp_time":0.157312}
{"time":"August 4, 1:59 am","ts":1659558556,"status":200,"resp_time":0.120494}
{"time":"August 4, 2:14 am","ts":1659559456,"status":200,"resp_time":0.188552}
{"time":"August 4, 2:25 am","ts":1659560141,"status":200,"resp_time":0.122122}
{"time":"August 4, 2:46 am","ts":1659561409,"status":200,"resp_time":0.208836}
{"time":"August 4, 3:02 am","ts":1659562374,"status":200,"resp_time":0.211395}
{"time":"August 4, 3:15 am","ts":1659563149,"status":200,"resp_time":0.148689}
{"time":"August 4, 3:26 am","ts":1659563767,"status":200,"resp_time":0.165159}
{"time":"August 4, 3:49 am","ts":1659565146,"status":200,"resp_time":0.216535}
{"time":"August 4, 4:07 am","ts":1659566254,"status":200,"resp_time":0.198511}
{"time":"August 4, 4:18 am","ts":1659566918,"status":200,"resp_time":0.124972}
{"time":"August 4, 4:29 am","ts":1659567547,"status":200,"resp_time":0.170569}
{"time":"August 4, 4:55 am","ts":1659569117,"status":200,"resp_time":0.141109}
{"time":"August 4, 5:10 am","ts":1659570015,"status":200,"resp_time":0.112719}
