{"time":"August 19, 7:48 pm","ts":1660918721,"status":200,"resp_time":0.249199}
{"time":"August 19, 8:04 pm","ts":1660919646,"status":200,"resp_time":0.120259}
{"time":"August 19, 8:15 pm","ts":1660920349,"status":200,"resp_time":0.483037}
{"time":"August 19, 8:26 pm","ts":1660920970,"status":200,"resp_time":0.115386}
{"time":"August 19, 8:52 pm","ts":1660922576,"status":200,"resp_time":0.126971}
{"time":"August 19, 9:17 pm","ts":1660924020,"status":200,"resp_time":0.135255}
{"time":"August 19, 9:27 pm","ts":1660924659,"status":200,"resp_time":0.185418}
{"time":"August 19, 10:05 pm","ts":1660926957,"status":200,"resp_time":0.156294}
{"time":"August 19, 10:34 pm","ts":1660928680,"status":200,"resp_time":0.153069}
{"time":"August 19, 11:04 pm","ts":1660930463,"status":200,"resp_time":0.229737}
{"time":"August 19, 11:19 pm","ts":1660931384,"status":200,"resp_time":0.158929}
{"time":"August 19, 11:30 pm","ts":1660932012,"status":200,"resp_time":0.14699}
{"time":"August 20, 12:04 am","ts":1660934050,"status":200,"resp_time":0.200821}
{"time":"August 20, 12:25 am","ts":1660935324,"status":200,"resp_time":0.142119}
{"time":"August 20, 12:43 am","ts":1660936434,"status":200,"resp_time":0.174435}
{"time":"August 20, 12:57 am","ts":1660937271,"status":200,"resp_time":0.132577}
{"time":"August 20, 1:09 am","ts":1660937968,"status":200,"resp_time":0.081689}
{"time":"August 20, 1:19 am","ts":1660938580,"status":200,"resp_time":0.087121}
{"time":"August 20, 1:30 am","ts":1660939209,"status":200,"resp_time":0.164939}
{"time":"August 20, 1:56 am","ts":1660940818,"status":200,"resp_time":0.145948}
{"time":"August 20, 2:13 am","ts":1660941782,"status":200,"resp_time":0.18948}
{"time":"August 20, 2:25 am","ts":1660942537,"status":200,"resp_time":0.102584}
{"time":"August 20, 2:45 am","ts":1660943759,"status":200,"resp_time":0.242794}
{"time":"August 20, 3:02 am","ts":1660944723,"status":200,"resp_time":0.11126}
{"time":"August 20, 3:15 am","ts":1660945546,"status":200,"resp_time":0.093388}
{"time":"August 20, 3:26 am","ts":1660946166,"status":200,"resp_time":0.089037}
{"time":"August 20, 3:51 am","ts":1660947661,"status":200,"resp_time":0.14697}
{"time":"August 20, 4:11 am","ts":1660948915,"status":200,"resp_time":0.117748}
{"time":"August 20, 4:25 am","ts":1660949734,"status":200,"resp_time":0.129098}
{"time":"August 20, 4:47 am","ts":1660951061,"status":200,"resp_time":0.217642}
{"time":"August 20, 5:04 am","ts":1660952073,"status":200,"resp_time":0.195406}
{"time":"August 20, 5:16 am","ts":1660952787,"status":200,"resp_time":0.150018}
{"time":"August 20, 5:26 am","ts":1660953413,"status":200,"resp_time":0.13518}
{"time":"August 20, 7:40 am","ts":1660961455,"status":200,"resp_time":0.246841}
{"time":"August 20, 9:14 am","ts":1660967071,"status":200,"resp_time":0.082581}
{"time":"August 20, 9:47 am","ts":1660969069,"status":200,"resp_time":0.099986}
{"time":"August 20, 10:22 am","ts":1660971131,"status":200,"resp_time":0.201572}
{"time":"August 20, 10:48 am","ts":1660972681,"status":200,"resp_time":0.351353}
{"time":"August 20, 11:04 am","ts":1660973665,"status":200,"resp_time":0.083162}
{"time":"August 20, 11:15 am","ts":1660974329,"status":200,"resp_time":0.141634}
{"time":"August 20, 11:25 am","ts":1660974955,"status":200,"resp_time":0.109739}
{"time":"August 20, 11:52 am","ts":1660976554,"status":200,"resp_time":0.090167}
{"time":"August 20, 12:16 pm","ts":1660977982,"status":200,"resp_time":0.141925}
{"time":"August 20, 12:26 pm","ts":1660978613,"status":200,"resp_time":0.138275}
{"time":"August 20, 12:49 pm","ts":1660979966,"status":200,"resp_time":0.117208}
{"time":"August 20, 1:02 pm","ts":1660980749,"status":200,"resp_time":0.121076}
{"time":"August 20, 1:15 pm","ts":1660981533,"status":200,"resp_time":0.165202}
{"time":"August 20, 1:25 pm","ts":1660982155,"status":200,"resp_time":0.179655}
{"time":"August 20, 1:54 pm","ts":1660983846,"status":200,"resp_time":0.14842}
{"time":"August 20, 2:15 pm","ts":1660985135,"status":200,"resp_time":0.177718}
{"time":"August 20, 2:26 pm","ts":1660985796,"status":200,"resp_time":0.08512}
{"time":"August 20, 2:49 pm","ts":1660987153,"status":200,"resp_time":0.180897}
{"time":"August 20, 3:04 pm","ts":1660988081,"status":200,"resp_time":0.128835}
{"time":"August 20, 3:16 pm","ts":1660988780,"status":200,"resp_time":0.083383}
{"time":"August 20, 3:26 pm","ts":1660989403,"status":200,"resp_time":0.150496}
{"time":"August 20, 3:52 pm","ts":1660990924,"status":200,"resp_time":0.191893}
{"time":"August 20, 4:11 pm","ts":1660992076,"status":200,"resp_time":0.104557}
{"time":"August 20, 4:25 pm","ts":1660992936,"status":200,"resp_time":0.169832}
{"time":"August 20, 4:44 pm","ts":1660994098,"status":200,"resp_time":0.125992}
{"time":"August 20, 4:59 pm","ts":1660994974,"status":200,"resp_time":0.105136}
{"time":"August 20, 5:10 pm","ts":1660995619,"status":200,"resp_time":0.121876}
{"time":"August 20, 5:25 pm","ts":1660996537,"status":200,"resp_time":0.159531}
{"time":"August 20, 6:01 pm","ts":1660998692,"status":200,"resp_time":0.097681}
{"time":"August 20, 6:36 pm","ts":1661000788,"status":200,"resp_time":0.159694}
{"time":"August 20, 7:05 pm","ts":1661002546,"status":200,"resp_time":0.10005}
{"time":"August 20, 7:18 pm","ts":1661003325,"status":200,"resp_time":0.094417}
{"time":"August 20, 7:29 pm","ts":1661003958,"status":200,"resp_time":0.101379}
{"time":"August 20, 7:51 pm","ts":1661005309,"status":200,"resp_time":0.15886}
{"time":"August 20, 8:08 pm","ts":1661006293,"status":200,"resp_time":0.146271}
{"time":"August 20, 8:18 pm","ts":1661006921,"status":200,"resp_time":0.109962}
{"time":"August 20, 8:28 pm","ts":1661007539,"status":200,"resp_time":0.106949}
{"time":"August 20, 8:55 pm","ts":1661009117,"status":200,"resp_time":0.188755}
{"time":"August 20, 9:11 pm","ts":1661010107,"status":200,"resp_time":0.187243}
{"time":"August 20, 9:25 pm","ts":1661010929,"status":200,"resp_time":0.20364}
{"time":"August 20, 9:53 pm","ts":1661012588,"status":200,"resp_time":0.146416}
{"time":"August 20, 10:23 pm","ts":1661014382,"status":200,"resp_time":0.136514}
{"time":"August 20, 10:47 pm","ts":1661015823,"status":200,"resp_time":0.121324}
{"time":"August 20, 11:04 pm","ts":1661016848,"status":200,"resp_time":0.139315}
{"time":"August 20, 11:15 pm","ts":1661017531,"status":200,"resp_time":0.129511}
{"time":"August 20, 11:25 pm","ts":1661018153,"status":200,"resp_time":0.099808}
{"time":"August 20, 11:52 pm","ts":1661019725,"status":200,"resp_time":0.212298}
{"time":"August 21, 12:14 am","ts":1661021084,"status":200,"resp_time":0.159344}
{"time":"August 21, 12:25 am","ts":1661021735,"status":200,"resp_time":0.123098}
{"time":"August 21, 12:44 am","ts":1661022848,"status":200,"resp_time":0.21724}
{"time":"August 21, 12:57 am","ts":1661023646,"status":200,"resp_time":0.192512}
{"time":"August 21, 1:08 am","ts":1661024324,"status":200,"resp_time":0.163938}
{"time":"August 21, 1:19 am","ts":1661024959,"status":200,"resp_time":0.119146}
{"time":"August 21, 1:29 am","ts":1661025579,"status":200,"resp_time":0.185844}
{"time":"August 21, 1:55 am","ts":1661027128,"status":200,"resp_time":0.107853}
{"time":"August 21, 2:10 am","ts":1661028039,"status":200,"resp_time":0.102278}
{"time":"August 21, 2:25 am","ts":1661028944,"status":200,"resp_time":0.157055}
{"time":"August 21, 2:46 am","ts":1661030201,"status":200,"resp_time":0.09539}
{"time":"August 21, 3:04 am","ts":1661031285,"status":200,"resp_time":0.087715}
{"time":"August 21, 3:20 am","ts":1661032231,"status":200,"resp_time":0.089479}
{"time":"August 21, 3:46 am","ts":1661033785,"status":200,"resp_time":0.154232}
{"time":"August 21, 4:04 am","ts":1661034860,"status":200,"resp_time":0.123687}
{"time":"August 21, 4:16 am","ts":1661035568,"status":200,"resp_time":0.108781}
{"time":"August 21, 4:26 am","ts":1661036190,"status":200,"resp_time":0.110976}
{"time":"August 21, 4:48 am","ts":1661037528,"status":200,"resp_time":0.298797}
{"time":"August 21, 5:03 am","ts":1661038431,"status":200,