{"time":"November 16, 10:25 pm","ts":1668617751,"status":200,"resp_time":0.192637}
{"time":"November 16, 10:47 pm","ts":1668619025,"status":200,"resp_time":0.102869}
{"time":"November 16, 11:03 pm","ts":1668619989,"status":200,"resp_time":0.147332}
{"time":"November 16, 11:15 pm","ts":1668620731,"status":200,"resp_time":0.162898}
{"time":"November 16, 11:25 pm","ts":1668621354,"status":200,"resp_time":0.08555}
{"time":"November 16, 11:52 pm","ts":1668622974,"status":200,"resp_time":0.099045}
{"time":"November 17, 12:14 am","ts":1668624258,"status":200,"resp_time":0.129178}
{"time":"November 17, 12:25 am","ts":1668624931,"status":200,"resp_time":0.133271}
{"time":"November 17, 12:44 am","ts":1668626048,"status":200,"resp_time":0.200931}
{"time":"November 17, 12:56 am","ts":1668626800,"status":200,"resp_time":0.084534}
{"time":"November 17, 1:08 am","ts":1668627487,"status":200,"resp_time":0.387542}
{"time":"November 17, 1:18 am","ts":1668628122,"status":200,"resp_time":0.114599}
{"time":"November 17, 1:29 am","ts":1668628743,"status":200,"resp_time":0.098914}
{"time":"November 17, 1:55 am","ts":1668630301,"status":200,"resp_time":0.128418}
{"time":"November 17, 2:09 am","ts":1668631169,"status":200,"resp_time":0.124753}
{"time":"November 17, 2:19 am","ts":1668631794,"status":200,"resp_time":0.203015}
{"time":"November 17, 2:30 am","ts":1668632413,"status":200,"resp_time":0.165069}
{"time":"November 17, 2:54 am","ts":1668633863,"status":200,"resp_time":0.118068}
{"time":"November 17, 3:07 am","ts":1668634651,"status":200,"resp_time":0.184993}
{"time":"November 17, 3:18 am","ts":1668635285,"status":200,"resp_time":0.128056}
{"time":"November 17, 3:28 am","ts":1668635900,"status":200,"resp_time":0.13359}
{"time":"November 17, 3:52 am","ts":1668637362,"status":200,"resp_time":0.103478}
{"time":"November 17, 4:19 am","ts":1668638990,"status":200,"resp_time":0.139329}
{"time":"November 17, 4:30 am","ts":1668639618,"status":200,"resp_time":0.106168}
{"time":"November 17, 4:57 am","ts":1668641231,"status":200,"resp_time":0.102931}
{"time":"November 17, 5:11 am","ts":1668642087,"status":200,"resp_time":0.138741}
{"time":"November 17, 5:25 am","ts":1668642934,"status":200,"resp_time":0.154541}
{"time":"November 17, 7:09 am","ts":1668649152,"status":200,"resp_time":0.083544}
{"time":"November 17, 8:34 am","ts":1668654283,"status":200,"resp_time":0.21437}
{"time":"November 17, 9:17 am","ts":1668656846,"status":200,"resp_time":0.388747}
{"time":"November 17, 9:30 am","ts":1668657647,"status":200,"resp_time":0.163028}
{"time":"November 17, 10:03 am","ts":1668659632,"status":200,"resp_time":0.11974}
{"time":"November 17, 10:21 am","ts":1668660669,"status":200,"resp_time":0.199797}
{"time":"November 17, 10:46 am","ts":1668662176,"status":200,"resp_time":0.098666}
{"time":"November 17, 11:01 am","ts":1668663111,"status":200,"resp_time":0.11462}
{"time":"November 17, 11:15 am","ts":1668663932,"status":200,"resp_time":0.158122}
{"time":"November 17, 11:25 am","ts":1668664555,"status":200,"resp_time":0.153824}
{"time":"November 17, 11:53 am","ts":1668666182,"status":200,"resp_time":0.181564}
{"time":"November 17, 12:15 pm","ts":1668667513,"status":200,"resp_time":0.124886}
{"time":"November 17, 12:25 pm","ts":1668668136,"status":200,"resp_time":0.101136}
{"time":"November 17, 12:45 pm","ts":1668669353,"status":200,"resp_time":0.183673}
{"time":"November 17, 12:59 pm","ts":1668670169,"status":200,"resp_time":0.102001}
{"time":"November 17, 1:09 pm","ts":1668670785,"status":200,"resp_time":0.119101}
{"time":"November 17, 1:20 pm","ts":1668671405,"status":200,"resp_time":0.087968}
{"time":"November 17, 1:37 pm","ts":1668672456,"status":200,"resp_time":0.115967}
{"time":"November 17, 2:07 pm","ts":1668674231,"status":200,"resp_time":0.088468}
{"time":"November 17, 2:22 pm","ts":1668675147,"status":200,"resp_time":0.079932}
{"time":"November 17, 2:46 pm","ts":1668676587,"status":200,"resp_time":0.07265}
{"time":"November 17, 3:02 pm","ts":1668677531,"status":200,"resp_time":0.109825}
{"time":"November 17, 3:15 pm","ts":1668678336,"status":200,"resp_time":0.195111}
{"time":"November 17, 3:26 pm","ts":1668678960,"status":200,"resp_time":0.225526}
{"time":"November 17, 3:49 pm","ts":1668680399,"status":200,"resp_time":0.137372}
{"time":"November 17, 4:07 pm","ts":1668681461,"status":200,"resp_time":0.086579}
{"time":"November 17, 4:18 pm","ts":1668682132,"status":200,"resp_time":0.103181}
{"time":"November 17, 4:29 pm","ts":1668682758,"status":200,"resp_time":0.081701}
{"time":"November 17, 4:49 pm","ts":1668683976,"status":200,"resp_time":0.107827}
{"time":"November 17, 4:59 pm","ts":1668684590,"status":200,"resp_time":0.084025}
{"time":"November 17, 5:10 pm","ts":1668685204,"status":200,"resp_time":0.135173}
{"time":"November 17, 6:05 pm","ts":1668688545,"status":200,"resp_time":0.099992}
{"time":"November 17, 6:47 pm","ts":1668691022,"status":200,"resp_time":0.092645}
{"time":"November 17, 7:16 pm","ts":1668692813,"status":200,"resp_time":0.188663}
{"time":"November 17, 7:27 pm","ts":1668693430,"status":200,"resp_time":0.116579}
{"time":"November 17, 7:49 pm","ts":1668694779,"status":200,"resp_time":0.135514}
{"time":"November 17, 8:03 pm","ts":1668695624,"status":200,"resp_time":0.184005}
{"time":"November 17, 8:15 pm","ts":1668696343,"status":200,"resp_time":0.194536}
{"time":"November 17, 8:26 pm","ts":1668696966,"status":200,"resp_time":0.106197}
{"time":"November 17, 8:49 pm","ts":1668698393,"status":200,"resp_time":0.199634}
{"time":"November 17, 9:07 pm","ts":1668699446,"status":200,"resp_time":0.450257}
{"time":"November 17, 9:19 pm","ts":1668700145,"status":200,"resp_time":0.095619}
{"time":"November 17, 9:29 pm","ts":1668700762,"status":200,"resp_time":0.138587}
{"time":"November 17, 10:05 pm","ts":1668702912,"status":200,"resp_time":0.172098}
{"time":"November 17, 10:28 pm","ts":1668704306,"status":200,"resp_time":0.148876}
{"time":"November 17, 10:53 pm","ts":1668705799,"status":200,"resp_time":0.170895}
{"time":"November 17, 11:09 pm","ts":1668706779,"status":200,"resp_time":0.099777}
{"time":"November 17, 11:19 pm","ts":1668707396,"status":200,"resp_time":0.199679}
{"time":"November 17, 11:30 pm","ts":1668708013,"status":200,"resp_time":0.222918}
{"time":"November 17, 11:59 pm","ts":1668709787,"status":200,"resp_time":0.12308}
{"time":"November 18, 12:17 am","ts":1668710831,"status":200,"resp_time":0.169522}
{"time":"November 18, 12:27 am","ts":1668711473,"status":200,"resp_time":0.139792}
{"time":"November 18, 12:48 am","ts":1668712683,"status":200,"resp_time":0.090487}
{"time":"November 18, 12:58 am","ts":1668713305,"status":200,"resp_time":0.268655}
{"time":"November 18, 1:09 am","ts":1668713952,"status":200,"resp_time":0.135982}
{"time":"November 18, 1:19 am","ts":1668714578,"status":200,"resp_time":0.096139}
{"time":"November 18, 1:30 am","ts":1668715212,"status":200,"resp_time":0.159048}
{"time":"November 18, 1:55 am","ts":1668716740,"status":200,"resp_time":0.112413}
{"time":"November 18, 2:09 am","ts":1668717590,"status":200,"resp_time":0.134676}
{"time":"November 18, 2:20 am","ts":1668718208,"status":200,"resp_time":0.169767}
{"time":"November 18, 2:31 am","ts":1668718885,"status":200,"resp_time":0.152782}
{"time":"November 18, 2:54 am","ts":1668720288,"status":200,"resp_time":0.161945}
{"time":"November 18, 3:07 am","ts":1668721059,"status":200,"resp_time":0.147078}
{"time":"November 18, 3:18 am","ts":1668721681,"status":200,"resp_time":0.450209}
