{"time":"July 29, 11:01 pm","ts":1659115917,"status":200,"resp_time":0.11187}
{"time":"July 29, 11:18 pm","ts":1659116880,"status":200,"resp_time":0.174471}
{"time":"July 29, 11:28 pm","ts":1659117499,"status":200,"resp_time":0.163564}
{"time":"July 30, 12:01 am","ts":1659119477,"status":200,"resp_time":0.164427}
{"time":"July 30, 12:23 am","ts":1659120809,"status":200,"resp_time":0.135757}
{"time":"July 30, 12:43 am","ts":1659122035,"status":200,"resp_time":0.152276}
{"time":"July 30, 12:57 am","ts":1659122840,"status":200,"resp_time":0.117888}
{"time":"July 30, 1:08 am","ts":1659123512,"status":200,"resp_time":0.159018}
{"time":"July 30, 1:18 am","ts":1659124125,"status":200,"resp_time":0.158582}
{"time":"July 30, 1:29 am","ts":1659124753,"status":200,"resp_time":0.108008}
{"time":"July 30, 1:57 am","ts":1659126456,"status":200,"resp_time":0.097642}
{"time":"July 30, 2:13 am","ts":1659127411,"status":200,"resp_time":0.205456}
{"time":"July 30, 2:25 am","ts":1659128138,"status":200,"resp_time":0.088104}
{"time":"July 30, 2:45 am","ts":1659129345,"status":200,"resp_time":0.137236}
{"time":"July 30, 3:01 am","ts":1659130290,"status":200,"resp_time":0.165202}
{"time":"July 30, 3:15 am","ts":1659131135,"status":200,"resp_time":0.16908}
{"time":"July 30, 3:26 am","ts":1659131762,"status":200,"resp_time":0.248821}
{"time":"July 30, 3:48 am","ts":1659133131,"status":200,"resp_time":0.202647}
{"time":"July 30, 4:05 am","ts":1659134152,"status":200,"resp_time":0.158707}
{"time":"July 30, 4:16 am","ts":1659134791,"status":200,"resp_time":0.201214}
{"time":"July 30, 4:26 am","ts":1659135416,"status":200,"resp_time":0.085769}
{"time":"July 30, 4:50 am","ts":1659136851,"status":200,"resp_time":0.394092}
{"time":"July 30, 5:11 am","ts":1659138075,"status":200,"resp_time":0.146652}
{"time":"July 30, 5:25 am","ts":1659138948,"status":200,"resp_time":0.103871}
{"time":"July 30, 7:21 am","ts":1659145882,"status":200,"resp_time":0.171121}
{"time":"July 30, 9:17 am","ts":1659152844,"status":200,"resp_time":0.081411}
{"time":"July 30, 9:55 am","ts":1659155141,"status":200,"resp_time":0.126927}
{"time":"July 30, 10:29 am","ts":1659157196,"status":200,"resp_time":0.081697}
{"time":"July 30, 10:55 am","ts":1659158757,"status":200,"resp_time":0.14065}
{"time":"July 30, 11:10 am","ts":1659159625,"status":200,"resp_time":0.118743}
{"time":"July 30, 11:25 am","ts":1659160533,"status":200,"resp_time":0.119339}
{"time":"July 30, 11:50 am","ts":1659162052,"status":200,"resp_time":0.109334}
{"time":"July 30, 12:15 pm","ts":1659163509,"status":200,"resp_time":0.088864}
{"time":"July 30, 12:25 pm","ts":1659164132,"status":200,"resp_time":0.182802}
{"time":"July 30, 12:46 pm","ts":1659165367,"status":200,"resp_time":0.166059}
{"time":"July 30, 1:00 pm","ts":1659166231,"status":200,"resp_time":0.081424}
{"time":"July 30, 1:15 pm","ts":1659167147,"status":200,"resp_time":0.168102}
{"time":"July 30, 1:26 pm","ts":1659167783,"status":200,"resp_time":0.19097}
{"time":"July 30, 1:53 pm","ts":1659169428,"status":200,"resp_time":0.147883}
{"time":"July 30, 2:13 pm","ts":1659170620,"status":200,"resp_time":0.089673}
{"time":"July 30, 2:25 pm","ts":1659171328,"status":200,"resp_time":0.105417}
{"time":"July 30, 2:46 pm","ts":1659172562,"status":200,"resp_time":0.082902}
{"time":"July 30, 3:02 pm","ts":1659173525,"status":200,"resp_time":0.22672}
{"time":"July 30, 3:15 pm","ts":1659174329,"status":200,"resp_time":0.103989}
{"time":"July 30, 3:25 pm","ts":1659174959,"status":200,"resp_time":0.088606}
{"time":"July 30, 3:49 pm","ts":1659176356,"status":200,"resp_time":0.130858}
{"time":"July 30, 4:06 pm","ts":1659177405,"status":200,"resp_time":0.143426}
{"time":"July 30, 4:17 pm","ts":1659178059,"status":200,"resp_time":0.153519}
{"time":"July 30, 4:28 pm","ts":1659178681,"status":200,"resp_time":0.139134}
{"time":"July 30, 4:51 pm","ts":1659180099,"status":200,"resp_time":0.15193}
{"time":"July 30, 5:07 pm","ts":1659181040,"status":200,"resp_time":0.141355}
{"time":"July 30, 5:17 pm","ts":1659181664,"status":200,"resp_time":0.129076}
{"time":"July 30, 5:28 pm","ts":1659182295,"status":200,"resp_time":0.089688}
{"time":"July 30, 6:09 pm","ts":1659184790,"status":200,"resp_time":0.162359}
{"time":"July 30, 6:38 pm","ts":1659186486,"status":200,"resp_time":0.174332}
{"time":"July 30, 7:04 pm","ts":1659188072,"status":200,"resp_time":0.102135}
{"time":"July 30, 7:17 pm","ts":1659188845,"status":200,"resp_time":0.13587}
{"time":"July 30, 7:27 pm","ts":1659189463,"status":200,"resp_time":0.107726}
{"time":"July 30, 7:50 pm","ts":1659190820,"status":200,"resp_time":0.101668}
{"time":"July 30, 8:07 pm","ts":1659191860,"status":200,"resp_time":0.120725}
{"time":"July 30, 8:17 pm","ts":1659192478,"status":200,"resp_time":0.190952}
{"time":"July 30, 8:28 pm","ts":1659193095,"status":200,"resp_time":0.150146}
{"time":"July 30, 8:53 pm","ts":1659194631,"status":200,"resp_time":0.146076}
{"time":"July 30, 9:10 pm","ts":1659195650,"status":200,"resp_time":0.109834}
{"time":"July 30, 9:25 pm","ts":1659196533,"status":200,"resp_time":0.198396}
{"time":"July 30, 9:53 pm","ts":1659198216,"status":200,"resp_time":0.111533}
{"time":"July 30, 10:22 pm","ts":1659199951,"status":200,"resp_time":0.177537}
{"time":"July 30, 10:46 pm","ts":1659201380,"status":200,"resp_time":0.108199}
{"time":"July 30, 11:02 pm","ts":1659202350,"status":200,"resp_time":0.116337}
{"time":"July 30, 11:15 pm","ts":1659203134,"status":200,"resp_time":0.119702}
{"time":"July 30, 11:25 pm","ts":1659203755,"status":200,"resp_time":0.488065}
{"time":"July 30, 11:51 pm","ts":1659205282,"status":200,"resp_time":0.15026}
{"time":"July 31, 12:13 am","ts":1659206621,"status":200,"resp_time":0.093833}
{"time":"July 31, 12:25 am","ts":1659207343,"status":200,"resp_time":0.190965}
{"time":"July 31, 12:43 am","ts":1659208435,"status":200,"resp_time":0.173465}
{"time":"July 31, 12:56 am","ts":1659209213,"status":200,"resp_time":0.090515}
{"time":"July 31, 1:07 am","ts":1659209877,"status":200,"resp_time":0.101228}
{"time":"July 31, 1:18 am","ts":1659210497,"status":200,"resp_time":0.168102}
{"time":"July 31, 1:28 am","ts":1659211111,"status":200,"resp_time":0.09}
{"time":"July 31, 1:53 am","ts":1659212623,"status":200,"resp_time":0.101278}
{"time":"July 31, 2:09 am","ts":1659213544,"status":200,"resp_time":0.380333}
{"time":"July 31, 2:19 am","ts":1659214155,"status":200,"resp_time":0.102577}
{"time":"July 31, 2:29 am","ts":1659214771,"status":200,"resp_time":0.199697}
{"time":"July 31, 2:50 am","ts":1659216053,"status":200,"resp_time":0.111637}
{"time":"July 31, 3:07 am","ts":1659217065,"status":200,"resp_time":0.127382}
{"time":"July 31, 3:18 am","ts":1659217686,"status":200,"resp_time":0.126329}
{"time":"July 31, 3:28 am","ts":1659218305,"status":200,"resp_time":0.133079}
{"time":"July 31, 3:52 am","ts":1659219725,"status":200,"resp_time":0.096669}
{"time":"July 31, 4:08 am","ts":1659220721,"status":200,"resp_time":0.081108}
{"time":"July 31, 4:19 am","ts":1659221347,"status":200,"resp_time":0.147062}
{"time":"July 31, 4:29 am","ts":1659221979,"status":200,"resp_time":0.134145}
