{"time":"August 30, 4:09 pm","ts":1661855963,"status":200,"resp_time":0.165414}
{"time":"August 30, 4:21 pm","ts":1661856680,"status":200,"resp_time":0.16333}
{"time":"August 30, 4:45 pm","ts":1661858140,"status":200,"resp_time":0.088305}
{"time":"August 30, 5:02 pm","ts":1661859123,"status":200,"resp_time":0.174111}
{"time":"August 30, 5:15 pm","ts":1661859928,"status":200,"resp_time":0.180689}
{"time":"August 30, 5:26 pm","ts":1661860564,"status":200,"resp_time":0.134192}
{"time":"August 30, 6:12 pm","ts":1661863348,"status":200,"resp_time":0.105158}
{"time":"August 30, 7:00 pm","ts":1661866254,"status":200,"resp_time":0.151981}
{"time":"August 30, 7:30 pm","ts":1661868032,"status":200,"resp_time":0.20294}
{"time":"August 30, 7:58 pm","ts":1661869696,"status":200,"resp_time":0.185234}
{"time":"August 30, 8:13 pm","ts":1661870605,"status":200,"resp_time":0.196213}
{"time":"August 30, 8:25 pm","ts":1661871336,"status":200,"resp_time":0.189654}
{"time":"August 30, 8:49 pm","ts":1661872744,"status":200,"resp_time":0.131797}
{"time":"August 30, 9:11 pm","ts":1661874069,"status":200,"resp_time":0.162455}
{"time":"August 30, 9:26 pm","ts":1661874974,"status":200,"resp_time":0.196678}
{"time":"August 30, 10:00 pm","ts":1661877019,"status":200,"resp_time":0.244225}
{"time":"August 30, 10:34 pm","ts":1661879054,"status":200,"resp_time":0.123525}
{"time":"August 30, 11:03 pm","ts":1661880800,"status":200,"resp_time":0.166886}
{"time":"August 30, 11:18 pm","ts":1661881715,"status":200,"resp_time":0.1383}
{"time":"August 30, 11:29 pm","ts":1661882345,"status":200,"resp_time":0.124176}
{"time":"August 30, 11:59 pm","ts":1661884184,"status":200,"resp_time":0.147189}
{"time":"August 31, 12:19 am","ts":1661885378,"status":200,"resp_time":0.095024}
{"time":"August 31, 12:30 am","ts":1661886000,"status":200,"resp_time":0.120414}
{"time":"August 31, 12:50 am","ts":1661887254,"status":200,"resp_time":0.299235}
{"time":"August 31, 1:06 am","ts":1661888185,"status":200,"resp_time":0.204946}
{"time":"August 31, 1:16 am","ts":1661888815,"status":200,"resp_time":0.098106}
{"time":"August 31, 1:27 am","ts":1661889443,"status":200,"resp_time":0.109232}
{"time":"August 31, 1:54 am","ts":1661891052,"status":200,"resp_time":0.18237}
{"time":"August 31, 2:11 am","ts":1661892090,"status":200,"resp_time":0.148952}
{"time":"August 31, 2:25 am","ts":1661892928,"status":200,"resp_time":0.139704}
{"time":"August 31, 2:46 am","ts":1661894197,"status":200,"resp_time":0.202814}
{"time":"August 31, 3:02 am","ts":1661895164,"status":200,"resp_time":0.197191}
{"time":"August 31, 3:16 am","ts":1661896017,"status":200,"resp_time":0.104978}
{"time":"August 31, 3:27 am","ts":1661896630,"status":200,"resp_time":0.169609}
{"time":"August 31, 3:52 am","ts":1661898176,"status":200,"resp_time":0.211928}
{"time":"August 31, 4:10 am","ts":1661899232,"status":200,"resp_time":0.158854}
{"time":"August 31, 4:25 am","ts":1661900130,"status":200,"resp_time":0.136221}
{"time":"August 31, 4:49 am","ts":1661901589,"status":200,"resp_time":0.168778}
{"time":"August 31, 5:09 am","ts":1661902755,"status":200,"resp_time":0.164606}
{"time":"August 31, 5:23 am","ts":1661903583,"status":200,"resp_time":0.101165}
{"time":"August 31, 7:42 am","ts":1661911937,"status":200,"resp_time":0.103555}
{"time":"August 31, 10:08 am","ts":1661920694,"status":200,"resp_time":0.149839}
{"time":"August 31, 11:43 am","ts":1661926439,"status":200,"resp_time":0.074573}
{"time":"August 31, 12:40 pm","ts":1661929821,"status":200,"resp_time":0.181253}
{"time":"August 31, 1:18 pm","ts":1661932124,"status":200,"resp_time":0.298492}
{"time":"August 31, 1:30 pm","ts":1661932808,"status":200,"resp_time":0.428207}
{"time":"August 31, 2:02 pm","ts":1661934735,"status":200,"resp_time":0.087924}
{"time":"August 31, 2:24 pm","ts":1661936043,"status":200,"resp_time":0.115316}
{"time":"August 31, 2:47 pm","ts":1661937478,"status":200,"resp_time":0.187904}
{"time":"August 31, 3:09 pm","ts":1661938745,"status":200,"resp_time":0.091261}
{"time":"August 31, 3:21 pm","ts":1661939495,"status":200,"resp_time":0.076207}
{"time":"August 31, 3:49 pm","ts":1661941155,"status":200,"resp_time":0.331087}
{"time":"August 31, 4:09 pm","ts":1661942397,"status":200,"resp_time":0.139332}
{"time":"August 31, 4:22 pm","ts":1661943128,"status":200,"resp_time":0.270632}
{"time":"August 31, 4:45 pm","ts":1661944506,"status":200,"resp_time":0.128485}
{"time":"August 31, 5:00 pm","ts":1661945458,"status":200,"resp_time":0.309688}
{"time":"August 31, 5:15 pm","ts":1661946329,"status":200,"resp_time":0.345101}
{"time":"August 31, 5:25 pm","ts":1661946948,"status":200,"resp_time":0.395357}
{"time":"August 31, 6:10 pm","ts":1661949656,"status":200,"resp_time":0.193399}
{"time":"August 31, 6:59 pm","ts":1661952578,"status":200,"resp_time":0.389864}
{"time":"August 31, 7:28 pm","ts":1661954319,"status":200,"resp_time":0.134814}
{"time":"August 31, 7:54 pm","ts":1661955853,"status":200,"resp_time":0.112467}
{"time":"August 31, 8:10 pm","ts":1661956856,"status":200,"resp_time":0.187533}
{"time":"August 31, 8:25 pm","ts":1661957729,"status":200,"resp_time":0.198485}
{"time":"August 31, 8:48 pm","ts":1661959139,"status":200,"resp_time":0.407509}
{"time":"August 31, 9:09 pm","ts":1661960375,"status":200,"resp_time":0.130081}
{"time":"August 31, 9:23 pm","ts":1661961187,"status":200,"resp_time":0.120098}
{"time":"August 31, 9:55 pm","ts":1661963119,"status":200,"resp_time":0.17592}
{"time":"August 31, 10:28 pm","ts":1661965106,"status":200,"resp_time":0.099022}
{"time":"August 31, 10:57 pm","ts":1661966820,"status":200,"resp_time":0.408584}
{"time":"August 31, 11:13 pm","ts":1661967814,"status":200,"resp_time":0.144792}
{"time":"August 31, 11:25 pm","ts":1661968543,"status":200,"resp_time":0.204351}
{"time":"August 31, 11:53 pm","ts":1661970180,"status":200,"resp_time":0.100364}
{"time":"September 1, 12:16 am","ts":1661971617,"status":200,"resp_time":0.191225}
{"time":"September 1, 12:28 am","ts":1661972303,"status":200,"resp_time":0.172582}
{"time":"September 1, 12:51 am","ts":1661973667,"status":200,"resp_time":0.197487}
{"time":"September 1, 1:06 am","ts":1661974615,"status":200,"resp_time":0.098501}
{"time":"September 1, 1:17 am","ts":1661975246,"status":200,"resp_time":0.176801}
{"time":"September 1, 1:27 am","ts":1661975873,"status":200,"resp_time":0.115036}
{"time":"September 1, 1:55 am","ts":1661977544,"status":200,"resp_time":0.10141}
{"time":"September 1, 2:12 am","ts":1661978533,"status":200,"resp_time":0.110171}
{"time":"September 1, 2:25 am","ts":1661979339,"status":200,"resp_time":0.227632}
{"time":"September 1, 2:46 am","ts":1661980607,"status":200,"resp_time":0.256088}
{"time":"September 1, 3:02 am","ts":1661981532,"status":200,"resp_time":0.164202}
{"time":"September 1, 3:16 am","ts":1661982385,"status":200,"resp_time":0.192653}
{"time":"September 1, 3:26 am","ts":1661983005,"status":200,"resp_time":0.143165}
{"time":"September 1, 3:53 am","ts":1661984589,"status":200,"resp_time":0.219709}
{"time":"September 1, 4:12 am","ts":1661985740,"status":200,"resp_time":0.159137}
{"time":"September 1, 4:25 am","ts":1661986538,"status":200,"resp_time":0.129311}
{"time":"September 1, 4:49 am","ts":1661987949,"status":200,"resp_time":0.090309}
{"time":"September 1, 5:08 am","ts":1661989087,"status":200,"resp_time":0.151155}
