{"time":"November 14, 8:50 pm","ts":1668439241,"status":200,"resp_time":0.205584}
{"time":"November 14, 9:12 pm","ts":1668440572,"status":200,"resp_time":0.118606}
{"time":"November 14, 9:25 pm","ts":1668441329,"status":200,"resp_time":0.127984}
{"time":"November 14, 9:56 pm","ts":1668443205,"status":200,"resp_time":0.226497}
{"time":"November 14, 10:33 pm","ts":1668445406,"status":200,"resp_time":0.164557}
{"time":"November 14, 11:12 pm","ts":1668447769,"status":200,"resp_time":0.100934}
{"time":"November 14, 11:29 pm","ts":1668448746,"status":200,"resp_time":0.163955}
{"time":"November 15, 12:01 am","ts":1668450698,"status":200,"resp_time":0.101493}
{"time":"November 15, 12:23 am","ts":1668451986,"status":200,"resp_time":0.129285}
{"time":"November 15, 12:44 am","ts":1668453261,"status":200,"resp_time":0.158526}
{"time":"November 15, 12:57 am","ts":1668454079,"status":200,"resp_time":0.17562}
{"time":"November 15, 1:09 am","ts":1668454770,"status":200,"resp_time":0.151061}
{"time":"November 15, 1:19 am","ts":1668455386,"status":200,"resp_time":0.105723}
{"time":"November 15, 1:30 am","ts":1668456001,"status":200,"resp_time":0.182038}
{"time":"November 15, 1:57 am","ts":1668457629,"status":200,"resp_time":0.241558}
{"time":"November 15, 2:13 am","ts":1668458625,"status":200,"resp_time":0.224095}
{"time":"November 15, 2:25 am","ts":1668459348,"status":200,"resp_time":0.108635}
{"time":"November 15, 2:47 am","ts":1668460647,"status":200,"resp_time":0.096203}
{"time":"November 15, 3:04 am","ts":1668461648,"status":200,"resp_time":0.122452}
{"time":"November 15, 3:27 am","ts":1668463034,"status":200,"resp_time":0.137219}
{"time":"November 15, 3:57 am","ts":1668464861,"status":200,"resp_time":0.186695}
{"time":"November 15, 4:15 am","ts":1668465946,"status":200,"resp_time":0.223689}
{"time":"November 15, 4:26 am","ts":1668466563,"status":200,"resp_time":0.124652}
{"time":"November 15, 4:49 am","ts":1668467961,"status":200,"resp_time":0.101828}
{"time":"November 15, 5:04 am","ts":1668468896,"status":200,"resp_time":0.132916}
{"time":"November 15, 5:16 am","ts":1668469582,"status":200,"resp_time":0.125621}
{"time":"November 15, 5:26 am","ts":1668470205,"status":200,"resp_time":0.123721}
{"time":"November 15, 7:22 am","ts":1668477122,"status":200,"resp_time":0.139835}
{"time":"November 15, 8:44 am","ts":1668482046,"status":200,"resp_time":0.255058}
{"time":"November 15, 9:24 am","ts":1668484497,"status":200,"resp_time":0.099919}
{"time":"November 15, 9:55 am","ts":1668486338,"status":200,"resp_time":0.117853}
{"time":"November 15, 10:18 am","ts":1668487730,"status":200,"resp_time":0.192892}
{"time":"November 15, 10:29 am","ts":1668488348,"status":200,"resp_time":0.407013}
{"time":"November 15, 10:52 am","ts":1668489738,"status":200,"resp_time":0.086847}
{"time":"November 15, 11:07 am","ts":1668490675,"status":200,"resp_time":0.112668}
{"time":"November 15, 11:18 am","ts":1668491308,"status":200,"resp_time":0.117888}
{"time":"November 15, 11:28 am","ts":1668491930,"status":200,"resp_time":0.088787}
{"time":"November 15, 11:59 am","ts":1668493780,"status":200,"resp_time":0.105363}
{"time":"November 15, 12:17 pm","ts":1668494870,"status":200,"resp_time":0.086885}
{"time":"November 15, 12:28 pm","ts":1668495489,"status":200,"resp_time":0.086745}
{"time":"November 15, 12:51 pm","ts":1668496886,"status":200,"resp_time":0.142424}
{"time":"November 15, 1:06 pm","ts":1668497793,"status":200,"resp_time":0.145265}
{"time":"November 15, 1:16 pm","ts":1668498406,"status":200,"resp_time":0.073574}
{"time":"November 15, 1:27 pm","ts":1668499030,"status":200,"resp_time":0.135972}
{"time":"November 15, 1:59 pm","ts":1668500978,"status":200,"resp_time":0.086261}
{"time":"November 15, 2:18 pm","ts":1668502108,"status":200,"resp_time":0.181787}
{"time":"November 15, 2:28 pm","ts":1668502735,"status":200,"resp_time":0.125823}
{"time":"November 15, 2:53 pm","ts":1668504238,"status":200,"resp_time":0.115501}
{"time":"November 15, 3:09 pm","ts":1668505175,"status":200,"resp_time":0.115335}
{"time":"November 15, 3:20 pm","ts":1668505802,"status":200,"resp_time":0.08722}
{"time":"November 15, 3:30 pm","ts":1668506428,"status":200,"resp_time":0.122949}
{"time":"November 15, 4:00 pm","ts":1668508232,"status":200,"resp_time":0.133981}
{"time":"November 15, 4:17 pm","ts":1668509242,"status":200,"resp_time":0.074125}
{"time":"November 15, 4:27 pm","ts":1668509877,"status":200,"resp_time":0.130802}
{"time":"November 15, 4:48 pm","ts":1668511121,"status":200,"resp_time":0.111572}
{"time":"November 15, 4:59 pm","ts":1668511773,"status":200,"resp_time":0.070304}
{"time":"November 15, 5:09 pm","ts":1668512396,"status":200,"resp_time":0.151022}
{"time":"November 15, 5:20 pm","ts":1668513015,"status":200,"resp_time":0.159768}
{"time":"November 15, 6:04 pm","ts":1668515658,"status":200,"resp_time":0.082617}
{"time":"November 15, 6:51 pm","ts":1668518469,"status":200,"resp_time":0.186566}
{"time":"November 15, 7:19 pm","ts":1668520161,"status":200,"resp_time":0.08301}
{"time":"November 15, 7:29 pm","ts":1668520785,"status":200,"resp_time":0.117271}
{"time":"November 15, 7:52 pm","ts":1668522149,"status":200,"resp_time":0.14475}
{"time":"November 15, 8:08 pm","ts":1668523128,"status":200,"resp_time":0.357599}
{"time":"November 15, 8:19 pm","ts":1668523748,"status":200,"resp_time":0.090519}
{"time":"November 15, 8:29 pm","ts":1668524367,"status":200,"resp_time":0.1714}
{"time":"November 15, 8:56 pm","ts":1668525961,"status":200,"resp_time":0.233858}
{"time":"November 15, 9:12 pm","ts":1668526926,"status":200,"resp_time":0.180186}
{"time":"November 15, 9:26 pm","ts":1668527804,"status":200,"resp_time":0.16839}
{"time":"November 15, 9:56 pm","ts":1668529580,"status":200,"resp_time":0.098197}
{"time":"November 15, 10:24 pm","ts":1668531279,"status":200,"resp_time":0.113642}
{"time":"November 15, 10:47 pm","ts":1668532629,"status":200,"resp_time":0.099666}
{"time":"November 15, 11:03 pm","ts":1668533631,"status":200,"resp_time":0.10732}
{"time":"November 15, 11:15 pm","ts":1668534334,"status":200,"resp_time":0.193908}
{"time":"November 15, 11:26 pm","ts":1668534966,"status":200,"resp_time":0.227361}
{"time":"November 15, 11:53 pm","ts":1668536624,"status":200,"resp_time":0.228783}
{"time":"November 16, 12:14 am","ts":1668537864,"status":200,"resp_time":0.090938}
{"time":"November 16, 12:25 am","ts":1668538537,"status":200,"resp_time":0.201765}
{"time":"November 16, 12:43 am","ts":1668539635,"status":200,"resp_time":0.36268}
{"time":"November 16, 12:56 am","ts":1668540367,"status":200,"resp_time":0.135732}
{"time":"November 16, 1:07 am","ts":1668541070,"status":200,"resp_time":0.089939}
{"time":"November 16, 1:18 am","ts":1668541703,"status":200,"resp_time":0.117274}
{"time":"November 16, 1:28 am","ts":1668542325,"status":200,"resp_time":0.086427}
{"time":"November 16, 1:55 am","ts":1668543924,"status":200,"resp_time":0.103224}
{"time":"November 16, 2:10 am","ts":1668544804,"status":200,"resp_time":0.101353}
{"time":"November 16, 2:45 am","ts":1668546915,"status":200,"resp_time":0.17977}
{"time":"November 16, 3:00 am","ts":1668547826,"status":200,"resp_time":0.235424}
{"time":"November 16, 3:15 am","ts":1668548740,"status":200,"resp_time":0.089927}
{"time":"November 16, 3:25 am","ts":1668549358,"status":200,"resp_time":0.117822}
{"time":"November 16, 3:47 am","ts":1668550671,"status":200,"resp_time":0.136596}
{"time":"November 16, 4:04 am","ts":1668551671,"status":200,"resp_time":0.130382}
