{"time":"October 25, 1:21 pm","ts":1666684302,"status":200,"resp_time":0.081455}
{"time":"October 25, 2:05 pm","ts":1666686923,"status":200,"resp_time":0.072916}
{"time":"October 25, 2:35 pm","ts":1666688720,"status":200,"resp_time":0.079124}
{"time":"October 25, 3:14 pm","ts":1666691094,"status":200,"resp_time":0.070514}
{"time":"October 25, 3:32 pm","ts":1666692145,"status":200,"resp_time":0.125156}
{"time":"October 25, 4:09 pm","ts":1666694394,"status":200,"resp_time":0.075396}
{"time":"October 25, 4:29 pm","ts":1666695591,"status":200,"resp_time":0.138533}
{"time":"October 25, 4:57 pm","ts":1666697264,"status":200,"resp_time":0.0782}
{"time":"October 25, 5:16 pm","ts":1666698370,"status":200,"resp_time":0.075728}
{"time":"October 25, 5:26 pm","ts":1666699013,"status":200,"resp_time":0.141951}
{"time":"October 25, 6:27 pm","ts":1666702636,"status":200,"resp_time":0.146469}
{"time":"October 25, 7:36 pm","ts":1666706802,"status":200,"resp_time":0.173979}
{"time":"October 25, 8:16 pm","ts":1666709188,"status":200,"resp_time":0.132947}
{"time":"October 25, 8:39 pm","ts":1666710579,"status":200,"resp_time":0.164711}
{"time":"October 25, 9:15 pm","ts":1666712738,"status":200,"resp_time":0.094383}
{"time":"October 25, 9:43 pm","ts":1666714390,"status":200,"resp_time":0.07978}
{"time":"October 25, 10:44 pm","ts":1666718082,"status":200,"resp_time":0.123834}
{"time":"October 25, 11:42 pm","ts":1666721548,"status":200,"resp_time":0.104982}
{"time":"October 26, 12:41 am","ts":1666725081,"status":200,"resp_time":0.134342}
{"time":"October 26, 1:21 am","ts":1666727490,"status":200,"resp_time":0.143749}
{"time":"October 26, 1:54 am","ts":1666729454,"status":200,"resp_time":0.109664}
{"time":"October 26, 2:19 am","ts":1666730993,"status":200,"resp_time":0.151519}
{"time":"October 26, 2:35 am","ts":1666731911,"status":200,"resp_time":0.205325}
{"time":"October 26, 3:02 am","ts":1666733549,"status":200,"resp_time":0.098055}
{"time":"October 26, 3:23 am","ts":1666734797,"status":200,"resp_time":0.117989}
{"time":"October 26, 3:51 am","ts":1666736505,"status":200,"resp_time":0.147907}
{"time":"October 26, 4:18 am","ts":1666738101,"status":200,"resp_time":0.078162}
{"time":"October 26, 4:28 am","ts":1666738722,"status":200,"resp_time":0.190904}
{"time":"October 26, 5:00 am","ts":1666740649,"status":200,"resp_time":0.135721}
{"time":"October 26, 5:22 am","ts":1666741923,"status":200,"resp_time":0.093361}
{"time":"October 26, 7:19 am","ts":1666748969,"status":200,"resp_time":0.087818}
{"time":"October 26, 9:11 am","ts":1666755711,"status":200,"resp_time":0.101704}
{"time":"October 26, 10:09 am","ts":1666759177,"status":200,"resp_time":0.114561}
{"time":"October 26, 10:48 am","ts":1666761523,"status":200,"resp_time":0.074971}
{"time":"October 26, 11:16 am","ts":1666763180,"status":200,"resp_time":0.091684}
{"time":"October 26, 11:27 am","ts":1666763861,"status":200,"resp_time":0.118444}
{"time":"October 26, 12:05 pm","ts":1666766124,"status":200,"resp_time":0.092268}
{"time":"October 26, 12:28 pm","ts":1666767510,"status":200,"resp_time":0.077201}
{"time":"October 26, 12:56 pm","ts":1666769210,"status":200,"resp_time":0.103373}
{"time":"October 26, 1:13 pm","ts":1666770195,"status":200,"resp_time":0.135712}
{"time":"October 26, 1:25 pm","ts":1666770952,"status":200,"resp_time":0.073181}
{"time":"October 26, 1:56 pm","ts":1666772761,"status":200,"resp_time":0.135841}
{"time":"October 26, 2:18 pm","ts":1666774125,"status":200,"resp_time":0.169653}
{"time":"October 26, 2:29 pm","ts":1666774769,"status":200,"resp_time":0.179955}
{"time":"October 26, 2:56 pm","ts":1666776411,"status":200,"resp_time":0.083733}
{"time":"October 26, 3:14 pm","ts":1666777497,"status":200,"resp_time":0.07691}
{"time":"October 26, 3:25 pm","ts":1666778130,"status":200,"resp_time":0.081371}
{"time":"October 26, 3:51 pm","ts":1666779665,"status":200,"resp_time":0.115991}
{"time":"October 26, 4:14 pm","ts":1666781095,"status":200,"resp_time":0.132549}
{"time":"October 26, 4:26 pm","ts":1666781764,"status":200,"resp_time":0.185386}
{"time":"October 26, 4:47 pm","ts":1666783067,"status":200,"resp_time":0.124093}
{"time":"October 26, 5:03 pm","ts":1666783995,"status":200,"resp_time":0.180964}
{"time":"October 26, 5:15 pm","ts":1666784744,"status":200,"resp_time":0.090263}
{"time":"October 26, 5:26 pm","ts":1666785360,"status":200,"resp_time":0.120109}
{"time":"October 26, 6:19 pm","ts":1666788567,"status":200,"resp_time":0.078843}
{"time":"October 26, 7:09 pm","ts":1666791577,"status":200,"resp_time":0.144506}
{"time":"October 26, 7:44 pm","ts":1666793666,"status":200,"resp_time":0.088557}
{"time":"October 26, 8:10 pm","ts":1666795259,"status":200,"resp_time":0.15478}
{"time":"October 26, 8:26 pm","ts":1666796178,"status":200,"resp_time":0.107158}
{"time":"October 26, 8:53 pm","ts":1666797810,"status":200,"resp_time":0.336445}
{"time":"October 26, 9:15 pm","ts":1666799134,"status":200,"resp_time":0.18136}
{"time":"October 26, 9:27 pm","ts":1666799824,"status":200,"resp_time":0.304498}
{"time":"October 26, 10:05 pm","ts":1666802122,"status":200,"resp_time":0.093095}
{"time":"October 26, 10:33 pm","ts":1666803823,"status":200,"resp_time":0.161807}
{"time":"October 26, 11:03 pm","ts":1666805613,"status":200,"resp_time":0.148716}
{"time":"October 26, 11:19 pm","ts":1666806592,"status":200,"resp_time":0.21239}
{"time":"October 26, 11:30 pm","ts":1666807208,"status":200,"resp_time":0.28913}
{"time":"October 27, 12:03 am","ts":1666809222,"status":200,"resp_time":0.298433}
{"time":"October 27, 12:24 am","ts":1666810489,"status":200,"resp_time":0.194497}
{"time":"October 27, 12:44 am","ts":1666811670,"status":200,"resp_time":0.116592}
{"time":"October 27, 12:59 am","ts":1666812551,"status":200,"resp_time":0.174021}
{"time":"October 27, 1:11 am","ts":1666813261,"status":200,"resp_time":0.379257}
{"time":"October 27, 1:25 am","ts":1666814148,"status":200,"resp_time":0.132877}
{"time":"October 27, 1:51 am","ts":1666815698,"status":200,"resp_time":0.134916}
{"time":"October 27, 2:13 am","ts":1666817001,"status":200,"resp_time":0.177156}
{"time":"October 27, 2:25 am","ts":1666817733,"status":200,"resp_time":0.084205}
{"time":"October 27, 2:48 am","ts":1666819111,"status":200,"resp_time":0.375351}
{"time":"October 27, 3:07 am","ts":1666820237,"status":200,"resp_time":0.189168}
{"time":"October 27, 3:20 am","ts":1666821003,"status":200,"resp_time":0.133894}
{"time":"October 27, 3:30 am","ts":1666821623,"status":200,"resp_time":0.125196}
{"time":"October 27, 4:03 am","ts":1666823624,"status":200,"resp_time":0.144242}
{"time":"October 27, 4:21 am","ts":1666824671,"status":200,"resp_time":0.153125}
{"time":"October 27, 4:51 am","ts":1666826469,"status":200,"resp_time":0.079559}
{"time":"October 27, 5:15 am","ts":1666827908,"status":200,"resp_time":0.082081}
{"time":"October 27, 5:26 am","ts":1666828607,"status":200,"resp_time":0.183217}
{"time":"October 27, 7:33 am","ts":1666836238,"status":200,"resp_time":0.138011}
{"time":"October 27, 9:21 am","ts":1666842660,"status":200,"resp_time":0.181938}
{"time":"October 27, 10:17 am","ts":1666846053,"status":200,"resp_time":0.18345}
{"time":"October 27, 10:47 am","ts":1666847871,"status":200,"resp_time":0.081456}
{"time":"October 27, 11:13 am","ts":1666849401,"status":200,"resp_time":0.108296}
{"time":"October 27, 11:25 am","ts":1666850143,"status":200,"resp_time":0.144473}
{"time":"October 27, 11:56 am","ts":1666851976,"status":200,"resp_time":0.113507}
{"time":"October 27, 12:22 pm","ts":1666853522,"status":200,"resp_time":0.097168}
{"time":"October 27, 12:47 pm","ts":1666855049,"status":200,"resp_time":0.117116}
{"time":"October 27, 1:04 pm","ts":1666856090,"status":200,"resp_time":0.100707}
