{"time":"July 22, 2022, 7:46 am","status":0,"resp_time":0}
{"time":"July 22, 2022, 7:50 am","status":0,"resp_time":0}
{"time":"July 22, 2022, 7:53 am","status":200,"resp_time":0.079916}
{"time":"July 22, 2022, 1:28 pm","ts":1658476720,"status":200,"resp_time":0.14291}
{"time":"July 22, 2022, 2:42 pm","ts":1658481144,"status":200,"resp_time":0.0754}
{"time":"July 22, 2022, 4:11 pm","ts":1658486495,"status":200,"resp_time":0.085242}
