{"time":"September 10, 1:13 pm","ts":1662795803,"status":200,"resp_time":0.11089}
{"time":"September 10, 1:25 pm","ts":1662796548,"status":200,"resp_time":0.172303}
{"time":"September 10, 1:55 pm","ts":1662798328,"status":200,"resp_time":0.10905}
{"time":"September 10, 2:19 pm","ts":1662799753,"status":200,"resp_time":0.187096}
{"time":"September 10, 2:31 pm","ts":1662800464,"status":200,"resp_time":0.086854}
{"time":"September 10, 2:59 pm","ts":1662802197,"status":200,"resp_time":0.136541}
{"time":"September 10, 3:16 pm","ts":1662803183,"status":200,"resp_time":0.082132}
{"time":"September 10, 3:26 pm","ts":1662803806,"status":200,"resp_time":0.126327}
{"time":"September 10, 3:54 pm","ts":1662805461,"status":200,"resp_time":0.190857}
{"time":"September 10, 4:14 pm","ts":1662806663,"status":200,"resp_time":0.180322}
{"time":"September 10, 4:25 pm","ts":1662807341,"status":200,"resp_time":0.092841}
{"time":"September 10, 4:46 pm","ts":1662808598,"status":200,"resp_time":0.14289}
{"time":"September 10, 5:02 pm","ts":1662809544,"status":200,"resp_time":0.129413}
{"time":"September 10, 5:15 pm","ts":1662810340,"status":200,"resp_time":0.137328}
{"time":"September 10, 5:25 pm","ts":1662810958,"status":200,"resp_time":0.126788}
{"time":"September 10, 6:06 pm","ts":1662813393,"status":200,"resp_time":0.143403}
{"time":"September 10, 6:47 pm","ts":1662815821,"status":200,"resp_time":0.091778}
{"time":"September 10, 7:15 pm","ts":1662817559,"status":200,"resp_time":0.196274}
{"time":"September 10, 7:27 pm","ts":1662818241,"status":200,"resp_time":0.108188}
{"time":"September 10, 7:52 pm","ts":1662819722,"status":200,"resp_time":0.106757}
{"time":"September 10, 8:10 pm","ts":1662820842,"status":200,"resp_time":0.15652}
{"time":"September 10, 8:25 pm","ts":1662821738,"status":200,"resp_time":0.172125}
{"time":"September 10, 8:49 pm","ts":1662823192,"status":200,"resp_time":0.119083}
{"time":"September 10, 9:10 pm","ts":1662824424,"status":200,"resp_time":0.164071}
{"time":"September 10, 9:26 pm","ts":1662825392,"status":200,"resp_time":0.111646}
{"time":"September 10, 9:59 pm","ts":1662827371,"status":200,"resp_time":0.357941}
{"time":"September 10, 10:30 pm","ts":1662829228,"status":200,"resp_time":0.095929}
{"time":"September 10, 11:02 pm","ts":1662831163,"status":200,"resp_time":0.164305}
{"time":"September 10, 11:19 pm","ts":1662832195,"status":200,"resp_time":0.117731}
{"time":"September 10, 11:30 pm","ts":1662832813,"status":200,"resp_time":0.216535}
{"time":"September 11, 12:03 am","ts":1662834799,"status":200,"resp_time":0.25533}
{"time":"September 11, 12:24 am","ts":1662836097,"status":200,"resp_time":0.116977}
{"time":"September 11, 12:44 am","ts":1662837257,"status":200,"resp_time":0.133788}
{"time":"September 11, 12:59 am","ts":1662838159,"status":200,"resp_time":0.183577}
{"time":"September 11, 1:11 am","ts":1662838870,"status":200,"resp_time":0.124309}
{"time":"September 11, 1:25 am","ts":1662839740,"status":200,"resp_time":0.179349}
{"time":"September 11, 1:50 am","ts":1662841212,"status":200,"resp_time":0.115253}
{"time":"September 11, 2:08 am","ts":1662842339,"status":200,"resp_time":0.096426}
{"time":"September 11, 2:21 am","ts":1662843102,"status":200,"resp_time":0.175649}
{"time":"September 11, 2:46 am","ts":1662844566,"status":200,"resp_time":0.184678}
{"time":"September 11, 3:04 am","ts":1662845659,"status":200,"resp_time":0.106041}
{"time":"September 11, 3:18 am","ts":1662846490,"status":200,"resp_time":0.192899}
{"time":"September 11, 3:28 am","ts":1662847105,"status":200,"resp_time":0.106416}
{"time":"September 11, 3:55 am","ts":1662848726,"status":200,"resp_time":0.196872}
{"time":"September 11, 4:12 am","ts":1662849761,"status":200,"resp_time":0.152608}
{"time":"September 11, 4:25 am","ts":1662850535,"status":200,"resp_time":0.220119}
{"time":"September 11, 4:49 am","ts":1662851962,"status":200,"resp_time":0.126156}
{"time":"September 11, 5:08 am","ts":1662853134,"status":200,"resp_time":0.171927}
{"time":"September 11, 5:24 am","ts":1662854078,"status":200,"resp_time":0.156624}
{"time":"September 11, 7:30 am","ts":1662861612,"status":200,"resp_time":0.120025}
{"time":"September 11, 9:40 am","ts":1662869426,"status":200,"resp_time":0.100413}
{"time":"September 11, 10:45 am","ts":1662873304,"status":200,"resp_time":0.140014}
{"time":"September 11, 11:21 am","ts":1662875468,"status":200,"resp_time":0.097281}
{"time":"September 11, 11:54 am","ts":1662877459,"status":200,"resp_time":0.099856}
{"time":"September 11, 12:21 pm","ts":1662879079,"status":200,"resp_time":0.152807}
{"time":"September 11, 12:47 pm","ts":1662880634,"status":200,"resp_time":0.069876}
{"time":"September 11, 1:04 pm","ts":1662881687,"status":200,"resp_time":0.180317}
{"time":"September 11, 1:16 pm","ts":1662882387,"status":200,"resp_time":0.095175}
{"time":"September 11, 1:26 pm","ts":1662882999,"status":200,"resp_time":0.107706}
{"time":"September 11, 1:56 pm","ts":1662884797,"status":200,"resp_time":0.072453}
{"time":"September 11, 2:18 pm","ts":1662886105,"status":200,"resp_time":0.100535}
{"time":"September 11, 2:29 pm","ts":1662886763,"status":200,"resp_time":0.09626}
{"time":"September 11, 2:56 pm","ts":1662888364,"status":200,"resp_time":0.077737}
{"time":"September 11, 3:13 pm","ts":1662889410,"status":200,"resp_time":0.075981}
{"time":"September 11, 3:25 pm","ts":1662890133,"status":200,"resp_time":0.184301}
{"time":"September 11, 3:50 pm","ts":1662891641,"status":200,"resp_time":0.14329}
{"time":"September 11, 4:14 pm","ts":1662893043,"status":200,"resp_time":0.139515}
{"time":"September 11, 4:25 pm","ts":1662893744,"status":200,"resp_time":0.078546}
{"time":"September 11, 4:46 pm","ts":1662894993,"status":200,"resp_time":0.091874}
{"time":"September 11, 5:02 pm","ts":1662895942,"status":200,"resp_time":0.102233}
{"time":"September 11, 5:15 pm","ts":1662896736,"status":200,"resp_time":0.132122}
{"time":"September 11, 5:25 pm","ts":1662897351,"status":200,"resp_time":0.077539}
{"time":"September 11, 6:06 pm","ts":1662899799,"status":200,"resp_time":0.122029}
{"time":"September 11, 6:47 pm","ts":1662902244,"status":200,"resp_time":0.072719}
{"time":"September 11, 7:16 pm","ts":1662903999,"status":200,"resp_time":0.185256}
{"time":"September 11, 7:27 pm","ts":1662904666,"status":200,"resp_time":0.1525}
{"time":"September 11, 7:52 pm","ts":1662906156,"status":200,"resp_time":0.12841}
{"time":"September 11, 8:10 pm","ts":1662907231,"status":200,"resp_time":0.125282}
{"time":"September 11, 8:25 pm","ts":1662908136,"status":200,"resp_time":0.140124}
{"time":"September 11, 8:50 pm","ts":1662909602,"status":200,"resp_time":0.143054}
{"time":"September 11, 9:10 pm","ts":1662910857,"status":200,"resp_time":0.147485}
{"time":"September 11, 9:26 pm","ts":1662911812,"status":200,"resp_time":0.08804}
{"time":"September 11, 10:01 pm","ts":1662913877,"status":200,"resp_time":0.096279}
{"time":"September 11, 10:32 pm","ts":1662915734,"status":200,"resp_time":0.219759}
{"time":"September 11, 11:02 pm","ts":1662917558,"status":200,"resp_time":0.157469}
{"time":"September 11, 11:20 pm","ts":1662918613,"status":200,"resp_time":0.117567}
{"time":"September 11, 11:36 pm","ts":1662919573,"status":200,"resp_time":0.153937}
{"time":"September 12, 12:06 am","ts":1662921384,"status":200,"resp_time":0.125749}
{"time":"September 12, 12:25 am","ts":1662922512,"status":200,"resp_time":0.135708}
{"time":"September 12, 12:44 am","ts":1662923678,"status":200,"resp_time":0.110664}
{"time":"September 12, 12:59 am","ts":1662924565,"status":200,"resp_time":0.156625}
{"time":"September 12, 1:11 am","ts":1662925279,"status":200,"resp_time":0.173395}
{"time":"September 12, 1:25 am","ts":1662926135,"status":200,"resp_time":0.184763}
{"time":"September 12, 1:50 am","ts":1662927643,"status":200,"resp_time":0.107541}
{"time":"September 12, 2:15 am","ts":1662929104,"status":200,"resp_time":0.264114}
{"time":"September 12, 2:26 am","ts":1662929783,"status":200,