{"time":"July 22, 8:17 pm","ts":1658501222,"status":200,"resp_time":0.13416}
{"time":"July 22, 8:27 pm","ts":1658501852,"status":200,"resp_time":0.205642}
{"time":"July 22, 8:55 pm","ts":1658503503,"status":200,"resp_time":0.206218}
{"time":"July 22, 9:14 pm","ts":1658504647,"status":200,"resp_time":0.145586}
{"time":"July 22, 9:25 pm","ts":1658505350,"status":200,"resp_time":0.147676}
{"time":"July 22, 10:00 pm","ts":1658507452,"status":200,"resp_time":0.156235}
