{"time":"October 17, 12:05 am","ts":1665945300,"status":200,"resp_time":0.159691}
{"time":"October 17, 12:27 am","ts":1665946675,"status":200,"resp_time":0.088057}
{"time":"October 17, 12:54 am","ts":1665948240,"status":200,"resp_time":0.199896}
{"time":"October 17, 1:10 am","ts":1665949223,"status":200,"resp_time":0.213598}
{"time":"October 17, 1:25 am","ts":1665950138,"status":200,"resp_time":0.203224}
{"time":"October 17, 1:53 am","ts":1665951795,"status":200,"resp_time":0.091666}
{"time":"October 17, 2:17 am","ts":1665953224,"status":200,"resp_time":0.130844}
{"time":"October 17, 2:28 am","ts":1665953929,"status":200,"resp_time":0.46215}
{"time":"October 17, 2:56 am","ts":1665955573,"status":200,"resp_time":0.096245}
{"time":"October 17, 3:15 am","ts":1665956710,"status":200,"resp_time":0.129929}
{"time":"October 17, 3:26 am","ts":1665957374,"status":200,"resp_time":0.215288}
{"time":"October 17, 3:52 am","ts":1665958946,"status":200,"resp_time":0.114971}
{"time":"October 17, 4:16 am","ts":1665960391,"status":200,"resp_time":0.082756}
{"time":"October 17, 4:27 am","ts":1665961078,"status":200,"resp_time":0.119467}
{"time":"October 17, 5:03 am","ts":1665963205,"status":200,"resp_time":0.152073}
{"time":"October 17, 5:25 am","ts":1665964558,"status":200,"resp_time":0.384934}
{"time":"October 17, 7:59 am","ts":1665973792,"status":200,"resp_time":0.104223}
{"time":"October 17, 10:19 am","ts":1665982151,"status":200,"resp_time":0.110011}
{"time":"October 17, 11:38 am","ts":1665986891,"status":200,"resp_time":0.175567}
{"time":"October 17, 12:37 pm","ts":1665990474,"status":200,"resp_time":0.172325}
{"time":"October 17, 1:26 pm","ts":1665993387,"status":200,"resp_time":0.079894}
{"time":"October 17, 2:09 pm","ts":1665995995,"status":200,"resp_time":0.176186}
{"time":"October 17, 2:46 pm","ts":1665998166,"status":200,"resp_time":0.114261}
{"time":"October 17, 3:22 pm","ts":1666000367,"status":200,"resp_time":0.129934}
{"time":"October 17, 3:56 pm","ts":1666002408,"status":200,"resp_time":0.08627}
{"time":"October 17, 4:26 pm","ts":1666004198,"status":200,"resp_time":0.174243}
{"time":"October 17, 4:53 pm","ts":1666005813,"status":200,"resp_time":1.111253}
{"time":"October 17, 5:14 pm","ts":1666007062,"status":200,"resp_time":0.084256}
{"time":"October 17, 5:26 pm","ts":1666007780,"status":200,"resp_time":0.132631}
{"time":"October 17, 6:24 pm","ts":1666011264,"status":200,"resp_time":0.098368}
{"time":"October 17, 7:30 pm","ts":1666015244,"status":200,"resp_time":0.114629}
{"time":"October 17, 8:14 pm","ts":1666017872,"status":200,"resp_time":0.143422}
{"time":"October 17, 8:31 pm","ts":1666018903,"status":200,"resp_time":0.165695}
{"time":"October 17, 9:12 pm","ts":1666021343,"status":200,"resp_time":0.123159}
{"time":"October 17, 9:43 pm","ts":1666023192,"status":200,"resp_time":0.124684}
{"time":"October 17, 10:40 pm","ts":1666026613,"status":200,"resp_time":0.242732}
{"time":"October 17, 11:30 pm","ts":1666029605,"status":200,"resp_time":0.132071}
{"time":"October 18, 12:20 am","ts":1666032651,"status":200,"resp_time":0.111158}
{"time":"October 18, 1:00 am","ts":1666035033,"status":200,"resp_time":0.108597}
{"time":"October 18, 1:22 am","ts":1666036377,"status":200,"resp_time":0.090247}
{"time":"October 18, 1:52 am","ts":1666038167,"status":200,"resp_time":0.132431}
{"time":"October 18, 2:18 am","ts":1666039715,"status":200,"resp_time":0.088118}
{"time":"October 18, 2:30 am","ts":1666040428,"status":200,"resp_time":0.185958}
{"time":"October 18, 3:00 am","ts":1666042258,"status":200,"resp_time":0.185374}
{"time":"October 18, 3:22 am","ts":1666043530,"status":200,"resp_time":0.209694}
{"time":"October 18, 3:51 am","ts":1666045307,"status":200,"resp_time":0.082017}
{"time":"October 18, 4:18 am","ts":1666046923,"status":200,"resp_time":0.108216}
{"time":"October 18, 4:30 am","ts":1666047619,"status":200,"resp_time":0.086572}
{"time":"October 18, 5:05 am","ts":1666049755,"status":200,"resp_time":0.094489}
{"time":"October 18, 5:27 am","ts":1666051055,"status":200,"resp_time":0.201088}
{"time":"October 18, 8:12 am","ts":1666060967,"status":200,"resp_time":0.09043}
{"time":"October 18, 10:11 am","ts":1666068106,"status":200,"resp_time":0.079774}
{"time":"October 18, 11:31 am","ts":1666072879,"status":200,"resp_time":0.093714}
{"time":"October 18, 12:36 pm","ts":1666076775,"status":200,"resp_time":0.081982}
{"time":"October 18, 1:20 pm","ts":1666079402,"status":200,"resp_time":0.115095}
{"time":"October 18, 1:44 pm","ts":1666080844,"status":200,"resp_time":0.081107}
{"time":"October 18, 2:27 pm","ts":1666083438,"status":200,"resp_time":0.09057}
{"time":"October 18, 3:05 pm","ts":1666085709,"status":200,"resp_time":0.136751}
{"time":"October 18, 3:28 pm","ts":1666087119,"status":200,"resp_time":0.080803}
{"time":"October 18, 4:04 pm","ts":1666089291,"status":200,"resp_time":0.093843}
{"time":"October 18, 4:28 pm","ts":1666090734,"status":200,"resp_time":0.155752}
{"time":"October 18, 4:56 pm","ts":1666092378,"status":200,"resp_time":0.136171}
{"time":"October 18, 5:14 pm","ts":1666093464,"status":200,"resp_time":0.175204}
{"time":"October 18, 5:26 pm","ts":1666094167,"status":200,"resp_time":0.093904}
{"time":"October 18, 6:20 pm","ts":1666097429,"status":200,"resp_time":0.142866}
{"time":"October 18, 7:28 pm","ts":1666101490,"status":200,"resp_time":0.173335}
{"time":"October 18, 8:06 pm","ts":1666103782,"status":200,"resp_time":0.145604}
{"time":"October 18, 8:27 pm","ts":1666105021,"status":200,"resp_time":0.165258}
{"time":"October 18, 9:02 pm","ts":1666107126,"status":200,"resp_time":0.219752}
{"time":"October 18, 9:30 pm","ts":1666108827,"status":200,"resp_time":0.14485}
{"time":"October 18, 10:26 pm","ts":1666112171,"status":200,"resp_time":0.156026}
{"time":"October 18, 11:09 pm","ts":1666114784,"status":200,"resp_time":0.162781}
{"time":"October 18, 11:35 pm","ts":1666116300,"status":200,"resp_time":0.191799}
{"time":"October 19, 12:21 am","ts":1666119064,"status":200,"resp_time":0.175642}
{"time":"October 19, 12:54 am","ts":1666121062,"status":200,"resp_time":0.105676}
{"time":"October 19, 1:14 am","ts":1666122294,"status":200,"resp_time":0.163363}
{"time":"October 19, 1:26 am","ts":1666123010,"status":200,"resp_time":0.083314}
{"time":"October 19, 1:58 am","ts":1666124911,"status":200,"resp_time":0.408105}
{"time":"October 19, 2:21 am","ts":1666126311,"status":200,"resp_time":0.125977}
{"time":"October 19, 2:48 am","ts":1666127931,"status":200,"resp_time":0.212217}
{"time":"October 19, 3:10 am","ts":1666129258,"status":200,"resp_time":0.157981}
{"time":"October 19, 3:26 am","ts":1666130214,"status":200,"resp_time":0.176606}
{"time":"October 19, 3:56 am","ts":1666132008,"status":200,"resp_time":0.143092}
{"time":"October 19, 4:20 am","ts":1666133416,"status":200,"resp_time":0.08612}
{"time":"October 19, 4:55 am","ts":1666135538,"status":200,"resp_time":0.199368}
{"time":"October 19, 5:22 am","ts":1666137149,"status":200,"resp_time":0.093142}
{"time":"October 19, 7:30 am","ts":1666144836,"status":200,"resp_time":0.086767}
{"time":"October 19, 9:58 am","ts":1666153688,"status":200,"resp_time":0.189303}
{"time":"October 19, 11:26 am","ts":1666159004,"status":200,"resp_time":0.094278}
{"time":"October 19, 12:33 pm","ts":1666163028,"status":200,"resp_time":0.099246}
{"time":"October 19, 1:22 pm","ts":1666165974,"status":200,"resp_time":0.349013}
{"time":"October 19, 2:06 pm","ts":1666168592,"status":200,"resp_time":0.115431}
{"time":"October 19, 2:36 pm","ts":1666170402,"status":200,"resp_time":0.140657}
{"time":"October 19, 3:13 pm","ts":1666172619,"status":200,"resp_time":0.171259}
