{"time":"July 22, 8:17 pm","ts":1658501222,"status":200,"resp_time":0.13416}
{"time":"July 22, 8:27 pm","ts":1658501852,"status":200,"resp_time":0.205642}
{"time":"July 22, 8:55 pm","ts":1658503503,"status":200,"resp_time":0.206218}
{"time":"July 22, 9:14 pm","ts":1658504647,"status":200,"resp_time":0.145586}
{"time":"July 22, 9:25 pm","ts":1658505350,"status":200,"resp_time":0.147676}
{"time":"July 22, 10:00 pm","ts":1658507452,"status":200,"resp_time":0.156235}
{"time":"July 22, 10:37 pm","ts":1658509652,"status":200,"resp_time":0.133159}
{"time":"July 22, 11:07 pm","ts":1658511432,"status":200,"resp_time":0.242238}
{"time":"July 22, 11:21 pm","ts":1658512313,"status":200,"resp_time":0.209039}
{"time":"July 22, 11:52 pm","ts":1658514155,"status":200,"resp_time":0.153694}
{"time":"July 23, 12:02 am","ts":1658514729,"status":200,"resp_time":0.103043}
{"time":"July 23, 12:18 am","ts":1658515697,"status":200,"resp_time":0.228672}
{"time":"July 23, 12:28 am","ts":1658516339,"status":200,"resp_time":0.139275}
