{"time":"August 17, 1:54 pm","ts":1660724682,"status":200,"resp_time":0.122602}
{"time":"August 17, 2:15 pm","ts":1660725946,"status":200,"resp_time":0.084195}
{"time":"August 17, 2:26 pm","ts":1660726600,"status":200,"resp_time":0.164102}
{"time":"August 17, 2:52 pm","ts":1660728121,"status":200,"resp_time":0.101278}
{"time":"August 17, 3:11 pm","ts":1660729308,"status":200,"resp_time":0.121882}
{"time":"August 17, 3:25 pm","ts":1660730135,"status":200,"resp_time":0.120476}
{"time":"August 17, 3:50 pm","ts":1660731633,"status":200,"resp_time":0.14846}
{"time":"August 17, 4:12 pm","ts":1660732955,"status":200,"resp_time":0.148738}
{"time":"August 17, 4:25 pm","ts":1660733735,"status":200,"resp_time":0.076314}
{"time":"August 17, 4:45 pm","ts":1660734914,"status":200,"resp_time":0.147817}
{"time":"August 17, 5:01 pm","ts":1660735875,"status":200,"resp_time":0.10065}
{"time":"August 17, 5:15 pm","ts":1660736750,"status":200,"resp_time":0.12537}
{"time":"August 17, 5:26 pm","ts":1660737384,"status":200,"resp_time":0.112125}
{"time":"August 17, 6:14 pm","ts":1660740287,"status":200,"resp_time":0.101733}
{"time":"August 17, 7:05 pm","ts":1660743315,"status":200,"resp_time":0.150524}
{"time":"August 17, 7:35 pm","ts":1660745143,"status":200,"resp_time":0.130946}
{"time":"August 17, 8:01 pm","ts":1660746690,"status":200,"resp_time":0.183443}
{"time":"August 17, 8:18 pm","ts":1660747690,"status":200,"resp_time":0.178919}
{"time":"August 17, 8:28 pm","ts":1660748317,"status":200,"resp_time":0.166089}
{"time":"August 17, 8:58 pm","ts":1660750100,"status":200,"resp_time":0.244693}
{"time":"August 17, 9:17 pm","ts":1660751252,"status":200,"resp_time":0.15354}
{"time":"August 17, 9:27 pm","ts":1660751875,"status":200,"resp_time":0.125255}
{"time":"August 17, 10:07 pm","ts":1660754255,"status":200,"resp_time":0.093753}
{"time":"August 17, 10:36 pm","ts":1660755962,"status":200,"resp_time":0.170664}
{"time":"August 17, 11:04 pm","ts":1660757685,"status":200,"resp_time":0.152748}
{"time":"August 17, 11:20 pm","ts":1660758608,"status":200,"resp_time":0.161029}
{"time":"August 17, 11:30 pm","ts":1660759237,"status":200,"resp_time":0.108119}
{"time":"August 18, 12:04 am","ts":1660761292,"status":200,"resp_time":0.223184}
{"time":"August 18, 12:24 am","ts":1660762485,"status":200,"resp_time":0.139876}
{"time":"August 18, 12:43 am","ts":1660763618,"status":200,"resp_time":0.211244}
{"time":"August 18, 12:56 am","ts":1660764412,"status":200,"resp_time":0.183825}
{"time":"August 18, 1:09 am","ts":1660765142,"status":200,"resp_time":0.136864}
{"time":"August 18, 1:19 am","ts":1660765785,"status":200,"resp_time":0.492602}
{"time":"August 18, 1:30 am","ts":1660766412,"status":200,"resp_time":0.226322}
{"time":"August 18, 1:56 am","ts":1660767988,"status":200,"resp_time":0.119933}
{"time":"August 18, 2:12 am","ts":1660768920,"status":200,"resp_time":0.089495}
{"time":"August 18, 2:25 am","ts":1660769741,"status":200,"resp_time":0.119365}
{"time":"August 18, 2:46 am","ts":1660771005,"status":200,"resp_time":0.211641}
{"time":"August 18, 3:04 am","ts":1660772065,"status":200,"resp_time":0.101079}
{"time":"August 18, 3:17 am","ts":1660772844,"status":200,"resp_time":0.093664}
{"time":"August 18, 3:27 am","ts":1660773464,"status":200,"resp_time":0.236191}
{"time":"August 18, 3:53 am","ts":1660774981,"status":200,"resp_time":0.147075}
{"time":"August 18, 4:10 am","ts":1660776019,"status":200,"resp_time":0.101198}
{"time":"August 18, 4:25 am","ts":1660776940,"status":200,"resp_time":0.166964}
{"time":"August 18, 4:48 am","ts":1660778338,"status":200,"resp_time":0.152356}
{"time":"August 18, 5:04 am","ts":1660779265,"status":200,"resp_time":0.149838}
{"time":"August 18, 5:17 am","ts":1660780031,"status":200,"resp_time":0.145121}
{"time":"August 18, 5:27 am","ts":1660780657,"status":200,"resp_time":0.174977}
{"time":"August 18, 8:03 am","ts":1660790020,"status":200,"resp_time":0.114638}
{"time":"August 18, 9:41 am","ts":1660795895,"status":200,"resp_time":0.142463}
{"time":"August 18, 10:42 am","ts":1660799577,"status":200,"resp_time":0.202043}
{"time":"August 18, 11:15 am","ts":1660801559,"status":200,"resp_time":0.12523}
{"time":"August 18, 11:27 am","ts":1660802241,"status":200,"resp_time":0.152119}
{"time":"August 18, 11:58 am","ts":1660804132,"status":200,"resp_time":0.138028}
{"time":"August 18, 12:23 pm","ts":1660805586,"status":200,"resp_time":0.145002}
{"time":"August 18, 12:45 pm","ts":1660806953,"status":200,"resp_time":0.14313}
{"time":"August 18, 1:01 pm","ts":1660807914,"status":200,"resp_time":0.145025}
{"time":"August 18, 1:15 pm","ts":1660808738,"status":200,"resp_time":0.078865}
{"time":"August 18, 1:26 pm","ts":1660809366,"status":200,"resp_time":0.200844}
{"time":"August 18, 1:53 pm","ts":1660811032,"status":200,"resp_time":0.388207}
{"time":"August 18, 2:16 pm","ts":1660812381,"status":200,"resp_time":0.112296}
{"time":"August 18, 2:27 pm","ts":1660813046,"status":200,"resp_time":0.11907}
{"time":"August 18, 2:53 pm","ts":1660814636,"status":200,"resp_time":0.269584}
{"time":"August 18, 3:11 pm","ts":1660815665,"status":200,"resp_time":0.125574}
{"time":"August 18, 3:25 pm","ts":1660816539,"status":200,"resp_time":0.178494}
{"time":"August 18, 3:51 pm","ts":1660818084,"status":200,"resp_time":0.581686}
{"time":"August 18, 4:14 pm","ts":1660819449,"status":200,"resp_time":0.11951}
{"time":"August 18, 4:25 pm","ts":1660820137,"status":200,"resp_time":0.161198}
{"time":"August 18, 4:46 pm","ts":1660821360,"status":200,"resp_time":0.17009}
{"time":"August 18, 5:00 pm","ts":1660822257,"status":200,"resp_time":0.191809}
{"time":"August 18, 5:15 pm","ts":1660823130,"status":200,"resp_time":0.089413}
{"time":"August 18, 5:26 pm","ts":1660823762,"status":200,"resp_time":0.196425}
{"time":"August 18, 6:10 pm","ts":1660826457,"status":200,"resp_time":0.173606}
{"time":"August 18, 7:00 pm","ts":1660829451,"status":200,"resp_time":0.101988}
{"time":"August 18, 7:30 pm","ts":1660831234,"status":200,"resp_time":0.115383}
{"time":"August 18, 8:00 pm","ts":1660833051,"status":200,"resp_time":0.420397}
{"time":"August 18, 8:24 pm","ts":1660834454,"status":200,"resp_time":0.100857}
{"time":"August 18, 8:59 pm","ts":1660836586,"status":200,"resp_time":0.137177}
{"time":"August 18, 9:27 pm","ts":1660838245,"status":200,"resp_time":0.259197}
{"time":"August 18, 10:08 pm","ts":1660840689,"status":200,"resp_time":0.102281}
{"time":"August 18, 10:51 pm","ts":1660843285,"status":200,"resp_time":0.156801}
{"time":"August 18, 11:23 pm","ts":1660845204,"status":200,"resp_time":0.10128}
{"time":"August 18, 11:49 pm","ts":1660846797,"status":200,"resp_time":0.143297}
{"time":"August 19, 12:12 am","ts":1660848123,"status":200,"resp_time":0.195562}
{"time":"August 19, 12:25 am","ts":1660848944,"status":200,"resp_time":0.139604}
{"time":"August 19, 12:45 am","ts":1660850123,"status":200,"resp_time":0.113826}
{"time":"August 19, 12:58 am","ts":1660850916,"status":200,"resp_time":0.184376}
{"time":"August 19, 1:10 am","ts":1660851611,"status":200,"resp_time":0.092788}
{"time":"August 19, 1:20 am","ts":1660852221,"status":200,"resp_time":0.17503}
{"time":"August 19, 1:50 am","ts":1660854007,"status":200,"resp_time":0.162198}
{"time":"August 19, 2:08 am","ts":1660855119,"status":200,"resp_time":0.123084}
{"time":"August 19, 2:20 am","ts":1660855834,"status":200,"resp_time":0.183434}
{"time":"August 19, 2:45 am","ts":1660857330,"status":200,"resp_time":0.10358}
{"time":"August 19, 3:01 am","ts":1660858317,"status":200,"resp_time":0.17937}
