{"time":"July 24, 12:19 pm","ts":1658645371,"status":200,"resp_time":0.170374}
{"time":"July 24, 12:29 pm","ts":1658645988,"status":200,"resp_time":0.235859}
{"time":"July 24, 12:53 pm","ts":1658647389,"status":200,"resp_time":0.274038}
{"time":"July 24, 1:08 pm","ts":1658648288,"status":200,"resp_time":0.28534}
{"time":"July 24, 1:18 pm","ts":1658648908,"status":200,"resp_time":0.216693}
{"time":"July 24, 1:28 pm","ts":1658649529,"status":200,"resp_time":0.204346}
{"time":"July 24, 1:59 pm","ts":1658651353,"status":200,"resp_time":0.082819}
{"time":"July 24, 2:17 pm","ts":1658652429,"status":200,"resp_time":0.138802}
{"time":"July 24, 2:27 pm","ts":1658653051,"status":200,"resp_time":0.169673}
{"time":"July 24, 2:51 pm","ts":1658654499,"status":200,"resp_time":0.110164}
{"time":"July 24, 3:10 pm","ts":1658655627,"status":200,"resp_time":0.30893}
{"time":"July 24, 3:25 pm","ts":1658656541,"status":200,"resp_time":0.088538}
{"time":"July 24, 3:49 pm","ts":1658657951,"status":200,"resp_time":0.108279}
{"time":"July 24, 4:08 pm","ts":1658659091,"status":200,"resp_time":0.110344}
{"time":"July 24, 4:19 pm","ts":1658659792,"status":200,"resp_time":0.209137}
{"time":"July 24, 4:30 pm","ts":1658660406,"status":200,"resp_time":0.298983}
{"time":"July 24, 4:50 pm","ts":1658661650,"status":200,"resp_time":0.20046}
{"time":"July 24, 5:07 pm","ts":1658662631,"status":200,"resp_time":0.221561}
{"time":"July 24, 5:17 pm","ts":1658663245,"status":200,"resp_time":0.112521}
{"time":"July 24, 5:27 pm","ts":1658663866,"status":200,"resp_time":0.070888}
{"time":"July 24, 6:11 pm","ts":1658666487,"status":200,"resp_time":0.748431}
{"time":"July 24, 6:46 pm","ts":1658668619,"status":200,"resp_time":0.2477}
{"time":"July 24, 7:12 pm","ts":1658670151,"status":200,"resp_time":0.154637}
{"time":"July 24, 7:25 pm","ts":1658670931,"status":200,"resp_time":0.155467}
{"time":"July 24, 7:45 pm","ts":1658672140,"status":200,"resp_time":0.531773}
{"time":"July 24, 8:01 pm","ts":1658673067,"status":200,"resp_time":0.149775}
{"time":"July 24, 8:15 pm","ts":1658673937,"status":200,"resp_time":0.260784}
{"time":"July 24, 8:25 pm","ts":1658674559,"status":200,"resp_time":0.548159}
{"time":"July 24, 8:49 pm","ts":1658675958,"status":200,"resp_time":0.209721}
{"time":"July 24, 9:08 pm","ts":1658677101,"status":200,"resp_time":0.19249}
{"time":"July 24, 9:21 pm","ts":1658677885,"status":200,"resp_time":0.245395}
{"time":"July 24, 9:53 pm","ts":1658679824,"status":200,"resp_time":0.25143}
{"time":"July 24, 10:25 pm","ts":1658681723,"status":200,"resp_time":0.18644}
{"time":"July 24, 10:49 pm","ts":1658683140,"status":200,"resp_time":0.109144}
{"time":"July 24, 11:07 pm","ts":1658684227,"status":200,"resp_time":0.230542}
{"time":"July 24, 11:18 pm","ts":1658684887,"status":200,"resp_time":0.211868}
{"time":"July 24, 11:28 pm","ts":1658685510,"status":200,"resp_time":0.169334}
{"time":"July 24, 11:59 pm","ts":1658687381,"status":200,"resp_time":0.259696}
{"time":"July 25, 12:19 am","ts":1658688543,"status":200,"resp_time":0.117505}
{"time":"July 25, 12:29 am","ts":1658689165,"status":200,"resp_time":0.317755}
{"time":"July 25, 12:50 am","ts":1658690408,"status":200,"resp_time":0.318644}
{"time":"July 25, 1:00 am","ts":1658691029,"status":200,"resp_time":0.141668}
{"time":"July 25, 1:15 am","ts":1658691931,"status":200,"resp_time":0.258296}
{"time":"July 25, 1:25 am","ts":1658692550,"status":200,"resp_time":0.270609}
{"time":"July 25, 1:49 am","ts":1658693958,"status":200,"resp_time":0.273457}
{"time":"July 25, 2:06 am","ts":1658694983,"status":200,"resp_time":0.164135}
{"time":"July 25, 2:17 am","ts":1658695669,"status":200,"resp_time":0.239502}
{"time":"July 25, 2:28 am","ts":1658696288,"status":200,"resp_time":0.363068}
{"time":"July 25, 2:50 am","ts":1658697649,"status":200,"resp_time":0.298764}
{"time":"July 25, 3:09 am","ts":1658698743,"status":200,"resp_time":0.115985}
{"time":"July 25, 3:19 am","ts":1658699365,"status":200,"resp_time":0.16583}
{"time":"July 25, 3:29 am","ts":1658699984,"status":200,"resp_time":0.141051}
{"time":"July 25, 3:54 am","ts":1658701454,"status":200,"resp_time":0.162955}
{"time":"July 25, 4:10 am","ts":1658702416,"status":200,"resp_time":0.326974}
{"time":"July 25, 4:20 am","ts":1658703026,"status":200,"resp_time":0.196653}
{"time":"July 25, 4:46 am","ts":1658704600,"status":200,"resp_time":0.275101}
{"time":"July 25, 5:04 am","ts":1658705640,"status":200,"resp_time":0.28421}
{"time":"July 25, 5:16 am","ts":1658706412,"status":200,"resp_time":0.180583}
{"time":"July 25, 5:27 am","ts":1658707051,"status":200,"resp_time":0.219112}
{"time":"July 25, 7:44 am","ts":1658715252,"status":200,"resp_time":0.117963}
{"time":"July 25, 9:25 am","ts":1658721302,"status":200,"resp_time":0.220694}
{"time":"July 25, 10:19 am","ts":1658724540,"status":200,"resp_time":0.28247}
{"time":"July 25, 10:48 am","ts":1658726321,"status":200,"resp_time":0.718563}
{"time":"July 25, 11:13 am","ts":1658727795,"status":200,"resp_time":0.162407}
{"time":"July 25, 11:25 am","ts":1658728530,"status":200,"resp_time":0.233463}
{"time":"July 25, 11:53 am","ts":1658730238,"status":200,"resp_time":0.184857}
{"time":"July 25, 12:19 pm","ts":1658731791,"status":200,"resp_time":0.243578}
{"time":"July 25, 12:30 pm","ts":1658732426,"status":200,"resp_time":0.222094}
{"time":"July 25, 12:57 pm","ts":1658734070,"status":200,"resp_time":0.23743}
{"time":"July 25, 1:11 pm","ts":1658734914,"status":200,"resp_time":0.227584}
{"time":"July 25, 1:25 pm","ts":1658735742,"status":200,"resp_time":0.156993}
{"time":"July 25, 1:56 pm","ts":1658737562,"status":200,"resp_time":0.214388}
{"time":"July 25, 2:18 pm","ts":1658738928,"status":200,"resp_time":0.202457}
{"time":"July 25, 2:29 pm","ts":1658739558,"status":200,"resp_time":0.163347}
{"time":"July 25, 2:55 pm","ts":1658741150,"status":200,"resp_time":0.181502}
{"time":"July 25, 3:12 pm","ts":1658742155,"status":200,"resp_time":0.129756}
{"time":"July 25, 3:25 pm","ts":1658742943,"status":200,"resp_time":0.298401}
{"time":"July 25, 3:51 pm","ts":1658744505,"status":200,"resp_time":0.114582}
{"time":"July 25, 4:14 pm","ts":1658745840,"status":200,"resp_time":0.135047}
{"time":"July 25, 4:25 pm","ts":1658746533,"status":200,"resp_time":0.196584}
{"time":"July 25, 4:46 pm","ts":1658747799,"status":200,"resp_time":0.161176}
{"time":"July 25, 5:02 pm","ts":1658748744,"status":200,"resp_time":0.104133}
{"time":"July 25, 5:15 pm","ts":1658749532,"status":200,"resp_time":0.224129}
{"time":"July 25, 5:26 pm","ts":1658750160,"status":200,"resp_time":0.120209}
{"time":"July 25, 6:11 pm","ts":1658752877,"status":200,"resp_time":0.212342}
{"time":"July 25, 6:57 pm","ts":1658755678,"status":200,"resp_time":0.174001}
{"time":"July 25, 7:29 pm","ts":1658757578,"status":200,"resp_time":0.180619}
{"time":"July 25, 7:54 pm","ts":1658759049,"status":200,"resp_time":0.42811}
{"time":"July 25, 8:09 pm","ts":1658759965,"status":200,"resp_time":0.16963}
{"time":"July 25, 8:19 pm","ts":1658760593,"status":200,"resp_time":0.409141}
{"time":"July 25, 8:30 pm","ts":1658761217,"status":200,"resp_time":0.139691}
{"time":"July 25, 8:58 pm","ts":1658762920,"status":200,"resp_time":0.203705}
{"time":"July 25, 9:17 pm","ts":1658764061,"status":200,"resp_time":0.233251}
{"time":"July 25, 9:28 pm","ts":1658764684,"status":200,"resp_time":0.253634}
{"time":"July 25, 10:04 pm","ts":1658766876,"status":200,"resp_time":0.817409}
{"time":"July 25, 10:32 pm","ts":1658768522,"status":200,"resp_time":0.453743}
