{"time":"October 21, 2:32 pm","ts":1666342926,"status":200,"resp_time":0.33971}
{"time":"October 21, 3:08 pm","ts":1666345133,"status":200,"resp_time":0.135364}
{"time":"October 21, 3:28 pm","ts":1666346337,"status":200,"resp_time":0.072976}
{"time":"October 21, 4:03 pm","ts":1666348430,"status":200,"resp_time":0.154966}
{"time":"October 21, 4:26 pm","ts":1666349787,"status":200,"resp_time":0.165695}
{"time":"October 21, 4:51 pm","ts":1666351311,"status":200,"resp_time":0.448546}
{"time":"October 21, 5:13 pm","ts":1666352634,"status":200,"resp_time":0.077072}
{"time":"October 21, 5:26 pm","ts":1666353390,"status":200,"resp_time":0.243185}
{"time":"October 21, 6:21 pm","ts":1666356702,"status":200,"resp_time":0.737123}
{"time":"October 21, 7:27 pm","ts":1666360626,"status":200,"resp_time":0.09787}
{"time":"October 21, 8:09 pm","ts":1666363161,"status":200,"resp_time":0.250975}
{"time":"October 21, 8:33 pm","ts":1666364619,"status":200,"resp_time":0.264769}
{"time":"October 21, 9:13 pm","ts":1666367019,"status":200,"resp_time":0.287973}
{"time":"October 21, 9:41 pm","ts":1666368684,"status":200,"resp_time":0.1514}
{"time":"October 21, 10:32 pm","ts":1666371744,"status":200,"resp_time":0.24911}
{"time":"October 21, 11:15 pm","ts":1666374301,"status":200,"resp_time":0.195653}
{"time":"October 21, 11:31 pm","ts":1666375313,"status":200,"resp_time":0.300551}
{"time":"October 22, 12:16 am","ts":1666377975,"status":200,"resp_time":0.308214}
{"time":"October 22, 12:41 am","ts":1666379484,"status":200,"resp_time":0.224633}
{"time":"October 22, 1:07 am","ts":1666381073,"status":200,"resp_time":0.287445}
{"time":"October 22, 1:21 am","ts":1666381899,"status":200,"resp_time":0.1845}
{"time":"October 22, 1:53 am","ts":1666383789,"status":200,"resp_time":0.068202}
{"time":"October 22, 2:17 am","ts":1666385260,"status":200,"resp_time":0.268652}
{"time":"October 22, 2:29 am","ts":1666385979,"status":200,"resp_time":0.396411}
{"time":"October 22, 2:57 am","ts":1666387659,"status":200,"resp_time":0.560883}
{"time":"October 22, 3:18 am","ts":1666388880,"status":200,"resp_time":0.265563}
{"time":"October 22, 3:28 am","ts":1666389494,"status":200,"resp_time":0.162821}
{"time":"October 22, 4:00 am","ts":1666391402,"status":200,"resp_time":0.379995}
{"time":"October 22, 4:21 am","ts":1666392718,"status":200,"resp_time":0.230393}
{"time":"October 22, 4:53 am","ts":1666394637,"status":200,"resp_time":0.245342}
{"time":"October 22, 5:21 am","ts":1666396270,"status":200,"resp_time":0.632736}
{"time":"October 22, 7:23 am","ts":1666403614,"status":200,"resp_time":0.208289}
{"time":"October 22, 9:28 am","ts":1666411118,"status":200,"resp_time":0.172035}
{"time":"October 22, 10:40 am","ts":1666415447,"status":200,"resp_time":0.157218}
{"time":"October 22, 11:24 am","ts":1666418079,"status":200,"resp_time":0.283866}
{"time":"October 22, 11:59 am","ts":1666420184,"status":200,"resp_time":0.300742}
{"time":"October 22, 12:30 pm","ts":1666422057,"status":200,"resp_time":0.871672}
{"time":"October 22, 1:03 pm","ts":1666424029,"status":200,"resp_time":0.162237}
{"time":"October 22, 1:21 pm","ts":1666425066,"status":200,"resp_time":0.248582}
{"time":"October 22, 1:57 pm","ts":1666427239,"status":200,"resp_time":0.153594}
{"time":"October 22, 2:26 pm","ts":1666428961,"status":200,"resp_time":0.186499}
{"time":"October 22, 2:54 pm","ts":1666430679,"status":200,"resp_time":0.120916}
{"time":"October 22, 3:18 pm","ts":1666432083,"status":200,"resp_time":0.134592}
{"time":"October 22, 3:29 pm","ts":1666432755,"status":200,"resp_time":0.120127}
{"time":"October 22, 4:01 pm","ts":1666434710,"status":200,"resp_time":0.118917}
{"time":"October 22, 4:24 pm","ts":1666436096,"status":200,"resp_time":0.254626}
{"time":"October 22, 4:46 pm","ts":1666437412,"status":200,"resp_time":0.106825}
{"time":"October 22, 5:05 pm","ts":1666438551,"status":200,"resp_time":0.244975}
{"time":"October 22, 5:18 pm","ts":1666439315,"status":200,"resp_time":0.21846}
{"time":"October 22, 5:28 pm","ts":1666439932,"status":200,"resp_time":0.153589}
{"time":"October 22, 6:24 pm","ts":1666443258,"status":200,"resp_time":0.207953}
{"time":"October 22, 7:10 pm","ts":1666446032,"status":200,"resp_time":0.112181}
{"time":"October 22, 7:35 pm","ts":1666447524,"status":200,"resp_time":0.232722}
{"time":"October 22, 8:03 pm","ts":1666449185,"status":200,"resp_time":1.250574}
{"time":"October 22, 8:22 pm","ts":1666450337,"status":200,"resp_time":0.149118}
{"time":"October 22, 8:51 pm","ts":1666452060,"status":200,"resp_time":0.09179}
{"time":"October 22, 9:18 pm","ts":1666453708,"status":200,"resp_time":0.371032}
{"time":"October 22, 9:30 pm","ts":1666454458,"status":200,"resp_time":0.229165}
{"time":"October 22, 10:19 pm","ts":1666457349,"status":200,"resp_time":0.171467}
{"time":"October 22, 10:47 pm","ts":1666459066,"status":200,"resp_time":0.180857}
{"time":"October 22, 11:17 pm","ts":1666460836,"status":200,"resp_time":0.23145}
{"time":"October 22, 11:29 pm","ts":1666461593,"status":200,"resp_time":0.099066}
{"time":"October 23, 12:06 am","ts":1666463765,"status":200,"resp_time":0.17202}
{"time":"October 23, 12:29 am","ts":1666465141,"status":200,"resp_time":0.087488}
{"time":"October 23, 12:55 am","ts":1666466708,"status":200,"resp_time":0.606399}
{"time":"October 23, 1:10 am","ts":1666467636,"status":200,"resp_time":0.120249}
{"time":"October 23, 1:25 am","ts":1666468530,"status":200,"resp_time":0.217457}
{"time":"October 23, 1:52 am","ts":1666470176,"status":200,"resp_time":0.494188}
{"time":"October 23, 2:17 am","ts":1666471632,"status":200,"resp_time":0.099173}
{"time":"October 23, 2:29 am","ts":1666472358,"status":200,"resp_time":0.20673}
{"time":"October 23, 2:57 am","ts":1666474025,"status":200,"resp_time":0.084964}
{"time":"October 23, 3:16 am","ts":1666475196,"status":200,"resp_time":0.240025}
{"time":"October 23, 3:27 am","ts":1666475828,"status":200,"resp_time":0.211138}
{"time":"October 23, 3:55 am","ts":1666477538,"status":200,"resp_time":0.243495}
{"time":"October 23, 4:17 am","ts":1666478840,"status":200,"resp_time":0.153008}
{"time":"October 23, 4:28 am","ts":1666479510,"status":200,"resp_time":0.249661}
{"time":"October 23, 5:03 am","ts":1666481635,"status":200,"resp_time":0.248969}
{"time":"October 23, 5:26 am","ts":1666482969,"status":200,"resp_time":0.111668}
{"time":"October 23, 7:50 am","ts":1666491616,"status":200,"resp_time":0.138484}
{"time":"October 23, 9:46 am","ts":1666498618,"status":200,"resp_time":0.211242}
{"time":"October 23, 10:54 am","ts":1666502698,"status":200,"resp_time":0.203229}
{"time":"October 23, 11:31 am","ts":1666504914,"status":200,"resp_time":0.229008}
{"time":"October 23, 12:16 pm","ts":1666507603,"status":200,"resp_time":0.182565}
{"time":"October 23, 12:41 pm","ts":1666509114,"status":200,"resp_time":0.197311}
{"time":"October 23, 1:11 pm","ts":1666510893,"status":200,"resp_time":0.172862}
{"time":"October 23, 1:26 pm","ts":1666511793,"status":200,"resp_time":0.234426}
{"time":"October 23, 2:00 pm","ts":1666513839,"status":200,"resp_time":0.088771}
{"time":"October 23, 2:27 pm","ts":1666515447,"status":200,"resp_time":0.191055}
{"time":"October 23, 2:58 pm","ts":1666517316,"status":200,"resp_time":0.165702}
{"time":"October 23, 3:20 pm","ts":1666518649,"status":200,"resp_time":0.07921}
{"time":"October 23, 3:51 pm","ts":1666520492,"status":200,"resp_time":0.187774}
{"time":"October 23, 4:18 pm","ts":1666522119,"status":200,"resp_time":0.129707}
{"time":"October 23, 4:30 pm","ts":1666522812,"status":200,"resp_time":0.226784}
{"time":"October 23, 4:55 pm","ts":1666524336,"status":200,"resp_time":0.204609}
{"time":"October 23, 5:12 pm","ts":1666525328,"status":200,"resp_time":0.119763}
{"time":"October 23, 5:25 pm","ts":1666526129,"status":200,"resp_time":0.163555}
{"time":"October 23, 6:10 pm","ts":1666528816,"status":200,"resp_time":0.256673}
