{"time":"October 5, 10:00 am","ts":1664944255,"status":200,"resp_time":0.38506}
{"time":"October 5, 11:01 am","ts":1664947870,"status":200,"resp_time":0.54084}
{"time":"October 5, 11:47 am","ts":1664950655,"status":200,"resp_time":0.224031}
{"time":"October 5, 12:31 pm","ts":1664953318,"status":200,"resp_time":0.210644}
{"time":"October 5, 1:12 pm","ts":1664955767,"status":200,"resp_time":0.193064}
{"time":"October 5, 1:29 pm","ts":1664956770,"status":200,"resp_time":0.184989}
{"time":"October 5, 2:06 pm","ts":1664958984,"status":200,"resp_time":0.216394}
{"time":"October 5, 2:28 pm","ts":1664960324,"status":200,"resp_time":0.073941}
{"time":"October 5, 3:01 pm","ts":1664962311,"status":200,"resp_time":0.097848}
{"time":"October 5, 3:26 pm","ts":1664963760,"status":200,"resp_time":0.124562}
{"time":"October 5, 3:56 pm","ts":1664965579,"status":200,"resp_time":0.19517}
{"time":"October 5, 4:21 pm","ts":1664967075,"status":200,"resp_time":0.094227}
{"time":"October 5, 4:47 pm","ts":1664968679,"status":200,"resp_time":0.161961}
{"time":"October 5, 5:08 pm","ts":1664969884,"status":200,"resp_time":0.192786}
{"time":"October 5, 5:20 pm","ts":1664970657,"status":200,"resp_time":0.280752}
{"time":"October 5, 6:11 pm","ts":1664973706,"status":200,"resp_time":0.199782}
{"time":"October 5, 7:30 pm","ts":1664978409,"status":200,"resp_time":0.103981}
{"time":"October 5, 8:15 pm","ts":1664981159,"status":200,"resp_time":0.317003}
{"time":"October 5, 8:38 pm","ts":1664982510,"status":200,"resp_time":0.256386}
{"time":"October 5, 9:04 pm","ts":1664984063,"status":200,"resp_time":0.166826}
{"time":"October 5, 9:32 pm","ts":1664985739,"status":200,"resp_time":0.183751}
{"time":"October 5, 10:39 pm","ts":1664989761,"status":200,"resp_time":0.321778}
{"time":"October 5, 11:26 pm","ts":1664992584,"status":200,"resp_time":0.372365}
{"time":"October 6, 12:08 am","ts":1664995134,"status":200,"resp_time":0.09598}
{"time":"October 6, 12:42 am","ts":1664997138,"status":200,"resp_time":0.33188}
{"time":"October 6, 1:12 am","ts":1664998940,"status":200,"resp_time":0.199754}
{"time":"October 6, 1:27 am","ts":1664999825,"status":200,"resp_time":0.248831}
{"time":"October 6, 1:57 am","ts":1665001666,"status":200,"resp_time":0.208523}
{"time":"October 6, 2:19 am","ts":1665002979,"status":200,"resp_time":0.283902}
{"time":"October 6, 2:30 am","ts":1665003616,"status":200,"resp_time":0.237275}
{"time":"October 6, 2:57 am","ts":1665005263,"status":200,"resp_time":0.203995}
{"time":"October 6, 3:17 am","ts":1665006452,"status":200,"resp_time":0.1184}
{"time":"October 6, 3:27 am","ts":1665007079,"status":200,"resp_time":0.142566}
{"time":"October 6, 4:01 am","ts":1665009063,"status":200,"resp_time":0.198609}
{"time":"October 6, 4:25 am","ts":1665010507,"status":200,"resp_time":0.204108}
{"time":"October 6, 4:53 am","ts":1665012223,"status":200,"resp_time":0.079325}
{"time":"October 6, 5:20 am","ts":1665013820,"status":200,"resp_time":0.139941}
{"time":"October 6, 7:16 am","ts":1665020798,"status":200,"resp_time":0.254619}
{"time":"October 6, 8:54 am","ts":1665026659,"status":200,"resp_time":0.15002}
{"time":"October 6, 9:52 am","ts":1665030159,"status":200,"resp_time":0.234455}
{"time":"October 6, 10:41 am","ts":1665033084,"status":200,"resp_time":0.172085}
{"time":"October 6, 11:25 am","ts":1665035715,"status":200,"resp_time":0.111963}
{"time":"October 6, 11:59 am","ts":1665037796,"status":200,"resp_time":0.185921}
{"time":"October 6, 12:31 pm","ts":1665039693,"status":200,"resp_time":0.202819}
{"time":"October 6, 1:05 pm","ts":1665041736,"status":200,"resp_time":0.198796}
{"time":"October 6, 1:22 pm","ts":1665042749,"status":200,"resp_time":0.233781}
{"time":"October 6, 1:57 pm","ts":1665044847,"status":200,"resp_time":0.195796}
{"time":"October 6, 2:26 pm","ts":1665046611,"status":200,"resp_time":0.272073}
{"time":"October 6, 3:00 pm","ts":1665048622,"status":200,"resp_time":0.077171}
{"time":"October 6, 3:28 pm","ts":1665050322,"status":200,"resp_time":0.156166}
{"time":"October 6, 4:03 pm","ts":1665052400,"status":200,"resp_time":0.188903}
{"time":"October 6, 4:26 pm","ts":1665053773,"status":200,"resp_time":0.268873}
{"time":"October 6, 4:50 pm","ts":1665055249,"status":200,"resp_time":0.094753}
{"time":"October 6, 5:12 pm","ts":1665056565,"status":200,"resp_time":0.315803}
{"time":"October 6, 5:25 pm","ts":1665057334,"status":200,"resp_time":0.163762}
{"time":"October 6, 6:14 pm","ts":1665060288,"status":200,"resp_time":0.077065}
{"time":"October 6, 7:10 pm","ts":1665063647,"status":200,"resp_time":0.233163}
{"time":"October 6, 7:54 pm","ts":1665066261,"status":200,"resp_time":0.290388}
{"time":"October 6, 8:25 pm","ts":1665068132,"status":200,"resp_time":0.178159}
{"time":"October 6, 8:55 pm","ts":1665069934,"status":200,"resp_time":0.221144}
{"time":"October 6, 9:22 pm","ts":1665071546,"status":200,"resp_time":0.212146}
{"time":"October 6, 10:01 pm","ts":1665073895,"status":200,"resp_time":0.294894}
{"time":"October 6, 10:45 pm","ts":1665076551,"status":200,"resp_time":0.246269}
{"time":"October 6, 11:18 pm","ts":1665078523,"status":200,"resp_time":0.238823}
{"time":"October 6, 11:39 pm","ts":1665079787,"status":200,"resp_time":0.210134}
{"time":"October 7, 12:19 am","ts":1665082171,"status":200,"resp_time":0.115405}
{"time":"October 7, 12:45 am","ts":1665083724,"status":200,"resp_time":0.219244}
{"time":"October 7, 1:10 am","ts":1665085208,"status":200,"resp_time":0.205606}
{"time":"October 7, 1:22 am","ts":1665085979,"status":200,"resp_time":0.25702}
{"time":"October 7, 1:52 am","ts":1665087750,"status":200,"resp_time":0.205727}
{"time":"October 7, 2:17 am","ts":1665089277,"status":200,"resp_time":0.157583}
{"time":"October 7, 2:29 am","ts":1665089994,"status":200,"resp_time":0.203166}
{"time":"October 7, 2:57 am","ts":1665091649,"status":200,"resp_time":0.268757}
{"time":"October 7, 3:17 am","ts":1665092867,"status":200,"resp_time":0.278213}
{"time":"October 7, 3:28 am","ts":1665093491,"status":200,"resp_time":0.161389}
{"time":"October 7, 3:59 am","ts":1665095356,"status":200,"resp_time":0.213306}
{"time":"October 7, 4:20 am","ts":1665096630,"status":200,"resp_time":0.245388}
{"time":"October 7, 4:54 am","ts":1665098693,"status":200,"resp_time":0.304461}
{"time":"October 7, 5:22 am","ts":1665100367,"status":200,"resp_time":0.195405}
{"time":"October 7, 7:28 am","ts":1665107927,"status":200,"resp_time":0.075997}
{"time":"October 7, 9:22 am","ts":1665114758,"status":200,"resp_time":0.273092}
{"time":"October 7, 10:23 am","ts":1665118435,"status":200,"resp_time":0.095065}
{"time":"October 7, 11:05 am","ts":1665120927,"status":200,"resp_time":0.339062}
{"time":"October 7, 11:29 am","ts":1665122361,"status":200,"resp_time":0.159764}
{"time":"October 7, 12:14 pm","ts":1665125067,"status":200,"resp_time":0.16211}
{"time":"October 7, 12:43 pm","ts":1665126812,"status":200,"resp_time":0.065901}
{"time":"October 7, 1:15 pm","ts":1665128717,"status":200,"resp_time":0.21391}
{"time":"October 7, 1:27 pm","ts":1665129474,"status":200,"resp_time":0.197815}
{"time":"October 7, 2:05 pm","ts":1665131749,"status":200,"resp_time":0.110735}
{"time":"October 7, 2:29 pm","ts":1665133158,"status":200,"resp_time":0.598359}
{"time":"October 7, 3:03 pm","ts":1665135192,"status":200,"resp_time":0.223415}
{"time":"October 7, 3:27 pm","ts":1665136626,"status":200,"resp_time":0.128182}
{"time":"October 7, 4:00 pm","ts":1665138640,"status":200,"resp_time":0.192405}
{"time":"October 7, 4:29 pm","ts":1665140371,"status":200,"resp_time":0.294116}
{"time":"October 7, 4:58 pm","ts":1665142088,"status":200,"resp_time":0.126171}
{"time":"October 7, 5:15 pm","ts":1665143158,"status":200,"resp_time":0.180131}
{"time":"October 7, 5:26 pm","ts":1665143784,"status":200,"resp_time":0.188797}
{"time":"October 7, 6:22 pm","ts":1665147139,"status":200,"resp_time":0.160223}
{"time":"October 7, 7:23 pm","ts":1665150810,"status":200,"resp_time":0.073832}
{"time":"October 7, 8:04 pm","ts":1665153272,"status":200,