{"time":"July 28, 3:27 pm","ts":1659002265,"status":200,"resp_time":0.189556}
{"time":"July 28, 3:57 pm","ts":1659004062,"status":200,"resp_time":0.165755}
{"time":"July 28, 4:15 pm","ts":1659005152,"status":200,"resp_time":0.145064}
{"time":"July 28, 4:26 pm","ts":1659005776,"status":200,"resp_time":0.120253}
{"time":"July 28, 4:47 pm","ts":1659007049,"status":200,"resp_time":0.238971}
{"time":"July 28, 5:01 pm","ts":1659007877,"status":200,"resp_time":0.141365}
{"time":"July 28, 5:15 pm","ts":1659008727,"status":200,"resp_time":0.225011}
{"time":"July 28, 5:25 pm","ts":1659009348,"status":200,"resp_time":0.201251}
{"time":"July 28, 6:12 pm","ts":1659012142,"status":200,"resp_time":0.196723}
{"time":"July 28, 6:59 pm","ts":1659014994,"status":200,"resp_time":0.095408}
{"time":"July 28, 7:30 pm","ts":1659016801,"status":200,"resp_time":0.194059}
{"time":"July 28, 7:58 pm","ts":1659018505,"status":200,"resp_time":0.227507}
{"time":"July 28, 8:13 pm","ts":1659019424,"status":200,"resp_time":0.243558}
{"time":"July 28, 8:25 pm","ts":1659020130,"status":200,"resp_time":0.238877}
{"time":"July 28, 8:48 pm","ts":1659021491,"status":200,"resp_time":0.177455}
{"time":"July 28, 9:09 pm","ts":1659022791,"status":200,"resp_time":0.316867}
{"time":"July 28, 9:23 pm","ts":1659023589,"status":200,"resp_time":0.281008}
{"time":"July 28, 9:58 pm","ts":1659025711,"status":200,"resp_time":0.238741}
{"time":"July 28, 10:34 pm","ts":1659027862,"status":200,"resp_time":0.193928}
{"time":"July 28, 11:06 pm","ts":1659029762,"status":200,"resp_time":0.297192}
{"time":"July 28, 11:20 pm","ts":1659030635,"status":200,"resp_time":0.148994}
{"time":"July 28, 11:52 pm","ts":1659032573,"status":200,"resp_time":0.240908}
{"time":"July 29, 12:19 am","ts":1659034147,"status":200,"resp_time":0.266558}
{"time":"July 29, 12:29 am","ts":1659034763,"status":200,"resp_time":0.132809}
{"time":"July 29, 12:49 am","ts":1659035964,"status":200,"resp_time":0.142617}
{"time":"July 29, 12:59 am","ts":1659036588,"status":200,"resp_time":0.263806}
{"time":"July 29, 1:10 am","ts":1659037203,"status":200,"resp_time":0.190823}
{"time":"July 29, 1:20 am","ts":1659037825,"status":200,"resp_time":0.239777}
{"time":"July 29, 1:49 am","ts":1659039559,"status":200,"resp_time":0.243062}
{"time":"July 29, 2:07 am","ts":1659040638,"status":200,"resp_time":0.258581}
{"time":"July 29, 2:18 am","ts":1659041313,"status":200,"resp_time":0.101099}
{"time":"July 29, 2:28 am","ts":1659041929,"status":200,"resp_time":0.231486}
{"time":"July 29, 2:51 am","ts":1659043301,"status":200,"resp_time":0.188085}
{"time":"July 29, 3:08 am","ts":1659044335,"status":200,"resp_time":0.152775}
{"time":"July 29, 3:19 am","ts":1659044979,"status":200,"resp_time":0.257188}
{"time":"July 29, 3:29 am","ts":1659045595,"status":200,"resp_time":0.137959}
{"time":"July 29, 3:54 am","ts":1659047052,"status":200,"resp_time":0.155774}
{"time":"July 29, 4:09 am","ts":1659047975,"status":200,"resp_time":0.184874}
{"time":"July 29, 4:19 am","ts":1659048593,"status":200,"resp_time":0.113736}
{"time":"July 29, 4:30 am","ts":1659049214,"status":200,"resp_time":0.243476}
{"time":"July 29, 4:56 am","ts":1659050808,"status":200,"resp_time":0.237566}
{"time":"July 29, 5:11 am","ts":1659051717,"status":200,"resp_time":0.26449}
{"time":"July 29, 5:25 am","ts":1659052530,"status":200,"resp_time":0.18384}
{"time":"July 29, 7:27 am","ts":1659059826,"status":200,"resp_time":0.245639}
{"time":"July 29, 9:23 am","ts":1659066788,"status":200,"resp_time":0.26665}
{"time":"July 29, 10:20 am","ts":1659070201,"status":200,"resp_time":0.248542}
{"time":"July 29, 10:49 am","ts":1659071981,"status":200,"resp_time":0.322692}
{"time":"July 29, 11:13 am","ts":1659073401,"status":200,"resp_time":0.205879}
{"time":"July 29, 11:25 am","ts":1659074129,"status":200,"resp_time":0.128101}
{"time":"July 29, 11:53 am","ts":1659075831,"status":200,"resp_time":0.276471}
{"time":"July 29, 12:18 pm","ts":1659077329,"status":200,"resp_time":0.089413}
{"time":"July 29, 12:28 pm","ts":1659077939,"status":200,"resp_time":0.24085}
{"time":"July 29, 12:52 pm","ts":1659079351,"status":200,"resp_time":0.09428}
{"time":"July 29, 1:07 pm","ts":1659080260,"status":200,"resp_time":0.2558}
{"time":"July 29, 1:18 pm","ts":1659080886,"status":200,"resp_time":0.216373}
{"time":"July 29, 1:28 pm","ts":1659081510,"status":200,"resp_time":0.182463}
{"time":"July 29, 2:00 pm","ts":1659083408,"status":200,"resp_time":0.286633}
{"time":"July 29, 2:18 pm","ts":1659084505,"status":200,"resp_time":0.167573}
{"time":"July 29, 2:28 pm","ts":1659085122,"status":200,"resp_time":0.203665}
{"time":"July 29, 2:54 pm","ts":1659086679,"status":200,"resp_time":0.167625}
{"time":"July 29, 3:11 pm","ts":1659087681,"status":200,"resp_time":0.280429}
{"time":"July 29, 3:25 pm","ts":1659088530,"status":200,"resp_time":0.603771}
{"time":"July 29, 3:50 pm","ts":1659090050,"status":200,"resp_time":0.244924}
{"time":"July 29, 4:14 pm","ts":1659091495,"status":200,"resp_time":0.11809}
{"time":"July 29, 4:25 pm","ts":1659092135,"status":200,"resp_time":0.091262}
{"time":"July 29, 4:45 pm","ts":1659093302,"status":200,"resp_time":0.107113}
{"time":"July 29, 4:59 pm","ts":1659094189,"status":200,"resp_time":0.150182}
{"time":"July 29, 5:10 pm","ts":1659094827,"status":200,"resp_time":0.123207}
{"time":"July 29, 5:25 pm","ts":1659095750,"status":200,"resp_time":0.263349}
{"time":"July 29, 6:09 pm","ts":1659098351,"status":200,"resp_time":0.17536}
{"time":"July 29, 6:54 pm","ts":1659101091,"status":200,"resp_time":0.099272}
{"time":"July 29, 7:25 pm","ts":1659102926,"status":200,"resp_time":0.172555}
{"time":"July 29, 7:45 pm","ts":1659104113,"status":200,"resp_time":0.243757}
{"time":"July 29, 8:00 pm","ts":1659105044,"status":200,"resp_time":0.238386}
{"time":"July 29, 8:15 pm","ts":1659105935,"status":200,"resp_time":0.23247}
{"time":"July 29, 8:26 pm","ts":1659106572,"status":200,"resp_time":0.170358}
{"time":"July 29, 8:54 pm","ts":1659108265,"status":200,"resp_time":0.258705}
{"time":"July 29, 9:16 pm","ts":1659109593,"status":200,"resp_time":0.2034}
{"time":"July 29, 9:27 pm","ts":1659110225,"status":200,"resp_time":0.226718}
{"time":"July 29, 10:02 pm","ts":1659112348,"status":200,"resp_time":0.189844}
{"time":"July 29, 10:30 pm","ts":1659114054,"status":200,"resp_time":0.175957}
{"time":"July 29, 11:01 pm","ts":1659115918,"status":200,"resp_time":0.179643}
{"time":"July 29, 11:18 pm","ts":1659116880,"status":200,"resp_time":0.253378}
{"time":"July 29, 11:28 pm","ts":1659117500,"status":200,"resp_time":0.651182}
{"time":"July 30, 12:01 am","ts":1659119477,"status":200,"resp_time":0.281881}
{"time":"July 30, 12:23 am","ts":1659120809,"status":200,"resp_time":0.119409}
{"time":"July 30, 12:43 am","ts":1659122035,"status":200,"resp_time":0.205406}
{"time":"July 30, 12:57 am","ts":1659122840,"status":200,"resp_time":0.192502}
{"time":"July 30, 1:08 am","ts":1659123512,"status":200,"resp_time":0.238974}
{"time":"July 30, 1:18 am","ts":1659124126,"status":200,"resp_time":0.276086}
{"time":"July 30, 1:29 am","ts":1659124753,"status":200,"resp_time":0.120515}
{"time":"July 30, 1:57 am","ts":1659126456,"status":200,"resp_time":0.227355}
{"time":"July 30, 2:13 am","ts":1659127411,"status":200,"resp_time":0.259671}
{"time":"July 30, 2:25 am","ts":1659128139,"status":200,"resp_time":0.151864}
{"time":"July 30, 2:45 am","ts":1659129345,"status":200,"resp_time":0.49714}
{"time":"July 30, 3:01 am","ts":1659130290,"status":200,"resp_time":0.162372}
