{"time":"August 24, 5:17 am","ts":1661298460,"status":200,"resp_time":0.122507}
{"time":"August 24, 5:28 am","ts":1661299085,"status":200,"resp_time":0.209891}
{"time":"August 24, 8:03 am","ts":1661308392,"status":200,"resp_time":0.189726}
{"time":"August 24, 9:48 am","ts":1661314723,"status":200,"resp_time":0.249823}
{"time":"August 24, 10:58 am","ts":1661318911,"status":200,"resp_time":0.27809}
{"time":"August 24, 11:27 am","ts":1661320647,"status":200,"resp_time":0.263361}
{"time":"August 24, 12:00 pm","ts":1661322650,"status":200,"resp_time":0.185256}
{"time":"August 24, 12:25 pm","ts":1661324129,"status":200,"resp_time":0.275019}
{"time":"August 24, 12:46 pm","ts":1661325384,"status":200,"resp_time":0.624404}
{"time":"August 24, 1:02 pm","ts":1661326324,"status":200,"resp_time":0.267532}
{"time":"August 24, 1:15 pm","ts":1661327135,"status":200,"resp_time":0.38688}
{"time":"August 24, 1:25 pm","ts":1661327757,"status":200,"resp_time":0.144129}
{"time":"August 24, 1:55 pm","ts":1661329521,"status":200,"resp_time":0.363372}
{"time":"August 24, 2:16 pm","ts":1661330799,"status":200,"resp_time":0.177462}
{"time":"August 24, 2:27 pm","ts":1661331461,"status":200,"resp_time":0.167091}
{"time":"August 24, 2:53 pm","ts":1661332990,"status":200,"resp_time":0.12233}
{"time":"August 24, 3:11 pm","ts":1661334064,"status":200,"resp_time":0.248606}
{"time":"August 24, 3:25 pm","ts":1661334930,"status":200,"resp_time":0.085092}
{"time":"August 24, 3:51 pm","ts":1661336462,"status":200,"resp_time":0.309754}
{"time":"August 24, 4:13 pm","ts":1661337798,"status":200,"resp_time":0.425923}
{"time":"August 24, 4:25 pm","ts":1661338553,"status":200,"resp_time":0.388563}
{"time":"August 24, 4:46 pm","ts":1661339784,"status":200,"resp_time":0.590306}
{"time":"August 24, 5:01 pm","ts":1661340670,"status":200,"resp_time":0.20025}
{"time":"August 24, 5:16 pm","ts":1661341572,"status":200,"resp_time":5.782353}
{"time":"August 24, 5:25 pm","ts":1661342149,"status":200,"resp_time":0.145147}
{"time":"August 24, 6:07 pm","ts":1661344678,"status":200,"resp_time":4.330434}
{"time":"August 24, 6:51 pm","ts":1661347273,"status":200,"resp_time":0.253583}
{"time":"August 24, 7:23 pm","ts":1661349221,"status":200,"resp_time":0.229344}
{"time":"August 24, 7:45 pm","ts":1661350555,"status":200,"resp_time":0.318349}
{"time":"August 24, 8:02 pm","ts":1661351552,"status":200,"resp_time":0.243217}
{"time":"August 24, 8:16 pm","ts":1661352366,"status":200,"resp_time":0.223537}
{"time":"August 24, 8:26 pm","ts":1661352987,"status":200,"resp_time":0.289348}
{"time":"August 24, 8:51 pm","ts":1661354505,"status":200,"resp_time":0.133059}
{"time":"August 24, 9:12 pm","ts":1661355769,"status":200,"resp_time":0.123686}
{"time":"August 24, 9:25 pm","ts":1661356541,"status":200,"resp_time":0.23625}
{"time":"August 24, 9:55 pm","ts":1661358331,"status":200,"resp_time":0.317105}
{"time":"August 24, 10:24 pm","ts":1661360048,"status":200,"resp_time":0.234219}
{"time":"August 24, 10:48 pm","ts":1661361513,"status":200,"resp_time":0.347273}
{"time":"August 24, 11:06 pm","ts":1661362594,"status":200,"resp_time":0.205107}
{"time":"August 24, 11:18 pm","ts":1661363317,"status":200,"resp_time":0.463407}
{"time":"August 24, 11:28 pm","ts":1661363937,"status":200,"resp_time":0.136071}
{"time":"August 25, 12:09 am","ts":1661366357,"status":200,"resp_time":0.309025}
{"time":"August 25, 12:29 am","ts":1661367564,"status":200,"resp_time":0.203094}
{"time":"August 25, 12:51 am","ts":1661368864,"status":200,"resp_time":0.126045}
{"time":"August 25, 1:06 am","ts":1661369796,"status":200,"resp_time":0.318909}
{"time":"August 25, 1:16 am","ts":1661370416,"status":200,"resp_time":0.698215}
{"time":"August 25, 1:27 am","ts":1661371040,"status":200,"resp_time":0.145199}
{"time":"August 25, 1:53 am","ts":1661372619,"status":200,"resp_time":0.52503}
{"time":"August 25, 2:11 am","ts":1661373662,"status":200,"resp_time":0.214879}
{"time":"August 25, 2:25 am","ts":1661374526,"status":200,"resp_time":0.184977}
{"time":"August 25, 2:45 am","ts":1661375745,"status":200,"resp_time":0.194856}
{"time":"August 25, 3:01 am","ts":1661376716,"status":200,"resp_time":0.14679}
{"time":"August 25, 3:15 am","ts":1661377558,"status":200,"resp_time":0.220677}
{"time":"August 25, 3:26 am","ts":1661378186,"status":200,"resp_time":0.302464}
{"time":"August 25, 3:50 am","ts":1661379646,"status":200,"resp_time":0.167221}
{"time":"August 25, 4:11 am","ts":1661380870,"status":200,"resp_time":0.122548}
{"time":"August 25, 4:25 am","ts":1661381731,"status":200,"resp_time":0.150742}
{"time":"August 25, 4:49 am","ts":1661383146,"status":200,"resp_time":0.235544}
{"time":"August 25, 5:07 am","ts":1661384271,"status":200,"resp_time":0.166667}
{"time":"August 25, 5:20 am","ts":1661385019,"status":200,"resp_time":0.26371}
{"time":"August 25, 7:24 am","ts":1661392475,"status":200,"resp_time":0.152117}
{"time":"August 25, 9:40 am","ts":1661400651,"status":200,"resp_time":0.211587}
{"time":"August 25, 11:07 am","ts":1661405829,"status":200,"resp_time":0.149865}
{"time":"August 25, 11:45 am","ts":1661408115,"status":200,"resp_time":0.192416}
{"time":"August 25, 12:23 pm","ts":1661410435,"status":200,"resp_time":0.529923}
{"time":"August 25, 12:52 pm","ts":1661412169,"status":200,"resp_time":0.138917}
{"time":"August 25, 1:12 pm","ts":1661413325,"status":200,"resp_time":0.131451}
{"time":"August 25, 1:25 pm","ts":1661414133,"status":200,"resp_time":0.214213}
{"time":"August 25, 1:54 pm","ts":1661415899,"status":200,"resp_time":0.200357}
{"time":"August 25, 2:18 pm","ts":1661417280,"status":200,"resp_time":0.151166}
{"time":"August 25, 2:29 pm","ts":1661417955,"status":200,"resp_time":0.082299}
{"time":"August 25, 2:55 pm","ts":1661419530,"status":200,"resp_time":1.814818}
{"time":"August 25, 3:12 pm","ts":1661420522,"status":200,"resp_time":0.144036}
{"time":"August 25, 3:25 pm","ts":1661421333,"status":200,"resp_time":0.189118}
{"time":"August 25, 3:50 pm","ts":1661422854,"status":200,"resp_time":0.132775}
{"time":"August 25, 4:15 pm","ts":1661424306,"status":200,"resp_time":0.455049}
{"time":"August 25, 4:25 pm","ts":1661424946,"status":200,"resp_time":0.271381}
{"time":"August 25, 4:47 pm","ts":1661426232,"status":200,"resp_time":0.247492}
{"time":"August 25, 5:03 pm","ts":1661427235,"status":200,"resp_time":0.167816}
{"time":"August 25, 5:16 pm","ts":1661427963,"status":200,"resp_time":0.384593}
{"time":"August 25, 5:26 pm","ts":1661428582,"status":200,"resp_time":0.235299}
{"time":"August 25, 6:10 pm","ts":1661431239,"status":200,"resp_time":0.076322}
{"time":"August 25, 6:59 pm","ts":1661434149,"status":200,"resp_time":0.227206}
{"time":"August 25, 7:28 pm","ts":1661435923,"status":200,"resp_time":0.112872}
{"time":"August 25, 7:53 pm","ts":1661437383,"status":200,"resp_time":0.482557}
{"time":"August 25, 8:09 pm","ts":1661438369,"status":200,"resp_time":0.312681}
{"time":"August 25, 8:19 pm","ts":1661438984,"status":200,"resp_time":0.233736}
{"time":"August 25, 8:30 pm","ts":1661439602,"status":200,"resp_time":0.155997}
{"time":"August 25, 8:57 pm","ts":1661441258,"status":200,"resp_time":0.104512}
{"time":"August 25, 9:16 pm","ts":1661442373,"status":200,"resp_time":0.229941}
{"time":"August 25, 9:26 pm","ts":1661442989,"status":200,"resp_time":0.336326}
{"time":"August 25, 9:58 pm","ts":1661444917,"status":200,"resp_time":0.389067}
{"time":"August 25, 10:29 pm","ts":1661446766,"status":200,"resp_time":0.11391}
{"time":"August 25, 10:55 pm","ts":1661448358,"status":200,"resp_time":0.2938}
{"time":"August 25, 11:12 pm","ts":1661449355,"status":200,"resp_time":0.481559}
{"time":"August 25, 11:25 pm","ts":1661450131,"status":200,"resp_time":0.204904}
{"time":"August 25, 11:51 pm","ts":1661451709,"status":200,"resp_time":0.324177}
{"time":"August 26, 12:16 am","ts":1661453192,"status":200,"resp_time":0.198602}
