{"time":"November 5, 11:26 pm","ts":1667670960,"status":200,"resp_time":0.131826}
{"time":"November 5, 11:52 pm","ts":1667672572,"status":200,"resp_time":0.355225}
{"time":"November 6, 12:13 am","ts":1667673834,"status":200,"resp_time":0.124334}
{"time":"November 6, 12:25 am","ts":1667674532,"status":200,"resp_time":0.367723}
{"time":"November 6, 12:44 am","ts":1667675670,"status":200,"resp_time":0.280504}
{"time":"November 6, 12:57 am","ts":1667676425,"status":200,"resp_time":0.09265}
{"time":"November 6, 1:08 am","ts":1667677099,"status":200,"resp_time":0.152485}
{"time":"November 6, 1:18 am","ts":1667677721,"status":200,"resp_time":0.206708}
{"time":"November 6, 1:29 am","ts":1667678352,"status":200,"resp_time":0.315727}
{"time":"November 6, 1:58 am","ts":1667680081,"status":200,"resp_time":0.097473}
{"time":"November 6, 2:13 am","ts":1667681025,"status":200,"resp_time":0.114899}
{"time":"November 6, 2:25 am","ts":1667681736,"status":200,"resp_time":0.119359}
{"time":"November 6, 2:45 am","ts":1667682935,"status":200,"resp_time":0.446917}
{"time":"November 6, 3:00 am","ts":1667683822,"status":200,"resp_time":0.269281}
{"time":"November 6, 3:15 am","ts":1667684732,"status":200,"resp_time":0.154018}
{"time":"November 6, 3:25 am","ts":1667685355,"status":200,"resp_time":0.341467}
{"time":"November 6, 3:47 am","ts":1667686668,"status":200,"resp_time":0.270482}
{"time":"November 6, 4:04 am","ts":1667687674,"status":200,"resp_time":0.302639}
{"time":"November 6, 4:16 am","ts":1667688360,"status":200,"resp_time":0.162142}
{"time":"November 6, 4:26 am","ts":1667688979,"status":200,"resp_time":0.262999}
{"time":"November 6, 4:51 am","ts":1667690469,"status":200,"resp_time":0.106148}
{"time":"November 6, 5:10 am","ts":1667691627,"status":200,"resp_time":0.092965}
{"time":"November 6, 5:25 am","ts":1667692531,"status":200,"resp_time":0.162335}
{"time":"November 6, 8:47 am","ts":1667704654,"status":200,"resp_time":0.16533}
{"time":"November 6, 9:29 am","ts":1667707177,"status":200,"resp_time":0.090009}
{"time":"November 6, 10:05 am","ts":1667709309,"status":200,"resp_time":0.245572}
{"time":"November 6, 10:25 am","ts":1667710512,"status":200,"resp_time":0.198075}
{"time":"November 6, 10:45 am","ts":1667711710,"status":200,"resp_time":0.097922}
{"time":"November 6, 11:01 am","ts":1667712665,"status":200,"resp_time":0.144819}
{"time":"November 6, 11:15 am","ts":1667713531,"status":200,"resp_time":0.205934}
{"time":"November 6, 11:25 am","ts":1667714153,"status":200,"resp_time":0.137127}
{"time":"November 6, 11:53 am","ts":1667715802,"status":200,"resp_time":0.098878}
{"time":"November 6, 12:25 pm","ts":1667717741,"status":200,"resp_time":0.108485}
{"time":"November 6, 12:47 pm","ts":1667719020,"status":200,"resp_time":0.196916}
{"time":"November 6, 1:00 pm","ts":1667719847,"status":200,"resp_time":0.170977}
{"time":"November 6, 1:15 pm","ts":1667720746,"status":200,"resp_time":0.149977}
{"time":"November 6, 1:26 pm","ts":1667721362,"status":200,"resp_time":0.202441}
{"time":"November 6, 1:53 pm","ts":1667723022,"status":200,"resp_time":0.178734}
{"time":"November 6, 2:13 pm","ts":1667724209,"status":200,"resp_time":0.122751}
{"time":"November 6, 2:25 pm","ts":1667724931,"status":200,"resp_time":0.246554}
{"time":"November 6, 2:48 pm","ts":1667726302,"status":200,"resp_time":0.17004}
{"time":"November 6, 3:04 pm","ts":1667727281,"status":200,"resp_time":0.064785}
{"time":"November 6, 3:16 pm","ts":1667727979,"status":200,"resp_time":0.163839}
{"time":"November 6, 3:26 pm","ts":1667728609,"status":200,"resp_time":0.195734}
{"time":"November 6, 3:52 pm","ts":1667730153,"status":200,"resp_time":0.270601}
{"time":"November 6, 4:11 pm","ts":1667731271,"status":200,"resp_time":0.18783}
{"time":"November 6, 4:25 pm","ts":1667732130,"status":200,"resp_time":0.18328}
{"time":"November 6, 4:44 pm","ts":1667733259,"status":200,"resp_time":0.213179}
{"time":"November 6, 4:58 pm","ts":1667734111,"status":200,"resp_time":0.150715}
{"time":"November 6, 5:09 pm","ts":1667734752,"status":200,"resp_time":0.091142}
{"time":"November 6, 5:29 pm","ts":1667735992,"status":200,"resp_time":0.211486}
{"time":"November 6, 6:15 pm","ts":1667738759,"status":200,"resp_time":0.370289}
{"time":"November 6, 6:46 pm","ts":1667740585,"status":200,"resp_time":0.141651}
{"time":"November 6, 7:11 pm","ts":1667742066,"status":200,"resp_time":0.215167}
{"time":"November 6, 7:25 pm","ts":1667742938,"status":200,"resp_time":0.166835}
{"time":"November 6, 7:46 pm","ts":1667744180,"status":200,"resp_time":0.146692}
{"time":"November 6, 8:01 pm","ts":1667745094,"status":200,"resp_time":0.212871}
{"time":"November 6, 8:15 pm","ts":1667745936,"status":200,"resp_time":0.287223}
{"time":"November 6, 8:25 pm","ts":1667746553,"status":200,"resp_time":0.29063}
{"time":"November 6, 8:50 pm","ts":1667748040,"status":200,"resp_time":0.120212}
{"time":"November 6, 9:11 pm","ts":1667749308,"status":200,"resp_time":0.189679}
{"time":"November 6, 9:25 pm","ts":1667750137,"status":200,"resp_time":0.126565}
{"time":"November 6, 9:55 pm","ts":1667751920,"status":200,"resp_time":0.244559}
{"time":"November 6, 10:22 pm","ts":1667753563,"status":200,"resp_time":0.169629}
{"time":"November 6, 10:46 pm","ts":1667754972,"status":200,"resp_time":0.144057}
{"time":"November 6, 11:02 pm","ts":1667755972,"status":200,"resp_time":0.249089}
{"time":"November 6, 11:15 pm","ts":1667756737,"status":200,"resp_time":0.190019}
{"time":"November 6, 11:25 pm","ts":1667757355,"status":200,"resp_time":0.22425}
{"time":"November 6, 11:53 pm","ts":1667758981,"status":200,"resp_time":0.268139}
{"time":"November 7, 12:14 am","ts":1667760262,"status":200,"resp_time":0.164901}
{"time":"November 7, 12:25 am","ts":1667760939,"status":200,"resp_time":0.093402}
{"time":"November 7, 12:44 am","ts":1667762063,"status":200,"resp_time":0.363201}
{"time":"November 7, 12:56 am","ts":1667762816,"status":200,"resp_time":0.287782}
{"time":"November 7, 1:08 am","ts":1667763497,"status":200,"resp_time":0.173812}
{"time":"November 7, 1:18 am","ts":1667764118,"status":200,"resp_time":0.290839}
{"time":"November 7, 1:28 am","ts":1667764733,"status":200,"resp_time":0.273515}
{"time":"November 7, 1:55 am","ts":1667766342,"status":200,"resp_time":0.273884}
{"time":"November 7, 2:10 am","ts":1667767231,"status":200,"resp_time":0.170748}
{"time":"November 7, 2:25 am","ts":1667768141,"status":200,"resp_time":0.217334}
{"time":"November 7, 2:46 am","ts":1667769385,"status":200,"resp_time":0.173545}
{"time":"November 7, 3:01 am","ts":1667770265,"status":200,"resp_time":0.187088}
{"time":"November 7, 3:15 am","ts":1667771138,"status":200,"resp_time":0.241962}
{"time":"November 7, 3:26 am","ts":1667771769,"status":200,"resp_time":0.148234}
{"time":"November 7, 3:48 am","ts":1667773126,"status":200,"resp_time":0.114873}
{"time":"November 7, 4:07 am","ts":1667774235,"status":200,"resp_time":0.092071}
{"time":"November 7, 4:18 am","ts":1667774888,"status":200,"resp_time":0.191171}
{"time":"November 7, 4:28 am","ts":1667775505,"status":200,"resp_time":0.262938}
{"time":"November 7, 4:56 am","ts":1667777175,"status":200,"resp_time":0.089629}
{"time":"November 7, 5:13 am","ts":1667778189,"status":200,"resp_time":0.302492}
{"time":"November 7, 5:25 am","ts":1667778935,"status":200,"resp_time":0.180652}
{"time":"November 7, 7:13 am","ts":1667785430,"status":200,"resp_time":0.209798}
{"time":"November 7, 8:49 am","ts":1667791167,"status":200,"resp_time":0.199946}
{"time":"November 7, 9:40 am","ts":1667794242,"status":200,"resp_time":0.159994}
{"time":"November 7, 10:28 am","ts":1667797124,"status":200,"resp_time":0.230749}
{"time":"November 7, 11:02 am","ts":1667799154,"status":200,"resp_time":0.195915}
{"time":"November 7, 11:20 am","ts":1667800200,"status":200,"resp_time":0.134662}
{"time":"November 7, 11:30 am","ts":1667800843,"status":200,"resp_time":0.193811}
