{"time":"September 7, 8:54 pm","ts":1662564250,"status":200,"resp_time":0.671606}
{"time":"September 7, 9:16 pm","ts":1662565597,"status":200,"resp_time":0.283358}
{"time":"September 7, 9:28 pm","ts":1662566308,"status":200,"resp_time":0.290179}
{"time":"September 7, 10:07 pm","ts":1662568636,"status":200,"resp_time":0.173195}
{"time":"September 7, 10:36 pm","ts":1662570407,"status":200,"resp_time":0.19257}
{"time":"September 7, 11:12 pm","ts":1662572542,"status":200,"resp_time":0.177058}
{"time":"September 7, 11:28 pm","ts":1662573526,"status":200,"resp_time":0.103574}
{"time":"September 8, 12:02 am","ts":1662575575,"status":200,"resp_time":0.211919}
{"time":"September 8, 12:25 am","ts":1662576916,"status":200,"resp_time":0.146468}
{"time":"September 8, 12:45 am","ts":1662578120,"status":200,"resp_time":0.118185}
{"time":"September 8, 1:00 am","ts":1662579022,"status":200,"resp_time":0.25091}
{"time":"September 8, 1:16 am","ts":1662580006,"status":200,"resp_time":0.273264}
{"time":"September 8, 1:27 am","ts":1662580645,"status":200,"resp_time":0.265463}
{"time":"September 8, 1:58 am","ts":1662582514,"status":200,"resp_time":0.369906}
{"time":"September 8, 2:18 am","ts":1662583716,"status":200,"resp_time":0.161018}
{"time":"September 8, 2:28 am","ts":1662584327,"status":200,"resp_time":0.238229}
{"time":"September 8, 2:54 am","ts":1662585863,"status":200,"resp_time":0.298012}
{"time":"September 8, 3:12 am","ts":1662586921,"status":200,"resp_time":0.233023}
{"time":"September 8, 3:25 am","ts":1662587734,"status":200,"resp_time":0.263638}
{"time":"September 8, 3:48 am","ts":1662589095,"status":200,"resp_time":0.316022}
{"time":"September 8, 4:08 am","ts":1662590306,"status":200,"resp_time":0.145494}
{"time":"September 8, 4:21 am","ts":1662591094,"status":200,"resp_time":0.239671}
{"time":"September 8, 4:52 am","ts":1662592927,"status":200,"resp_time":0.28577}
{"time":"September 8, 5:16 am","ts":1662594418,"status":200,"resp_time":0.1523}
{"time":"September 8, 5:31 am","ts":1662595267,"status":200,"resp_time":0.156124}
{"time":"September 8, 8:36 am","ts":1662606406,"status":200,"resp_time":0.184911}
{"time":"September 8, 10:18 am","ts":1662612486,"status":200,"resp_time":0.140468}
{"time":"September 8, 11:22 am","ts":1662616361,"status":200,"resp_time":0.154839}
{"time":"September 8, 12:14 pm","ts":1662619499,"status":200,"resp_time":0.25629}
{"time":"September 8, 12:49 pm","ts":1662621578,"status":200,"resp_time":0.282769}
{"time":"September 8, 1:17 pm","ts":1662623258,"status":200,"resp_time":0.139963}
{"time":"September 8, 1:28 pm","ts":1662623931,"status":200,"resp_time":0.16716}
{"time":"September 8, 2:02 pm","ts":1662625923,"status":200,"resp_time":0.250458}
{"time":"September 8, 2:25 pm","ts":1662627336,"status":200,"resp_time":0.091369}
{"time":"September 8, 2:50 pm","ts":1662628819,"status":200,"resp_time":0.218074}
{"time":"September 8, 3:14 pm","ts":1662630276,"status":200,"resp_time":0.28235}
{"time":"September 8, 3:26 pm","ts":1662630978,"status":200,"resp_time":0.256663}
{"time":"September 8, 3:54 pm","ts":1662632659,"status":200,"resp_time":0.083272}
{"time":"September 8, 4:15 pm","ts":1662633955,"status":200,"resp_time":0.129884}
{"time":"September 8, 4:27 pm","ts":1662634626,"status":200,"resp_time":0.139508}
{"time":"September 8, 4:50 pm","ts":1662636038,"status":200,"resp_time":0.226138}
{"time":"September 8, 5:10 pm","ts":1662637223,"status":200,"resp_time":0.294724}
{"time":"September 8, 5:25 pm","ts":1662638138,"status":200,"resp_time":0.180187}
{"time":"September 8, 6:08 pm","ts":1662640710,"status":200,"resp_time":0.132525}
{"time":"September 8, 6:52 pm","ts":1662643367,"status":200,"resp_time":0.121609}
{"time":"September 8, 7:19 pm","ts":1662644948,"status":200,"resp_time":0.211256}
{"time":"September 8, 7:29 pm","ts":1662645572,"status":200,"resp_time":0.096125}
{"time":"September 8, 7:54 pm","ts":1662647087,"status":200,"resp_time":0.342907}
{"time":"September 8, 8:08 pm","ts":1662647922,"status":200,"resp_time":0.28336}
{"time":"September 8, 8:19 pm","ts":1662648548,"status":200,"resp_time":0.237123}
{"time":"September 8, 8:29 pm","ts":1662649186,"status":200,"resp_time":0.620005}
{"time":"September 8, 8:59 pm","ts":1662650982,"status":200,"resp_time":0.256544}
{"time":"September 8, 9:20 pm","ts":1662652255,"status":200,"resp_time":0.166213}
{"time":"September 8, 9:56 pm","ts":1662654397,"status":200,"resp_time":0.183878}
{"time":"September 8, 10:36 pm","ts":1662656808,"status":200,"resp_time":0.165987}
{"time":"September 8, 11:10 pm","ts":1662658807,"status":200,"resp_time":0.206213}
{"time":"September 8, 11:25 pm","ts":1662659740,"status":200,"resp_time":0.151319}
{"time":"September 8, 11:53 pm","ts":1662661410,"status":200,"resp_time":0.312885}
{"time":"September 9, 12:20 am","ts":1662663051,"status":200,"resp_time":0.178843}
{"time":"September 9, 12:46 am","ts":1662664562,"status":200,"resp_time":0.179659}
{"time":"September 9, 1:01 am","ts":1662665475,"status":200,"resp_time":0.204918}
{"time":"September 9, 1:15 am","ts":1662666352,"status":200,"resp_time":0.280545}
{"time":"September 9, 1:26 am","ts":1662666979,"status":200,"resp_time":0.302107}
{"time":"September 9, 1:54 am","ts":1662668686,"status":200,"resp_time":0.237623}
{"time":"September 9, 2:15 am","ts":1662669904,"status":200,"resp_time":0.273815}
{"time":"September 9, 2:26 am","ts":1662670595,"status":200,"resp_time":0.212888}
{"time":"September 9, 2:50 am","ts":1662672025,"status":200,"resp_time":0.221878}
{"time":"September 9, 3:12 am","ts":1662673339,"status":200,"resp_time":0.161864}
{"time":"September 9, 3:25 am","ts":1662674129,"status":200,"resp_time":0.260539}
{"time":"September 9, 3:49 am","ts":1662675562,"status":200,"resp_time":0.203756}
{"time":"September 9, 4:09 am","ts":1662676778,"status":200,"resp_time":0.223581}
{"time":"September 9, 4:22 am","ts":1662677558,"status":200,"resp_time":0.259776}
{"time":"September 9, 4:50 am","ts":1662679240,"status":200,"resp_time":0.199078}
{"time":"September 9, 5:16 am","ts":1662680760,"status":200,"resp_time":0.095507}
{"time":"September 9, 5:29 am","ts":1662681556,"status":200,"resp_time":0.098089}
{"time":"September 9, 8:18 am","ts":1662691716,"status":200,"resp_time":0.314668}
{"time":"September 9, 9:48 am","ts":1662697102,"status":200,"resp_time":0.247732}
{"time":"September 9, 11:06 am","ts":1662701799,"status":200,"resp_time":0.179925}
{"time":"September 9, 11:47 am","ts":1662704259,"status":200,"resp_time":0.216541}
{"time":"September 9, 12:26 pm","ts":1662706601,"status":200,"resp_time":0.190842}
{"time":"September 9, 12:57 pm","ts":1662708422,"status":200,"resp_time":0.235693}
{"time":"September 9, 1:15 pm","ts":1662709555,"status":200,"resp_time":0.174034}
{"time":"September 9, 1:26 pm","ts":1662710175,"status":200,"resp_time":0.145877}
{"time":"September 9, 1:59 pm","ts":1662712199,"status":200,"resp_time":0.173692}
{"time":"September 9, 2:24 pm","ts":1662713689,"status":200,"resp_time":0.167182}
{"time":"September 9, 2:49 pm","ts":1662715196,"status":200,"resp_time":0.163279}
{"time":"September 9, 3:10 pm","ts":1662716436,"status":200,"resp_time":0.196807}
{"time":"September 9, 3:26 pm","ts":1662717362,"status":200,"resp_time":0.225174}
{"time":"September 9, 3:53 pm","ts":1662719024,"status":200,"resp_time":0.068089}
{"time":"September 9, 4:16 pm","ts":1662720399,"status":200,"resp_time":0.134503}
{"time":"September 9, 4:27 pm","ts":1662721059,"status":200,"resp_time":0.14692}
{"time":"September 9, 4:52 pm","ts":1662722523,"status":200,"resp_time":0.098444}
{"time":"September 9, 5:10 pm","ts":1662723618,"status":200,"resp_time":0.159948}
{"time":"September 9, 5:25 pm","ts":1662724543,"status":200,"resp_time":0.232074}
{"time":"September 9, 6:09 pm","ts":1662727175,"status":200,"resp_time":0.121081}
{"time":"September 9, 7:02 pm","ts":1662730372,"status":200,"resp_time":0.246045}
{"time":"September 9, 7:36 pm","ts":1662732385,"status":200,"resp_time":0.23085}
