{"time":"October 1, 7:11 pm","ts":1664631677,"status":200,"resp_time":0.59487}
{"time":"October 1, 7:35 pm","ts":1664633151,"status":200,"resp_time":0.249282}
{"time":"October 1, 8:02 pm","ts":1664634739,"status":200,"resp_time":0.114705}
{"time":"October 1, 8:20 pm","ts":1664635851,"status":200,"resp_time":0.255358}
{"time":"October 1, 8:50 pm","ts":1664637628,"status":200,"resp_time":0.258918}
{"time":"October 1, 9:17 pm","ts":1664639268,"status":200,"resp_time":0.233946}
{"time":"October 1, 9:29 pm","ts":1664639986,"status":200,"resp_time":0.310064}
{"time":"October 1, 10:10 pm","ts":1664642409,"status":200,"resp_time":0.280088}
{"time":"October 1, 10:40 pm","ts":1664644231,"status":200,"resp_time":0.116684}
{"time":"October 1, 11:13 pm","ts":1664646213,"status":200,"resp_time":0.123799}
{"time":"October 1, 11:27 pm","ts":1664647045,"status":200,"resp_time":0.205458}
{"time":"October 2, 12:01 am","ts":1664649100,"status":200,"resp_time":0.25584}
{"time":"October 2, 12:27 am","ts":1664650633,"status":200,"resp_time":0.263199}
{"time":"October 2, 12:51 am","ts":1664652090,"status":200,"resp_time":0.434066}
{"time":"October 2, 1:09 am","ts":1664653179,"status":200,"resp_time":0.277363}
{"time":"October 2, 1:20 am","ts":1664653800,"status":200,"resp_time":0.133554}
{"time":"October 2, 1:30 am","ts":1664654427,"status":200,"resp_time":0.288621}
{"time":"October 2, 2:04 am","ts":1664656446,"status":200,"resp_time":0.259864}
{"time":"October 2, 2:22 am","ts":1664657557,"status":200,"resp_time":0.181563}
{"time":"October 2, 2:47 am","ts":1664659042,"status":200,"resp_time":0.162702}
{"time":"October 2, 3:08 am","ts":1664660296,"status":200,"resp_time":0.076517}
{"time":"October 2, 3:22 am","ts":1664661138,"status":200,"resp_time":0.501194}
{"time":"October 2, 3:49 am","ts":1664662774,"status":200,"resp_time":0.187462}
{"time":"October 2, 4:11 am","ts":1664664091,"status":200,"resp_time":0.287419}
{"time":"October 2, 4:26 am","ts":1664664998,"status":200,"resp_time":0.333501}
{"time":"October 2, 4:57 am","ts":1664666854,"status":200,"resp_time":0.284075}
{"time":"October 2, 5:20 am","ts":1664668238,"status":200,"resp_time":0.118944}
{"time":"October 2, 7:35 am","ts":1664676348,"status":200,"resp_time":0.732984}
{"time":"October 2, 9:50 am","ts":1664684416,"status":200,"resp_time":0.122123}
{"time":"October 2, 11:02 am","ts":1664688732,"status":200,"resp_time":0.164616}
{"time":"October 2, 11:33 am","ts":1664690608,"status":200,"resp_time":0.336168}
{"time":"October 2, 12:16 pm","ts":1664693191,"status":200,"resp_time":0.237971}
{"time":"October 2, 12:40 pm","ts":1664694600,"status":200,"resp_time":0.142501}
{"time":"October 2, 1:05 pm","ts":1664696147,"status":200,"resp_time":0.213172}
{"time":"October 2, 1:20 pm","ts":1664697021,"status":200,"resp_time":0.434281}
{"time":"October 2, 1:54 pm","ts":1664699097,"status":200,"resp_time":0.279252}
{"time":"October 2, 2:22 pm","ts":1664700725,"status":200,"resp_time":0.167547}
{"time":"October 2, 2:51 pm","ts":1664702467,"status":200,"resp_time":0.636926}
{"time":"October 2, 3:16 pm","ts":1664704002,"status":200,"resp_time":0.131926}
{"time":"October 2, 3:27 pm","ts":1664704669,"status":200,"resp_time":0.128236}
{"time":"October 2, 3:59 pm","ts":1664706569,"status":200,"resp_time":0.283057}
{"time":"October 2, 4:19 pm","ts":1664707780,"status":200,"resp_time":0.24268}
{"time":"October 2, 4:30 pm","ts":1664708401,"status":200,"resp_time":0.079117}
{"time":"October 2, 4:54 pm","ts":1664709898,"status":200,"resp_time":0.205873}
{"time":"October 2, 5:11 pm","ts":1664710888,"status":200,"resp_time":0.268966}
{"time":"October 2, 5:25 pm","ts":1664711734,"status":200,"resp_time":0.184621}
{"time":"October 2, 6:08 pm","ts":1664714308,"status":200,"resp_time":0.101357}
{"time":"October 2, 6:53 pm","ts":1664717034,"status":200,"resp_time":0.22714}
{"time":"October 2, 7:26 pm","ts":1664718972,"status":200,"resp_time":0.308865}
{"time":"October 2, 7:51 pm","ts":1664720479,"status":200,"resp_time":0.21345}
{"time":"October 2, 8:13 pm","ts":1664721796,"status":200,"resp_time":0.145046}
{"time":"October 2, 8:25 pm","ts":1664722541,"status":200,"resp_time":0.143564}
{"time":"October 2, 8:51 pm","ts":1664724100,"status":200,"resp_time":0.236183}
{"time":"October 2, 9:17 pm","ts":1664725662,"status":200,"resp_time":0.490981}
{"time":"October 2, 9:30 pm","ts":1664726402,"status":200,"resp_time":0.231913}
{"time":"October 2, 10:10 pm","ts":1664728801,"status":200,"resp_time":0.241019}
{"time":"October 2, 10:39 pm","ts":1664730583,"status":200,"resp_time":0.29902}
{"time":"October 2, 11:10 pm","ts":1664732416,"status":200,"resp_time":0.248333}
{"time":"October 2, 11:27 pm","ts":1664733452,"status":200,"resp_time":0.250837}
{"time":"October 3, 12:02 am","ts":1664735548,"status":200,"resp_time":0.173914}
{"time":"October 3, 12:27 am","ts":1664737045,"status":200,"resp_time":0.232856}
{"time":"October 3, 12:52 am","ts":1664738520,"status":200,"resp_time":0.225656}
{"time":"October 3, 1:09 am","ts":1664739576,"status":200,"resp_time":0.194545}
{"time":"October 3, 1:19 am","ts":1664740194,"status":200,"resp_time":0.639839}
{"time":"October 3, 1:30 am","ts":1664740820,"status":200,"resp_time":0.299082}
{"time":"October 3, 2:03 am","ts":1664742818,"status":200,"resp_time":0.202968}
{"time":"October 3, 2:22 am","ts":1664743945,"status":200,"resp_time":0.145883}
{"time":"October 3, 2:47 am","ts":1664745470,"status":200,"resp_time":0.136816}
{"time":"October 3, 3:08 am","ts":1664746693,"status":200,"resp_time":0.512346}
{"time":"October 3, 3:22 am","ts":1664747528,"status":200,"resp_time":0.24166}
{"time":"October 3, 3:49 am","ts":1664749163,"status":200,"resp_time":0.145021}
{"time":"October 3, 4:11 am","ts":1664750471,"status":200,"resp_time":0.151668}
{"time":"October 3, 4:26 am","ts":1664751396,"status":200,"resp_time":0.100935}
{"time":"October 3, 4:57 am","ts":1664753230,"status":200,"resp_time":0.222146}
{"time":"October 3, 5:20 am","ts":1664754601,"status":200,"resp_time":0.34544}
{"time":"October 3, 6:05 am","ts":1664757328,"status":200,"resp_time":0.166215}
{"time":"October 3, 8:19 am","ts":1664765350,"status":200,"resp_time":0.171103}
{"time":"October 3, 9:22 am","ts":1664769127,"status":200,"resp_time":0.291448}
{"time":"October 3, 10:23 am","ts":1664772817,"status":200,"resp_time":0.235484}
{"time":"October 3, 11:11 am","ts":1664775704,"status":200,"resp_time":0.214902}
{"time":"October 3, 11:45 am","ts":1664777716,"status":200,"resp_time":0.289156}
{"time":"October 3, 12:29 pm","ts":1664780350,"status":200,"resp_time":0.199487}
{"time":"October 3, 1:05 pm","ts":1664782511,"status":200,"resp_time":0.172727}
{"time":"October 3, 1:23 pm","ts":1664783621,"status":200,"resp_time":0.210421}
{"time":"October 3, 1:57 pm","ts":1664785679,"status":200,"resp_time":0.562517}
{"time":"October 3, 2:28 pm","ts":1664787500,"status":200,"resp_time":0.186981}
{"time":"October 3, 3:04 pm","ts":1664789699,"status":200,"resp_time":0.106992}
{"time":"October 3, 3:26 pm","ts":1664790986,"status":200,"resp_time":0.121892}
{"time":"October 3, 3:57 pm","ts":1664792838,"status":200,"resp_time":0.165265}
{"time":"October 3, 4:20 pm","ts":1664794257,"status":200,"resp_time":0.223232}
{"time":"October 3, 4:47 pm","ts":1664795852,"status":200,"resp_time":0.144485}
{"time":"October 3, 5:08 pm","ts":1664797104,"status":200,"resp_time":0.154168}
{"time":"October 3, 5:21 pm","ts":1664797886,"status":200,"resp_time":0.323945}
{"time":"October 3, 6:12 pm","ts":1664800924,"status":200,"resp_time":0.075304}
{"time":"October 3, 7:11 pm","ts":1664804471,"status":200,"resp_time":0.134826}
{"time":"October 3, 7:57 pm","ts":1664807238,"status":200,"resp_time":0.17288}
{"time":"October 3, 8:26 pm","ts":1664809006,"status":200,"resp_time":0.203109}
{"time":"October 3, 8:59 pm","ts":1664810989,"status":200,"resp_time":0.376629}
{"time":"October 3, 9:27 pm","ts":1664812658,"status":200,"resp_time":0.102341}
