{"time":"July 24, 12:26 am","ts":1658602614,"status":200,"resp_time":0.255061}
{"time":"July 24, 12:47 am","ts":1658603828,"status":200,"resp_time":0.098038}
{"time":"July 24, 12:58 am","ts":1658604522,"status":200,"resp_time":0.251305}
{"time":"July 24, 1:09 am","ts":1658605187,"status":200,"resp_time":0.235989}
{"time":"July 24, 1:20 am","ts":1658605814,"status":200,"resp_time":0.185644}
{"time":"July 24, 1:31 am","ts":1658606497,"status":200,"resp_time":0.223181}
{"time":"July 24, 1:58 am","ts":1658608120,"status":200,"resp_time":0.187599}
{"time":"July 24, 2:14 am","ts":1658609045,"status":200,"resp_time":0.273428}
{"time":"July 24, 2:25 am","ts":1658609749,"status":200,"resp_time":0.2914}
{"time":"July 24, 2:45 am","ts":1658610950,"status":200,"resp_time":0.124458}
{"time":"July 24, 3:01 am","ts":1658611905,"status":200,"resp_time":0.156875}
{"time":"July 24, 3:15 am","ts":1658612741,"status":200,"resp_time":0.208843}
{"time":"July 24, 3:26 am","ts":1658613360,"status":200,"resp_time":0.133031}
{"time":"July 24, 3:47 am","ts":1658614669,"status":200,"resp_time":0.165643}
{"time":"July 24, 4:04 am","ts":1658615697,"status":200,"resp_time":0.279505}
{"time":"July 24, 4:16 am","ts":1658616378,"status":200,"resp_time":0.147873}
{"time":"July 24, 4:26 am","ts":1658616998,"status":200,"resp_time":0.156802}
{"time":"July 24, 4:49 am","ts":1658618385,"status":200,"resp_time":0.230314}
{"time":"July 24, 5:04 am","ts":1658619292,"status":200,"resp_time":0.22729}
{"time":"July 24, 5:16 am","ts":1658619989,"status":200,"resp_time":0.173219}
{"time":"July 24, 5:26 am","ts":1658620606,"status":200,"resp_time":0.189429}
{"time":"July 24, 7:41 am","ts":1658628694,"status":200,"resp_time":0.142439}
{"time":"July 24, 9:14 am","ts":1658634275,"status":200,"resp_time":0.267375}
{"time":"July 24, 9:48 am","ts":1658636338,"status":200,"resp_time":0.244432}
{"time":"July 24, 10:23 am","ts":1658638429,"status":200,"resp_time":0.186908}
{"time":"July 24, 10:49 am","ts":1658639949,"status":200,"resp_time":0.166921}
{"time":"July 24, 11:06 am","ts":1658640987,"status":200,"resp_time":0.199482}
{"time":"July 24, 11:17 am","ts":1658641621,"status":200,"resp_time":0.201121}
{"time":"July 24, 11:27 am","ts":1658642250,"status":200,"resp_time":0.206032}
{"time":"July 24, 11:57 am","ts":1658644072,"status":200,"resp_time":0.285604}
{"time":"July 24, 12:19 pm","ts":1658645371,"status":200,"resp_time":0.170374}
{"time":"July 24, 12:29 pm","ts":1658645988,"status":200,"resp_time":0.235859}
{"time":"July 24, 12:53 pm","ts":1658647389,"status":200,"resp_time":0.274038}
{"time":"July 24, 1:08 pm","ts":1658648288,"status":200,"resp_time":0.28534}
{"time":"July 24, 1:18 pm","ts":1658648908,"status":200,"resp_time":0.216693}
{"time":"July 24, 1:28 pm","ts":1658649529,"status":200,"resp_time":0.204346}
{"time":"July 24, 1:59 pm","ts":1658651353,"status":200,"resp_time":0.082819}
{"time":"July 24, 2:17 pm","ts":1658652429,"status":200,"resp_time":0.138802}
{"time":"July 24, 2:27 pm","ts":1658653051,"status":200,"resp_time":0.169673}
{"time":"July 24, 2:51 pm","ts":1658654499,"status":200,"resp_time":0.110164}
{"time":"July 24, 3:10 pm","ts":1658655627,"status":200,"resp_time":0.30893}
{"time":"July 24, 3:25 pm","ts":1658656541,"status":200,"resp_time":0.088538}
{"time":"July 24, 3:49 pm","ts":1658657951,"status":200,"resp_time":0.108279}
{"time":"July 24, 4:08 pm","ts":1658659091,"status":200,"resp_time":0.110344}
{"time":"July 24, 4:19 pm","ts":1658659792,"status":200,"resp_time":0.209137}
{"time":"July 24, 4:30 pm","ts":1658660406,"status":200,"resp_time":0.298983}
{"time":"July 24, 4:50 pm","ts":1658661650,"status":200,"resp_time":0.20046}
{"time":"July 24, 5:07 pm","ts":1658662631,"status":200,"resp_time":0.221561}
{"time":"July 24, 5:17 pm","ts":1658663245,"status":200,"resp_time":0.112521}
{"time":"July 24, 5:27 pm","ts":1658663866,"status":200,"resp_time":0.070888}
{"time":"July 24, 6:11 pm","ts":1658666487,"status":200,"resp_time":0.748431}
{"time":"July 24, 6:46 pm","ts":1658668619,"status":200,"resp_time":0.2477}
{"time":"July 24, 7:12 pm","ts":1658670151,"status":200,"resp_time":0.154637}
{"time":"July 24, 7:25 pm","ts":1658670931,"status":200,"resp_time":0.155467}
{"time":"July 24, 7:45 pm","ts":1658672140,"status":200,"resp_time":0.531773}
{"time":"July 24, 8:01 pm","ts":1658673067,"status":200,"resp_time":0.149775}
{"time":"July 24, 8:15 pm","ts":1658673937,"status":200,"resp_time":0.260784}
{"time":"July 24, 8:25 pm","ts":1658674559,"status":200,"resp_time":0.548159}
{"time":"July 24, 8:49 pm","ts":1658675958,"status":200,"resp_time":0.209721}
{"time":"July 24, 9:08 pm","ts":1658677101,"status":200,"resp_time":0.19249}
{"time":"July 24, 9:21 pm","ts":1658677885,"status":200,"resp_time":0.245395}
{"time":"July 24, 9:53 pm","ts":1658679824,"status":200,"resp_time":0.25143}
{"time":"July 24, 10:25 pm","ts":1658681723,"status":200,"resp_time":0.18644}
{"time":"July 24, 10:49 pm","ts":1658683140,"status":200,"resp_time":0.109144}
{"time":"July 24, 11:07 pm","ts":1658684227,"status":200,"resp_time":0.230542}
{"time":"July 24, 11:18 pm","ts":1658684887,"status":200,"resp_time":0.211868}
{"time":"July 24, 11:28 pm","ts":1658685510,"status":200,"resp_time":0.169334}
{"time":"July 24, 11:59 pm","ts":1658687381,"status":200,"resp_time":0.259696}
{"time":"July 25, 12:19 am","ts":1658688543,"status":200,"resp_time":0.117505}
{"time":"July 25, 12:29 am","ts":1658689165,"status":200,"resp_time":0.317755}
{"time":"July 25, 12:50 am","ts":1658690408,"status":200,"resp_time":0.318644}
{"time":"July 25, 1:00 am","ts":1658691029,"status":200,"resp_time":0.141668}
{"time":"July 25, 1:15 am","ts":1658691931,"status":200,"resp_time":0.258296}
{"time":"July 25, 1:25 am","ts":1658692550,"status":200,"resp_time":0.270609}
{"time":"July 25, 1:49 am","ts":1658693958,"status":200,"resp_time":0.273457}
{"time":"July 25, 2:06 am","ts":1658694983,"status":200,"resp_time":0.164135}
{"time":"July 25, 2:17 am","ts":1658695669,"status":200,"resp_time":0.239502}
{"time":"July 25, 2:28 am","ts":1658696288,"status":200,"resp_time":0.363068}
{"time":"July 25, 2:50 am","ts":1658697649,"status":200,"resp_time":0.298764}
{"time":"July 25, 3:09 am","ts":1658698743,"status":200,"resp_time":0.115985}
{"time":"July 25, 3:19 am","ts":1658699365,"status":200,"resp_time":0.16583}
{"time":"July 25, 3:29 am","ts":1658699984,"status":200,"resp_time":0.141051}
{"time":"July 25, 3:54 am","ts":1658701454,"status":200,"resp_time":0.162955}
{"time":"July 25, 4:10 am","ts":1658702416,"status":200,"resp_time":0.326974}
{"time":"July 25, 4:20 am","ts":1658703026,"status":200,"resp_time":0.196653}
{"time":"July 25, 4:46 am","ts":1658704600,"status":200,"resp_time":0.275101}
{"time":"July 25, 5:04 am","ts":1658705640,"status":200,"resp_time":0.28421}
{"time":"July 25, 5:16 am","ts":1658706412,"status":200,"resp_time":0.180583}
{"time":"July 25, 5:27 am","ts":1658707051,"status":200,"resp_time":0.219112}
{"time":"July 25, 7:44 am","ts":1658715252,"status":200,"resp_time":0.117963}
{"time":"July 25, 9:25 am","ts":1658721302,"status":200,"resp_time":0.220694}
{"time":"July 25, 10:19 am","ts":1658724540,"status":200,"resp_time":0.28247}
{"time":"July 25, 10:48 am","ts":1658726321,"status":200,"resp_time":0.718563}
{"time":"July 25, 11:13 am","ts":1658727795,"status":200,"resp_time":0.162407}
