{"time":"August 24, 11:28 pm","ts":1661363937,"status":200,"resp_time":0.136071}
{"time":"August 25, 12:09 am","ts":1661366357,"status":200,"resp_time":0.309025}
{"time":"August 25, 12:29 am","ts":1661367564,"status":200,"resp_time":0.203094}
{"time":"August 25, 12:51 am","ts":1661368864,"status":200,"resp_time":0.126045}
{"time":"August 25, 1:06 am","ts":1661369796,"status":200,"resp_time":0.318909}
{"time":"August 25, 1:16 am","ts":1661370416,"status":200,"resp_time":0.698215}
{"time":"August 25, 1:27 am","ts":1661371040,"status":200,"resp_time":0.145199}
{"time":"August 25, 1:53 am","ts":1661372619,"status":200,"resp_time":0.52503}
{"time":"August 25, 2:11 am","ts":1661373662,"status":200,"resp_time":0.214879}
{"time":"August 25, 2:25 am","ts":1661374526,"status":200,"resp_time":0.184977}
{"time":"August 25, 2:45 am","ts":1661375745,"status":200,"resp_time":0.194856}
{"time":"August 25, 3:01 am","ts":1661376716,"status":200,"resp_time":0.14679}
{"time":"August 25, 3:15 am","ts":1661377558,"status":200,"resp_time":0.220677}
{"time":"August 25, 3:26 am","ts":1661378186,"status":200,"resp_time":0.302464}
{"time":"August 25, 3:50 am","ts":1661379646,"status":200,"resp_time":0.167221}
{"time":"August 25, 4:11 am","ts":1661380870,"status":200,"resp_time":0.122548}
{"time":"August 25, 4:25 am","ts":1661381731,"status":200,"resp_time":0.150742}
{"time":"August 25, 4:49 am","ts":1661383146,"status":200,"resp_time":0.235544}
{"time":"August 25, 5:07 am","ts":1661384271,"status":200,"resp_time":0.166667}
{"time":"August 25, 5:20 am","ts":1661385019,"status":200,"resp_time":0.26371}
{"time":"August 25, 7:24 am","ts":1661392475,"status":200,"resp_time":0.152117}
{"time":"August 25, 9:40 am","ts":1661400651,"status":200,"resp_time":0.211587}
{"time":"August 25, 11:07 am","ts":1661405829,"status":200,"resp_time":0.149865}
{"time":"August 25, 11:45 am","ts":1661408115,"status":200,"resp_time":0.192416}
{"time":"August 25, 12:23 pm","ts":1661410435,"status":200,"resp_time":0.529923}
{"time":"August 25, 12:52 pm","ts":1661412169,"status":200,"resp_time":0.138917}
{"time":"August 25, 1:12 pm","ts":1661413325,"status":200,"resp_time":0.131451}
{"time":"August 25, 1:25 pm","ts":1661414133,"status":200,"resp_time":0.214213}
{"time":"August 25, 1:54 pm","ts":1661415899,"status":200,"resp_time":0.200357}
{"time":"August 25, 2:18 pm","ts":1661417280,"status":200,"resp_time":0.151166}
{"time":"August 25, 2:29 pm","ts":1661417955,"status":200,"resp_time":0.082299}
{"time":"August 25, 2:55 pm","ts":1661419530,"status":200,"resp_time":1.814818}
{"time":"August 25, 3:12 pm","ts":1661420522,"status":200,"resp_time":0.144036}
{"time":"August 25, 3:25 pm","ts":1661421333,"status":200,"resp_time":0.189118}
{"time":"August 25, 3:50 pm","ts":1661422854,"status":200,"resp_time":0.132775}
{"time":"August 25, 4:15 pm","ts":1661424306,"status":200,"resp_time":0.455049}
{"time":"August 25, 4:25 pm","ts":1661424946,"status":200,"resp_time":0.271381}
{"time":"August 25, 4:47 pm","ts":1661426232,"status":200,"resp_time":0.247492}
{"time":"August 25, 5:03 pm","ts":1661427235,"status":200,"resp_time":0.167816}
{"time":"August 25, 5:16 pm","ts":1661427963,"status":200,"resp_time":0.384593}
{"time":"August 25, 5:26 pm","ts":1661428582,"status":200,"resp_time":0.235299}
{"time":"August 25, 6:10 pm","ts":1661431239,"status":200,"resp_time":0.076322}
{"time":"August 25, 6:59 pm","ts":1661434149,"status":200,"resp_time":0.227206}
{"time":"August 25, 7:28 pm","ts":1661435923,"status":200,"resp_time":0.112872}
{"time":"August 25, 7:53 pm","ts":1661437383,"status":200,"resp_time":0.482557}
{"time":"August 25, 8:09 pm","ts":1661438369,"status":200,"resp_time":0.312681}
{"time":"August 25, 8:19 pm","ts":1661438984,"status":200,"resp_time":0.233736}
{"time":"August 25, 8:30 pm","ts":1661439602,"status":200,"resp_time":0.155997}
{"time":"August 25, 8:57 pm","ts":1661441258,"status":200,"resp_time":0.104512}
{"time":"August 25, 9:16 pm","ts":1661442373,"status":200,"resp_time":0.229941}
{"time":"August 25, 9:26 pm","ts":1661442989,"status":200,"resp_time":0.336326}
{"time":"August 25, 9:58 pm","ts":1661444917,"status":200,"resp_time":0.389067}
{"time":"August 25, 10:29 pm","ts":1661446766,"status":200,"resp_time":0.11391}
{"time":"August 25, 10:55 pm","ts":1661448358,"status":200,"resp_time":0.2938}
{"time":"August 25, 11:12 pm","ts":1661449355,"status":200,"resp_time":0.481559}
{"time":"August 25, 11:25 pm","ts":1661450131,"status":200,"resp_time":0.204904}
{"time":"August 25, 11:51 pm","ts":1661451709,"status":200,"resp_time":0.324177}
{"time":"August 26, 12:16 am","ts":1661453192,"status":200,"resp_time":0.198602}
{"time":"August 26, 12:27 am","ts":1661453858,"status":200,"resp_time":0.185253}
{"time":"August 26, 12:49 am","ts":1661455140,"status":200,"resp_time":0.272867}
{"time":"August 26, 1:00 am","ts":1661455807,"status":200,"resp_time":0.552546}
{"time":"August 26, 1:10 am","ts":1661456428,"status":200,"resp_time":0.293839}
{"time":"August 26, 1:25 am","ts":1661457341,"status":200,"resp_time":0.264554}
{"time":"August 26, 1:49 am","ts":1661458780,"status":200,"resp_time":0.298497}
{"time":"August 26, 2:07 am","ts":1661459849,"status":200,"resp_time":0.305698}
{"time":"August 26, 2:19 am","ts":1661460566,"status":200,"resp_time":0.08398}
{"time":"August 26, 2:30 am","ts":1661461214,"status":200,"resp_time":0.229273}
{"time":"August 26, 2:53 am","ts":1661462586,"status":200,"resp_time":0.283425}
{"time":"August 26, 3:10 am","ts":1661463611,"status":200,"resp_time":0.158741}
{"time":"August 26, 3:20 am","ts":1661464218,"status":200,"resp_time":0.300689}
{"time":"August 26, 3:47 am","ts":1661465871,"status":200,"resp_time":0.290465}
{"time":"August 26, 4:06 am","ts":1661466968,"status":200,"resp_time":0.503045}
{"time":"August 26, 4:17 am","ts":1661467667,"status":200,"resp_time":0.175248}
{"time":"August 26, 4:28 am","ts":1661468307,"status":200,"resp_time":0.175131}
{"time":"August 26, 5:02 am","ts":1661470365,"status":200,"resp_time":0.248717}
{"time":"August 26, 5:22 am","ts":1661471537,"status":200,"resp_time":0.156544}
{"time":"August 26, 7:27 am","ts":1661479046,"status":200,"resp_time":0.176025}
{"time":"August 26, 9:52 am","ts":1661487731,"status":200,"resp_time":0.225049}
{"time":"August 26, 11:15 am","ts":1661492704,"status":200,"resp_time":0.209996}
{"time":"August 26, 11:54 am","ts":1661495065,"status":200,"resp_time":0.228788}
{"time":"August 26, 12:31 pm","ts":1661497291,"status":200,"resp_time":0.08101}
{"time":"August 26, 1:00 pm","ts":1661499054,"status":200,"resp_time":0.251252}
{"time":"August 26, 1:16 pm","ts":1661500009,"status":200,"resp_time":0.161373}
{"time":"August 26, 1:27 pm","ts":1661500624,"status":200,"resp_time":0.216151}
{"time":"August 26, 1:58 pm","ts":1661502507,"status":200,"resp_time":4.355951}
{"time":"August 26, 2:19 pm","ts":1661503748,"status":200,"resp_time":0.17182}
{"time":"August 26, 2:29 pm","ts":1661504364,"status":200,"resp_time":0.711649}
{"time":"August 26, 2:54 pm","ts":1661505896,"status":200,"resp_time":0.288948}
{"time":"August 26, 3:11 pm","ts":1661506875,"status":200,"resp_time":2.388235}
{"time":"August 26, 3:25 pm","ts":1661507734,"status":200,"resp_time":0.069332}
{"time":"August 26, 3:50 pm","ts":1661509208,"status":200,"resp_time":0.298749}
{"time":"August 26, 4:09 pm","ts":1661510377,"status":200,"resp_time":4.669635}
{"time":"August 26, 4:21 pm","ts":1661511085,"status":200,"resp_time":0.225774}
