{"time":"November 3, 4:51 pm","ts":1667474469,"status":200,"resp_time":0.155444}
{"time":"November 3, 5:07 pm","ts":1667475431,"status":200,"resp_time":0.132449}
{"time":"November 3, 5:17 pm","ts":1667476051,"status":200,"resp_time":0.158662}
{"time":"November 3, 5:27 pm","ts":1667476677,"status":200,"resp_time":0.217308}
{"time":"November 3, 6:25 pm","ts":1667480132,"status":200,"resp_time":0.076744}
{"time":"November 3, 7:13 pm","ts":1667483039,"status":200,"resp_time":0.10857}
{"time":"November 3, 7:39 pm","ts":1667484576,"status":200,"resp_time":0.595717}
{"time":"November 3, 8:02 pm","ts":1667485950,"status":200,"resp_time":0.253944}
{"time":"November 3, 8:16 pm","ts":1667486790,"status":200,"resp_time":0.113826}
{"time":"November 3, 8:26 pm","ts":1667487410,"status":200,"resp_time":0.189835}
{"time":"November 3, 9:00 pm","ts":1667489415,"status":200,"resp_time":0.090189}
{"time":"November 3, 9:30 pm","ts":1667491208,"status":200,"resp_time":0.125993}
{"time":"November 3, 10:09 pm","ts":1667493563,"status":200,"resp_time":0.081017}
{"time":"November 3, 10:32 pm","ts":1667494977,"status":200,"resp_time":0.161056}
{"time":"November 3, 11:01 pm","ts":1667496715,"status":200,"resp_time":0.272362}
{"time":"November 3, 11:18 pm","ts":1667497680,"status":200,"resp_time":0.093153}
{"time":"November 3, 11:28 pm","ts":1667498318,"status":200,"resp_time":0.126272}
{"time":"November 4, 12:06 am","ts":1667500617,"status":200,"resp_time":0.140916}
{"time":"November 4, 12:26 am","ts":1667501790,"status":200,"resp_time":0.283974}
{"time":"November 4, 12:46 am","ts":1667502976,"status":200,"resp_time":0.137922}
{"time":"November 4, 12:58 am","ts":1667503702,"status":200,"resp_time":0.093854}
{"time":"November 4, 1:10 am","ts":1667504401,"status":200,"resp_time":0.235818}
{"time":"November 4, 1:20 am","ts":1667505025,"status":200,"resp_time":0.237949}
{"time":"November 4, 1:45 am","ts":1667506523,"status":200,"resp_time":0.144207}
{"time":"November 4, 2:09 am","ts":1667507990,"status":200,"resp_time":0.164836}
{"time":"November 4, 2:20 am","ts":1667508610,"status":200,"resp_time":0.264384}
{"time":"November 4, 2:31 am","ts":1667509270,"status":200,"resp_time":0.2539}
{"time":"November 4, 2:53 am","ts":1667510588,"status":200,"resp_time":0.235077}
{"time":"November 4, 3:06 am","ts":1667511360,"status":200,"resp_time":0.132362}
{"time":"November 4, 3:16 am","ts":1667511992,"status":200,"resp_time":0.289286}
{"time":"November 4, 3:26 am","ts":1667512615,"status":200,"resp_time":0.262949}
{"time":"November 4, 3:49 am","ts":1667513944,"status":200,"resp_time":0.29114}
{"time":"November 4, 4:03 am","ts":1667514835,"status":200,"resp_time":0.183696}
{"time":"November 4, 4:15 am","ts":1667515531,"status":200,"resp_time":0.210505}
{"time":"November 4, 4:25 am","ts":1667516148,"status":200,"resp_time":0.146985}
{"time":"November 4, 4:51 am","ts":1667517680,"status":200,"resp_time":0.227738}
{"time":"November 4, 5:11 am","ts":1667518904,"status":200,"resp_time":0.331108}
{"time":"November 4, 5:25 am","ts":1667519741,"status":200,"resp_time":0.163693}
{"time":"November 4, 7:26 am","ts":1667526985,"status":200,"resp_time":0.221068}
{"time":"November 4, 9:14 am","ts":1667533492,"status":200,"resp_time":0.190004}
{"time":"November 4, 9:59 am","ts":1667536145,"status":200,"resp_time":0.170679}
{"time":"November 4, 10:35 am","ts":1667538334,"status":200,"resp_time":0.081965}
{"time":"November 4, 11:03 am","ts":1667539989,"status":200,"resp_time":0.237546}
{"time":"November 4, 11:17 am","ts":1667540857,"status":200,"resp_time":0.19624}
{"time":"November 4, 11:27 am","ts":1667541476,"status":200,"resp_time":0.221374}
{"time":"November 4, 12:03 pm","ts":1667543605,"status":200,"resp_time":0.112893}
{"time":"November 4, 12:23 pm","ts":1667544813,"status":200,"resp_time":0.251899}
{"time":"November 4, 12:46 pm","ts":1667546180,"status":200,"resp_time":0.131446}
{"time":"November 4, 1:01 pm","ts":1667547073,"status":200,"resp_time":0.11525}
{"time":"November 4, 1:15 pm","ts":1667547933,"status":200,"resp_time":0.106519}
{"time":"November 4, 1:26 pm","ts":1667548564,"status":200,"resp_time":0.200853}
{"time":"November 4, 1:58 pm","ts":1667550530,"status":200,"resp_time":0.138158}
{"time":"November 4, 2:21 pm","ts":1667551910,"status":200,"resp_time":0.230454}
{"time":"November 4, 2:46 pm","ts":1667553395,"status":200,"resp_time":0.121883}
{"time":"November 4, 3:03 pm","ts":1667554415,"status":200,"resp_time":0.138518}
{"time":"November 4, 3:16 pm","ts":1667555188,"status":200,"resp_time":0.14869}
{"time":"November 4, 3:26 pm","ts":1667555809,"status":200,"resp_time":0.151355}
{"time":"November 4, 3:54 pm","ts":1667557448,"status":200,"resp_time":0.179002}
{"time":"November 4, 4:12 pm","ts":1667558568,"status":200,"resp_time":0.091201}
{"time":"November 4, 4:46 pm","ts":1667560561,"status":200,"resp_time":0.10353}
{"time":"November 4, 5:15 pm","ts":1667562332,"status":200,"resp_time":0.178998}
{"time":"November 4, 6:12 pm","ts":1667565731,"status":200,"resp_time":0.162177}
{"time":"November 4, 7:00 pm","ts":1667568621,"status":200,"resp_time":0.243313}
{"time":"November 4, 7:27 pm","ts":1667570228,"status":200,"resp_time":0.138819}
{"time":"November 4, 7:49 pm","ts":1667571566,"status":200,"resp_time":0.410491}
{"time":"November 4, 8:03 pm","ts":1667572436,"status":200,"resp_time":0.268174}
{"time":"November 4, 8:15 pm","ts":1667573148,"status":200,"resp_time":0.185537}
{"time":"November 4, 8:26 pm","ts":1667573764,"status":200,"resp_time":0.095752}
{"time":"November 4, 8:52 pm","ts":1667575336,"status":200,"resp_time":0.174605}
{"time":"November 4, 9:14 pm","ts":1667576693,"status":200,"resp_time":0.298814}
{"time":"November 4, 9:25 pm","ts":1667577354,"status":200,"resp_time":0.19187}
{"time":"November 4, 9:57 pm","ts":1667579248,"status":200,"resp_time":0.090709}
{"time":"November 4, 10:28 pm","ts":1667581138,"status":200,"resp_time":0.165454}
{"time":"November 4, 10:56 pm","ts":1667582773,"status":200,"resp_time":0.190377}
{"time":"November 4, 11:13 pm","ts":1667583783,"status":200,"resp_time":0.174322}
{"time":"November 4, 11:25 pm","ts":1667584545,"status":200,"resp_time":0.077327}
{"time":"November 4, 11:53 pm","ts":1667586216,"status":200,"resp_time":0.117945}
{"time":"November 5, 12:16 am","ts":1667587601,"status":200,"resp_time":0.075162}
{"time":"November 5, 12:27 am","ts":1667588233,"status":200,"resp_time":0.149756}
{"time":"November 5, 12:48 am","ts":1667589494,"status":200,"resp_time":0.126272}
{"time":"November 5, 1:09 am","ts":1667590786,"status":200,"resp_time":0.275958}
{"time":"November 5, 1:20 am","ts":1667591409,"status":200,"resp_time":0.233136}
{"time":"November 5, 1:32 am","ts":1667592143,"status":200,"resp_time":0.22205}
{"time":"November 5, 2:01 am","ts":1667593911,"status":200,"resp_time":0.297666}
{"time":"November 5, 2:16 am","ts":1667594819,"status":200,"resp_time":0.165447}
{"time":"November 5, 2:27 am","ts":1667595448,"status":200,"resp_time":0.201828}
{"time":"November 5, 2:50 am","ts":1667596820,"status":200,"resp_time":0.101217}
{"time":"November 5, 3:08 am","ts":1667597926,"status":200,"resp_time":0.124373}
{"time":"November 5, 3:19 am","ts":1667598542,"status":200,"resp_time":0.27667}
{"time":"November 5, 3:29 am","ts":1667599160,"status":200,"resp_time":0.215934}
{"time":"November 5, 3:54 am","ts":1667600691,"status":200,"resp_time":0.073634}
