{"time":"November 9, 1:19 pm","ts":1667980174,"status":200,"resp_time":0.498596}
{"time":"November 9, 1:29 pm","ts":1667980790,"status":200,"resp_time":0.281768}
{"time":"November 9, 2:03 pm","ts":1667982825,"status":200,"resp_time":0.168753}
{"time":"November 9, 2:22 pm","ts":1667983952,"status":200,"resp_time":0.401293}
{"time":"November 9, 2:47 pm","ts":1667985463,"status":200,"resp_time":0.171028}
{"time":"November 9, 3:06 pm","ts":1667986569,"status":200,"resp_time":0.241449}
{"time":"November 9, 3:18 pm","ts":1667987294,"status":200,"resp_time":0.070973}
{"time":"November 9, 3:28 pm","ts":1667987923,"status":200,"resp_time":0.138779}
{"time":"November 9, 3:57 pm","ts":1667989649,"status":200,"resp_time":0.076133}
{"time":"November 9, 4:15 pm","ts":1667990708,"status":200,"resp_time":0.687215}
{"time":"November 9, 4:25 pm","ts":1667991343,"status":200,"resp_time":0.227611}
{"time":"November 9, 4:47 pm","ts":1667992622,"status":200,"resp_time":0.220768}
{"time":"November 9, 5:01 pm","ts":1667993491,"status":200,"resp_time":0.183839}
{"time":"November 9, 5:15 pm","ts":1667994339,"status":200,"resp_time":0.194525}
{"time":"November 9, 5:25 pm","ts":1667994959,"status":200,"resp_time":0.570806}
{"time":"November 9, 6:14 pm","ts":1667997873,"status":200,"resp_time":0.130266}
{"time":"November 9, 7:04 pm","ts":1668000844,"status":200,"resp_time":0.211925}
{"time":"November 9, 7:34 pm","ts":1668002652,"status":200,"resp_time":0.212092}
{"time":"November 9, 8:02 pm","ts":1668004325,"status":200,"resp_time":0.235623}
{"time":"November 9, 8:19 pm","ts":1668005369,"status":200,"resp_time":0.324903}
{"time":"November 9, 8:29 pm","ts":1668005983,"status":200,"resp_time":0.301179}
{"time":"November 9, 8:59 pm","ts":1668007758,"status":200,"resp_time":0.157644}
{"time":"November 9, 9:17 pm","ts":1668008858,"status":200,"resp_time":0.556327}
{"time":"November 9, 9:28 pm","ts":1668009488,"status":200,"resp_time":0.236173}
{"time":"November 9, 10:05 pm","ts":1668011729,"status":200,"resp_time":0.320362}
{"time":"November 9, 10:32 pm","ts":1668013357,"status":200,"resp_time":0.241911}
{"time":"November 9, 11:02 pm","ts":1668015120,"status":200,"resp_time":0.310974}
{"time":"November 9, 11:18 pm","ts":1668016099,"status":200,"resp_time":0.311185}
{"time":"November 9, 11:28 pm","ts":1668016721,"status":200,"resp_time":0.172845}
{"time":"November 10, 12:00 am","ts":1668018646,"status":200,"resp_time":0.097915}
{"time":"November 10, 12:22 am","ts":1668019963,"status":200,"resp_time":0.222305}
{"time":"November 10, 12:44 am","ts":1668021256,"status":200,"resp_time":0.224611}
{"time":"November 10, 12:57 am","ts":1668022069,"status":200,"resp_time":0.197072}
{"time":"November 10, 1:09 am","ts":1668022749,"status":200,"resp_time":0.330949}
{"time":"November 10, 1:19 am","ts":1668023374,"status":200,"resp_time":0.139742}
{"time":"November 10, 1:30 am","ts":1668024007,"status":200,"resp_time":0.193869}
{"time":"November 10, 1:57 am","ts":1668025648,"status":200,"resp_time":0.116555}
{"time":"November 10, 2:13 am","ts":1668026624,"status":200,"resp_time":0.166587}
{"time":"November 10, 2:25 am","ts":1668027339,"status":200,"resp_time":0.270795}
{"time":"November 10, 2:49 am","ts":1668028780,"status":200,"resp_time":0.223011}
{"time":"November 10, 3:06 am","ts":1668029808,"status":200,"resp_time":0.223782}
{"time":"November 10, 3:18 am","ts":1668030502,"status":200,"resp_time":0.22172}
{"time":"November 10, 3:28 am","ts":1668031123,"status":200,"resp_time":0.347821}
{"time":"November 10, 3:54 am","ts":1668032690,"status":200,"resp_time":0.131048}
{"time":"November 10, 4:11 am","ts":1668033684,"status":200,"resp_time":0.273561}
{"time":"November 10, 4:25 am","ts":1668034536,"status":200,"resp_time":0.299741}
{"time":"November 10, 4:52 am","ts":1668036150,"status":200,"resp_time":0.321633}
{"time":"November 10, 7:17 am","ts":1668044827,"status":200,"resp_time":0.347871}
{"time":"November 10, 8:48 am","ts":1668050314,"status":200,"resp_time":0.188415}
{"time":"November 10, 9:36 am","ts":1668053204,"status":200,"resp_time":0.186882}
{"time":"November 10, 10:25 am","ts":1668056101,"status":200,"resp_time":0.175554}
{"time":"November 10, 10:54 am","ts":1668057863,"status":200,"resp_time":0.28857}
{"time":"November 10, 11:14 am","ts":1668059049,"status":200,"resp_time":0.195368}
{"time":"November 10, 11:25 am","ts":1668059732,"status":200,"resp_time":0.146819}
{"time":"November 10, 11:53 am","ts":1668061423,"status":200,"resp_time":0.140178}
{"time":"November 10, 12:18 pm","ts":1668062880,"status":200,"resp_time":0.201743}
{"time":"November 10, 12:28 pm","ts":1668063501,"status":200,"resp_time":0.170201}
{"time":"November 10, 12:53 pm","ts":1668064980,"status":200,"resp_time":0.109457}
{"time":"November 10, 1:08 pm","ts":1668065890,"status":200,"resp_time":0.123184}
{"time":"November 10, 1:18 pm","ts":1668066516,"status":200,"resp_time":0.222268}
{"time":"November 10, 1:28 pm","ts":1668067133,"status":200,"resp_time":0.190838}
{"time":"November 10, 2:08 pm","ts":1668069510,"status":200,"resp_time":0.273342}
{"time":"November 10, 2:27 pm","ts":1668070650,"status":200,"resp_time":0.221665}
{"time":"November 10, 2:54 pm","ts":1668072252,"status":200,"resp_time":0.270417}
{"time":"November 10, 3:11 pm","ts":1668073294,"status":200,"resp_time":0.118375}
{"time":"November 10, 3:25 pm","ts":1668074134,"status":200,"resp_time":0.096663}
{"time":"November 10, 3:50 pm","ts":1668075616,"status":200,"resp_time":0.143702}
{"time":"November 10, 4:13 pm","ts":1668077013,"status":200,"resp_time":0.08588}
{"time":"November 10, 4:25 pm","ts":1668077734,"status":200,"resp_time":0.205594}
{"time":"November 10, 4:46 pm","ts":1668079001,"status":200,"resp_time":0.132739}
{"time":"November 10, 5:01 pm","ts":1668079889,"status":200,"resp_time":0.242442}
{"time":"November 10, 5:15 pm","ts":1668080730,"status":200,"resp_time":0.185356}
{"time":"November 10, 5:26 pm","ts":1668081363,"status":200,"resp_time":0.146718}
{"time":"November 10, 6:14 pm","ts":1668084246,"status":200,"resp_time":0.192395}
{"time":"November 10, 7:08 pm","ts":1668087510,"status":200,"resp_time":0.183482}
{"time":"November 10, 7:47 pm","ts":1668089837,"status":200,"resp_time":0.223046}
{"time":"November 10, 8:17 pm","ts":1668091648,"status":200,"resp_time":0.189752}
{"time":"November 10, 8:29 pm","ts":1668092369,"status":200,"resp_time":0.217208}
{"time":"November 10, 8:57 pm","ts":1668094028,"status":200,"resp_time":0.174677}
{"time":"November 10, 9:15 pm","ts":1668095101,"status":200,"resp_time":0.145391}
{"time":"November 10, 9:25 pm","ts":1668095732,"status":200,"resp_time":0.311699}
{"time":"November 10, 9:56 pm","ts":1668097598,"status":200,"resp_time":0.697008}
{"time":"November 10, 10:27 pm","ts":1668099455,"status":200,"resp_time":0.220236}
{"time":"November 10, 10:55 pm","ts":1668101100,"status":200,"resp_time":0.626149}
{"time":"November 10, 11:13 pm","ts":1668102182,"status":200,"resp_time":0.22343}
{"time":"November 10, 11:25 pm","ts":1668102937,"status":200,"resp_time":0.132797}
{"time":"November 10, 11:53 pm","ts":1668104614,"status":200,"resp_time":0.70698}
{"time":"November 11, 12:17 am","ts":1668106022,"status":200,"resp_time":0.34249}
{"time":"November 11, 12:27 am","ts":1668106662,"status":200,"resp_time":0.143238}
{"time":"November 11, 12:49 am","ts":1668107980,"status":200,"resp_time":0.371745}
{"time":"November 11, 1:00 am","ts":1668108602,"status":200,"resp_time":0.224695}
{"time":"November 11, 1:10 am","ts":1668109237,"status":200,"resp_time":0.20851}
{"time":"November 11, 1:25 am","ts":1668110134,"status":200,"resp_time":0.15769}
{"time":"November 11, 1:50 am","ts":1668111638,"status":200,"resp_time":0.166357}
{"time":"November 11, 2:12 am","ts":1668112920,"status":200,"resp_time":0.327458}
{"time":"November 11, 2:25 am","ts":1668113735,"status":200,"resp_time":0.570769}
{"time":"November 11, 2:47 am","ts":1668115073,"status":200,"resp_time":0.242173}
{"time":"November 11, 3:04 am","ts":1668116084,