{"time":"October 4, 11:25 am","ts":1664862956,"status":200,"resp_time":0.153169}
{"time":"October 4, 12:04 pm","ts":1664865254,"status":200,"resp_time":0.210496}
{"time":"October 4, 12:37 pm","ts":1664867245,"status":200,"resp_time":0.50248}
{"time":"October 4, 1:10 pm","ts":1664869247,"status":200,"resp_time":0.144325}
{"time":"October 4, 1:29 pm","ts":1664870349,"status":200,"resp_time":0.150016}
{"time":"October 4, 2:08 pm","ts":1664872719,"status":200,"resp_time":0.651578}
{"time":"October 4, 2:30 pm","ts":1664874047,"status":200,"resp_time":0.077671}
{"time":"October 4, 3:06 pm","ts":1664876186,"status":200,"resp_time":0.070978}
{"time":"October 4, 3:25 pm","ts":1664877358,"status":200,"resp_time":0.22415}
{"time":"October 4, 3:54 pm","ts":1664879092,"status":200,"resp_time":0.147459}
{"time":"October 4, 4:19 pm","ts":1664880560,"status":200,"resp_time":0.50726}
{"time":"October 4, 4:34 pm","ts":1664881459,"status":200,"resp_time":0.761536}
{"time":"October 4, 5:00 pm","ts":1664883005,"status":200,"resp_time":0.155305}
{"time":"October 4, 5:16 pm","ts":1664883985,"status":200,"resp_time":0.123528}
{"time":"October 4, 5:26 pm","ts":1664884603,"status":200,"resp_time":0.071618}
{"time":"October 4, 6:25 pm","ts":1664888101,"status":200,"resp_time":0.223771}
{"time":"October 4, 7:26 pm","ts":1664891777,"status":200,"resp_time":0.351981}
{"time":"October 4, 8:07 pm","ts":1664894261,"status":200,"resp_time":0.190581}
{"time":"October 4, 8:31 pm","ts":1664895717,"status":200,"resp_time":0.31508}
{"time":"October 4, 9:08 pm","ts":1664897913,"status":200,"resp_time":0.133213}
{"time":"October 4, 9:29 pm","ts":1664899175,"status":200,"resp_time":0.271617}
{"time":"October 4, 10:17 pm","ts":1664902048,"status":200,"resp_time":0.14167}
{"time":"October 4, 10:57 pm","ts":1664904445,"status":200,"resp_time":0.295463}
{"time":"October 4, 11:32 pm","ts":1664906564,"status":200,"resp_time":0.339298}
{"time":"October 5, 12:18 am","ts":1664909301,"status":200,"resp_time":0.339992}
{"time":"October 5, 12:42 am","ts":1664910720,"status":200,"resp_time":0.193511}
{"time":"October 5, 1:07 am","ts":1664912237,"status":200,"resp_time":0.244748}
{"time":"October 5, 1:20 am","ts":1664913039,"status":200,"resp_time":0.210544}
{"time":"October 5, 1:54 am","ts":1664915091,"status":200,"resp_time":0.333992}
{"time":"October 5, 2:19 am","ts":1664916583,"status":200,"resp_time":0.290269}
{"time":"October 5, 2:34 am","ts":1664917493,"status":200,"resp_time":0.153633}
{"time":"October 5, 3:01 am","ts":1664919062,"status":200,"resp_time":0.18077}
{"time":"October 5, 3:21 am","ts":1664920295,"status":200,"resp_time":0.185332}
{"time":"October 5, 3:50 am","ts":1664922044,"status":200,"resp_time":0.127745}
{"time":"October 5, 4:17 am","ts":1664923654,"status":200,"resp_time":0.076771}
{"time":"October 5, 4:29 am","ts":1664924377,"status":200,"resp_time":0.143629}
{"time":"October 5, 5:04 am","ts":1664926461,"status":200,"resp_time":0.126967}
{"time":"October 5, 5:26 am","ts":1664927805,"status":200,"resp_time":0.173334}
{"time":"October 5, 7:42 am","ts":1664935924,"status":200,"resp_time":0.076682}
{"time":"October 5, 9:17 am","ts":1664941657,"status":200,"resp_time":0.258375}
{"time":"October 5, 10:00 am","ts":1664944255,"status":200,"resp_time":0.38506}
{"time":"October 5, 11:01 am","ts":1664947870,"status":200,"resp_time":0.54084}
{"time":"October 5, 11:47 am","ts":1664950655,"status":200,"resp_time":0.224031}
{"time":"October 5, 12:31 pm","ts":1664953318,"status":200,"resp_time":0.210644}
{"time":"October 5, 1:12 pm","ts":1664955767,"status":200,"resp_time":0.193064}
{"time":"October 5, 1:29 pm","ts":1664956770,"status":200,"resp_time":0.184989}
{"time":"October 5, 2:06 pm","ts":1664958984,"status":200,"resp_time":0.216394}
{"time":"October 5, 2:28 pm","ts":1664960324,"status":200,"resp_time":0.073941}
{"time":"October 5, 3:01 pm","ts":1664962311,"status":200,"resp_time":0.097848}
{"time":"October 5, 3:26 pm","ts":1664963760,"status":200,"resp_time":0.124562}
{"time":"October 5, 3:56 pm","ts":1664965579,"status":200,"resp_time":0.19517}
{"time":"October 5, 4:21 pm","ts":1664967075,"status":200,"resp_time":0.094227}
{"time":"October 5, 4:47 pm","ts":1664968679,"status":200,"resp_time":0.161961}
{"time":"October 5, 5:08 pm","ts":1664969884,"status":200,"resp_time":0.192786}
{"time":"October 5, 5:20 pm","ts":1664970657,"status":200,"resp_time":0.280752}
{"time":"October 5, 6:11 pm","ts":1664973706,"status":200,"resp_time":0.199782}
{"time":"October 5, 7:30 pm","ts":1664978409,"status":200,"resp_time":0.103981}
{"time":"October 5, 8:15 pm","ts":1664981159,"status":200,"resp_time":0.317003}
{"time":"October 5, 8:38 pm","ts":1664982510,"status":200,"resp_time":0.256386}
{"time":"October 5, 9:04 pm","ts":1664984063,"status":200,"resp_time":0.166826}
{"time":"October 5, 9:32 pm","ts":1664985739,"status":200,"resp_time":0.183751}
{"time":"October 5, 10:39 pm","ts":1664989761,"status":200,"resp_time":0.321778}
{"time":"October 5, 11:26 pm","ts":1664992584,"status":200,"resp_time":0.372365}
{"time":"October 6, 12:08 am","ts":1664995134,"status":200,"resp_time":0.09598}
{"time":"October 6, 12:42 am","ts":1664997138,"status":200,"resp_time":0.33188}
{"time":"October 6, 1:12 am","ts":1664998940,"status":200,"resp_time":0.199754}
{"time":"October 6, 1:27 am","ts":1664999825,"status":200,"resp_time":0.248831}
{"time":"October 6, 1:57 am","ts":1665001666,"status":200,"resp_time":0.208523}
{"time":"October 6, 2:19 am","ts":1665002979,"status":200,"resp_time":0.283902}
{"time":"October 6, 2:30 am","ts":1665003616,"status":200,"resp_time":0.237275}
{"time":"October 6, 2:57 am","ts":1665005263,"status":200,"resp_time":0.203995}
{"time":"October 6, 3:17 am","ts":1665006452,"status":200,"resp_time":0.1184}
{"time":"October 6, 3:27 am","ts":1665007079,"status":200,"resp_time":0.142566}
{"time":"October 6, 4:01 am","ts":1665009063,"status":200,"resp_time":0.198609}
{"time":"October 6, 4:25 am","ts":1665010507,"status":200,"resp_time":0.204108}
{"time":"October 6, 4:53 am","ts":1665012223,"status":200,"resp_time":0.079325}
{"time":"October 6, 5:20 am","ts":1665013820,"status":200,"resp_time":0.139941}
{"time":"October 6, 7:16 am","ts":1665020798,"status":200,"resp_time":0.254619}
{"time":"October 6, 8:54 am","ts":1665026659,"status":200,"resp_time":0.15002}
{"time":"October 6, 9:52 am","ts":1665030159,"status":200,"resp_time":0.234455}
{"time":"October 6, 10:41 am","ts":1665033084,"status":200,"resp_time":0.172085}
{"time":"October 6, 11:25 am","ts":1665035715,"status":200,"resp_time":0.111963}
{"time":"October 6, 11:59 am","ts":1665037796,"status":200,"resp_time":0.185921}
{"time":"October 6, 12:31 pm","ts":1665039693,"status":200,"resp_time":0.202819}
{"time":"October 6, 1:05 pm","ts":1665041736,"status":200,"resp_time":0.198796}
{"time":"October 6, 1:22 pm","ts":1665042749,"status":200,"resp_time":0.233781}
{"time":"October 6, 1:57 pm","ts":1665044847,"status":200,"resp_time":0.195796}
{"time":"October 6, 2:26 pm","ts":1665046611,"status":200,"resp_time":0.272073}
{"time":"October 6, 3:00 pm","ts":1665048622,"status":200,"resp_time":0.077171}
{"time":"October 6, 3:28 pm","ts":1665050322,"status":200,"resp_time":0.156166}
{"time":"October 6, 4:03 pm","ts":1665052400,"status":200,"resp_time":0.188903}
{"time":"October 6, 4:26 pm","ts":1665053773,"status":200,"resp_time":0.268873}
{"time":"October 6, 4:50 pm","ts":1665055249,"status":200,"resp_time":0.094753}
{"time":"October 6, 5:12 pm","ts":1665056565,"status":200,"resp_time":0.315803}
{"time":"October 6, 5:25 pm","ts":1665057334,"status":200,"resp_time":0.163762}
