{"time":"July 22, 11:52 pm","ts":1658514155,"status":200,"resp_time":0.195432}
{"time":"July 23, 12:02 am","ts":1658514729,"status":200,"resp_time":0.144797}
{"time":"July 23, 12:18 am","ts":1658515697,"status":200,"resp_time":0.292625}
{"time":"July 23, 12:28 am","ts":1658516339,"status":200,"resp_time":0.134516}
{"time":"July 23, 12:50 am","ts":1658517611,"status":200,"resp_time":0.257789}
{"time":"July 23, 1:00 am","ts":1658518253,"status":200,"resp_time":0.249451}
