{"time":"September 11, 5:02 pm","ts":1662895942,"status":200,"resp_time":0.200384}
{"time":"September 11, 5:15 pm","ts":1662896736,"status":200,"resp_time":0.152394}
{"time":"September 11, 5:25 pm","ts":1662897351,"status":200,"resp_time":0.215267}
{"time":"September 11, 6:06 pm","ts":1662899800,"status":200,"resp_time":0.287303}
{"time":"September 11, 6:47 pm","ts":1662902244,"status":200,"resp_time":0.156203}
{"time":"September 11, 7:16 pm","ts":1662903999,"status":200,"resp_time":0.245729}
{"time":"September 11, 7:27 pm","ts":1662904666,"status":200,"resp_time":0.211779}
{"time":"September 11, 7:52 pm","ts":1662906157,"status":200,"resp_time":0.219446}
{"time":"September 11, 8:10 pm","ts":1662907231,"status":200,"resp_time":0.227714}
{"time":"September 11, 8:25 pm","ts":1662908136,"status":200,"resp_time":0.171371}
{"time":"September 11, 8:50 pm","ts":1662909602,"status":200,"resp_time":0.152354}
{"time":"September 11, 9:10 pm","ts":1662910858,"status":200,"resp_time":0.20665}
{"time":"September 11, 9:26 pm","ts":1662911812,"status":200,"resp_time":0.223382}
{"time":"September 11, 10:01 pm","ts":1662913877,"status":200,"resp_time":0.118507}
{"time":"September 11, 10:32 pm","ts":1662915734,"status":200,"resp_time":0.221561}
{"time":"September 11, 11:02 pm","ts":1662917558,"status":200,"resp_time":0.232286}
{"time":"September 11, 11:20 pm","ts":1662918614,"status":200,"resp_time":0.176185}
{"time":"September 11, 11:36 pm","ts":1662919573,"status":200,"resp_time":0.206002}
{"time":"September 12, 12:06 am","ts":1662921384,"status":200,"resp_time":0.219012}
{"time":"September 12, 12:25 am","ts":1662922512,"status":200,"resp_time":0.265839}
{"time":"September 12, 12:44 am","ts":1662923678,"status":200,"resp_time":0.163394}
{"time":"September 12, 12:59 am","ts":1662924565,"status":200,"resp_time":0.309478}
{"time":"September 12, 1:11 am","ts":1662925280,"status":200,"resp_time":0.173703}
{"time":"September 12, 1:25 am","ts":1662926135,"status":200,"resp_time":0.286068}
{"time":"September 12, 1:50 am","ts":1662927643,"status":200,"resp_time":0.095581}
{"time":"September 12, 2:15 am","ts":1662929105,"status":200,"resp_time":0.113852}
{"time":"September 12, 2:26 am","ts":1662929783,"status":200,"resp_time":0.190681}
{"time":"September 12, 2:49 am","ts":1662931153,"status":200,"resp_time":0.20608}
{"time":"September 12, 3:06 am","ts":1662932197,"status":200,"resp_time":0.251787}
{"time":"September 12, 3:19 am","ts":1662932953,"status":200,"resp_time":0.148412}
{"time":"September 12, 3:29 am","ts":1662933578,"status":200,"resp_time":0.119572}
{"time":"September 12, 3:57 am","ts":1662935231,"status":200,"resp_time":0.114987}
{"time":"September 12, 4:15 am","ts":1662936302,"status":200,"resp_time":0.269385}
{"time":"September 12, 4:25 am","ts":1662936932,"status":200,"resp_time":0.227499}
{"time":"September 12, 4:49 am","ts":1662938395,"status":200,"resp_time":0.570226}
{"time":"September 12, 5:09 am","ts":1662939582,"status":200,"resp_time":0.132602}
{"time":"September 12, 5:25 am","ts":1662940554,"status":200,"resp_time":0.25706}
{"time":"September 12, 7:51 am","ts":1662949273,"status":200,"resp_time":0.179649}
{"time":"September 12, 10:06 am","ts":1662957368,"status":200,"resp_time":0.317687}
{"time":"September 12, 11:34 am","ts":1662962661,"status":200,"resp_time":0.251671}
{"time":"September 12, 12:32 pm","ts":1662966155,"status":200,"resp_time":0.163504}
{"time":"September 12, 1:17 pm","ts":1662968854,"status":200,"resp_time":0.183719}
{"time":"September 12, 1:31 pm","ts":1662969684,"status":200,"resp_time":0.178998}
{"time":"September 12, 2:14 pm","ts":1662972268,"status":200,"resp_time":0.074078}
{"time":"September 12, 2:40 pm","ts":1662973832,"status":200,"resp_time":0.439881}
{"time":"September 12, 3:07 pm","ts":1662975443,"status":200,"resp_time":0.13637}
{"time":"September 12, 3:24 pm","ts":1662976443,"status":200,"resp_time":0.175138}
{"time":"September 12, 3:51 pm","ts":1662978095,"status":200,"resp_time":0.211386}
{"time":"September 12, 4:16 pm","ts":1662979593,"status":200,"resp_time":0.097132}
{"time":"September 12, 4:27 pm","ts":1662980253,"status":200,"resp_time":0.250788}
{"time":"September 12, 4:52 pm","ts":1662981722,"status":200,"resp_time":0.31805}
{"time":"September 12, 5:10 pm","ts":1662982820,"status":200,"resp_time":0.213019}
{"time":"September 12, 5:25 pm","ts":1662983748,"status":200,"resp_time":0.147337}
{"time":"September 12, 6:15 pm","ts":1662986718,"status":200,"resp_time":0.129604}
{"time":"September 12, 7:05 pm","ts":1662989709,"status":200,"resp_time":0.181081}
{"time":"September 12, 7:36 pm","ts":1662991593,"status":200,"resp_time":0.175967}
{"time":"September 12, 8:06 pm","ts":1662993361,"status":200,"resp_time":0.246074}
{"time":"September 12, 8:22 pm","ts":1662994355,"status":200,"resp_time":0.213969}
{"time":"September 12, 8:52 pm","ts":1662996122,"status":200,"resp_time":0.269426}
{"time":"September 12, 9:19 pm","ts":1662997787,"status":200,"resp_time":0.215588}
{"time":"September 12, 9:37 pm","ts":1662998878,"status":200,"resp_time":0.228887}
{"time":"September 12, 10:23 pm","ts":1663001585,"status":200,"resp_time":0.580964}
{"time":"September 12, 10:58 pm","ts":1663003703,"status":200,"resp_time":0.259499}
{"time":"September 12, 11:20 pm","ts":1663005021,"status":200,"resp_time":0.312605}
{"time":"September 12, 11:36 pm","ts":1663006018,"status":200,"resp_time":0.241176}
{"time":"September 13, 12:10 am","ts":1663008032,"status":200,"resp_time":0.281716}
{"time":"September 13, 12:31 am","ts":1663009295,"status":200,"resp_time":0.312447}
{"time":"September 13, 12:56 am","ts":1663010800,"status":200,"resp_time":0.262997}
{"time":"September 13, 1:10 am","ts":1663011625,"status":200,"resp_time":0.207841}
{"time":"September 13, 1:25 am","ts":1663012538,"status":200,"resp_time":0.312215}
{"time":"September 13, 1:51 am","ts":1663014104,"status":200,"resp_time":0.197313}
{"time":"September 13, 2:14 am","ts":1663015475,"status":200,"resp_time":0.316908}
{"time":"September 13, 2:26 am","ts":1663016177,"status":200,"resp_time":0.130683}
{"time":"September 13, 2:50 am","ts":1663017621,"status":200,"resp_time":0.175642}
{"time":"September 13, 3:12 am","ts":1663018964,"status":200,"resp_time":0.197462}
{"time":"September 13, 3:25 am","ts":1663019729,"status":200,"resp_time":0.210762}
{"time":"September 13, 3:49 am","ts":1663021168,"status":200,"resp_time":0.251059}
{"time":"September 13, 4:09 am","ts":1663022384,"status":200,"resp_time":0.29582}
{"time":"September 13, 4:22 am","ts":1663023151,"status":200,"resp_time":0.192026}
{"time":"September 13, 4:50 am","ts":1663024859,"status":200,"resp_time":0.280711}
{"time":"September 13, 5:16 am","ts":1663026380,"status":200,"resp_time":0.284725}
{"time":"September 13, 5:30 am","ts":1663027200,"status":200,"resp_time":0.164639}
{"time":"September 13, 8:20 am","ts":1663037428,"status":200,"resp_time":0.152387}
{"time":"September 13, 10:17 am","ts":1663044453,"status":200,"resp_time":0.221048}
{"time":"September 13, 11:35 am","ts":1663049142,"status":200,"resp_time":0.271}
{"time":"September 13, 12:34 pm","ts":1663052652,"status":200,"resp_time":0.254018}
{"time":"September 13, 1:15 pm","ts":1663055145,"status":200,"resp_time":0.235069}
{"time":"September 13, 1:29 pm","ts":1663055999,"status":200,"resp_time":0.16786}
{"time":"September 13, 2:04 pm","ts":1663058079,"status":200,"resp_time":0.222763}
{"time":"September 13, 2:26 pm","ts":1663059375,"status":200,"resp_time":0.144248}
{"time":"September 13, 2:53 pm","ts":1663061001,"status":200,"resp_time":0.151796}
{"time":"September 13, 3:15 pm","ts":1663062343,"status":200,"resp_time":0.245864}
{"time":"September 13, 3:26 pm","ts":1663063004,"status":200,"resp_time":0.15784}
{"time":"September 13, 3:56 pm","ts":1663064787,"status":200,"resp_time":0.26144}
{"time":"September 13, 4:17 pm","ts":1663066049,"status":200,"resp_time":0.27942}
{"time":"September 13, 4:27 pm","ts":1663066678,"status":200,