{"time":"October 28, 8:51 pm","ts":1666970496,"status":200,"resp_time":0.117261}
{"time":"October 28, 9:16 pm","ts":1666972001,"status":200,"resp_time":0.864065}
{"time":"October 28, 9:27 pm","ts":1666972674,"status":200,"resp_time":0.117658}
{"time":"October 28, 10:04 pm","ts":1666974843,"status":200,"resp_time":0.100523}
{"time":"October 28, 10:31 pm","ts":1666976512,"status":200,"resp_time":0.093554}
{"time":"October 28, 11:03 pm","ts":1666978410,"status":200,"resp_time":0.132712}
{"time":"October 28, 11:20 pm","ts":1666979432,"status":200,"resp_time":0.288}
{"time":"October 28, 11:53 pm","ts":1666981438,"status":200,"resp_time":0.280066}
{"time":"October 29, 12:18 am","ts":1666982913,"status":200,"resp_time":0.245449}
{"time":"October 29, 12:29 am","ts":1666983570,"status":200,"resp_time":0.110985}
{"time":"October 29, 12:51 am","ts":1666984862,"status":200,"resp_time":0.241938}
{"time":"October 29, 1:07 am","ts":1666985829,"status":200,"resp_time":0.242685}
{"time":"October 29, 1:17 am","ts":1666986459,"status":200,"resp_time":0.275613}
{"time":"October 29, 1:27 am","ts":1666987077,"status":200,"resp_time":0.193912}
{"time":"October 29, 1:58 am","ts":1666988904,"status":200,"resp_time":0.322681}
{"time":"October 29, 2:16 am","ts":1666989980,"status":200,"resp_time":0.244712}
{"time":"October 29, 2:26 am","ts":1666990597,"status":200,"resp_time":0.117006}
{"time":"October 29, 2:49 am","ts":1666991989,"status":200,"resp_time":0.126814}
{"time":"October 29, 3:06 am","ts":1666992978,"status":200,"resp_time":0.638649}
{"time":"October 29, 3:18 am","ts":1666993705,"status":200,"resp_time":0.206674}
{"time":"October 29, 3:28 am","ts":1666994319,"status":200,"resp_time":0.153767}
{"time":"October 29, 3:56 am","ts":1666995978,"status":200,"resp_time":0.25246}
{"time":"October 29, 4:14 am","ts":1666997043,"status":200,"resp_time":0.164963}
{"time":"October 29, 4:25 am","ts":1666997730,"status":200,"resp_time":0.288497}
{"time":"October 29, 4:52 am","ts":1666999346,"status":200,"resp_time":0.334705}
{"time":"October 29, 5:15 am","ts":1667000704,"status":200,"resp_time":0.168636}
{"time":"October 29, 5:26 am","ts":1667001382,"status":200,"resp_time":0.124252}
{"time":"October 29, 7:24 am","ts":1667008479,"status":200,"resp_time":0.268019}
{"time":"October 29, 9:05 am","ts":1667014552,"status":200,"resp_time":0.140684}
{"time":"October 29, 9:49 am","ts":1667017156,"status":200,"resp_time":0.124467}
{"time":"October 29, 10:26 am","ts":1667019372,"status":200,"resp_time":0.085426}
{"time":"October 29, 10:53 am","ts":1667021037,"status":200,"resp_time":0.172722}
{"time":"October 29, 11:13 am","ts":1667022196,"status":200,"resp_time":0.149189}
{"time":"October 29, 11:25 am","ts":1667022935,"status":200,"resp_time":0.228897}
{"time":"October 29, 11:54 am","ts":1667024640,"status":200,"resp_time":0.214536}
{"time":"October 29, 12:18 pm","ts":1667026119,"status":200,"resp_time":0.091397}
{"time":"October 29, 12:29 pm","ts":1667026759,"status":200,"resp_time":0.515934}
{"time":"October 29, 12:53 pm","ts":1667028217,"status":200,"resp_time":0.596372}
{"time":"October 29, 1:08 pm","ts":1667029108,"status":200,"resp_time":0.108318}
{"time":"October 29, 1:18 pm","ts":1667029736,"status":200,"resp_time":0.138199}
{"time":"October 29, 1:29 pm","ts":1667030355,"status":200,"resp_time":0.109969}
{"time":"October 29, 2:02 pm","ts":1667032365,"status":200,"resp_time":0.200169}
{"time":"October 29, 2:22 pm","ts":1667033570,"status":200,"resp_time":0.210196}
{"time":"October 29, 2:47 pm","ts":1667035049,"status":200,"resp_time":0.110842}
{"time":"October 29, 3:05 pm","ts":1667036144,"status":200,"resp_time":0.244214}
{"time":"October 29, 3:17 pm","ts":1667036878,"status":200,"resp_time":0.269596}
{"time":"October 29, 3:28 pm","ts":1667037507,"status":200,"resp_time":0.549127}
{"time":"October 29, 3:58 pm","ts":1667039311,"status":200,"resp_time":0.502846}
{"time":"October 29, 4:16 pm","ts":1667040375,"status":200,"resp_time":0.206178}
{"time":"October 29, 4:26 pm","ts":1667040994,"status":200,"resp_time":0.137413}
{"time":"October 29, 4:47 pm","ts":1667042268,"status":200,"resp_time":0.186564}
{"time":"October 29, 5:01 pm","ts":1667043098,"status":200,"resp_time":0.164403}
{"time":"October 29, 5:15 pm","ts":1667043949,"status":200,"resp_time":0.221834}
{"time":"October 29, 5:26 pm","ts":1667044575,"status":200,"resp_time":0.12956}
{"time":"October 29, 6:07 pm","ts":1667047075,"status":200,"resp_time":0.177026}
{"time":"October 29, 6:45 pm","ts":1667049350,"status":200,"resp_time":0.273371}
{"time":"October 29, 7:13 pm","ts":1667051021,"status":200,"resp_time":0.130441}
{"time":"October 29, 7:25 pm","ts":1667051733,"status":200,"resp_time":0.445803}
{"time":"October 29, 8:05 pm","ts":1667054141,"status":200,"resp_time":0.239711}
{"time":"October 29, 8:17 pm","ts":1667054832,"status":200,"resp_time":0.161083}
{"time":"October 29, 8:27 pm","ts":1667055456,"status":200,"resp_time":0.164982}
{"time":"October 29, 9:13 pm","ts":1667058229,"status":200,"resp_time":0.196965}
{"time":"October 29, 9:56 pm","ts":1667060765,"status":200,"resp_time":0.156917}
{"time":"October 29, 10:25 pm","ts":1667062550,"status":200,"resp_time":0.213817}
{"time":"October 29, 10:50 pm","ts":1667064021,"status":200,"resp_time":0.081229}
{"time":"October 29, 11:12 pm","ts":1667065321,"status":200,"resp_time":0.305906}
{"time":"October 29, 11:25 pm","ts":1667066136,"status":200,"resp_time":0.138546}
{"time":"October 29, 11:53 pm","ts":1667067787,"status":200,"resp_time":0.380086}
{"time":"October 30, 12:16 am","ts":1667069204,"status":200,"resp_time":0.303202}
{"time":"October 30, 12:27 am","ts":1667069852,"status":200,"resp_time":0.233065}
{"time":"October 30, 12:48 am","ts":1667071133,"status":200,"resp_time":0.123161}
{"time":"October 30, 12:59 am","ts":1667071790,"status":200,"resp_time":0.220359}
{"time":"October 30, 1:10 am","ts":1667072433,"status":200,"resp_time":0.158975}
{"time":"October 30, 1:25 am","ts":1667073348,"status":200,"resp_time":0.090621}
{"time":"October 30, 1:50 am","ts":1667074810,"status":200,"resp_time":0.088651}
{"time":"October 30, 2:07 am","ts":1667075859,"status":200,"resp_time":0.198407}
{"time":"October 30, 2:19 am","ts":1667076589,"status":200,"resp_time":0.102554}
{"time":"October 30, 2:30 am","ts":1667077204,"status":200,"resp_time":0.17074}
{"time":"October 30, 2:54 am","ts":1667078644,"status":200,"resp_time":0.166706}
{"time":"October 30, 3:10 am","ts":1667079618,"status":200,"resp_time":0.194276}
{"time":"October 30, 3:25 am","ts":1667080542,"status":200,"resp_time":0.201496}
{"time":"October 30, 3:48 am","ts":1667081889,"status":200,"resp_time":0.147439}
{"time":"October 30, 4:07 am","ts":1667083027,"status":200,"resp_time":0.085705}
{"time":"October 30, 4:19 am","ts":1667083756,"status":200,"resp_time":0.131489}
{"time":"October 30, 4:29 am","ts":1667084372,"status":200,"resp_time":0.625797}
{"time":"October 30, 5:27 am","ts":1667087846,"status":200,"resp_time":0.301545}
{"time":"October 30, 9:30 am","ts":1667102430,"status":200,"resp_time":0.145219}
{"time":"October 30, 10:25 am","ts":1667105749,"status":200,"resp_time":0.236728}
{"time":"October 30, 10:55 am","ts":1667107533,"status":200,"resp_time":0.214331}
{"time":"October 30, 11:14 am","ts":1667108680,"status":200,"resp_time":0.102373}
{"time":"October 30, 11:25 am","ts":1667109334,"status":200,"resp_time":0.137174}
