{"time":"October 11, 11:39 pm","ts":1665511762,"status":200,"resp_time":0.258717}
{"time":"October 12, 12:17 am","ts":1665514030,"status":200,"resp_time":0.270283}
{"time":"October 12, 12:39 am","ts":1665515362,"status":200,"resp_time":0.214039}
{"time":"October 12, 1:03 am","ts":1665516795,"status":200,"resp_time":0.081635}
{"time":"October 12, 1:20 am","ts":1665517806,"status":200,"resp_time":0.138566}
{"time":"October 12, 1:30 am","ts":1665518438,"status":200,"resp_time":0.294452}
{"time":"October 12, 2:06 am","ts":1665520599,"status":200,"resp_time":0.118771}
{"time":"October 12, 2:26 am","ts":1665521784,"status":200,"resp_time":0.228336}
{"time":"October 12, 2:53 am","ts":1665523430,"status":200,"resp_time":0.35714}
{"time":"October 12, 3:16 am","ts":1665524819,"status":200,"resp_time":0.68256}
{"time":"October 12, 3:28 am","ts":1665525526,"status":200,"resp_time":0.799596}
{"time":"October 12, 4:01 am","ts":1665527460,"status":200,"resp_time":0.147605}
{"time":"October 12, 4:25 am","ts":1665528937,"status":200,"resp_time":0.147726}
{"time":"October 12, 4:57 am","ts":1665530837,"status":200,"resp_time":0.276367}
{"time":"October 12, 5:24 am","ts":1665532457,"status":200,"resp_time":0.2385}
{"time":"October 12, 7:40 am","ts":1665540611,"status":200,"resp_time":0.295215}
{"time":"October 12, 9:42 am","ts":1665547931,"status":200,"resp_time":0.189915}
{"time":"October 12, 10:54 am","ts":1665552285,"status":200,"resp_time":0.11485}
{"time":"October 12, 11:32 am","ts":1665554574,"status":200,"resp_time":0.248668}
{"time":"October 12, 12:19 pm","ts":1665557364,"status":200,"resp_time":0.192061}
{"time":"October 12, 12:46 pm","ts":1665559008,"status":200,"resp_time":0.178977}
{"time":"October 12, 1:15 pm","ts":1665560735,"status":200,"resp_time":0.151045}
{"time":"October 12, 1:29 pm","ts":1665561543,"status":200,"resp_time":0.166769}
{"time":"October 12, 2:06 pm","ts":1665563813,"status":200,"resp_time":0.224424}
{"time":"October 12, 2:30 pm","ts":1665565234,"status":200,"resp_time":0.173675}
{"time":"October 12, 3:07 pm","ts":1665567468,"status":200,"resp_time":0.114127}
{"time":"October 12, 3:28 pm","ts":1665568696,"status":200,"resp_time":0.199771}
{"time":"October 12, 4:03 pm","ts":1665570810,"status":200,"resp_time":0.208539}
{"time":"October 12, 4:27 pm","ts":1665572232,"status":200,"resp_time":0.249547}
{"time":"October 12, 4:55 pm","ts":1665573900,"status":200,"resp_time":0.11093}
{"time":"October 12, 5:13 pm","ts":1665575032,"status":200,"resp_time":0.244786}
{"time":"October 12, 5:26 pm","ts":1665575783,"status":200,"resp_time":0.241884}
{"time":"October 12, 6:19 pm","ts":1665578973,"status":200,"resp_time":0.295031}
{"time":"October 12, 7:13 pm","ts":1665582180,"status":200,"resp_time":0.410984}
{"time":"October 12, 7:58 pm","ts":1665584902,"status":200,"resp_time":0.108957}
{"time":"October 12, 8:28 pm","ts":1665586719,"status":200,"resp_time":0.267732}
{"time":"October 12, 9:05 pm","ts":1665588926,"status":200,"resp_time":0.238942}
{"time":"October 12, 9:31 pm","ts":1665590495,"status":200,"resp_time":0.343503}
{"time":"October 12, 10:30 pm","ts":1665594041,"status":200,"resp_time":0.261043}
{"time":"October 12, 11:22 pm","ts":1665597132,"status":200,"resp_time":0.323301}
{"time":"October 12, 11:59 pm","ts":1665599398,"status":200,"resp_time":0.243613}
{"time":"October 13, 12:31 am","ts":1665601275,"status":200,"resp_time":0.229501}
{"time":"October 13, 1:02 am","ts":1665603151,"status":200,"resp_time":0.678634}
{"time":"October 13, 1:20 am","ts":1665604245,"status":200,"resp_time":0.189739}
{"time":"October 13, 1:53 am","ts":1665606215,"status":200,"resp_time":0.212464}
{"time":"October 13, 2:19 am","ts":1665607759,"status":200,"resp_time":0.284835}
{"time":"October 13, 2:35 am","ts":1665608711,"status":200,"resp_time":0.253432}
{"time":"October 13, 3:02 am","ts":1665610329,"status":200,"resp_time":0.175036}
{"time":"October 13, 3:22 am","ts":1665611572,"status":200,"resp_time":0.078446}
{"time":"October 13, 3:50 am","ts":1665613240,"status":200,"resp_time":0.318489}
{"time":"October 13, 4:17 am","ts":1665614859,"status":200,"resp_time":0.289171}
{"time":"October 13, 4:29 am","ts":1665615558,"status":200,"resp_time":0.255874}
{"time":"October 13, 5:04 am","ts":1665617660,"status":200,"resp_time":0.112023}
{"time":"October 13, 5:26 am","ts":1665619003,"status":200,"resp_time":0.167723}
{"time":"October 13, 7:56 am","ts":1665628006,"status":200,"resp_time":0.3001}
{"time":"October 13, 9:57 am","ts":1665635231,"status":200,"resp_time":0.181864}
{"time":"October 13, 11:18 am","ts":1665640088,"status":200,"resp_time":0.133017}
{"time":"October 13, 12:00 pm","ts":1665642639,"status":200,"resp_time":0.090527}
{"time":"October 13, 12:50 pm","ts":1665645628,"status":200,"resp_time":0.199604}
{"time":"October 13, 1:23 pm","ts":1665647592,"status":200,"resp_time":0.523613}
{"time":"October 13, 1:57 pm","ts":1665649649,"status":200,"resp_time":0.222228}
{"time":"October 13, 2:26 pm","ts":1665651403,"status":200,"resp_time":0.259547}
{"time":"October 13, 2:58 pm","ts":1665653304,"status":200,"resp_time":0.566619}
{"time":"October 13, 3:22 pm","ts":1665654759,"status":200,"resp_time":0.203289}
{"time":"October 13, 3:53 pm","ts":1665656594,"status":200,"resp_time":0.064951}
{"time":"October 13, 4:20 pm","ts":1665658233,"status":200,"resp_time":0.084456}
{"time":"October 13, 4:48 pm","ts":1665659883,"status":200,"resp_time":0.240043}
{"time":"October 13, 5:08 pm","ts":1665661097,"status":200,"resp_time":0.193428}
{"time":"October 13, 5:21 pm","ts":1665661898,"status":200,"resp_time":0.136223}
{"time":"October 13, 6:14 pm","ts":1665665083,"status":200,"resp_time":0.285136}
{"time":"October 13, 7:14 pm","ts":1665668694,"status":200,"resp_time":0.342443}
{"time":"October 13, 7:46 pm","ts":1665670584,"status":200,"resp_time":0.273865}
{"time":"October 13, 8:16 pm","ts":1665672375,"status":200,"resp_time":0.100336}
{"time":"October 13, 8:30 pm","ts":1665673250,"status":200,"resp_time":0.254992}
{"time":"October 13, 9:07 pm","ts":1665675470,"status":200,"resp_time":0.07909}
{"time":"October 13, 9:29 pm","ts":1665676762,"status":200,"resp_time":0.165836}
{"time":"October 13, 10:17 pm","ts":1665679659,"status":200,"resp_time":0.4969}
{"time":"October 13, 10:57 pm","ts":1665682066,"status":200,"resp_time":0.633889}
{"time":"October 13, 11:33 pm","ts":1665684227,"status":200,"resp_time":0.187767}
{"time":"October 14, 12:17 am","ts":1665686840,"status":200,"resp_time":0.271557}
{"time":"October 14, 12:42 am","ts":1665688377,"status":200,"resp_time":0.307834}
{"time":"October 14, 1:08 am","ts":1665689930,"status":200,"resp_time":0.117567}
{"time":"October 14, 1:21 am","ts":1665690694,"status":200,"resp_time":0.990042}
{"time":"October 14, 1:53 am","ts":1665692585,"status":200,"resp_time":0.226851}
{"time":"October 14, 2:18 am","ts":1665694122,"status":200,"resp_time":0.384648}
{"time":"October 14, 2:30 am","ts":1665694833,"status":200,"resp_time":0.319731}
{"time":"October 14, 3:01 am","ts":1665696692,"status":200,"resp_time":0.319519}
{"time":"October 14, 3:21 am","ts":1665697902,"status":200,"resp_time":0.217818}
{"time":"October 14, 3:52 am","ts":1665699768,"status":200,"resp_time":0.204853}
{"time":"October 14, 4:19 am","ts":1665701356,"status":200,"resp_time":0.266618}
{"time":"October 14, 4:30 am","ts":1665702057,"status":200,"resp_time":0.203875}
{"time":"October 14, 5:09 am","ts":1665704396,"status":200,"resp_time":0.598487}
