{"time":"August 20, 4:59 pm","ts":1660994974,"status":200,"resp_time":0.129901}
{"time":"August 20, 5:10 pm","ts":1660995619,"status":200,"resp_time":0.233877}
{"time":"August 20, 5:25 pm","ts":1660996537,"status":200,"resp_time":0.225297}
{"time":"August 20, 6:01 pm","ts":1660998692,"status":200,"resp_time":0.142182}
{"time":"August 20, 6:36 pm","ts":1661000788,"status":200,"resp_time":0.188456}
{"time":"August 20, 7:05 pm","ts":1661002546,"status":200,"resp_time":0.114114}
{"time":"August 20, 7:18 pm","ts":1661003325,"status":200,"resp_time":0.238196}
{"time":"August 20, 7:29 pm","ts":1661003958,"status":200,"resp_time":0.227908}
{"time":"August 20, 7:51 pm","ts":1661005310,"status":200,"resp_time":0.258266}
{"time":"August 20, 8:08 pm","ts":1661006294,"status":200,"resp_time":0.214646}
{"time":"August 20, 8:18 pm","ts":1661006921,"status":200,"resp_time":0.167812}
{"time":"August 20, 8:28 pm","ts":1661007539,"status":200,"resp_time":0.134592}
{"time":"August 20, 8:55 pm","ts":1661009117,"status":200,"resp_time":0.274389}
{"time":"August 20, 9:11 pm","ts":1661010107,"status":200,"resp_time":0.264799}
{"time":"August 20, 9:25 pm","ts":1661010930,"status":200,"resp_time":0.25429}
{"time":"August 20, 9:53 pm","ts":1661012589,"status":200,"resp_time":0.250533}
{"time":"August 20, 10:23 pm","ts":1661014382,"status":200,"resp_time":0.20562}
{"time":"August 20, 10:47 pm","ts":1661015823,"status":200,"resp_time":0.188235}
{"time":"August 20, 11:04 pm","ts":1661016848,"status":200,"resp_time":0.201729}
{"time":"August 20, 11:15 pm","ts":1661017531,"status":200,"resp_time":0.215006}
{"time":"August 20, 11:25 pm","ts":1661018153,"status":200,"resp_time":0.227961}
{"time":"August 20, 11:52 pm","ts":1661019726,"status":200,"resp_time":0.313517}
{"time":"August 21, 12:14 am","ts":1661021084,"status":200,"resp_time":0.206062}
{"time":"August 21, 12:25 am","ts":1661021735,"status":200,"resp_time":0.109638}
{"time":"August 21, 12:44 am","ts":1661022848,"status":200,"resp_time":0.269351}
{"time":"August 21, 12:57 am","ts":1661023646,"status":200,"resp_time":0.309812}
{"time":"August 21, 1:08 am","ts":1661024324,"status":200,"resp_time":0.220949}
{"time":"August 21, 1:19 am","ts":1661024959,"status":200,"resp_time":0.155673}
{"time":"August 21, 1:29 am","ts":1661025579,"status":200,"resp_time":0.25473}
{"time":"August 21, 1:55 am","ts":1661027128,"status":200,"resp_time":0.102215}
{"time":"August 21, 2:10 am","ts":1661028039,"status":200,"resp_time":0.102226}
{"time":"August 21, 2:25 am","ts":1661028944,"status":200,"resp_time":0.186308}
{"time":"August 21, 2:46 am","ts":1661030201,"status":200,"resp_time":0.21001}
{"time":"August 21, 3:04 am","ts":1661031285,"status":200,"resp_time":0.157673}
{"time":"August 21, 3:20 am","ts":1661032231,"status":200,"resp_time":0.150608}
{"time":"August 21, 3:46 am","ts":1661033785,"status":200,"resp_time":0.171878}
{"time":"August 21, 4:04 am","ts":1661034860,"status":200,"resp_time":0.106752}
{"time":"August 21, 4:16 am","ts":1661035568,"status":200,"resp_time":0.197027}
{"time":"August 21, 4:26 am","ts":1661036191,"status":200,"resp_time":0.148116}
{"time":"August 21, 4:48 am","ts":1661037528,"status":200,"resp_time":0.171684}
{"time":"August 21, 5:03 am","ts":1661038431,"status":200,"resp_time":0.195486}
{"time":"August 21, 5:15 am","ts":1661039157,"status":200,"resp_time":0.161473}
{"time":"August 21, 5:26 am","ts":1661039775,"status":200,"resp_time":0.262735}
{"time":"August 21, 7:27 am","ts":1661047031,"status":200,"resp_time":0.155005}
{"time":"August 21, 9:13 am","ts":1661053429,"status":200,"resp_time":0.205703}
{"time":"August 21, 9:51 am","ts":1661055666,"status":200,"resp_time":0.212867}
{"time":"August 21, 10:23 am","ts":1661057625,"status":200,"resp_time":0.243892}
{"time":"August 21, 10:48 am","ts":1661059099,"status":200,"resp_time":0.266959}
{"time":"August 21, 11:05 am","ts":1661060103,"status":200,"resp_time":0.240804}
{"time":"August 21, 11:15 am","ts":1661060734,"status":200,"resp_time":0.224451}
{"time":"August 21, 11:25 am","ts":1661061358,"status":200,"resp_time":0.17069}
{"time":"August 21, 11:53 am","ts":1661062997,"status":200,"resp_time":0.279892}
{"time":"August 21, 12:16 pm","ts":1661064399,"status":200,"resp_time":0.212102}
{"time":"August 21, 12:27 pm","ts":1661065031,"status":200,"resp_time":0.124129}
{"time":"August 21, 12:49 pm","ts":1661066394,"status":200,"resp_time":0.116519}
{"time":"August 21, 1:02 pm","ts":1661067179,"status":200,"resp_time":0.149657}
{"time":"August 21, 1:15 pm","ts":1661067936,"status":200,"resp_time":0.082688}
{"time":"August 21, 1:26 pm","ts":1661068562,"status":200,"resp_time":0.09596}
{"time":"August 21, 1:53 pm","ts":1661070181,"status":200,"resp_time":0.134638}
{"time":"August 21, 2:14 pm","ts":1661071448,"status":200,"resp_time":0.174362}
{"time":"August 21, 2:25 pm","ts":1661072136,"status":200,"resp_time":0.383611}
{"time":"August 21, 2:46 pm","ts":1661073413,"status":200,"resp_time":0.163172}
{"time":"August 21, 3:03 pm","ts":1661074412,"status":200,"resp_time":0.159638}
{"time":"August 21, 3:16 pm","ts":1661075214,"status":200,"resp_time":0.159502}
{"time":"August 21, 3:27 pm","ts":1661075834,"status":200,"resp_time":0.271715}
{"time":"August 21, 3:53 pm","ts":1661077420,"status":200,"resp_time":0.153135}
{"time":"August 21, 4:11 pm","ts":1661078475,"status":200,"resp_time":0.254382}
{"time":"August 21, 4:25 pm","ts":1661079329,"status":200,"resp_time":0.167673}
{"time":"August 21, 4:44 pm","ts":1661080486,"status":200,"resp_time":0.121007}
{"time":"August 21, 4:59 pm","ts":1661081376,"status":200,"resp_time":0.075449}
{"time":"August 21, 5:10 pm","ts":1661082021,"status":200,"resp_time":0.142822}
{"time":"August 21, 5:25 pm","ts":1661082941,"status":200,"resp_time":0.210788}
{"time":"August 21, 6:01 pm","ts":1661085079,"status":200,"resp_time":0.207755}
{"time":"August 21, 6:36 pm","ts":1661087195,"status":200,"resp_time":0.304959}
{"time":"August 21, 7:06 pm","ts":1661088970,"status":200,"resp_time":0.160134}
{"time":"August 21, 7:19 pm","ts":1661089750,"status":200,"resp_time":0.127108}
{"time":"August 21, 7:29 pm","ts":1661090371,"status":200,"resp_time":0.274094}
{"time":"August 21, 7:51 pm","ts":1661091709,"status":200,"resp_time":0.150356}
{"time":"August 21, 8:08 pm","ts":1661092686,"status":200,"resp_time":0.245331}
{"time":"August 21, 8:18 pm","ts":1661093304,"status":200,"resp_time":0.225377}
{"time":"August 21, 8:28 pm","ts":1661093930,"status":200,"resp_time":0.089107}
{"time":"August 21, 8:54 pm","ts":1661095489,"status":200,"resp_time":0.275993}
{"time":"August 21, 9:11 pm","ts":1661096514,"status":200,"resp_time":0.113363}
{"time":"August 21, 9:25 pm","ts":1661097329,"status":200,"resp_time":0.260621}
{"time":"August 21, 9:54 pm","ts":1661099055,"status":200,"resp_time":0.660284}
{"time":"August 21, 10:23 pm","ts":1661100830,"status":200,"resp_time":0.121911}
{"time":"August 21, 10:47 pm","ts":1661102245,"status":200,"resp_time":0.231577}
{"time":"August 21, 11:04 pm","ts":1661103271,"status":200,"resp_time":0.228602}
{"time":"August 21, 11:15 pm","ts":1661103941,"status":200,"resp_time":0.139016}
{"time":"August 21, 11:26 pm","ts":1661104572,"status":200,"resp_time":0.13905}
{"time":"August 21, 11:53 pm","ts":1661106189,"status":200,"resp_time":0.1846}
{"time":"August 22, 12:14 am","ts":1661107496,"status":200,"resp_time":0.101544}
{"time":"August 22, 12:25 am","ts":1661108143,"status":200,"resp_time":0.198882}
