{"time":"July 30, 11:15 pm","ts":1659203134,"status":200,"resp_time":0.085824}
{"time":"July 30, 11:25 pm","ts":1659203755,"status":200,"resp_time":0.227799}
{"time":"July 30, 11:51 pm","ts":1659205282,"status":200,"resp_time":0.182202}
{"time":"July 31, 12:13 am","ts":1659206621,"status":200,"resp_time":0.161125}
{"time":"July 31, 12:25 am","ts":1659207343,"status":200,"resp_time":0.228425}
{"time":"July 31, 12:43 am","ts":1659208436,"status":200,"resp_time":0.234533}
{"time":"July 31, 12:56 am","ts":1659209213,"status":200,"resp_time":0.165926}
{"time":"July 31, 1:07 am","ts":1659209877,"status":200,"resp_time":0.154319}
{"time":"July 31, 1:18 am","ts":1659210497,"status":200,"resp_time":0.167442}
{"time":"July 31, 1:28 am","ts":1659211111,"status":200,"resp_time":0.139433}
{"time":"July 31, 1:53 am","ts":1659212623,"status":200,"resp_time":0.132898}
{"time":"July 31, 2:09 am","ts":1659213544,"status":200,"resp_time":0.238424}
{"time":"July 31, 2:19 am","ts":1659214155,"status":200,"resp_time":0.192382}
{"time":"July 31, 2:29 am","ts":1659214771,"status":200,"resp_time":0.266399}
{"time":"July 31, 2:50 am","ts":1659216054,"status":200,"resp_time":0.10329}
{"time":"July 31, 3:07 am","ts":1659217065,"status":200,"resp_time":0.152354}
{"time":"July 31, 3:18 am","ts":1659217686,"status":200,"resp_time":0.14979}
{"time":"July 31, 3:28 am","ts":1659218305,"status":200,"resp_time":0.200408}
{"time":"July 31, 3:52 am","ts":1659219725,"status":200,"resp_time":0.124512}
{"time":"July 31, 4:08 am","ts":1659220721,"status":200,"resp_time":0.209035}
{"time":"July 31, 4:19 am","ts":1659221347,"status":200,"resp_time":0.201587}
{"time":"July 31, 4:29 am","ts":1659221979,"status":200,"resp_time":0.213639}
{"time":"July 31, 4:53 am","ts":1659223397,"status":200,"resp_time":0.110635}
{"time":"July 31, 5:08 am","ts":1659224321,"status":200,"resp_time":0.197819}
{"time":"July 31, 5:18 am","ts":1659224935,"status":200,"resp_time":0.249383}
{"time":"July 31, 5:29 am","ts":1659225562,"status":200,"resp_time":0.272387}
{"time":"July 31, 8:06 am","ts":1659235007,"status":200,"resp_time":0.280353}
{"time":"July 31, 9:21 am","ts":1659239465,"status":200,"resp_time":0.284438}
{"time":"July 31, 10:03 am","ts":1659242004,"status":200,"resp_time":0.14425}
{"time":"July 31, 10:30 am","ts":1659243608,"status":200,"resp_time":0.290975}
{"time":"July 31, 10:54 am","ts":1659245080,"status":200,"resp_time":0.213603}
{"time":"July 31, 11:08 am","ts":1659245933,"status":200,"resp_time":0.174035}
{"time":"July 31, 11:19 am","ts":1659246546,"status":200,"resp_time":0.2168}
{"time":"July 31, 11:29 am","ts":1659247168,"status":200,"resp_time":0.230984}
{"time":"July 31, 11:59 am","ts":1659248949,"status":200,"resp_time":0.096408}
{"time":"July 31, 12:18 pm","ts":1659250107,"status":200,"resp_time":0.282648}
{"time":"July 31, 12:28 pm","ts":1659250727,"status":200,"resp_time":0.516751}
{"time":"July 31, 12:51 pm","ts":1659252099,"status":200,"resp_time":0.189551}
{"time":"July 31, 1:06 pm","ts":1659253013,"status":200,"resp_time":0.285933}
{"time":"July 31, 1:17 pm","ts":1659253641,"status":200,"resp_time":0.216324}
{"time":"July 31, 1:27 pm","ts":1659254270,"status":200,"resp_time":0.191388}
{"time":"July 31, 1:56 pm","ts":1659256013,"status":200,"resp_time":0.159695}
{"time":"July 31, 2:13 pm","ts":1659257030,"status":200,"resp_time":0.128156}
{"time":"July 31, 2:25 pm","ts":1659257740,"status":200,"resp_time":0.131557}
{"time":"July 31, 2:46 pm","ts":1659258983,"status":200,"resp_time":0.12777}
{"time":"July 31, 3:02 pm","ts":1659259944,"status":200,"resp_time":0.237053}
{"time":"July 31, 3:16 pm","ts":1659260763,"status":200,"resp_time":0.198992}
{"time":"July 31, 3:26 pm","ts":1659261385,"status":200,"resp_time":0.220442}
{"time":"July 31, 3:51 pm","ts":1659262865,"status":200,"resp_time":0.19563}
{"time":"July 31, 4:10 pm","ts":1659264037,"status":200,"resp_time":0.209927}
{"time":"July 31, 4:25 pm","ts":1659264936,"status":200,"resp_time":0.207228}
{"time":"July 31, 4:44 pm","ts":1659266082,"status":200,"resp_time":0.124452}
{"time":"July 31, 5:00 pm","ts":1659267037,"status":200,"resp_time":0.141605}
{"time":"July 31, 5:15 pm","ts":1659267933,"status":200,"resp_time":0.206051}
{"time":"July 31, 5:26 pm","ts":1659268561,"status":200,"resp_time":0.197266}
{"time":"July 31, 6:04 pm","ts":1659270867,"status":200,"resp_time":0.164436}
{"time":"July 31, 6:37 pm","ts":1659272824,"status":200,"resp_time":0.943139}
{"time":"July 31, 7:05 pm","ts":1659274528,"status":200,"resp_time":0.26708}
{"time":"July 31, 7:18 pm","ts":1659275288,"status":200,"resp_time":0.176901}
{"time":"July 31, 7:28 pm","ts":1659275903,"status":200,"resp_time":0.114105}
{"time":"July 31, 7:51 pm","ts":1659277268,"status":200,"resp_time":0.168793}
{"time":"July 31, 8:07 pm","ts":1659278246,"status":200,"resp_time":0.273835}
{"time":"July 31, 8:17 pm","ts":1659278879,"status":200,"resp_time":0.100212}
{"time":"July 31, 8:28 pm","ts":1659279510,"status":200,"resp_time":0.242876}
{"time":"July 31, 8:54 pm","ts":1659281061,"status":200,"resp_time":0.313891}
{"time":"July 31, 9:11 pm","ts":1659282077,"status":200,"resp_time":0.292167}
{"time":"July 31, 9:25 pm","ts":1659282941,"status":200,"resp_time":0.114476}
{"time":"July 31, 9:53 pm","ts":1659284606,"status":200,"resp_time":0.12814}
{"time":"July 31, 10:22 pm","ts":1659286334,"status":200,"resp_time":0.431678}
{"time":"July 31, 10:46 pm","ts":1659287776,"status":200,"resp_time":0.206502}
{"time":"July 31, 11:02 pm","ts":1659288762,"status":200,"resp_time":0.171199}
{"time":"July 31, 11:15 pm","ts":1659289531,"status":200,"resp_time":0.231897}
{"time":"July 31, 11:25 pm","ts":1659290151,"status":200,"resp_time":0.168535}
{"time":"July 31, 11:51 pm","ts":1659291669,"status":200,"resp_time":0.232775}
{"time":"August 1, 12:13 am","ts":1659293023,"status":200,"resp_time":0.18134}
{"time":"August 1, 12:25 am","ts":1659293729,"status":200,"resp_time":0.217182}
{"time":"August 1, 12:44 am","ts":1659294864,"status":200,"resp_time":0.151901}
{"time":"August 1, 12:57 am","ts":1659295639,"status":200,"resp_time":0.258108}
{"time":"August 1, 1:09 am","ts":1659296360,"status":200,"resp_time":0.160625}
{"time":"August 1, 1:19 am","ts":1659296976,"status":200,"resp_time":0.229622}
{"time":"August 1, 1:29 am","ts":1659297585,"status":200,"resp_time":0.107425}
{"time":"August 1, 1:55 am","ts":1659299119,"status":200,"resp_time":0.282194}
{"time":"August 1, 2:09 am","ts":1659299995,"status":200,"resp_time":0.129984}
{"time":"August 1, 2:20 am","ts":1659300612,"status":200,"resp_time":0.262463}
{"time":"August 1, 2:31 am","ts":1659301267,"status":200,"resp_time":0.202932}
{"time":"August 1, 2:54 am","ts":1659302678,"status":200,"resp_time":0.225287}
{"time":"August 1, 3:07 am","ts":1659303476,"status":200,"resp_time":0.219344}
{"time":"August 1, 3:18 am","ts":1659304095,"status":200,"resp_time":0.268172}
{"time":"August 1, 3:28 am","ts":1659304721,"status":200,"resp_time":0.095938}
{"time":"August 1, 3:52 am","ts":1659306156,"status":200,"resp_time":0.263395}
{"time":"August 1, 4:09 am","ts":1659307146,"status":200,"resp_time":0.100629}
{"time":"August 1, 4:19 am","ts":1659307772,"status":200,"resp_time":0.558431}
{"time":"August 1, 4:30 am","ts":1659308402,"status":200,"resp_time":0.329395}
{"time":"August 1, 4:54 am","ts":1659309881,"status":200,"resp_time":0.205638}
{"time":"August 1, 5:09 am","ts":1659310764,"status":200,"resp_time":0.092855}
{"time":"August 1, 5:19 am","ts":1659311381,"status":200,"resp_time":0.192744}
{"time":"August 1, 5:30 am","ts":1659312012,"status":200,"resp_time":0.129378}
{"time":"August 1, 8:09 am","ts":1659321599,"status":200,"resp_time":0.149561}
{"time":"August 1, 9:49 am","ts":1659327552,"status":200,"resp_time":0.156729}
