{"time":"August 13, 2:25 pm","ts":1660380931,"status":200,"resp_time":0.106599}
{"time":"August 13, 2:46 pm","ts":1660382182,"status":200,"resp_time":0.25133}
{"time":"August 13, 3:02 pm","ts":1660383147,"status":200,"resp_time":0.264532}
{"time":"August 13, 3:15 pm","ts":1660383940,"status":200,"resp_time":0.18721}
{"time":"August 13, 3:25 pm","ts":1660384557,"status":200,"resp_time":0.204923}
{"time":"August 13, 3:49 pm","ts":1660385996,"status":200,"resp_time":0.144608}
{"time":"August 13, 4:07 pm","ts":1660387054,"status":200,"resp_time":0.128474}
{"time":"August 13, 4:18 pm","ts":1660387736,"status":200,"resp_time":0.569245}
{"time":"August 13, 4:29 pm","ts":1660388354,"status":200,"resp_time":0.241119}
{"time":"August 13, 4:49 pm","ts":1660389595,"status":200,"resp_time":0.164478}
{"time":"August 13, 5:00 pm","ts":1660390246,"status":200,"resp_time":0.22314}
{"time":"August 13, 5:15 pm","ts":1660391139,"status":200,"resp_time":0.245211}
{"time":"August 13, 5:26 pm","ts":1660391770,"status":200,"resp_time":0.269992}
{"time":"August 13, 6:02 pm","ts":1660393970,"status":200,"resp_time":0.254749}
{"time":"August 13, 6:35 pm","ts":1660395934,"status":200,"resp_time":0.139327}
{"time":"August 13, 7:04 pm","ts":1660397675,"status":200,"resp_time":0.273088}
{"time":"August 13, 7:17 pm","ts":1660398473,"status":200,"resp_time":0.099284}
{"time":"August 13, 7:28 pm","ts":1660399092,"status":200,"resp_time":0.150582}
{"time":"August 13, 7:51 pm","ts":1660400471,"status":200,"resp_time":0.140522}
{"time":"August 13, 8:08 pm","ts":1660401482,"status":200,"resp_time":0.19232}
{"time":"August 13, 8:18 pm","ts":1660402096,"status":200,"resp_time":0.181736}
{"time":"August 13, 8:28 pm","ts":1660402718,"status":200,"resp_time":0.167915}
{"time":"August 13, 8:54 pm","ts":1660404282,"status":200,"resp_time":0.161457}
{"time":"August 13, 9:11 pm","ts":1660405277,"status":200,"resp_time":0.192813}
{"time":"August 13, 9:25 pm","ts":1660406130,"status":200,"resp_time":0.207221}
{"time":"August 13, 9:52 pm","ts":1660407765,"status":200,"resp_time":0.223126}
{"time":"August 13, 10:22 pm","ts":1660409539,"status":200,"resp_time":0.240067}
{"time":"August 13, 10:46 pm","ts":1660410988,"status":200,"resp_time":0.198017}
{"time":"August 13, 11:02 pm","ts":1660411978,"status":200,"resp_time":0.704016}
{"time":"August 13, 11:15 pm","ts":1660412734,"status":200,"resp_time":0.214827}
{"time":"August 13, 11:25 pm","ts":1660413354,"status":200,"resp_time":0.260121}
{"time":"August 13, 11:51 pm","ts":1660414903,"status":200,"resp_time":0.136563}
{"time":"August 14, 12:14 am","ts":1660416260,"status":200,"resp_time":0.11894}
{"time":"August 14, 12:25 am","ts":1660416937,"status":200,"resp_time":0.211929}
{"time":"August 14, 12:43 am","ts":1660418031,"status":200,"resp_time":0.133833}
{"time":"August 14, 12:56 am","ts":1660418819,"status":200,"resp_time":0.111053}
{"time":"August 14, 1:08 am","ts":1660419486,"status":200,"resp_time":0.176839}
{"time":"August 14, 1:18 am","ts":1660420110,"status":200,"resp_time":0.253252}
{"time":"August 14, 1:29 am","ts":1660420741,"status":200,"resp_time":0.215858}
{"time":"August 14, 1:54 am","ts":1660422292,"status":200,"resp_time":0.183045}
{"time":"August 14, 2:09 am","ts":1660423188,"status":200,"resp_time":0.205555}
{"time":"August 14, 2:20 am","ts":1660423803,"status":200,"resp_time":0.124859}
{"time":"August 14, 2:30 am","ts":1660424431,"status":200,"resp_time":0.251286}
{"time":"August 14, 2:54 am","ts":1660425890,"status":200,"resp_time":0.267027}
{"time":"August 14, 3:08 am","ts":1660426690,"status":200,"resp_time":0.22427}
{"time":"August 14, 3:18 am","ts":1660427309,"status":200,"resp_time":0.709794}
{"time":"August 14, 3:28 am","ts":1660427935,"status":200,"resp_time":0.254212}
{"time":"August 14, 3:53 am","ts":1660429422,"status":200,"resp_time":0.111171}
{"time":"August 14, 4:09 am","ts":1660430379,"status":200,"resp_time":0.214364}
{"time":"August 14, 4:19 am","ts":1660430996,"status":200,"resp_time":0.132629}
{"time":"August 14, 4:30 am","ts":1660431628,"status":200,"resp_time":0.190912}
{"time":"August 14, 4:56 am","ts":1660433204,"status":200,"resp_time":0.067442}
{"time":"August 14, 5:10 am","ts":1660434034,"status":200,"resp_time":0.253772}
{"time":"August 14, 5:25 am","ts":1660434946,"status":200,"resp_time":0.149638}
{"time":"August 14, 7:24 am","ts":1660442096,"status":200,"resp_time":0.187472}
{"time":"August 14, 9:04 am","ts":1660448095,"status":200,"resp_time":0.233739}
{"time":"August 14, 9:37 am","ts":1660450052,"status":200,"resp_time":0.266173}
{"time":"August 14, 10:12 am","ts":1660452174,"status":200,"resp_time":0.261201}
{"time":"August 14, 10:30 am","ts":1660453240,"status":200,"resp_time":0.185947}
{"time":"August 14, 10:56 am","ts":1660454777,"status":200,"resp_time":0.221691}
{"time":"August 14, 11:09 am","ts":1660455549,"status":200,"resp_time":0.672288}
{"time":"August 14, 11:19 am","ts":1660456171,"status":200,"resp_time":0.162992}
{"time":"August 14, 11:30 am","ts":1660456805,"status":200,"resp_time":0.261069}
{"time":"August 14, 12:00 pm","ts":1660458631,"status":200,"resp_time":0.100688}
{"time":"August 14, 12:22 pm","ts":1660459938,"status":200,"resp_time":0.170682}
{"time":"August 14, 12:45 pm","ts":1660461326,"status":200,"resp_time":0.247493}
{"time":"August 14, 1:00 pm","ts":1660462244,"status":200,"resp_time":0.138669}
{"time":"August 14, 1:15 pm","ts":1660463131,"status":200,"resp_time":0.168343}
{"time":"August 14, 1:26 pm","ts":1660463760,"status":200,"resp_time":0.239706}
{"time":"August 14, 1:51 pm","ts":1660465311,"status":200,"resp_time":0.269548}
{"time":"August 14, 2:12 pm","ts":1660466568,"status":200,"resp_time":0.256018}
{"time":"August 14, 2:25 pm","ts":1660467342,"status":200,"resp_time":0.204571}
{"time":"August 14, 2:47 pm","ts":1660468625,"status":200,"resp_time":0.118784}
{"time":"August 14, 3:03 pm","ts":1660469617,"status":200,"resp_time":0.14419}
{"time":"August 14, 3:16 pm","ts":1660470388,"status":200,"resp_time":0.157011}
{"time":"August 14, 3:26 pm","ts":1660471012,"status":200,"resp_time":0.275008}
{"time":"August 14, 3:52 pm","ts":1660472535,"status":200,"resp_time":0.405608}
{"time":"August 14, 4:10 pm","ts":1660473655,"status":200,"resp_time":0.271352}
{"time":"August 14, 4:25 pm","ts":1660474534,"status":200,"resp_time":0.115305}
{"time":"August 14, 4:44 pm","ts":1660475696,"status":200,"resp_time":0.187624}
{"time":"August 14, 4:59 pm","ts":1660476561,"status":200,"resp_time":0.143504}
{"time":"August 14, 5:10 pm","ts":1660477206,"status":200,"resp_time":0.173908}
{"time":"August 14, 5:20 pm","ts":1660477838,"status":200,"resp_time":0.811186}
{"time":"August 14, 6:00 pm","ts":1660480206,"status":200,"resp_time":0.151251}
{"time":"August 14, 6:34 pm","ts":1660482293,"status":200,"resp_time":0.242885}
{"time":"August 14, 7:06 pm","ts":1660484215,"status":200,"resp_time":0.246755}
{"time":"August 14, 7:19 pm","ts":1660484987,"status":200,"resp_time":0.188323}
{"time":"August 14, 7:30 pm","ts":1660485616,"status":200,"resp_time":0.204239}
{"time":"August 14, 7:55 pm","ts":1660487124,"status":200,"resp_time":0.456067}
{"time":"August 14, 8:08 pm","ts":1660487915,"status":200,"resp_time":0.233047}
{"time":"August 14, 8:18 pm","ts":1660488531,"status":200,"resp_time":0.243997}
{"time":"August 14, 8:29 pm","ts":1660489148,"status":200,"resp_time":0.134069}
{"time":"August 14, 8:55 pm","ts":1660490717,"status":200,"resp_time":0.404345}
{"time":"August 14, 9:11 pm","ts":1660491708,"status":200,"resp_time":0.427609}
{"time":"August 14, 9:25 pm","ts":1660492532,"status":200,"resp_time":0.211087}
{"time":"August 14, 9:53 pm","ts":1660494188,"status":200,"resp_time":0.24265}
