{"time":"September 1, 8:16 pm","ts":1662043604,"status":200,"resp_time":0.28472}
{"time":"September 1, 8:27 pm","ts":1662044226,"status":200,"resp_time":0.19258}
{"time":"September 1, 8:55 pm","ts":1662045941,"status":200,"resp_time":0.289297}
{"time":"September 1, 9:15 pm","ts":1662047140,"status":200,"resp_time":0.218634}
{"time":"September 1, 9:26 pm","ts":1662047798,"status":200,"resp_time":0.194621}
{"time":"September 1, 10:00 pm","ts":1662049833,"status":200,"resp_time":0.273111}
{"time":"September 1, 10:32 pm","ts":1662051766,"status":200,"resp_time":0.316345}
{"time":"September 1, 11:02 pm","ts":1662053562,"status":200,"resp_time":0.281954}
{"time":"September 1, 11:19 pm","ts":1662054565,"status":200,"resp_time":0.112322}
{"time":"September 1, 11:29 pm","ts":1662055185,"status":200,"resp_time":0.129488}
{"time":"September 2, 12:03 am","ts":1662057182,"status":200,"resp_time":0.165997}
{"time":"September 2, 12:24 am","ts":1662058476,"status":200,"resp_time":0.172649}
{"time":"September 2, 12:44 am","ts":1662059679,"status":200,"resp_time":0.214285}
{"time":"September 2, 12:58 am","ts":1662060515,"status":200,"resp_time":0.232211}
{"time":"September 2, 1:10 am","ts":1662061206,"status":200,"resp_time":0.425587}
{"time":"September 2, 1:20 am","ts":1662061825,"status":200,"resp_time":0.244577}
{"time":"September 2, 1:48 am","ts":1662063532,"status":200,"resp_time":0.241176}
{"time":"September 2, 2:07 am","ts":1662064636,"status":200,"resp_time":0.164771}
{"time":"September 2, 2:19 am","ts":1662065397,"status":200,"resp_time":0.197802}
{"time":"September 2, 2:30 am","ts":1662066017,"status":200,"resp_time":0.199738}
{"time":"September 2, 2:57 am","ts":1662067635,"status":200,"resp_time":0.11713}
{"time":"September 2, 3:12 am","ts":1662068575,"status":200,"resp_time":0.32423}
{"time":"September 2, 3:25 am","ts":1662069338,"status":200,"resp_time":0.25291}
{"time":"September 2, 3:48 am","ts":1662070719,"status":200,"resp_time":0.091982}
{"time":"September 2, 4:06 am","ts":1662071804,"status":200,"resp_time":0.103787}
{"time":"September 2, 4:17 am","ts":1662072466,"status":200,"resp_time":0.204208}
{"time":"September 2, 4:28 am","ts":1662073096,"status":200,"resp_time":0.290234}
{"time":"September 2, 4:56 am","ts":1662074799,"status":200,"resp_time":0.214964}
{"time":"September 2, 5:15 am","ts":1662075902,"status":200,"resp_time":0.316134}
{"time":"September 2, 5:25 am","ts":1662076542,"status":200,"resp_time":0.679137}
{"time":"September 2, 7:31 am","ts":1662084093,"status":200,"resp_time":0.224134}
{"time":"September 2, 9:51 am","ts":1662092491,"status":200,"resp_time":0.202107}
{"time":"September 2, 11:19 am","ts":1662097774,"status":200,"resp_time":0.224991}
{"time":"September 2, 11:58 am","ts":1662100123,"status":200,"resp_time":0.177753}
{"time":"September 2, 12:35 pm","ts":1662102311,"status":200,"resp_time":0.155679}
{"time":"September 2, 1:02 pm","ts":1662103941,"status":200,"resp_time":0.33242}
{"time":"September 2, 1:17 pm","ts":1662104869,"status":200,"resp_time":0.103908}
{"time":"September 2, 1:28 pm","ts":1662105482,"status":200,"resp_time":0.08419}
{"time":"September 2, 2:01 pm","ts":1662107470,"status":200,"resp_time":0.836065}
{"time":"September 2, 2:23 pm","ts":1662108802,"status":200,"resp_time":0.839493}
{"time":"September 2, 2:47 pm","ts":1662110235,"status":200,"resp_time":0.074362}
{"time":"September 2, 3:05 pm","ts":1662111353,"status":200,"resp_time":0.220064}
{"time":"September 2, 3:18 pm","ts":1662112101,"status":200,"resp_time":0.166425}
{"time":"September 2, 3:28 pm","ts":1662112728,"status":200,"resp_time":0.340094}
{"time":"September 2, 3:58 pm","ts":1662114490,"status":200,"resp_time":0.11836}
{"time":"September 2, 4:15 pm","ts":1662115557,"status":200,"resp_time":0.171104}
{"time":"September 2, 4:26 pm","ts":1662116167,"status":200,"resp_time":0.141735}
{"time":"September 2, 4:47 pm","ts":1662117475,"status":200,"resp_time":0.220471}
{"time":"September 2, 5:02 pm","ts":1662118376,"status":200,"resp_time":0.093307}
{"time":"September 2, 5:15 pm","ts":1662119133,"status":200,"resp_time":0.076496}
{"time":"September 2, 5:25 pm","ts":1662119745,"status":200,"resp_time":0.160702}
{"time":"September 2, 6:07 pm","ts":1662122237,"status":200,"resp_time":0.223154}
{"time":"September 2, 6:55 pm","ts":1662125121,"status":200,"resp_time":0.30217}
{"time":"September 2, 7:24 pm","ts":1662126863,"status":200,"resp_time":0.191412}
{"time":"September 2, 7:45 pm","ts":1662128146,"status":200,"resp_time":0.240198}
{"time":"September 2, 8:02 pm","ts":1662129137,"status":200,"resp_time":0.162001}
{"time":"September 2, 8:15 pm","ts":1662129955,"status":200,"resp_time":0.338499}
{"time":"September 2, 8:26 pm","ts":1662130571,"status":200,"resp_time":0.174339}
{"time":"September 2, 8:51 pm","ts":1662132071,"status":200,"resp_time":0.182809}
{"time":"September 2, 9:13 pm","ts":1662133425,"status":200,"resp_time":0.096458}
{"time":"September 2, 9:25 pm","ts":1662134131,"status":200,"resp_time":0.144189}
{"time":"September 2, 9:55 pm","ts":1662135951,"status":200,"resp_time":1.902221}
{"time":"September 2, 10:29 pm","ts":1662137950,"status":200,"resp_time":0.190076}
{"time":"September 2, 10:57 pm","ts":1662139664,"status":200,"resp_time":0.239275}
{"time":"September 2, 11:14 pm","ts":1662140697,"status":200,"resp_time":0.162505}
{"time":"September 2, 11:25 pm","ts":1662141334,"status":200,"resp_time":0.207137}
{"time":"September 2, 11:53 pm","ts":1662143008,"status":200,"resp_time":0.337697}
{"time":"September 3, 12:17 am","ts":1662144467,"status":200,"resp_time":0.134599}
{"time":"September 3, 12:28 am","ts":1662145108,"status":200,"resp_time":0.32627}
{"time":"September 3, 12:48 am","ts":1662146333,"status":200,"resp_time":0.226911}
{"time":"September 3, 12:59 am","ts":1662146967,"status":200,"resp_time":0.184146}
{"time":"September 3, 1:10 am","ts":1662147610,"status":200,"resp_time":0.193681}
{"time":"September 3, 1:20 am","ts":1662148241,"status":200,"resp_time":0.131991}
{"time":"September 3, 1:48 am","ts":1662149930,"status":200,"resp_time":0.271105}
{"time":"September 3, 2:07 am","ts":1662151036,"status":200,"resp_time":0.290466}
{"time":"September 3, 2:19 am","ts":1662151762,"status":200,"resp_time":0.233261}
{"time":"September 3, 2:29 am","ts":1662152382,"status":200,"resp_time":0.307531}
{"time":"September 3, 2:50 am","ts":1662153658,"status":200,"resp_time":0.213938}
{"time":"September 3, 3:09 am","ts":1662154767,"status":200,"resp_time":0.186131}
{"time":"September 3, 3:30 am","ts":1662156025,"status":200,"resp_time":0.266787}
{"time":"September 3, 3:59 am","ts":1662157743,"status":200,"resp_time":0.21474}
{"time":"September 3, 4:15 am","ts":1662158703,"status":200,"resp_time":0.08734}
{"time":"September 3, 4:25 am","ts":1662159334,"status":200,"resp_time":0.176734}
{"time":"September 3, 4:48 am","ts":1662160715,"status":200,"resp_time":0.148438}
{"time":"September 3, 5:07 am","ts":1662161841,"status":200,"resp_time":0.225313}
{"time":"September 3, 5:20 am","ts":1662162657,"status":200,"resp_time":0.148873}
{"time":"September 3, 7:26 am","ts":1662170201,"status":200,"resp_time":0.289692}
{"time":"September 3, 9:34 am","ts":1662177897,"status":200,"resp_time":0.258777}
{"time":"September 3, 10:36 am","ts":1662181585,"status":200,"resp_time":0.402852}
{"time":"September 3, 11:09 am","ts":1662183598,"status":200,"resp_time":0.304663}
{"time":"September 3, 11:24 am","ts":1662184454,"status":200,"resp_time":0.092151}
{"time":"September 3, 11:51 am","ts":1662186074,"status":200,"resp_time":0.175858}
{"time":"September 3, 12:17 pm","ts":1662187637,"status":200,"resp_time":0.134532}
{"time":"September 3, 12:27 pm","ts":1662188277,"status":200,"resp_time":0.091048}
{"time":"September 3, 12:52 pm","ts":1662189729,"status":200,"resp_time":0.22534}
{"time":"September 3, 1:08 pm","ts":1662190702,"status":200,"resp_time":0.144584}
{"time":"September 3, 1:18 pm","ts":1662191319,"status":200,"resp_time":0.272187}
{"time":"September 3, 1:29 pm",