{"time":"August 15, 3:25 pm","ts":1660557338,"status":200,"resp_time":0.243058}
{"time":"August 15, 3:50 pm","ts":1660558858,"status":200,"resp_time":0.280943}
{"time":"August 15, 4:13 pm","ts":1660560205,"status":200,"resp_time":0.148592}
{"time":"August 15, 4:25 pm","ts":1660560929,"status":200,"resp_time":0.188559}
{"time":"August 15, 4:44 pm","ts":1660562098,"status":200,"resp_time":0.189025}
{"time":"August 15, 5:00 pm","ts":1660563011,"status":200,"resp_time":0.076233}
{"time":"August 15, 5:11 pm","ts":1660563672,"status":200,"resp_time":0.193042}
{"time":"August 15, 5:25 pm","ts":1660564537,"status":200,"resp_time":0.204325}
{"time":"August 15, 6:07 pm","ts":1660567034,"status":200,"resp_time":0.2378}
{"time":"August 15, 6:56 pm","ts":1660569976,"status":200,"resp_time":0.666238}
{"time":"August 15, 7:28 pm","ts":1660571888,"status":200,"resp_time":0.215765}
{"time":"August 15, 7:55 pm","ts":1660573548,"status":200,"resp_time":0.237277}
{"time":"August 15, 8:11 pm","ts":1660574499,"status":200,"resp_time":0.151966}
{"time":"August 15, 8:25 pm","ts":1660575341,"status":200,"resp_time":0.197412}
{"time":"August 15, 8:50 pm","ts":1660576856,"status":200,"resp_time":0.195806}
{"time":"August 15, 9:14 pm","ts":1660578287,"status":200,"resp_time":0.229745}
{"time":"August 15, 9:25 pm","ts":1660578945,"status":200,"resp_time":0.24297}
{"time":"August 15, 9:57 pm","ts":1660580821,"status":200,"resp_time":0.206675}
{"time":"August 15, 10:32 pm","ts":1660582926,"status":200,"resp_time":0.164679}
{"time":"August 15, 11:03 pm","ts":1660584828,"status":200,"resp_time":0.279043}
{"time":"August 15, 11:19 pm","ts":1660585773,"status":200,"resp_time":0.118921}
{"time":"August 15, 11:29 pm","ts":1660586387,"status":200,"resp_time":0.291455}
{"time":"August 16, 12:02 am","ts":1660588345,"status":200,"resp_time":0.271047}
{"time":"August 16, 12:23 am","ts":1660589638,"status":200,"resp_time":0.173438}
{"time":"August 16, 12:43 am","ts":1660590824,"status":200,"resp_time":0.314245}
{"time":"August 16, 12:58 am","ts":1660591688,"status":200,"resp_time":0.259448}
{"time":"August 16, 1:09 am","ts":1660592370,"status":200,"resp_time":0.263679}
{"time":"August 16, 1:19 am","ts":1660592991,"status":200,"resp_time":0.220383}
{"time":"August 16, 1:30 am","ts":1660593611,"status":200,"resp_time":0.325272}
{"time":"August 16, 1:56 am","ts":1660595183,"status":200,"resp_time":0.20822}
{"time":"August 16, 2:11 am","ts":1660596113,"status":200,"resp_time":0.091976}
{"time":"August 16, 2:25 am","ts":1660596943,"status":200,"resp_time":0.273243}
{"time":"August 16, 2:46 am","ts":1660598178,"status":200,"resp_time":0.282343}
{"time":"August 16, 3:03 am","ts":1660599199,"status":200,"resp_time":0.163373}
{"time":"August 16, 3:16 am","ts":1660599973,"status":200,"resp_time":0.332452}
{"time":"August 16, 3:26 am","ts":1660600593,"status":200,"resp_time":0.160157}
{"time":"August 16, 3:51 am","ts":1660602109,"status":200,"resp_time":0.131456}
{"time":"August 16, 4:11 am","ts":1660603280,"status":200,"resp_time":0.113291}
{"time":"August 16, 4:25 am","ts":1660604143,"status":200,"resp_time":0.109659}
{"time":"August 16, 4:48 am","ts":1660605515,"status":200,"resp_time":0.1447}
{"time":"August 16, 5:05 am","ts":1660606543,"status":200,"resp_time":0.167956}
{"time":"August 16, 5:17 am","ts":1660607230,"status":200,"resp_time":0.190295}
{"time":"August 16, 5:27 am","ts":1660607864,"status":200,"resp_time":0.204223}
{"time":"August 16, 7:52 am","ts":1660616574,"status":200,"resp_time":0.159707}
{"time":"August 16, 9:23 am","ts":1660622000,"status":200,"resp_time":0.232542}
{"time":"August 16, 10:10 am","ts":1660624828,"status":200,"resp_time":0.151607}
{"time":"August 16, 10:39 am","ts":1660626551,"status":200,"resp_time":0.118057}
{"time":"August 16, 10:58 am","ts":1660627722,"status":200,"resp_time":0.158281}
{"time":"August 16, 11:09 am","ts":1660628352,"status":200,"resp_time":0.269515}
{"time":"August 16, 11:19 am","ts":1660628973,"status":200,"resp_time":0.12233}
{"time":"August 16, 11:29 am","ts":1660629592,"status":200,"resp_time":0.202502}
{"time":"August 16, 12:01 pm","ts":1660631489,"status":200,"resp_time":0.280551}
{"time":"August 16, 12:22 pm","ts":1660632749,"status":200,"resp_time":0.118363}
{"time":"August 16, 12:43 pm","ts":1660634008,"status":200,"resp_time":0.258464}
{"time":"August 16, 12:57 pm","ts":1660634823,"status":200,"resp_time":0.270587}
{"time":"August 16, 1:07 pm","ts":1660635459,"status":200,"resp_time":0.078204}
{"time":"August 16, 1:18 pm","ts":1660636086,"status":200,"resp_time":0.153525}
{"time":"August 16, 1:28 pm","ts":1660636707,"status":200,"resp_time":0.135491}
{"time":"August 16, 1:55 pm","ts":1660638357,"status":200,"resp_time":0.16135}
{"time":"August 16, 2:10 pm","ts":1660639221,"status":200,"resp_time":0.221923}
{"time":"August 16, 2:25 pm","ts":1660640143,"status":200,"resp_time":0.222364}
{"time":"August 16, 2:45 pm","ts":1660641332,"status":200,"resp_time":0.108852}
{"time":"August 16, 2:59 pm","ts":1660642144,"status":200,"resp_time":0.082693}
{"time":"August 16, 3:09 pm","ts":1660642762,"status":200,"resp_time":0.17384}
{"time":"August 16, 3:19 pm","ts":1660643382,"status":200,"resp_time":0.174401}
{"time":"August 16, 3:30 pm","ts":1660644002,"status":200,"resp_time":0.233746}
{"time":"August 16, 3:57 pm","ts":1660645628,"status":200,"resp_time":0.219232}
{"time":"August 16, 4:11 pm","ts":1660646474,"status":200,"resp_time":0.167694}
{"time":"August 16, 4:25 pm","ts":1660647337,"status":200,"resp_time":0.21016}
{"time":"August 16, 4:43 pm","ts":1660648431,"status":200,"resp_time":0.166483}
{"time":"August 16, 4:56 pm","ts":1660649196,"status":200,"resp_time":0.093186}
{"time":"August 16, 5:07 pm","ts":1660649865,"status":200,"resp_time":0.220491}
{"time":"August 16, 5:18 pm","ts":1660650492,"status":200,"resp_time":0.216031}
{"time":"August 16, 5:28 pm","ts":1660651119,"status":200,"resp_time":0.286653}
{"time":"August 16, 6:15 pm","ts":1660653935,"status":200,"resp_time":0.198449}
{"time":"August 16, 6:49 pm","ts":1660655983,"status":200,"resp_time":0.251156}
{"time":"August 16, 7:11 pm","ts":1660657295,"status":200,"resp_time":0.205436}
{"time":"August 16, 7:25 pm","ts":1660658132,"status":200,"resp_time":0.161499}
{"time":"August 16, 7:46 pm","ts":1660659411,"status":200,"resp_time":0.225159}
{"time":"August 16, 8:02 pm","ts":1660660334,"status":200,"resp_time":0.08848}
{"time":"August 16, 8:15 pm","ts":1660661132,"status":200,"resp_time":0.247639}
{"time":"August 16, 8:25 pm","ts":1660661758,"status":200,"resp_time":0.271719}
{"time":"August 16, 8:50 pm","ts":1660663227,"status":200,"resp_time":0.174104}
{"time":"August 16, 9:15 pm","ts":1660664721,"status":200,"resp_time":0.106808}
{"time":"August 16, 9:27 pm","ts":1660665436,"status":200,"resp_time":0.259779}
{"time":"August 16, 10:02 pm","ts":1660667552,"status":200,"resp_time":0.321149}
{"time":"August 16, 10:30 pm","ts":1660669256,"status":200,"resp_time":0.154729}
{"time":"August 16, 11:02 pm","ts":1660671122,"status":200,"resp_time":0.125235}
{"time":"August 16, 11:18 pm","ts":1660672124,"status":200,"resp_time":0.245252}
{"time":"August 16, 11:29 pm","ts":1660672741,"status":200,"resp_time":0.224533}
{"time":"August 17, 12:03 am","ts":1660674816,"status":200,"resp_time":0.181707}
