{"time":"August 3, 12:16 am","ts":1659465968,"status":200,"resp_time":0.184644}
{"time":"August 3, 12:26 am","ts":1659466600,"status":200,"resp_time":0.201549}
{"time":"August 3, 12:46 am","ts":1659467781,"status":200,"resp_time":0.235422}
{"time":"August 3, 12:57 am","ts":1659468475,"status":200,"resp_time":0.199714}
{"time":"August 3, 1:09 am","ts":1659469146,"status":200,"resp_time":0.195729}
{"time":"August 3, 1:19 am","ts":1659469765,"status":200,"resp_time":0.087039}
{"time":"August 3, 1:29 am","ts":1659470387,"status":200,"resp_time":0.249975}
{"time":"August 3, 1:56 am","ts":1659472007,"status":200,"resp_time":0.243326}
{"time":"August 3, 2:12 am","ts":1659472972,"status":200,"resp_time":0.186846}
{"time":"August 3, 2:25 am","ts":1659473747,"status":200,"resp_time":0.144859}
{"time":"August 3, 2:46 am","ts":1659474978,"status":200,"resp_time":0.187249}
{"time":"August 3, 3:01 am","ts":1659475901,"status":200,"resp_time":0.263301}
{"time":"August 3, 3:15 am","ts":1659476730,"status":200,"resp_time":0.235932}
{"time":"August 3, 3:25 am","ts":1659477349,"status":200,"resp_time":0.344669}
{"time":"August 3, 3:49 am","ts":1659478786,"status":200,"resp_time":0.096392}
{"time":"August 3, 4:08 am","ts":1659479899,"status":200,"resp_time":0.224548}
{"time":"August 3, 4:20 am","ts":1659480634,"status":200,"resp_time":0.255296}
{"time":"August 3, 4:47 am","ts":1659482244,"status":200,"resp_time":0.180359}
{"time":"August 3, 5:05 am","ts":1659483325,"status":200,"resp_time":0.268859}
{"time":"August 3, 5:16 am","ts":1659484004,"status":200,"resp_time":0.318899}
{"time":"August 3, 5:27 am","ts":1659484625,"status":200,"resp_time":0.193222}
{"time":"August 3, 7:40 am","ts":1659492630,"status":200,"resp_time":0.262697}
{"time":"August 3, 9:31 am","ts":1659499292,"status":200,"resp_time":0.279664}
{"time":"August 3, 10:45 am","ts":1659503738,"status":200,"resp_time":0.24914}
{"time":"August 3, 11:20 am","ts":1659505821,"status":200,"resp_time":0.178487}
{"time":"August 3, 11:50 am","ts":1659507654,"status":200,"resp_time":0.110226}
{"time":"August 3, 12:17 pm","ts":1659509223,"status":200,"resp_time":0.159942}
{"time":"August 3, 12:27 pm","ts":1659509845,"status":200,"resp_time":0.206907}
{"time":"August 3, 12:50 pm","ts":1659511234,"status":200,"resp_time":0.148804}
{"time":"August 3, 1:08 pm","ts":1659512282,"status":200,"resp_time":0.181612}
{"time":"August 3, 1:18 pm","ts":1659512895,"status":200,"resp_time":0.149566}
{"time":"August 3, 1:28 pm","ts":1659513514,"status":200,"resp_time":0.088659}
{"time":"August 3, 2:03 pm","ts":1659515616,"status":200,"resp_time":0.238788}
{"time":"August 3, 2:23 pm","ts":1659516817,"status":200,"resp_time":0.218159}
{"time":"August 3, 2:46 pm","ts":1659518174,"status":200,"resp_time":0.166303}
{"time":"August 3, 3:08 pm","ts":1659519520,"status":200,"resp_time":0.278968}
{"time":"August 3, 3:17 pm","ts":1659520033,"status":200,"resp_time":0.202113}
{"time":"August 3, 3:27 pm","ts":1659520654,"status":200,"resp_time":0.208178}
{"time":"August 3, 3:56 pm","ts":1659522385,"status":200,"resp_time":0.145832}
{"time":"August 3, 4:12 pm","ts":1659523334,"status":200,"resp_time":0.238796}
{"time":"August 3, 4:25 pm","ts":1659524139,"status":200,"resp_time":0.18059}
{"time":"August 3, 4:45 pm","ts":1659525337,"status":200,"resp_time":0.263981}
{"time":"August 3, 5:00 pm","ts":1659526225,"status":200,"resp_time":0.145227}
{"time":"August 3, 5:15 pm","ts":1659527131,"status":200,"resp_time":0.13628}
{"time":"August 3, 5:26 pm","ts":1659527766,"status":200,"resp_time":0.218702}
{"time":"August 3, 6:09 pm","ts":1659530368,"status":200,"resp_time":0.172564}
{"time":"August 3, 6:55 pm","ts":1659533142,"status":200,"resp_time":0.180614}
{"time":"August 3, 7:26 pm","ts":1659534960,"status":200,"resp_time":0.107291}
{"time":"August 3, 7:46 pm","ts":1659536202,"status":200,"resp_time":0.256597}
{"time":"August 3, 8:01 pm","ts":1659537103,"status":200,"resp_time":0.207872}
{"time":"August 3, 8:15 pm","ts":1659537932,"status":200,"resp_time":0.231258}
{"time":"August 3, 8:25 pm","ts":1659538547,"status":200,"resp_time":0.208335}
{"time":"August 3, 8:51 pm","ts":1659540114,"status":200,"resp_time":0.207957}
{"time":"August 3, 9:16 pm","ts":1659541594,"status":200,"resp_time":0.245749}
{"time":"August 3, 9:27 pm","ts":1659542226,"status":200,"resp_time":0.634101}
{"time":"August 3, 10:01 pm","ts":1659544285,"status":200,"resp_time":0.25769}
{"time":"August 3, 10:30 pm","ts":1659546008,"status":200,"resp_time":0.270768}
{"time":"August 3, 10:55 pm","ts":1659547547,"status":200,"resp_time":0.206521}
{"time":"August 3, 11:11 pm","ts":1659548483,"status":200,"resp_time":0.200416}
{"time":"August 3, 11:25 pm","ts":1659549343,"status":200,"resp_time":0.703996}
{"time":"August 3, 11:52 pm","ts":1659550975,"status":200,"resp_time":0.182966}
{"time":"August 4, 12:16 am","ts":1659552389,"status":200,"resp_time":0.198268}
{"time":"August 4, 12:27 am","ts":1659553024,"status":200,"resp_time":0.207654}
{"time":"August 4, 12:47 am","ts":1659554238,"status":200,"resp_time":0.297773}
{"time":"August 4, 12:58 am","ts":1659554913,"status":200,"resp_time":0.267378}
{"time":"August 4, 1:09 am","ts":1659555575,"status":200,"resp_time":0.198584}
{"time":"August 4, 1:20 am","ts":1659556209,"status":200,"resp_time":0.301951}
{"time":"August 4, 1:32 am","ts":1659556931,"status":200,"resp_time":0.226172}
{"time":"August 4, 1:59 am","ts":1659558556,"status":200,"resp_time":0.305916}
{"time":"August 4, 2:14 am","ts":1659559456,"status":200,"resp_time":0.177721}
{"time":"August 4, 2:25 am","ts":1659560141,"status":200,"resp_time":0.159038}
{"time":"August 4, 2:46 am","ts":1659561410,"status":200,"resp_time":0.221903}
{"time":"August 4, 3:02 am","ts":1659562374,"status":200,"resp_time":0.222429}
{"time":"August 4, 3:15 am","ts":1659563149,"status":200,"resp_time":0.0911}
{"time":"August 4, 3:26 am","ts":1659563767,"status":200,"resp_time":0.260842}
{"time":"August 4, 3:49 am","ts":1659565147,"status":200,"resp_time":0.270333}
{"time":"August 4, 4:07 am","ts":1659566254,"status":200,"resp_time":0.287214}
{"time":"August 4, 4:18 am","ts":1659566918,"status":200,"resp_time":0.173029}
{"time":"August 4, 4:29 am","ts":1659567547,"status":200,"resp_time":0.115938}
{"time":"August 4, 4:55 am","ts":1659569117,"status":200,"resp_time":0.161359}
{"time":"August 4, 5:10 am","ts":1659570015,"status":200,"resp_time":0.123759}
{"time":"August 4, 5:20 am","ts":1659570637,"status":200,"resp_time":0.208656}
{"time":"August 4, 7:13 am","ts":1659577424,"status":200,"resp_time":0.151746}
{"time":"August 4, 8:48 am","ts":1659583122,"status":200,"resp_time":0.205324}
{"time":"August 4, 9:39 am","ts":1659586170,"status":200,"resp_time":0.163132}
{"time":"August 4, 10:32 am","ts":1659589327,"status":200,"resp_time":0.27465}
{"time":"August 4, 11:06 am","ts":1659591416,"status":200,"resp_time":0.146394}
{"time":"August 4, 11:20 am","ts":1659592251,"status":200,"resp_time":0.105894}
{"time":"August 4, 11:54 am","ts":1659594283,"status":200,"resp_time":0.210489}
{"time":"August 4, 12:19 pm","ts":1659595786,"status":200,"resp_time":0.272661}
{"time":"August 4, 12:30 pm","ts":1659596408,"status":200,"resp_time":0.230375}
{"time":"August 4, 12:53 pm","ts":1659597796,"status":200,"resp_time":0.196867}
