{"time":"September 6, 12:58 am","ts":1662406094,"status":200,"resp_time":0.311864}
{"time":"September 6, 1:09 am","ts":1662406774,"status":200,"resp_time":0.254961}
{"time":"September 6, 1:20 am","ts":1662407405,"status":200,"resp_time":0.101325}
{"time":"September 6, 1:30 am","ts":1662408032,"status":200,"resp_time":0.147694}
{"time":"September 6, 1:59 am","ts":1662409797,"status":200,"resp_time":0.111552}
{"time":"September 6, 2:15 am","ts":1662410744,"status":200,"resp_time":0.283346}
{"time":"September 6, 2:26 am","ts":1662411360,"status":200,"resp_time":0.134722}
{"time":"September 6, 2:47 am","ts":1662412656,"status":200,"resp_time":0.287604}
{"time":"September 6, 3:04 am","ts":1662413647,"status":200,"resp_time":0.212356}
{"time":"September 6, 3:16 am","ts":1662414416,"status":200,"resp_time":0.195289}
{"time":"September 6, 3:27 am","ts":1662415040,"status":200,"resp_time":0.359506}
{"time":"September 6, 3:53 am","ts":1662416631,"status":200,"resp_time":0.221557}
{"time":"September 6, 4:12 am","ts":1662417723,"status":200,"resp_time":0.210115}
{"time":"September 6, 4:25 am","ts":1662418537,"status":200,"resp_time":0.126485}
{"time":"September 6, 4:50 am","ts":1662420033,"status":200,"resp_time":0.102877}
{"time":"September 6, 5:15 am","ts":1662421502,"status":200,"resp_time":0.284838}
{"time":"September 6, 5:26 am","ts":1662422194,"status":200,"resp_time":0.317264}
{"time":"September 6, 7:58 am","ts":1662431330,"status":200,"resp_time":0.240368}
{"time":"September 6, 10:03 am","ts":1662438783,"status":200,"resp_time":0.164225}
{"time":"September 6, 11:34 am","ts":1662444269,"status":200,"resp_time":0.162764}
{"time":"September 6, 12:37 pm","ts":1662448047,"status":200,"resp_time":0.163007}
{"time":"September 6, 1:16 pm","ts":1662450390,"status":200,"resp_time":0.227106}
{"time":"September 6, 1:30 pm","ts":1662451219,"status":200,"resp_time":0.191575}
{"time":"September 6, 2:07 pm","ts":1662453425,"status":200,"resp_time":0.133846}
{"time":"September 6, 2:26 pm","ts":1662454587,"status":200,"resp_time":0.298639}
{"time":"September 6, 2:51 pm","ts":1662456062,"status":200,"resp_time":0.255239}
{"time":"September 6, 3:12 pm","ts":1662457323,"status":200,"resp_time":0.239204}
{"time":"September 6, 3:25 pm","ts":1662458136,"status":200,"resp_time":0.185721}
{"time":"September 6, 3:51 pm","ts":1662459706,"status":200,"resp_time":0.179855}
{"time":"September 6, 4:14 pm","ts":1662461064,"status":200,"resp_time":0.156587}
{"time":"September 6, 4:25 pm","ts":1662461736,"status":200,"resp_time":0.452784}
{"time":"September 6, 4:46 pm","ts":1662462993,"status":200,"resp_time":0.162193}
{"time":"September 6, 5:02 pm","ts":1662463926,"status":200,"resp_time":0.424406}
{"time":"September 6, 5:15 pm","ts":1662464729,"status":200,"resp_time":0.291078}
{"time":"September 6, 5:25 pm","ts":1662465346,"status":200,"resp_time":0.183842}
{"time":"September 6, 6:09 pm","ts":1662467984,"status":200,"resp_time":0.297369}
{"time":"September 6, 6:59 pm","ts":1662470947,"status":200,"resp_time":0.292506}
{"time":"September 6, 7:31 pm","ts":1662472877,"status":200,"resp_time":0.226116}
{"time":"September 6, 8:00 pm","ts":1662474603,"status":200,"resp_time":0.112132}
{"time":"September 6, 8:15 pm","ts":1662475530,"status":200,"resp_time":0.121091}
{"time":"September 6, 8:25 pm","ts":1662476148,"status":200,"resp_time":0.361293}
{"time":"September 6, 8:50 pm","ts":1662477632,"status":200,"resp_time":0.182821}
{"time":"September 6, 9:14 pm","ts":1662479090,"status":200,"resp_time":0.148518}
{"time":"September 6, 9:26 pm","ts":1662479797,"status":200,"resp_time":0.110527}
{"time":"September 6, 10:01 pm","ts":1662481867,"status":200,"resp_time":0.319842}
{"time":"September 6, 10:34 pm","ts":1662483847,"status":200,"resp_time":0.207981}
{"time":"September 6, 11:04 pm","ts":1662485662,"status":200,"resp_time":0.313129}
{"time":"September 6, 11:20 pm","ts":1662486639,"status":200,"resp_time":0.155023}
{"time":"September 6, 11:52 pm","ts":1662488539,"status":200,"resp_time":0.228387}
{"time":"September 7, 12:19 am","ts":1662490167,"status":200,"resp_time":0.088288}
{"time":"September 7, 12:30 am","ts":1662490828,"status":200,"resp_time":0.09461}
{"time":"September 7, 12:53 am","ts":1662492233,"status":200,"resp_time":0.314532}
{"time":"September 7, 1:06 am","ts":1662493016,"status":200,"resp_time":0.34123}
{"time":"September 7, 1:17 am","ts":1662493639,"status":200,"resp_time":0.260404}
{"time":"September 7, 1:27 am","ts":1662494256,"status":200,"resp_time":0.189385}
{"time":"September 7, 1:55 am","ts":1662495935,"status":200,"resp_time":0.228652}
{"time":"September 7, 2:12 am","ts":1662496951,"status":200,"resp_time":0.210402}
{"time":"September 7, 2:25 am","ts":1662497741,"status":200,"resp_time":0.341148}
{"time":"September 7, 2:47 am","ts":1662499027,"status":200,"resp_time":0.091793}
{"time":"September 7, 3:04 am","ts":1662500059,"status":200,"resp_time":0.224547}
{"time":"September 7, 3:16 am","ts":1662500761,"status":200,"resp_time":0.219005}
{"time":"September 7, 3:26 am","ts":1662501394,"status":200,"resp_time":0.271017}
{"time":"September 7, 3:51 am","ts":1662502892,"status":200,"resp_time":0.22247}
{"time":"September 7, 4:12 am","ts":1662504167,"status":200,"resp_time":0.338619}
{"time":"September 7, 4:25 am","ts":1662504942,"status":200,"resp_time":0.165816}
{"time":"September 7, 4:50 am","ts":1662506437,"status":200,"resp_time":0.233287}
{"time":"September 7, 5:15 am","ts":1662507920,"status":200,"resp_time":0.324172}
{"time":"September 7, 5:27 am","ts":1662508626,"status":200,"resp_time":0.25739}
{"time":"September 7, 8:04 am","ts":1662518062,"status":200,"resp_time":0.10799}
{"time":"September 7, 10:10 am","ts":1662525651,"status":200,"resp_time":0.099258}
{"time":"September 7, 11:37 am","ts":1662530855,"status":200,"resp_time":0.133591}
{"time":"September 7, 12:38 pm","ts":1662534533,"status":200,"resp_time":0.461086}
{"time":"September 7, 1:21 pm","ts":1662537067,"status":200,"resp_time":0.488002}
{"time":"September 7, 1:55 pm","ts":1662539108,"status":200,"resp_time":0.092074}
{"time":"September 7, 2:20 pm","ts":1662540605,"status":200,"resp_time":0.211673}
{"time":"September 7, 2:36 pm","ts":1662541604,"status":200,"resp_time":0.130088}
{"time":"September 7, 3:01 pm","ts":1662543102,"status":200,"resp_time":0.204575}
{"time":"September 7, 3:19 pm","ts":1662544179,"status":200,"resp_time":0.173905}
{"time":"September 7, 3:30 pm","ts":1662544803,"status":200,"resp_time":0.088961}
{"time":"September 7, 4:01 pm","ts":1662546660,"status":200,"resp_time":0.390345}
{"time":"September 7, 4:21 pm","ts":1662547884,"status":200,"resp_time":0.273184}
{"time":"September 7, 4:46 pm","ts":1662549360,"status":200,"resp_time":0.384126}
{"time":"September 7, 5:02 pm","ts":1662550351,"status":200,"resp_time":0.413483}
{"time":"September 7, 5:15 pm","ts":1662551157,"status":200,"resp_time":0.495435}
{"time":"September 7, 5:26 pm","ts":1662551773,"status":200,"resp_time":0.152948}
{"time":"September 7, 6:11 pm","ts":1662554500,"status":200,"resp_time":0.229326}
{"time":"September 7, 7:09 pm","ts":1662557952,"status":200,"resp_time":0.221327}
{"time":"September 7, 7:44 pm","ts":1662560096,"status":200,"resp_time":0.090032}
{"time":"September 7, 8:11 pm","ts":1662561697,"status":200,"resp_time":0.271113}
{"time":"September 7, 8:26 pm","ts":1662562605,"status":200,"resp_time":0.134732}
{"time":"September 7, 8:54 pm","ts":1662564250,"status":200,"resp_time":0.671606}
{"time":"September 7, 9:16 pm","ts":1662565597,"status":200,"resp_time":0.283358}
{"time":"September 7, 9:28 pm","ts":1662566308,"status":200,"resp_time":0.290179}
{"time":"September 7, 10:07 pm","ts":1662568636,"status":200,"resp_time":0.173195}
{"time":"September 7, 10:36 pm","ts":1662570407,"status":200,"resp_time":0.19257}
{"time":"September 7, 11:12 pm","ts":1662572542,"status":200,"resp_time":0.177058}
{"time":"September 7, 11:28 pm","ts":1662573526,"status":200,"resp_time":0.103574}
