{"time":"November 2, 1:06 pm","ts":1667374612,"status":200,"resp_time":0.525792}
{"time":"November 2, 1:17 pm","ts":1667375258,"status":200,"resp_time":0.222761}
{"time":"November 2, 1:28 pm","ts":1667375886,"status":200,"resp_time":0.197425}
{"time":"November 2, 2:03 pm","ts":1667377986,"status":200,"resp_time":0.090069}
{"time":"November 2, 2:23 pm","ts":1667379223,"status":200,"resp_time":0.142039}
{"time":"November 2, 2:48 pm","ts":1667380697,"status":200,"resp_time":0.130159}
{"time":"November 2, 3:08 pm","ts":1667381919,"status":200,"resp_time":0.183604}
{"time":"November 2, 3:21 pm","ts":1667382678,"status":200,"resp_time":0.66327}
{"time":"November 2, 3:51 pm","ts":1667384465,"status":200,"resp_time":0.543436}
{"time":"November 2, 4:15 pm","ts":1667385935,"status":200,"resp_time":0.110325}
{"time":"November 2, 4:26 pm","ts":1667386588,"status":200,"resp_time":0.145899}
{"time":"November 2, 4:49 pm","ts":1667387985,"status":200,"resp_time":0.232099}
{"time":"November 2, 5:05 pm","ts":1667388928,"status":200,"resp_time":0.240604}
{"time":"November 2, 5:16 pm","ts":1667389588,"status":200,"resp_time":0.107366}
{"time":"November 2, 5:27 pm","ts":1667390226,"status":200,"resp_time":0.088771}
{"time":"November 2, 6:23 pm","ts":1667393590,"status":200,"resp_time":0.122509}
{"time":"November 2, 7:21 pm","ts":1667397108,"status":200,"resp_time":0.191527}
{"time":"November 2, 7:54 pm","ts":1667399054,"status":200,"resp_time":0.803674}
{"time":"November 2, 8:16 pm","ts":1667400375,"status":200,"resp_time":1.341578}
{"time":"November 2, 8:26 pm","ts":1667401014,"status":200,"resp_time":0.26703}
{"time":"November 2, 8:55 pm","ts":1667402728,"status":200,"resp_time":0.241939}
{"time":"November 2, 9:16 pm","ts":1667403968,"status":200,"resp_time":0.249582}
{"time":"November 2, 9:27 pm","ts":1667404657,"status":200,"resp_time":0.12528}
{"time":"November 2, 10:09 pm","ts":1667407186,"status":200,"resp_time":0.23741}
{"time":"November 2, 10:46 pm","ts":1667409409,"status":200,"resp_time":0.100533}
{"time":"November 2, 11:20 pm","ts":1667411417,"status":200,"resp_time":0.622313}
{"time":"November 2, 11:38 pm","ts":1667412521,"status":200,"resp_time":3.50254}
{"time":"November 3, 12:09 am","ts":1667414356,"status":200,"resp_time":0.445785}
{"time":"November 3, 12:25 am","ts":1667415311,"status":200,"resp_time":0.433771}
{"time":"November 3, 12:44 am","ts":1667416494,"status":200,"resp_time":0.257813}
{"time":"November 3, 12:57 am","ts":1667417275,"status":200,"resp_time":0.172932}
{"time":"November 3, 1:09 am","ts":1667417960,"status":200,"resp_time":2.98457}
{"time":"November 3, 1:19 am","ts":1667418594,"status":200,"resp_time":0.336575}
{"time":"November 3, 1:30 am","ts":1667419216,"status":200,"resp_time":0.308995}
{"time":"November 3, 1:59 am","ts":1667420950,"status":200,"resp_time":0.23663}
{"time":"November 3, 2:14 am","ts":1667421857,"status":200,"resp_time":0.150344}
{"time":"November 3, 2:25 am","ts":1667422544,"status":200,"resp_time":0.201741}
{"time":"November 3, 2:49 am","ts":1667423990,"status":200,"resp_time":0.219862}
{"time":"November 3, 3:06 am","ts":1667424988,"status":200,"resp_time":0.088943}
{"time":"November 3, 3:17 am","ts":1667425657,"status":200,"resp_time":0.347081}
{"time":"November 3, 3:27 am","ts":1667426272,"status":200,"resp_time":0.121766}
{"time":"November 3, 3:54 am","ts":1667427852,"status":200,"resp_time":0.24155}
{"time":"November 3, 4:10 am","ts":1667428848,"status":200,"resp_time":0.165037}
{"time":"November 3, 4:25 am","ts":1667429734,"status":200,"resp_time":0.213751}
{"time":"November 3, 4:50 am","ts":1667431244,"status":200,"resp_time":0.22407}
{"time":"November 3, 5:13 am","ts":1667432638,"status":200,"resp_time":0.278292}
{"time":"November 3, 5:25 am","ts":1667433334,"status":200,"resp_time":0.093714}
{"time":"November 3, 7:16 am","ts":1667440014,"status":200,"resp_time":0.264639}
{"time":"November 3, 8:51 am","ts":1667445705,"status":200,"resp_time":0.238055}
{"time":"November 3, 9:39 am","ts":1667448599,"status":200,"resp_time":0.158331}
{"time":"November 3, 10:25 am","ts":1667451320,"status":200,"resp_time":0.164495}
{"time":"November 3, 10:52 am","ts":1667452966,"status":200,"resp_time":0.144581}
{"time":"November 3, 11:12 am","ts":1667454131,"status":200,"resp_time":0.092152}
{"time":"November 3, 11:25 am","ts":1667454932,"status":200,"resp_time":0.271553}
{"time":"November 3, 11:54 am","ts":1667456667,"status":200,"resp_time":0.206332}
{"time":"November 3, 12:19 pm","ts":1667458178,"status":200,"resp_time":0.57562}
{"time":"November 3, 12:29 pm","ts":1667458798,"status":200,"resp_time":0.106513}
{"time":"November 3, 12:54 pm","ts":1667460240,"status":200,"resp_time":0.364658}
{"time":"November 3, 1:08 pm","ts":1667461092,"status":200,"resp_time":0.28461}
{"time":"November 3, 1:18 pm","ts":1667461711,"status":200,"resp_time":0.140504}
{"time":"November 3, 1:28 pm","ts":1667462327,"status":200,"resp_time":0.212148}
{"time":"November 3, 2:04 pm","ts":1667464454,"status":200,"resp_time":0.232419}
{"time":"November 3, 2:23 pm","ts":1667465587,"status":200,"resp_time":0.127123}
{"time":"November 3, 2:47 pm","ts":1667467067,"status":200,"resp_time":0.167201}
{"time":"November 3, 3:05 pm","ts":1667468140,"status":200,"resp_time":0.253793}
{"time":"November 3, 3:17 pm","ts":1667468848,"status":200,"resp_time":0.260611}
{"time":"November 3, 3:27 pm","ts":1667469473,"status":200,"resp_time":0.151577}
{"time":"November 3, 3:57 pm","ts":1667471264,"status":200,"resp_time":0.082271}
{"time":"November 3, 4:18 pm","ts":1667472531,"status":200,"resp_time":0.075881}
{"time":"November 3, 4:29 pm","ts":1667473164,"status":200,"resp_time":0.181645}
{"time":"November 3, 4:51 pm","ts":1667474469,"status":200,"resp_time":0.155444}
{"time":"November 3, 5:07 pm","ts":1667475431,"status":200,"resp_time":0.132449}
{"time":"November 3, 5:17 pm","ts":1667476051,"status":200,"resp_time":0.158662}
{"time":"November 3, 5:27 pm","ts":1667476677,"status":200,"resp_time":0.217308}
{"time":"November 3, 6:25 pm","ts":1667480132,"status":200,"resp_time":0.076744}
{"time":"November 3, 7:13 pm","ts":1667483039,"status":200,"resp_time":0.10857}
{"time":"November 3, 7:39 pm","ts":1667484576,"status":200,"resp_time":0.595717}
{"time":"November 3, 8:02 pm","ts":1667485950,"status":200,"resp_time":0.253944}
{"time":"November 3, 8:16 pm","ts":1667486790,"status":200,"resp_time":0.113826}
{"time":"November 3, 8:26 pm","ts":1667487410,"status":200,"resp_time":0.189835}
{"time":"November 3, 9:00 pm","ts":1667489415,"status":200,"resp_time":0.090189}
{"time":"November 3, 9:30 pm","ts":1667491208,"status":200,"resp_time":0.125993}
{"time":"November 3, 10:09 pm","ts":1667493563,"status":200,"resp_time":0.081017}
{"time":"November 3, 10:32 pm","ts":1667494977,"status":200,"resp_time":0.161056}
{"time":"November 3, 11:01 pm","ts":1667496715,"status":200,"resp_time":0.272362}
{"time":"November 3, 11:18 pm","ts":1667497680,"status":200,"resp_time":0.093153}
{"time":"November 3, 11:28 pm","ts":1667498318,"status":200,"resp_time":0.126272}
{"time":"November 4, 12:06 am","ts":1667500617,"status":200,"resp_time":0.140916}
{"time":"November 4, 12:26 am","ts":1667501790,"status":200,"resp_time":0.283974}
{"time":"November 4, 12:46 am","ts":1667502976,"status":200,"resp_time":0.137922}
{"time":"November 4, 12:58 am","ts":1667503702,"status":200,"resp_time":0.093854}
{"time":"November 4, 1:10 am","ts":1667504401,"status":200,"resp_time":0.235818}
{"time":"November 4, 1:20 am","ts":1667505025,"status":200,"resp_time":0.237949}
{"time":"November 4, 1:45 am","ts":1667506523,"status":200,"resp_time":0.144207}
{"time":"November 4, 2:09 am","ts":1667507990,"status":200,"resp_time":0.164836}
{"time":"November 4, 2:20 am","ts":1667508610,"status":200,"resp_time":0.264384}
