{"time":"September 16, 6:08 pm","ts":1663331913,"status":200,"resp_time":0.255161}
{"time":"September 16, 7:00 pm","ts":1663335052,"status":200,"resp_time":0.229138}
{"time":"September 16, 7:44 pm","ts":1663337696,"status":200,"resp_time":0.137767}
{"time":"September 16, 8:13 pm","ts":1663339434,"status":200,"resp_time":0.247738}
{"time":"September 16, 8:27 pm","ts":1663340279,"status":200,"resp_time":0.321934}
{"time":"September 16, 8:58 pm","ts":1663342092,"status":200,"resp_time":0.261921}
{"time":"September 16, 9:18 pm","ts":1663343302,"status":200,"resp_time":0.209899}
{"time":"September 16, 9:28 pm","ts":1663343923,"status":200,"resp_time":0.377772}
{"time":"September 16, 10:09 pm","ts":1663346397,"status":200,"resp_time":0.192704}
{"time":"September 16, 10:49 pm","ts":1663348794,"status":200,"resp_time":0.085226}
{"time":"September 16, 11:21 pm","ts":1663350664,"status":200,"resp_time":0.255967}
{"time":"September 16, 11:54 pm","ts":1663352683,"status":200,"resp_time":0.261328}
{"time":"September 17, 12:23 am","ts":1663354419,"status":200,"resp_time":0.072566}
{"time":"September 17, 12:47 am","ts":1663355843,"status":200,"resp_time":0.118239}
{"time":"September 17, 1:03 am","ts":1663356783,"status":200,"resp_time":0.262353}
{"time":"September 17, 1:16 am","ts":1663357564,"status":200,"resp_time":0.21604}
{"time":"September 17, 1:26 am","ts":1663358180,"status":200,"resp_time":0.244599}
{"time":"September 17, 1:53 am","ts":1663359814,"status":200,"resp_time":0.243056}
{"time":"September 17, 2:14 am","ts":1663361066,"status":200,"resp_time":0.184308}
{"time":"September 17, 2:26 am","ts":1663361787,"status":200,"resp_time":0.27732}
{"time":"September 17, 2:49 am","ts":1663363147,"status":200,"resp_time":0.144108}
{"time":"September 17, 3:07 am","ts":1663364224,"status":200,"resp_time":0.213094}
{"time":"September 17, 3:20 am","ts":1663365024,"status":200,"resp_time":0.206439}
{"time":"September 17, 3:50 am","ts":1663366839,"status":200,"resp_time":0.513607}
{"time":"September 17, 4:15 am","ts":1663368321,"status":200,"resp_time":0.095279}
{"time":"September 17, 4:26 am","ts":1663368983,"status":200,"resp_time":0.101412}
{"time":"September 17, 4:53 am","ts":1663370590,"status":200,"resp_time":0.185857}
{"time":"September 17, 5:15 am","ts":1663371955,"status":200,"resp_time":0.072356}
{"time":"September 17, 5:29 am","ts":1663372763,"status":200,"resp_time":0.17195}
{"time":"September 17, 8:11 am","ts":1663382518,"status":200,"resp_time":0.234346}
{"time":"September 17, 9:41 am","ts":1663387883,"status":200,"resp_time":0.266956}
{"time":"September 17, 10:46 am","ts":1663391766,"status":200,"resp_time":0.245357}
{"time":"September 17, 11:19 am","ts":1663393778,"status":200,"resp_time":0.167352}
{"time":"September 17, 11:37 am","ts":1663394856,"status":200,"resp_time":0.075458}
{"time":"September 17, 12:10 pm","ts":1663396808,"status":200,"resp_time":0.250042}
{"time":"September 17, 12:28 pm","ts":1663397904,"status":200,"resp_time":0.23815}
{"time":"September 17, 12:54 pm","ts":1663399488,"status":200,"resp_time":0.106735}
{"time":"September 17, 1:10 pm","ts":1663400414,"status":200,"resp_time":0.198741}
{"time":"September 17, 1:25 pm","ts":1663401336,"status":200,"resp_time":0.2132}
{"time":"September 17, 1:54 pm","ts":1663403091,"status":200,"resp_time":0.082528}
{"time":"September 17, 2:19 pm","ts":1663404551,"status":200,"resp_time":0.251061}
{"time":"September 17, 2:31 pm","ts":1663405281,"status":200,"resp_time":0.249435}
{"time":"September 17, 3:00 pm","ts":1663407026,"status":200,"resp_time":0.106251}
{"time":"September 17, 3:19 pm","ts":1663408164,"status":200,"resp_time":0.075258}
{"time":"September 17, 3:29 pm","ts":1663408783,"status":200,"resp_time":0.20231}
{"time":"September 17, 3:59 pm","ts":1663410546,"status":200,"resp_time":0.19075}
{"time":"September 17, 4:17 pm","ts":1663411637,"status":200,"resp_time":0.221785}
{"time":"September 17, 4:27 pm","ts":1663412263,"status":200,"resp_time":0.284145}
{"time":"September 17, 4:51 pm","ts":1663413683,"status":200,"resp_time":0.153324}
{"time":"September 17, 5:09 pm","ts":1663414756,"status":200,"resp_time":0.297748}
{"time":"September 17, 5:19 pm","ts":1663415382,"status":200,"resp_time":0.143174}
{"time":"September 17, 5:30 pm","ts":1663416012,"status":200,"resp_time":0.184828}
{"time":"September 17, 6:19 pm","ts":1663418946,"status":200,"resp_time":0.221714}
{"time":"September 17, 6:52 pm","ts":1663420975,"status":200,"resp_time":0.584382}
{"time":"September 17, 7:20 pm","ts":1663422639,"status":200,"resp_time":0.217407}
{"time":"September 17, 7:46 pm","ts":1663424202,"status":200,"resp_time":0.068931}
{"time":"September 17, 8:04 pm","ts":1663425255,"status":200,"resp_time":0.224216}
{"time":"September 17, 8:17 pm","ts":1663426069,"status":200,"resp_time":0.270754}
{"time":"September 17, 8:28 pm","ts":1663426689,"status":200,"resp_time":0.186085}
{"time":"September 17, 8:57 pm","ts":1663428430,"status":200,"resp_time":0.216074}
{"time":"September 17, 9:17 pm","ts":1663429622,"status":200,"resp_time":0.279497}
{"time":"September 17, 9:27 pm","ts":1663430254,"status":200,"resp_time":0.219493}
{"time":"September 17, 10:04 pm","ts":1663432494,"status":200,"resp_time":0.149438}
{"time":"September 17, 10:33 pm","ts":1663434195,"status":200,"resp_time":0.194092}
{"time":"September 17, 11:03 pm","ts":1663436000,"status":200,"resp_time":0.232679}
{"time":"September 17, 11:20 pm","ts":1663437030,"status":200,"resp_time":0.279932}
{"time":"September 17, 11:52 pm","ts":1663438979,"status":200,"resp_time":0.558438}
{"time":"September 18, 12:19 am","ts":1663440563,"status":200,"resp_time":0.417955}
{"time":"September 18, 12:30 am","ts":1663441218,"status":200,"resp_time":0.222161}
{"time":"September 18, 12:54 am","ts":1663442676,"status":200,"resp_time":0.184306}
{"time":"September 18, 1:07 am","ts":1663443458,"status":200,"resp_time":0.222286}
{"time":"September 18, 1:18 am","ts":1663444088,"status":200,"resp_time":0.101286}
{"time":"September 18, 1:28 am","ts":1663444709,"status":200,"resp_time":0.185765}
{"time":"September 18, 1:57 am","ts":1663446447,"status":200,"resp_time":0.185035}
{"time":"September 18, 2:15 am","ts":1663447529,"status":200,"resp_time":0.265881}
{"time":"September 18, 2:25 am","ts":1663448156,"status":200,"resp_time":0.203847}
{"time":"September 18, 2:48 am","ts":1663449489,"status":200,"resp_time":0.174186}
{"time":"September 18, 3:06 am","ts":1663450568,"status":200,"resp_time":0.219207}
{"time":"September 18, 3:19 am","ts":1663451351,"status":200,"resp_time":0.204886}
{"time":"September 18, 3:29 am","ts":1663451969,"status":200,"resp_time":0.298125}
{"time":"September 18, 3:56 am","ts":1663453588,"status":200,"resp_time":0.265084}
{"time":"September 18, 4:14 am","ts":1663454657,"status":200,"resp_time":0.252099}
{"time":"September 18, 4:25 am","ts":1663455336,"status":200,"resp_time":0.199058}
{"time":"September 18, 4:49 am","ts":1663456773,"status":200,"resp_time":0.323094}
{"time":"September 18, 5:09 am","ts":1663457956,"status":200,"resp_time":0.149945}
{"time":"September 18, 5:25 am","ts":1663458934,"status":200,"resp_time":0.20318}
{"time":"September 18, 7:53 am","ts":1663467822,"status":200,"resp_time":0.150935}
{"time":"September 18, 9:50 am","ts":1663474843,"status":200,"resp_time":0.266987}
{"time":"September 18, 10:59 am","ts":1663478957,"status":200,"resp_time":0.242056}
{"time":"September 18, 11:27 am","ts":1663480642,"status":200,"resp_time":0.192594}
{"time":"September 18, 12:01 pm","ts":1663482665,"status":200,"resp_time":0.229512}
{"time":"September 18, 12:27 pm","ts":1663484220,"status":200,"resp_time":0.240423}
{"time":"September 18, 12:51 pm","ts":1663485719,"status":200,"resp_time":0.12822}
{"time":"September 18, 1:10 pm","ts":1663486829,"status":200,"resp_time":0.1931}
{"time":"September 18, 1:25 pm","ts":1663487740,"status":200,"resp_time":0.225443}
{"time":"September 18, 1:53 pm","ts":1663489407,"status":200,