{"time":"November 11, 9:22 pm","ts":1668181960,"status":200,"resp_time":0.254466}
{"time":"November 11, 9:55 pm","ts":1668183904,"status":200,"resp_time":0.262834}
{"time":"November 11, 10:25 pm","ts":1668185739,"status":200,"resp_time":0.113598}
{"time":"November 11, 10:50 pm","ts":1668187208,"status":200,"resp_time":0.12022}
{"time":"November 11, 11:08 pm","ts":1668188314,"status":200,"resp_time":0.150566}
{"time":"November 11, 11:19 pm","ts":1668188994,"status":200,"resp_time":0.229355}
{"time":"November 11, 11:30 pm","ts":1668189613,"status":200,"resp_time":0.172905}
{"time":"November 12, 12:03 am","ts":1668191618,"status":200,"resp_time":0.14616}
{"time":"November 12, 12:23 am","ts":1668192832,"status":200,"resp_time":0.540517}
{"time":"November 12, 12:45 am","ts":1668194120,"status":200,"resp_time":0.154271}
{"time":"November 12, 12:58 am","ts":1668194914,"status":200,"resp_time":0.141214}
{"time":"November 12, 1:09 am","ts":1668195587,"status":200,"resp_time":0.286509}
{"time":"November 12, 1:20 am","ts":1668196206,"status":200,"resp_time":0.223904}
{"time":"November 12, 1:32 am","ts":1668196955,"status":200,"resp_time":0.32012}
{"time":"November 12, 1:59 am","ts":1668198589,"status":200,"resp_time":0.091269}
{"time":"November 12, 2:15 am","ts":1668199513,"status":200,"resp_time":0.161843}
{"time":"November 12, 2:25 am","ts":1668200146,"status":200,"resp_time":0.235385}
{"time":"November 12, 2:47 am","ts":1668201433,"status":200,"resp_time":0.202146}
{"time":"November 12, 3:03 am","ts":1668202391,"status":200,"resp_time":0.158117}
{"time":"November 12, 3:16 am","ts":1668203166,"status":200,"resp_time":0.157216}
{"time":"November 12, 3:26 am","ts":1668203788,"status":200,"resp_time":0.270728}
{"time":"November 12, 3:50 am","ts":1668205257,"status":200,"resp_time":0.195099}
{"time":"November 12, 4:12 am","ts":1668206530,"status":200,"resp_time":0.200309}
{"time":"November 12, 4:25 am","ts":1668207340,"status":200,"resp_time":0.235072}
{"time":"November 12, 4:49 am","ts":1668208792,"status":200,"resp_time":0.220612}
{"time":"November 12, 5:07 am","ts":1668209854,"status":200,"resp_time":0.65197}
{"time":"November 12, 5:19 am","ts":1668210587,"status":200,"resp_time":0.518623}
{"time":"November 12, 5:30 am","ts":1668211216,"status":200,"resp_time":0.158183}
{"time":"November 12, 7:49 am","ts":1668219543,"status":200,"resp_time":0.191954}
{"time":"November 12, 9:08 am","ts":1668224317,"status":200,"resp_time":0.098552}
{"time":"November 12, 9:43 am","ts":1668226431,"status":200,"resp_time":0.151927}
{"time":"November 12, 10:17 am","ts":1668228462,"status":200,"resp_time":0.182766}
{"time":"November 12, 10:33 am","ts":1668229404,"status":200,"resp_time":0.273307}
{"time":"November 12, 10:57 am","ts":1668230860,"status":200,"resp_time":0.335205}
{"time":"November 12, 11:11 am","ts":1668231692,"status":200,"resp_time":0.152634}
{"time":"November 12, 11:25 am","ts":1668232547,"status":200,"resp_time":0.164247}
{"time":"November 12, 11:53 am","ts":1668234202,"status":200,"resp_time":0.614244}
{"time":"November 12, 12:16 pm","ts":1668235574,"status":200,"resp_time":0.152141}
{"time":"November 12, 12:26 pm","ts":1668236216,"status":200,"resp_time":0.552049}
{"time":"November 12, 12:49 pm","ts":1668237598,"status":200,"resp_time":0.604363}
{"time":"November 12, 1:02 pm","ts":1668238373,"status":200,"resp_time":0.137783}
{"time":"November 12, 1:15 pm","ts":1668239132,"status":200,"resp_time":0.166993}
{"time":"November 12, 1:25 pm","ts":1668239747,"status":200,"resp_time":0.126732}
{"time":"November 12, 1:53 pm","ts":1668241421,"status":200,"resp_time":0.122339}
{"time":"November 12, 2:15 pm","ts":1668242702,"status":200,"resp_time":0.084399}
{"time":"November 12, 2:25 pm","ts":1668243342,"status":200,"resp_time":0.284121}
{"time":"November 12, 2:48 pm","ts":1668244713,"status":200,"resp_time":0.292264}
{"time":"November 12, 3:04 pm","ts":1668245691,"status":200,"resp_time":0.138986}
{"time":"November 12, 3:16 pm","ts":1668246379,"status":200,"resp_time":0.075855}
{"time":"November 12, 3:26 pm","ts":1668247001,"status":200,"resp_time":0.088115}
{"time":"November 12, 3:51 pm","ts":1668248504,"status":200,"resp_time":0.186238}
{"time":"November 12, 4:11 pm","ts":1668249698,"status":200,"resp_time":0.099325}
{"time":"November 12, 4:45 pm","ts":1668251723,"status":200,"resp_time":0.180528}
{"time":"November 12, 4:59 pm","ts":1668252562,"status":200,"resp_time":0.188087}
{"time":"November 12, 5:10 pm","ts":1668253210,"status":200,"resp_time":0.184269}
{"time":"November 12, 5:20 pm","ts":1668253837,"status":200,"resp_time":0.406616}
{"time":"November 12, 6:01 pm","ts":1668256276,"status":200,"resp_time":0.096105}
{"time":"November 12, 6:37 pm","ts":1668258478,"status":200,"resp_time":0.130897}
{"time":"November 12, 7:07 pm","ts":1668260242,"status":200,"resp_time":0.558496}
{"time":"November 12, 7:19 pm","ts":1668260980,"status":200,"resp_time":0.143549}
{"time":"November 12, 7:29 pm","ts":1668261595,"status":200,"resp_time":0.316905}
{"time":"November 12, 7:52 pm","ts":1668262934,"status":200,"resp_time":0.147493}
{"time":"November 12, 8:08 pm","ts":1668263915,"status":200,"resp_time":0.169992}
{"time":"November 12, 8:18 pm","ts":1668264533,"status":200,"resp_time":0.217695}
{"time":"November 12, 8:29 pm","ts":1668265150,"status":200,"resp_time":0.159482}
{"time":"November 12, 8:56 pm","ts":1668266787,"status":200,"resp_time":0.177194}
{"time":"November 12, 9:12 pm","ts":1668267779,"status":200,"resp_time":0.17944}
{"time":"November 12, 9:25 pm","ts":1668268537,"status":200,"resp_time":0.194261}
{"time":"November 12, 9:55 pm","ts":1668270331,"status":200,"resp_time":0.50015}
{"time":"November 12, 10:23 pm","ts":1668272009,"status":200,"resp_time":0.09866}
{"time":"November 12, 10:46 pm","ts":1668273413,"status":200,"resp_time":0.236825}
{"time":"November 12, 11:04 pm","ts":1668274462,"status":200,"resp_time":0.265247}
{"time":"November 12, 11:15 pm","ts":1668275129,"status":200,"resp_time":0.248213}
{"time":"November 12, 11:25 pm","ts":1668275752,"status":200,"resp_time":0.21843}
{"time":"November 12, 11:52 pm","ts":1668277362,"status":200,"resp_time":0.538467}
{"time":"November 13, 12:14 am","ts":1668278681,"status":200,"resp_time":0.30907}
{"time":"November 13, 12:25 am","ts":1668279332,"status":200,"resp_time":0.106437}
{"time":"November 13, 12:44 am","ts":1668280456,"status":200,"resp_time":0.175385}
{"time":"November 13, 12:57 am","ts":1668281228,"status":200,"resp_time":0.177588}
{"time":"November 13, 1:08 am","ts":1668281925,"status":200,"resp_time":0.205381}
{"time":"November 13, 1:19 am","ts":1668282554,"status":200,"resp_time":0.30905}
{"time":"November 13, 1:29 am","ts":1668283178,"status":200,"resp_time":0.24565}
{"time":"November 13, 1:55 am","ts":1668284740,"status":200,"resp_time":0.209823}
{"time":"November 13, 2:10 am","ts":1668285651,"status":200,"resp_time":0.112811}
{"time":"November 13, 2:25 am","ts":1668286539,"status":200,"resp_time":0.265964}
{"time":"November 13, 2:46 am","ts":1668287763,"status":200,"resp_time":0.165435}
{"time":"November 13, 3:01 am","ts":1668288663,"status":200,"resp_time":0.102995}
{"time":"November 13, 3:15 am","ts":1668289531,"status":200,"resp_time":0.185465}
{"time":"November 13, 3:25 am","ts":1668290151,"status":200,"resp_time":0.159512}
{"time":"November 13, 3:47 am","ts":1668291462,"status":200,"resp_time":0.148742}
{"time":"November 13, 4:05 am","ts":1668292508,"status":200,"resp_time":0.180855}
{"time":"November 13, 4:16 am","ts":1668293206,"status":200,"resp_time":0.143681}
{"time":"November 13, 4:27 am","ts":1668293829,"status":200,"resp_time":0.166687}
{"time":"November 13, 4:53 am","ts":1668295409,"status":200,"resp_time":0.117742}
{"time":"November 13, 5:11 am","ts":1668296461,"status":200,"resp_time":0.246108}
{"time":"November 13, 5:25 am","ts":1668297344,"status":200,"resp_time":0.188821}
{"time":"November 13, 7:11 am","ts":1668303717,"status":200,