{"time":"August 14, 11:09 am","ts":1660455549,"status":200,"resp_time":0.672288}
{"time":"August 14, 11:19 am","ts":1660456171,"status":200,"resp_time":0.162992}
{"time":"August 14, 11:30 am","ts":1660456805,"status":200,"resp_time":0.261069}
{"time":"August 14, 12:00 pm","ts":1660458631,"status":200,"resp_time":0.100688}
{"time":"August 14, 12:22 pm","ts":1660459938,"status":200,"resp_time":0.170682}
{"time":"August 14, 12:45 pm","ts":1660461326,"status":200,"resp_time":0.247493}
{"time":"August 14, 1:00 pm","ts":1660462244,"status":200,"resp_time":0.138669}
{"time":"August 14, 1:15 pm","ts":1660463131,"status":200,"resp_time":0.168343}
{"time":"August 14, 1:26 pm","ts":1660463760,"status":200,"resp_time":0.239706}
{"time":"August 14, 1:51 pm","ts":1660465311,"status":200,"resp_time":0.269548}
{"time":"August 14, 2:12 pm","ts":1660466568,"status":200,"resp_time":0.256018}
{"time":"August 14, 2:25 pm","ts":1660467342,"status":200,"resp_time":0.204571}
{"time":"August 14, 2:47 pm","ts":1660468625,"status":200,"resp_time":0.118784}
{"time":"August 14, 3:03 pm","ts":1660469617,"status":200,"resp_time":0.14419}
{"time":"August 14, 3:16 pm","ts":1660470388,"status":200,"resp_time":0.157011}
{"time":"August 14, 3:26 pm","ts":1660471012,"status":200,"resp_time":0.275008}
{"time":"August 14, 3:52 pm","ts":1660472535,"status":200,"resp_time":0.405608}
{"time":"August 14, 4:10 pm","ts":1660473655,"status":200,"resp_time":0.271352}
{"time":"August 14, 4:25 pm","ts":1660474534,"status":200,"resp_time":0.115305}
{"time":"August 14, 4:44 pm","ts":1660475696,"status":200,"resp_time":0.187624}
{"time":"August 14, 4:59 pm","ts":1660476561,"status":200,"resp_time":0.143504}
{"time":"August 14, 5:10 pm","ts":1660477206,"status":200,"resp_time":0.173908}
{"time":"August 14, 5:20 pm","ts":1660477838,"status":200,"resp_time":0.811186}
{"time":"August 14, 6:00 pm","ts":1660480206,"status":200,"resp_time":0.151251}
{"time":"August 14, 6:34 pm","ts":1660482293,"status":200,"resp_time":0.242885}
{"time":"August 14, 7:06 pm","ts":1660484215,"status":200,"resp_time":0.246755}
{"time":"August 14, 7:19 pm","ts":1660484987,"status":200,"resp_time":0.188323}
{"time":"August 14, 7:30 pm","ts":1660485616,"status":200,"resp_time":0.204239}
{"time":"August 14, 7:55 pm","ts":1660487124,"status":200,"resp_time":0.456067}
{"time":"August 14, 8:08 pm","ts":1660487915,"status":200,"resp_time":0.233047}
{"time":"August 14, 8:18 pm","ts":1660488531,"status":200,"resp_time":0.243997}
{"time":"August 14, 8:29 pm","ts":1660489148,"status":200,"resp_time":0.134069}
{"time":"August 14, 8:55 pm","ts":1660490717,"status":200,"resp_time":0.404345}
{"time":"August 14, 9:11 pm","ts":1660491708,"status":200,"resp_time":0.427609}
{"time":"August 14, 9:25 pm","ts":1660492532,"status":200,"resp_time":0.211087}
{"time":"August 14, 9:53 pm","ts":1660494188,"status":200,"resp_time":0.24265}
{"time":"August 14, 10:22 pm","ts":1660495958,"status":200,"resp_time":0.174914}
{"time":"August 14, 10:46 pm","ts":1660497401,"status":200,"resp_time":0.15828}
{"time":"August 14, 11:03 pm","ts":1660498404,"status":200,"resp_time":0.109493}
{"time":"August 14, 11:15 pm","ts":1660499133,"status":200,"resp_time":0.179204}
{"time":"August 14, 11:25 pm","ts":1660499749,"status":200,"resp_time":0.119708}
{"time":"August 14, 11:51 pm","ts":1660501284,"status":200,"resp_time":0.232749}
{"time":"August 15, 12:14 am","ts":1660502661,"status":200,"resp_time":0.58479}
{"time":"August 15, 12:25 am","ts":1660503333,"status":200,"resp_time":0.22049}
{"time":"August 15, 12:44 am","ts":1660504447,"status":200,"resp_time":0.110952}
{"time":"August 15, 12:57 am","ts":1660505230,"status":200,"resp_time":0.076886}
{"time":"August 15, 1:08 am","ts":1660505911,"status":200,"resp_time":0.252621}
{"time":"August 15, 1:18 am","ts":1660506521,"status":200,"resp_time":0.096929}
{"time":"August 15, 1:29 am","ts":1660507145,"status":200,"resp_time":0.230791}
{"time":"August 15, 1:54 am","ts":1660508670,"status":200,"resp_time":0.114011}
{"time":"August 15, 2:09 am","ts":1660509582,"status":200,"resp_time":0.224702}
{"time":"August 15, 2:20 am","ts":1660510200,"status":200,"resp_time":0.234872}
{"time":"August 15, 2:30 am","ts":1660510814,"status":200,"resp_time":0.226542}
{"time":"August 15, 2:55 am","ts":1660512307,"status":200,"resp_time":0.185699}
{"time":"August 15, 3:08 am","ts":1660513101,"status":200,"resp_time":0.152514}
{"time":"August 15, 3:18 am","ts":1660513720,"status":200,"resp_time":0.310411}
{"time":"August 15, 3:28 am","ts":1660514331,"status":200,"resp_time":0.213565}
{"time":"August 15, 3:53 am","ts":1660515824,"status":200,"resp_time":0.227801}
{"time":"August 15, 4:09 am","ts":1660516790,"status":200,"resp_time":0.219738}
{"time":"August 15, 4:20 am","ts":1660517410,"status":200,"resp_time":0.105764}
{"time":"August 15, 4:31 am","ts":1660518076,"status":200,"resp_time":0.242598}
{"time":"August 15, 4:56 am","ts":1660519614,"status":200,"resp_time":0.15358}
{"time":"August 15, 5:10 am","ts":1660520454,"status":200,"resp_time":0.177404}
{"time":"August 15, 5:25 am","ts":1660521339,"status":200,"resp_time":0.200223}
{"time":"August 15, 7:26 am","ts":1660528609,"status":200,"resp_time":0.136255}
{"time":"August 15, 9:28 am","ts":1660535910,"status":200,"resp_time":0.185287}
{"time":"August 15, 10:38 am","ts":1660540123,"status":200,"resp_time":0.318637}
{"time":"August 15, 11:14 am","ts":1660542266,"status":200,"resp_time":0.168589}
{"time":"August 15, 11:27 am","ts":1660543055,"status":200,"resp_time":0.223571}
{"time":"August 15, 12:01 pm","ts":1660545068,"status":200,"resp_time":0.160022}
{"time":"August 15, 12:25 pm","ts":1660546520,"status":200,"resp_time":0.212044}
{"time":"August 15, 12:45 pm","ts":1660547743,"status":200,"resp_time":0.110368}
{"time":"August 15, 1:01 pm","ts":1660548711,"status":200,"resp_time":0.075234}
{"time":"August 15, 1:15 pm","ts":1660549537,"status":200,"resp_time":0.243923}
{"time":"August 15, 1:26 pm","ts":1660550165,"status":200,"resp_time":0.161974}
{"time":"August 15, 1:54 pm","ts":1660551858,"status":200,"resp_time":0.201123}
{"time":"August 15, 2:16 pm","ts":1660553161,"status":200,"resp_time":0.209017}
{"time":"August 15, 2:26 pm","ts":1660553818,"status":200,"resp_time":0.143741}
{"time":"August 15, 2:51 pm","ts":1660555292,"status":200,"resp_time":0.176523}
{"time":"August 15, 3:10 pm","ts":1660556451,"status":200,"resp_time":0.092945}
{"time":"August 15, 3:25 pm","ts":1660557338,"status":200,"resp_time":0.243058}
{"time":"August 15, 3:50 pm","ts":1660558858,"status":200,"resp_time":0.280943}
{"time":"August 15, 4:13 pm","ts":1660560205,"status":200,"resp_time":0.148592}
{"time":"August 15, 4:25 pm","ts":1660560929,"status":200,"resp_time":0.188559}
{"time":"August 15, 4:44 pm","ts":1660562098,"status":200,"resp_time":0.189025}
{"time":"August 15, 5:00 pm","ts":1660563011,"status":200,"resp_time":0.076233}
{"time":"August 15, 5:11 pm","ts":1660563672,"status":200,"resp_time":0.193042}
{"time":"August 15, 5:25 pm","ts":1660564537,"status":200,"resp_time":0.204325}
{"time":"August 15, 6:07 pm","ts":1660567034,"status":200,"resp_time":0.2378}
{"time":"August 15, 6:56 pm","ts":1660569976,"status":200,"resp_time":0.666238}
{"time":"August 15, 7:28 pm","ts":1660571888,"status":200,"resp_time":0.215765}
{"time":"August 15, 7:55 pm","ts":1660573548,"status":200,"resp_time":0.237277}
{"time":"August 15, 8:11 pm","ts":1660574499,"status":200,"resp_time":0.151966}
{"time":"August 15, 8:25 pm","ts":1660575341,"status":200,"resp_time":0.197412}
{"time":"August 15, 8:50 pm","ts":1660576856,"status":200,"resp_time":0.195806}
{"time":"August 15, 9:14 pm","ts":1660578287,"status":200,"resp_time":0.229745}
