{"time":"July 22, 2022, 5:26 pm","ts":1658490963,"status":200,"resp_time":0.179633}
{"time":"July 22, 2022, 5:48 pm","ts":1658492337,"status":200,"resp_time":0.653626}
{"time":"July 22, 2022, 6:00 pm","ts":1658493006,"status":200,"resp_time":0.211183}
{"time":"July 22, 6:00 pm","ts":1658493035,"status":200,"resp_time":0.131518}
{"time":"July 22, 6:08 pm","ts":1658493487,"status":200,"resp_time":0.297716}
{"time":"July 22, 6:36 pm","ts":1658495182,"status":200,"resp_time":0.152748}
{"time":"July 22, 6:36 pm","ts":1658495200,"status":200,"resp_time":0.152797}
