{"time":"October 27, 6:19 pm","ts":1666874967,"status":200,"resp_time":0.155599}
{"time":"October 27, 7:06 pm","ts":1666877761,"status":200,"resp_time":0.116783}
{"time":"October 27, 7:45 pm","ts":1666880141,"status":200,"resp_time":0.146224}
{"time":"October 27, 8:14 pm","ts":1666881891,"status":200,"resp_time":0.192804}
{"time":"October 27, 8:27 pm","ts":1666882676,"status":200,"resp_time":0.102352}
{"time":"October 27, 8:57 pm","ts":1666884451,"status":200,"resp_time":0.205955}
{"time":"October 27, 9:17 pm","ts":1666885655,"status":200,"resp_time":0.099833}
{"time":"October 27, 9:28 pm","ts":1666886282,"status":200,"resp_time":0.303408}
{"time":"October 27, 10:07 pm","ts":1666888679,"status":200,"resp_time":0.322747}
{"time":"October 27, 10:36 pm","ts":1666890375,"status":200,"resp_time":0.124738}
{"time":"October 27, 11:05 pm","ts":1666892147,"status":200,"resp_time":0.207047}
{"time":"October 27, 11:21 pm","ts":1666893110,"status":200,"resp_time":0.141362}
{"time":"October 27, 11:57 pm","ts":1666895228,"status":200,"resp_time":0.201137}
{"time":"October 28, 12:24 am","ts":1666896878,"status":200,"resp_time":0.140282}
{"time":"October 28, 12:46 am","ts":1666898169,"status":200,"resp_time":0.268341}
{"time":"October 28, 1:00 am","ts":1666899033,"status":200,"resp_time":0.197654}
{"time":"October 28, 1:15 am","ts":1666899931,"status":200,"resp_time":0.204733}
{"time":"October 28, 1:26 am","ts":1666900560,"status":200,"resp_time":0.11216}
{"time":"October 28, 1:52 am","ts":1666902133,"status":200,"resp_time":0.205064}
{"time":"October 28, 2:13 am","ts":1666903384,"status":200,"resp_time":0.224695}
{"time":"October 28, 2:25 am","ts":1666904144,"status":200,"resp_time":0.223513}
{"time":"October 28, 2:47 am","ts":1666905446,"status":200,"resp_time":0.146463}
{"time":"October 28, 3:04 am","ts":1666906492,"status":200,"resp_time":0.137107}
{"time":"October 28, 3:17 am","ts":1666907268,"status":200,"resp_time":0.135719}
{"time":"October 28, 3:28 am","ts":1666907882,"status":200,"resp_time":0.132531}
{"time":"October 28, 3:55 am","ts":1666909516,"status":200,"resp_time":0.131492}
{"time":"October 28, 4:12 am","ts":1666910565,"status":200,"resp_time":0.22381}
{"time":"October 28, 4:25 am","ts":1666911349,"status":200,"resp_time":0.183457}
{"time":"October 28, 4:54 am","ts":1666913088,"status":200,"resp_time":0.116901}
{"time":"October 28, 5:16 am","ts":1666914365,"status":200,"resp_time":0.225261}
{"time":"October 28, 5:27 am","ts":1666915028,"status":200,"resp_time":0.32575}
{"time":"October 28, 7:53 am","ts":1666923825,"status":200,"resp_time":0.071056}
{"time":"October 28, 9:24 am","ts":1666929247,"status":200,"resp_time":0.150572}
{"time":"October 28, 10:16 am","ts":1666932416,"status":200,"resp_time":0.193374}
{"time":"October 28, 10:48 am","ts":1666934337,"status":200,"resp_time":0.224663}
{"time":"October 28, 11:15 am","ts":1666935911,"status":200,"resp_time":0.262104}
{"time":"October 28, 11:26 am","ts":1666936607,"status":200,"resp_time":0.207667}
{"time":"October 28, 11:59 am","ts":1666938542,"status":200,"resp_time":0.133441}
{"time":"October 28, 12:23 pm","ts":1666940009,"status":200,"resp_time":0.122067}
{"time":"October 28, 12:46 pm","ts":1666941398,"status":200,"resp_time":0.209417}
{"time":"October 28, 1:02 pm","ts":1666942354,"status":200,"resp_time":0.180197}
{"time":"October 28, 1:15 pm","ts":1666943143,"status":200,"resp_time":0.095058}
{"time":"October 28, 1:26 pm","ts":1666943770,"status":200,"resp_time":0.138001}
{"time":"October 28, 2:01 pm","ts":1666945912,"status":200,"resp_time":0.234157}
{"time":"October 28, 2:27 pm","ts":1666947431,"status":200,"resp_time":0.158917}
{"time":"October 28, 2:55 pm","ts":1666949106,"status":200,"resp_time":0.189565}
{"time":"October 28, 3:13 pm","ts":1666950198,"status":200,"resp_time":0.102363}
{"time":"October 28, 3:25 pm","ts":1666950936,"status":200,"resp_time":0.181874}
{"time":"October 28, 3:51 pm","ts":1666952503,"status":200,"resp_time":0.097457}
{"time":"October 28, 4:14 pm","ts":1666953897,"status":200,"resp_time":0.201043}
{"time":"October 28, 4:25 pm","ts":1666954552,"status":200,"resp_time":0.27217}
{"time":"October 28, 4:47 pm","ts":1666955869,"status":200,"resp_time":0.286482}
{"time":"October 28, 5:03 pm","ts":1666956834,"status":200,"resp_time":0.064502}
{"time":"October 28, 5:15 pm","ts":1666957556,"status":200,"resp_time":0.084179}
{"time":"October 28, 5:26 pm","ts":1666958182,"status":200,"resp_time":0.242173}
{"time":"October 28, 6:18 pm","ts":1666961285,"status":200,"resp_time":0.152467}
{"time":"October 28, 7:09 pm","ts":1666964369,"status":200,"resp_time":0.185514}
{"time":"October 28, 7:44 pm","ts":1666966485,"status":200,"resp_time":0.227174}
{"time":"October 28, 8:10 pm","ts":1666968053,"status":200,"resp_time":0.289309}
{"time":"October 28, 8:25 pm","ts":1666968946,"status":200,"resp_time":0.232539}
{"time":"October 28, 8:51 pm","ts":1666970496,"status":200,"resp_time":0.117261}
{"time":"October 28, 9:16 pm","ts":1666972001,"status":200,"resp_time":0.864065}
{"time":"October 28, 9:27 pm","ts":1666972674,"status":200,"resp_time":0.117658}
{"time":"October 28, 10:04 pm","ts":1666974843,"status":200,"resp_time":0.100523}
{"time":"October 28, 10:31 pm","ts":1666976512,"status":200,"resp_time":0.093554}
{"time":"October 28, 11:03 pm","ts":1666978410,"status":200,"resp_time":0.132712}
{"time":"October 28, 11:20 pm","ts":1666979432,"status":200,"resp_time":0.288}
{"time":"October 28, 11:53 pm","ts":1666981438,"status":200,"resp_time":0.280066}
{"time":"October 29, 12:18 am","ts":1666982913,"status":200,"resp_time":0.245449}
{"time":"October 29, 12:29 am","ts":1666983570,"status":200,"resp_time":0.110985}
{"time":"October 29, 12:51 am","ts":1666984862,"status":200,"resp_time":0.241938}
{"time":"October 29, 1:07 am","ts":1666985829,"status":200,"resp_time":0.242685}
{"time":"October 29, 1:17 am","ts":1666986459,"status":200,"resp_time":0.275613}
{"time":"October 29, 1:27 am","ts":1666987077,"status":200,"resp_time":0.193912}
{"time":"October 29, 1:58 am","ts":1666988904,"status":200,"resp_time":0.322681}
{"time":"October 29, 2:16 am","ts":1666989980,"status":200,"resp_time":0.244712}
{"time":"October 29, 2:26 am","ts":1666990597,"status":200,"resp_time":0.117006}
{"time":"October 29, 2:49 am","ts":1666991989,"status":200,"resp_time":0.126814}
{"time":"October 29, 3:06 am","ts":1666992978,"status":200,"resp_time":0.638649}
{"time":"October 29, 3:18 am","ts":1666993705,"status":200,"resp_time":0.206674}
{"time":"October 29, 3:28 am","ts":1666994319,"status":200,"resp_time":0.153767}
{"time":"October 29, 3:56 am","ts":1666995978,"status":200,"resp_time":0.25246}
{"time":"October 29, 4:14 am","ts":1666997043,"status":200,"resp_time":0.164963}
{"time":"October 29, 4:25 am","ts":1666997730,"status":200,"resp_time":0.288497}
{"time":"October 29, 4:52 am","ts":1666999346,"status":200,"resp_time":0.334705}
{"time":"October 29, 5:15 am","ts":1667000704,"status":200,"resp_time":0.168636}
{"time":"October 29, 5:26 am","ts":1667001382,"status":200,"resp_time":0.124252}
{"time":"October 29, 7:24 am","ts":1667008479,"status":200,"resp_time":0.268019}
{"time":"October 29, 9:05 am","ts":1667014552,"status":200,"resp_time":0.140684}
{"time":"October 29, 9:49 am","ts":1667017156,"status":200,"resp_time":0.124467}
{"time":"October 29, 10:26 am","ts":1667019372,"status":200,"resp_time":0.085426}
{"time":"October 29, 10:53 am","ts":1667021037,"status":200,"resp_time":0.172722}
{"time":"October 29, 11:13 am","ts":1667022196,"status":200,"resp_time":0.149189}
{"time":"October 29, 11:25 am","ts":1667022935,"status":200,"resp_time":0.228897}
