{"time":"September 24, 4:47 pm","ts":1664018269,"status":200,"resp_time":0.172202}
{"time":"September 24, 5:04 pm","ts":1664019290,"status":200,"resp_time":0.086519}
{"time":"September 24, 5:16 pm","ts":1664020003,"status":200,"resp_time":0.142596}
{"time":"September 24, 5:27 pm","ts":1664020629,"status":200,"resp_time":0.213128}
{"time":"September 24, 6:15 pm","ts":1664023531,"status":200,"resp_time":0.094711}
{"time":"September 24, 6:53 pm","ts":1664025803,"status":200,"resp_time":0.187374}
{"time":"September 24, 7:22 pm","ts":1664027523,"status":200,"resp_time":0.195905}
{"time":"September 24, 7:46 pm","ts":1664028970,"status":200,"resp_time":0.522806}
{"time":"September 24, 8:03 pm","ts":1664030037,"status":200,"resp_time":0.298209}
{"time":"September 24, 8:17 pm","ts":1664030869,"status":200,"resp_time":0.284604}
{"time":"September 24, 8:28 pm","ts":1664031488,"status":200,"resp_time":0.208097}
{"time":"September 24, 8:57 pm","ts":1664033221,"status":200,"resp_time":0.220979}
{"time":"September 24, 9:17 pm","ts":1664034422,"status":200,"resp_time":0.291633}
{"time":"September 24, 9:27 pm","ts":1664035067,"status":200,"resp_time":0.265268}
{"time":"September 24, 10:05 pm","ts":1664037308,"status":200,"resp_time":0.133982}
{"time":"September 24, 10:31 pm","ts":1664038919,"status":200,"resp_time":0.225073}
{"time":"September 24, 11:02 pm","ts":1664040777,"status":200,"resp_time":0.190564}
{"time":"September 24, 11:20 pm","ts":1664041820,"status":200,"resp_time":0.23651}
{"time":"September 24, 11:53 pm","ts":1664043838,"status":200,"resp_time":0.118422}
{"time":"September 25, 12:20 am","ts":1664045411,"status":200,"resp_time":0.115098}
{"time":"September 25, 12:33 am","ts":1664046192,"status":200,"resp_time":0.244532}
{"time":"September 25, 12:55 am","ts":1664047501,"status":200,"resp_time":0.241213}
{"time":"September 25, 1:07 am","ts":1664048274,"status":200,"resp_time":0.145212}
{"time":"September 25, 1:18 am","ts":1664048891,"status":200,"resp_time":0.147705}
{"time":"September 25, 1:28 am","ts":1664049512,"status":200,"resp_time":0.208998}
{"time":"September 25, 1:57 am","ts":1664051254,"status":200,"resp_time":0.291339}
{"time":"September 25, 2:15 am","ts":1664052354,"status":200,"resp_time":0.189987}
{"time":"September 25, 2:26 am","ts":1664052968,"status":200,"resp_time":0.183998}
{"time":"September 25, 2:48 am","ts":1664054337,"status":200,"resp_time":0.234722}
{"time":"September 25, 3:06 am","ts":1664055417,"status":200,"resp_time":0.189717}
{"time":"September 25, 3:19 am","ts":1664056195,"status":200,"resp_time":0.205161}
{"time":"September 25, 3:30 am","ts":1664056817,"status":200,"resp_time":0.200347}
{"time":"September 25, 4:00 am","ts":1664058602,"status":200,"resp_time":0.196784}
{"time":"September 25, 4:16 am","ts":1664059616,"status":200,"resp_time":0.165863}
{"time":"September 25, 4:27 am","ts":1664060229,"status":200,"resp_time":0.140142}
{"time":"September 25, 4:55 am","ts":1664061914,"status":200,"resp_time":0.075333}
{"time":"September 25, 5:16 am","ts":1664063163,"status":200,"resp_time":0.14017}
{"time":"September 25, 5:29 am","ts":1664063979,"status":200,"resp_time":0.510736}
{"time":"September 25, 8:19 am","ts":1664074178,"status":200,"resp_time":0.192901}
{"time":"September 25, 9:48 am","ts":1664079528,"status":200,"resp_time":0.14383}
{"time":"September 25, 10:45 am","ts":1664082914,"status":200,"resp_time":0.275378}
{"time":"September 25, 11:21 am","ts":1664085118,"status":200,"resp_time":0.291114}
{"time":"September 25, 11:56 am","ts":1664087166,"status":200,"resp_time":0.148619}
{"time":"September 25, 12:23 pm","ts":1664088831,"status":200,"resp_time":0.186125}
{"time":"September 25, 12:48 pm","ts":1664090302,"status":200,"resp_time":0.176175}
{"time":"September 25, 1:06 pm","ts":1664091399,"status":200,"resp_time":0.504289}
{"time":"September 25, 1:18 pm","ts":1664092087,"status":200,"resp_time":0.517685}
{"time":"September 25, 1:28 pm","ts":1664092703,"status":200,"resp_time":0.234525}
{"time":"September 25, 2:02 pm","ts":1664094746,"status":200,"resp_time":0.237371}
{"time":"September 25, 2:24 pm","ts":1664096075,"status":200,"resp_time":0.240604}
{"time":"September 25, 2:48 pm","ts":1664097521,"status":200,"resp_time":0.153629}
{"time":"September 25, 3:08 pm","ts":1664098731,"status":200,"resp_time":0.299676}
{"time":"September 25, 3:22 pm","ts":1664099553,"status":200,"resp_time":0.204005}
{"time":"September 25, 3:50 pm","ts":1664101249,"status":200,"resp_time":0.269206}
{"time":"September 25, 4:15 pm","ts":1664102721,"status":200,"resp_time":0.157378}
{"time":"September 25, 4:26 pm","ts":1664103382,"status":200,"resp_time":0.176336}
{"time":"September 25, 4:48 pm","ts":1664104714,"status":200,"resp_time":0.208743}
{"time":"September 25, 5:05 pm","ts":1664105708,"status":200,"resp_time":0.229267}
{"time":"September 25, 5:16 pm","ts":1664106398,"status":200,"resp_time":0.216919}
{"time":"September 25, 5:27 pm","ts":1664107028,"status":200,"resp_time":0.086504}
{"time":"September 25, 6:14 pm","ts":1664109840,"status":200,"resp_time":0.301479}
{"time":"September 25, 6:52 pm","ts":1664112172,"status":200,"resp_time":0.25465}
{"time":"September 25, 7:22 pm","ts":1664113924,"status":200,"resp_time":0.241264}
{"time":"September 25, 7:46 pm","ts":1664115380,"status":200,"resp_time":0.2348}
{"time":"September 25, 8:04 pm","ts":1664116440,"status":200,"resp_time":0.282087}
{"time":"September 25, 8:17 pm","ts":1664117272,"status":200,"resp_time":0.22687}
{"time":"September 25, 8:28 pm","ts":1664117887,"status":200,"resp_time":0.213532}
{"time":"September 25, 8:57 pm","ts":1664119637,"status":200,"resp_time":0.246941}
{"time":"September 25, 9:17 pm","ts":1664120877,"status":200,"resp_time":0.140891}
{"time":"September 25, 9:28 pm","ts":1664121504,"status":200,"resp_time":0.2037}
{"time":"September 25, 10:06 pm","ts":1664123772,"status":200,"resp_time":0.200367}
{"time":"September 25, 10:32 pm","ts":1664125348,"status":200,"resp_time":0.312689}
{"time":"September 25, 11:03 pm","ts":1664127180,"status":200,"resp_time":0.282552}
{"time":"September 25, 11:20 pm","ts":1664128243,"status":200,"resp_time":0.3919}
{"time":"September 25, 11:53 pm","ts":1664130228,"status":200,"resp_time":0.22599}
{"time":"September 26, 12:20 am","ts":1664131811,"status":200,"resp_time":0.285138}
{"time":"September 26, 12:33 am","ts":1664132613,"status":200,"resp_time":0.073983}
{"time":"September 26, 12:55 am","ts":1664133924,"status":200,"resp_time":0.172021}
{"time":"September 26, 1:08 am","ts":1664134689,"status":200,"resp_time":0.269911}
{"time":"September 26, 1:18 am","ts":1664135306,"status":200,"resp_time":0.27254}
{"time":"September 26, 1:28 am","ts":1664135924,"status":200,"resp_time":0.295892}
{"time":"September 26, 1:58 am","ts":1664137687,"status":200,"resp_time":0.25021}
{"time":"September 26, 2:16 am","ts":1664138782,"status":200,"resp_time":0.289493}
{"time":"September 26, 2:26 am","ts":1664139402,"status":200,"resp_time":0.116577}
{"time":"September 26, 2:50 am","ts":1664140811,"status":200,"resp_time":0.38005}
{"time":"September 26, 3:07 am","ts":1664141854,"status":200,"resp_time":0.203101}
{"time":"September 26, 3:20 am","ts":1664142630,"status":200,"resp_time":0.26412}
{"time":"September 26, 3:48 am","ts":1664144313,"status":200,"resp_time":0.095809}
{"time":"September 26, 4:08 am","ts":1664145538,"status":200,"resp_time":0.173133}
{"time":"September 26, 4:22 am","ts":1664146320,"status":200,"resp_time":0.24402}
{"time":"September 26, 4:50 am","ts":1664148005,"status":200,"resp_time":0.167079}
{"time":"September 26, 5:11 am","ts":1664149284,"status":200,"resp_time":0.13867}
{"time":"September 26, 5:29 am","ts":1664150395,"status":200,"resp_time":0.138247}
{"time":"September 26, 8:24 am","ts":1664160841,"status":200,"resp_time":0.140834}
{"time":"September 26, 10:24 am","ts":1664168098,"status":200,"resp_time":0.11971}
{"time":"September 26, 11:39 am","ts":1664172562,"status":200,