{"time":"September 22, 4:56 am","ts":1663802816,"status":200,"resp_time":0.108747}
{"time":"September 22, 5:18 am","ts":1663804098,"status":200,"resp_time":0.155389}
{"time":"September 22, 6:00 am","ts":1663806659,"status":200,"resp_time":0.178062}
{"time":"September 22, 8:49 am","ts":1663816783,"status":200,"resp_time":0.099273}
{"time":"September 22, 10:29 am","ts":1663822778,"status":200,"resp_time":0.207083}
{"time":"September 22, 11:40 am","ts":1663827020,"status":200,"resp_time":0.182276}
{"time":"September 22, 12:33 pm","ts":1663830212,"status":200,"resp_time":0.178254}
{"time":"September 22, 1:15 pm","ts":1663832752,"status":200,"resp_time":0.087867}
{"time":"September 22, 1:30 pm","ts":1663833642,"status":200,"resp_time":0.162353}
{"time":"September 22, 2:10 pm","ts":1663836024,"status":200,"resp_time":0.153651}
{"time":"September 22, 2:32 pm","ts":1663837356,"status":200,"resp_time":0.074633}
{"time":"September 22, 3:05 pm","ts":1663839322,"status":200,"resp_time":0.164163}
{"time":"September 22, 3:23 pm","ts":1663840426,"status":200,"resp_time":0.192391}
{"time":"September 22, 3:51 pm","ts":1663842079,"status":200,"resp_time":0.272639}
{"time":"September 22, 4:16 pm","ts":1663843606,"status":200,"resp_time":0.17992}
{"time":"September 22, 4:27 pm","ts":1663844273,"status":200,"resp_time":0.213743}
{"time":"September 22, 4:53 pm","ts":1663845787,"status":200,"resp_time":0.147445}
{"time":"September 22, 5:10 pm","ts":1663846844,"status":200,"resp_time":0.1497}
{"time":"September 22, 5:25 pm","ts":1663847734,"status":200,"resp_time":0.179105}
{"time":"September 22, 6:10 pm","ts":1663850408,"status":200,"resp_time":0.190051}
{"time":"September 22, 7:02 pm","ts":1663853554,"status":200,"resp_time":0.263012}
{"time":"September 22, 7:38 pm","ts":1663855732,"status":200,"resp_time":0.267945}
{"time":"September 22, 8:08 pm","ts":1663857518,"status":200,"resp_time":0.273876}
{"time":"September 22, 8:24 pm","ts":1663858467,"status":200,"resp_time":0.286213}
{"time":"September 22, 8:50 pm","ts":1663860028,"status":200,"resp_time":0.312499}
{"time":"September 22, 9:18 pm","ts":1663861684,"status":200,"resp_time":0.300095}
{"time":"September 22, 9:29 pm","ts":1663862398,"status":200,"resp_time":0.293291}
{"time":"September 22, 10:11 pm","ts":1663864898,"status":200,"resp_time":0.26397}
{"time":"September 22, 10:49 pm","ts":1663867144,"status":200,"resp_time":0.207155}
{"time":"September 22, 11:17 pm","ts":1663868852,"status":200,"resp_time":0.346634}
{"time":"September 22, 11:29 pm","ts":1663869570,"status":200,"resp_time":0.101889}
{"time":"September 23, 12:04 am","ts":1663871640,"status":200,"resp_time":0.171863}
{"time":"September 23, 12:26 am","ts":1663873003,"status":200,"resp_time":0.279863}
{"time":"September 23, 12:49 am","ts":1663874384,"status":200,"resp_time":0.235513}
{"time":"September 23, 1:03 am","ts":1663875221,"status":200,"resp_time":0.241713}
{"time":"September 23, 1:16 am","ts":1663875971,"status":200,"resp_time":0.281801}
{"time":"September 23, 1:26 am","ts":1663876599,"status":200,"resp_time":0.179975}
{"time":"September 23, 1:55 am","ts":1663878328,"status":200,"resp_time":0.232411}
{"time":"September 23, 2:15 am","ts":1663879530,"status":200,"resp_time":0.238281}
{"time":"September 23, 2:27 am","ts":1663880225,"status":200,"resp_time":0.0725}
{"time":"September 23, 2:52 am","ts":1663881752,"status":200,"resp_time":0.157779}
{"time":"September 23, 3:13 am","ts":1663883002,"status":200,"resp_time":0.081139}
{"time":"September 23, 3:25 am","ts":1663883730,"status":200,"resp_time":0.171258}
{"time":"September 23, 3:51 am","ts":1663885270,"status":200,"resp_time":0.2685}
{"time":"September 23, 4:15 am","ts":1663886708,"status":200,"resp_time":0.281611}
{"time":"September 23, 4:26 am","ts":1663887387,"status":200,"resp_time":0.262269}
{"time":"September 23, 4:54 am","ts":1663889097,"status":200,"resp_time":0.15278}
{"time":"September 23, 5:16 am","ts":1663890360,"status":200,"resp_time":0.195199}
{"time":"September 23, 5:29 am","ts":1663891181,"status":200,"resp_time":0.253396}
{"time":"September 23, 8:20 am","ts":1663901453,"status":200,"resp_time":0.629235}
{"time":"September 23, 10:17 am","ts":1663908441,"status":200,"resp_time":0.315426}
{"time":"September 23, 11:24 am","ts":1663912448,"status":200,"resp_time":0.150014}
{"time":"September 23, 12:17 pm","ts":1663915621,"status":200,"resp_time":0.273227}
{"time":"September 23, 12:51 pm","ts":1663917687,"status":200,"resp_time":0.19101}
{"time":"September 23, 1:24 pm","ts":1663919656,"status":200,"resp_time":0.655374}
{"time":"September 23, 1:55 pm","ts":1663921537,"status":200,"resp_time":0.067597}
{"time":"September 23, 2:24 pm","ts":1663923260,"status":200,"resp_time":0.297758}
{"time":"September 23, 2:52 pm","ts":1663924934,"status":200,"resp_time":0.077876}
{"time":"September 23, 3:16 pm","ts":1663926402,"status":200,"resp_time":0.749971}
{"time":"September 23, 3:27 pm","ts":1663927070,"status":200,"resp_time":0.236951}
{"time":"September 23, 4:00 pm","ts":1663929004,"status":200,"resp_time":0.150002}
{"time":"September 23, 4:19 pm","ts":1663930197,"status":200,"resp_time":0.12624}
{"time":"September 23, 4:30 pm","ts":1663930817,"status":200,"resp_time":0.225533}
{"time":"September 23, 4:58 pm","ts":1663932519,"status":200,"resp_time":0.256946}
{"time":"September 23, 5:14 pm","ts":1663933472,"status":200,"resp_time":0.1985}
{"time":"September 23, 5:25 pm","ts":1663934133,"status":200,"resp_time":0.244522}
{"time":"September 23, 6:09 pm","ts":1663936768,"status":200,"resp_time":0.144462}
{"time":"September 23, 7:03 pm","ts":1663940006,"status":200,"resp_time":0.475472}
{"time":"September 23, 7:48 pm","ts":1663942706,"status":200,"resp_time":0.287653}
{"time":"September 23, 8:19 pm","ts":1663944582,"status":200,"resp_time":0.246055}
{"time":"September 23, 8:37 pm","ts":1663945642,"status":200,"resp_time":0.256225}
{"time":"September 23, 9:08 pm","ts":1663947488,"status":200,"resp_time":0.116361}
{"time":"September 23, 9:27 pm","ts":1663948622,"status":200,"resp_time":0.256784}
{"time":"September 23, 10:06 pm","ts":1663950997,"status":200,"resp_time":0.273902}
{"time":"September 23, 10:46 pm","ts":1663953385,"status":200,"resp_time":0.293503}
{"time":"September 23, 11:18 pm","ts":1663955321,"status":200,"resp_time":0.128148}
{"time":"September 23, 11:37 pm","ts":1663956453,"status":200,"resp_time":0.245784}
{"time":"September 24, 12:14 am","ts":1663958658,"status":200,"resp_time":0.102146}
{"time":"September 24, 12:34 am","ts":1663959859,"status":200,"resp_time":0.07741}
{"time":"September 24, 12:57 am","ts":1663961278,"status":200,"resp_time":0.203468}
{"time":"September 24, 1:12 am","ts":1663962161,"status":200,"resp_time":0.233768}
{"time":"September 24, 1:25 am","ts":1663962939,"status":200,"resp_time":0.173375}
{"time":"September 24, 1:51 am","ts":1663964508,"status":200,"resp_time":0.240572}
{"time":"September 24, 2:14 am","ts":1663965898,"status":200,"resp_time":0.257836}
{"time":"September 24, 2:26 am","ts":1663966600,"status":200,"resp_time":0.123159}
{"time":"September 24, 2:50 am","ts":1663968045,"status":200,"resp_time":0.256857}
{"time":"September 24, 3:12 am","ts":1663969372,"status":200,"resp_time":0.188366}
{"time":"September 24, 3:25 am","ts":1663970131,"status":200,"resp_time":0.517972}
{"time":"September 24, 3:54 am","ts":1663971856,"status":200,"resp_time":0.156923}
{"time":"September 24, 4:17 am","ts":1663973247,"status":200,"resp_time":0.244406}
{"time":"September 24, 4:28 am","ts":1663973892,"status":200,"resp_time":0.345533}
{"time":"September 24, 4:59 am","ts":1663975778,"status":200,"resp_time":0.209337}
{"time":"September 24, 5:21 am","ts":1663977096,"status":200,"resp_time":0.127924}
{"time":"September 24, 7:30 am","ts":1663984858,"status":200,"resp_time":0.255365}
{"time":"September 24, 9:49 am","ts":1663993190,"status":200,"resp_time":0.260898}
{"time":"September 24, 10:59 am","ts":1663997340,"status":200,"resp_time":0.123331}
