{"time":"November 14, 12:25 am","ts":1668365734,"status":200,"resp_time":0.288801}
{"time":"November 14, 12:44 am","ts":1668366878,"status":200,"resp_time":0.14055}
{"time":"November 14, 12:57 am","ts":1668367634,"status":200,"resp_time":0.53399}
{"time":"November 14, 1:08 am","ts":1668368312,"status":200,"resp_time":0.146381}
{"time":"November 14, 1:18 am","ts":1668368935,"status":200,"resp_time":0.170582}
{"time":"November 14, 1:55 am","ts":1668371135,"status":200,"resp_time":0.18109}
{"time":"November 14, 2:10 am","ts":1668372055,"status":200,"resp_time":0.558672}
{"time":"November 14, 2:25 am","ts":1668372931,"status":200,"resp_time":0.27343}
{"time":"November 14, 2:45 am","ts":1668374149,"status":200,"resp_time":0.115386}
{"time":"November 14, 3:01 am","ts":1668375072,"status":200,"resp_time":0.326647}
{"time":"November 14, 3:15 am","ts":1668375943,"status":200,"resp_time":0.637541}
{"time":"November 14, 3:25 am","ts":1668376559,"status":200,"resp_time":0.133452}
{"time":"November 14, 3:48 am","ts":1668377939,"status":200,"resp_time":0.137464}
{"time":"November 14, 4:06 am","ts":1668379015,"status":200,"resp_time":0.073782}
{"time":"November 14, 4:18 am","ts":1668379700,"status":200,"resp_time":0.104894}
{"time":"November 14, 4:28 am","ts":1668380329,"status":200,"resp_time":0.276298}
{"time":"November 14, 4:57 am","ts":1668382027,"status":200,"resp_time":0.195965}
{"time":"November 14, 5:13 am","ts":1668383023,"status":200,"resp_time":0.131301}
{"time":"November 14, 5:25 am","ts":1668383730,"status":200,"resp_time":0.137351}
{"time":"November 14, 7:11 am","ts":1668390083,"status":200,"resp_time":0.074446}
{"time":"November 14, 8:48 am","ts":1668395921,"status":200,"resp_time":0.27245}
{"time":"November 14, 9:37 am","ts":1668398855,"status":200,"resp_time":0.14009}
{"time":"November 14, 10:20 am","ts":1668401459,"status":200,"resp_time":0.103865}
{"time":"November 14, 10:54 am","ts":1668403477,"status":200,"resp_time":0.275578}
{"time":"November 14, 11:14 am","ts":1668404662,"status":200,"resp_time":0.087205}
{"time":"November 14, 11:25 am","ts":1668405336,"status":200,"resp_time":0.168091}
{"time":"November 14, 11:54 am","ts":1668407089,"status":200,"resp_time":0.110871}
{"time":"November 14, 12:18 pm","ts":1668408523,"status":200,"resp_time":0.071227}
{"time":"November 14, 12:29 pm","ts":1668409152,"status":200,"resp_time":0.162338}
{"time":"November 14, 12:53 pm","ts":1668410623,"status":200,"resp_time":0.156561}
{"time":"November 14, 1:08 pm","ts":1668411510,"status":200,"resp_time":0.226497}
{"time":"November 14, 1:19 pm","ts":1668412144,"status":200,"resp_time":0.121678}
{"time":"November 14, 1:29 pm","ts":1668412763,"status":200,"resp_time":0.640572}
{"time":"November 14, 2:04 pm","ts":1668414855,"status":200,"resp_time":0.068771}
{"time":"November 14, 2:23 pm","ts":1668415997,"status":200,"resp_time":0.086429}
{"time":"November 14, 2:48 pm","ts":1668417503,"status":200,"resp_time":0.079948}
{"time":"November 14, 3:07 pm","ts":1668418627,"status":200,"resp_time":0.196132}
{"time":"November 14, 3:19 pm","ts":1668419344,"status":200,"resp_time":0.14448}
{"time":"November 14, 3:29 pm","ts":1668419974,"status":200,"resp_time":0.089634}
{"time":"November 14, 3:59 pm","ts":1668421789,"status":200,"resp_time":0.144425}
{"time":"November 14, 4:18 pm","ts":1668422880,"status":200,"resp_time":0.210197}
{"time":"November 14, 4:28 pm","ts":1668423499,"status":200,"resp_time":0.247504}
{"time":"November 14, 4:51 pm","ts":1668424906,"status":200,"resp_time":0.195021}
{"time":"November 14, 5:08 pm","ts":1668425890,"status":200,"resp_time":0.096391}
{"time":"November 14, 5:18 pm","ts":1668426513,"status":200,"resp_time":0.111311}
{"time":"November 14, 5:28 pm","ts":1668427135,"status":200,"resp_time":0.118657}
{"time":"November 14, 6:29 pm","ts":1668430771,"status":200,"resp_time":0.254484}
{"time":"November 14, 7:23 pm","ts":1668434007,"status":200,"resp_time":0.15008}
{"time":"November 14, 7:51 pm","ts":1668435661,"status":200,"resp_time":0.155897}
{"time":"November 14, 8:12 pm","ts":1668436939,"status":200,"resp_time":0.228967}
{"time":"November 14, 8:25 pm","ts":1668437732,"status":200,"resp_time":0.072084}
{"time":"November 14, 8:50 pm","ts":1668439241,"status":200,"resp_time":0.382}
{"time":"November 14, 9:12 pm","ts":1668440572,"status":200,"resp_time":0.229004}
{"time":"November 14, 9:25 pm","ts":1668441330,"status":200,"resp_time":0.163243}
{"time":"November 14, 9:56 pm","ts":1668443206,"status":200,"resp_time":0.357189}
{"time":"November 14, 10:33 pm","ts":1668445406,"status":200,"resp_time":0.199215}
{"time":"November 14, 11:12 pm","ts":1668447769,"status":200,"resp_time":0.188728}
{"time":"November 14, 11:29 pm","ts":1668448746,"status":200,"resp_time":0.298933}
{"time":"November 15, 12:01 am","ts":1668450698,"status":200,"resp_time":0.15353}
{"time":"November 15, 12:23 am","ts":1668451986,"status":200,"resp_time":0.133999}
{"time":"November 15, 12:44 am","ts":1668453261,"status":200,"resp_time":0.192141}
{"time":"November 15, 12:57 am","ts":1668454079,"status":200,"resp_time":0.133009}
{"time":"November 15, 1:09 am","ts":1668454770,"status":200,"resp_time":0.283884}
{"time":"November 15, 1:19 am","ts":1668455387,"status":200,"resp_time":0.098898}
{"time":"November 15, 1:30 am","ts":1668456001,"status":200,"resp_time":0.360247}
{"time":"November 15, 1:57 am","ts":1668457630,"status":200,"resp_time":0.226224}
{"time":"November 15, 2:13 am","ts":1668458625,"status":200,"resp_time":0.428609}
{"time":"November 15, 2:25 am","ts":1668459348,"status":200,"resp_time":0.102988}
{"time":"November 15, 2:47 am","ts":1668460647,"status":200,"resp_time":0.10396}
{"time":"November 15, 3:04 am","ts":1668461648,"status":200,"resp_time":0.166252}
{"time":"November 15, 3:27 am","ts":1668463034,"status":200,"resp_time":0.290918}
{"time":"November 15, 3:57 am","ts":1668464861,"status":200,"resp_time":0.233559}
{"time":"November 15, 4:15 am","ts":1668465946,"status":200,"resp_time":0.279104}
{"time":"November 15, 4:26 am","ts":1668466563,"status":200,"resp_time":0.210318}
{"time":"November 15, 4:49 am","ts":1668467962,"status":200,"resp_time":0.104475}
{"time":"November 15, 5:04 am","ts":1668468896,"status":200,"resp_time":0.148916}
{"time":"November 15, 5:16 am","ts":1668469582,"status":200,"resp_time":0.134776}
{"time":"November 15, 5:26 am","ts":1668470205,"status":200,"resp_time":0.185711}
{"time":"November 15, 7:22 am","ts":1668477122,"status":200,"resp_time":0.242274}
{"time":"November 15, 8:44 am","ts":1668482046,"status":200,"resp_time":0.377423}
{"time":"November 15, 9:24 am","ts":1668484497,"status":200,"resp_time":0.112033}
{"time":"November 15, 9:55 am","ts":1668486338,"status":200,"resp_time":0.198758}
{"time":"November 15, 10:18 am","ts":1668487730,"status":200,"resp_time":0.242986}
{"time":"November 15, 10:29 am","ts":1668488348,"status":200,"resp_time":0.110325}
{"time":"November 15, 10:52 am","ts":1668489738,"status":200,"resp_time":0.245368}
{"time":"November 15, 11:07 am","ts":1668490675,"status":200,"resp_time":0.235104}
{"time":"November 15, 11:18 am","ts":1668491308,"status":200,"resp_time":0.16412}
{"time":"November 15, 11:28 am","ts":1668491931,"status":200,"resp_time":0.14105}
{"time":"November 15, 11:59 am","ts":1668493781,"status":200,"resp_time":0.417405}
{"time":"November 15, 12:17 pm","ts":1668494870,"status":200,"resp_time":0.162286}
{"time":"November 15, 12:28 pm","ts":1668495489,"status":200,"resp_time":0.205665}
{"time":"November 15, 12:51 pm","ts":1668496886,"status":200,"resp_time":0.159377}
