{"time":"October 16, 2:51 pm","ts":1665912073,"status":200,"resp_time":0.143163}
{"time":"October 16, 3:17 pm","ts":1665913640,"status":200,"resp_time":0.203037}
{"time":"October 16, 3:28 pm","ts":1665914316,"status":200,"resp_time":0.219988}
{"time":"October 16, 4:01 pm","ts":1665916269,"status":200,"resp_time":0.161167}
{"time":"October 16, 4:24 pm","ts":1665917647,"status":200,"resp_time":0.174803}
{"time":"October 16, 4:46 pm","ts":1665918985,"status":200,"resp_time":0.142092}
{"time":"October 16, 5:05 pm","ts":1665920108,"status":200,"resp_time":0.166849}
{"time":"October 16, 5:18 pm","ts":1665920880,"status":200,"resp_time":0.296075}
{"time":"October 16, 5:28 pm","ts":1665921499,"status":200,"resp_time":0.143809}
{"time":"October 16, 6:23 pm","ts":1665924811,"status":200,"resp_time":0.272672}
{"time":"October 16, 7:09 pm","ts":1665927552,"status":200,"resp_time":0.24171}
{"time":"October 16, 7:30 pm","ts":1665928857,"status":200,"resp_time":0.074984}
{"time":"October 16, 8:01 pm","ts":1665930719,"status":200,"resp_time":0.27751}
{"time":"October 16, 8:21 pm","ts":1665931890,"status":200,"resp_time":0.129266}
{"time":"October 16, 8:50 pm","ts":1665933654,"status":200,"resp_time":0.131189}
{"time":"October 16, 9:18 pm","ts":1665935319,"status":200,"resp_time":0.090056}
{"time":"October 16, 9:30 pm","ts":1665936055,"status":200,"resp_time":0.210954}
{"time":"October 16, 10:18 pm","ts":1665938906,"status":200,"resp_time":0.187764}
{"time":"October 16, 10:46 pm","ts":1665940613,"status":200,"resp_time":0.154877}
{"time":"October 16, 11:16 pm","ts":1665942379,"status":200,"resp_time":0.520464}
{"time":"October 16, 11:29 pm","ts":1665943170,"status":200,"resp_time":0.189885}
{"time":"October 17, 12:05 am","ts":1665945301,"status":200,"resp_time":0.331673}
{"time":"October 17, 12:27 am","ts":1665946675,"status":200,"resp_time":0.163288}
{"time":"October 17, 12:54 am","ts":1665948240,"status":200,"resp_time":0.314544}
{"time":"October 17, 1:10 am","ts":1665949224,"status":200,"resp_time":0.694096}
{"time":"October 17, 1:25 am","ts":1665950138,"status":200,"resp_time":0.311809}
{"time":"October 17, 1:53 am","ts":1665951795,"status":200,"resp_time":0.132503}
{"time":"October 17, 2:17 am","ts":1665953224,"status":200,"resp_time":0.205874}
{"time":"October 17, 2:28 am","ts":1665953930,"status":200,"resp_time":0.272793}
{"time":"October 17, 2:56 am","ts":1665955574,"status":200,"resp_time":0.23748}
{"time":"October 17, 3:15 am","ts":1665956710,"status":200,"resp_time":0.13586}
{"time":"October 17, 3:26 am","ts":1665957374,"status":200,"resp_time":0.249626}
{"time":"October 17, 3:52 am","ts":1665958946,"status":200,"resp_time":0.174883}
{"time":"October 17, 4:16 am","ts":1665960391,"status":200,"resp_time":0.105681}
{"time":"October 17, 4:27 am","ts":1665961079,"status":200,"resp_time":0.342422}
{"time":"October 17, 5:03 am","ts":1665963205,"status":200,"resp_time":0.182938}
{"time":"October 17, 5:25 am","ts":1665964558,"status":200,"resp_time":0.239321}
{"time":"October 17, 7:59 am","ts":1665973792,"status":200,"resp_time":0.099933}
{"time":"October 17, 10:19 am","ts":1665982152,"status":200,"resp_time":0.402101}
{"time":"October 17, 11:38 am","ts":1665986891,"status":200,"resp_time":0.25191}
{"time":"October 17, 12:37 pm","ts":1665990474,"status":200,"resp_time":0.232336}
{"time":"October 17, 1:26 pm","ts":1665993387,"status":200,"resp_time":0.219578}
{"time":"October 17, 2:09 pm","ts":1665995995,"status":200,"resp_time":0.249038}
{"time":"October 17, 2:46 pm","ts":1665998166,"status":200,"resp_time":0.232515}
{"time":"October 17, 3:22 pm","ts":1666000367,"status":200,"resp_time":0.191064}
{"time":"October 17, 3:56 pm","ts":1666002408,"status":200,"resp_time":0.083795}
{"time":"October 17, 4:26 pm","ts":1666004198,"status":200,"resp_time":0.240723}
{"time":"October 17, 4:53 pm","ts":1666005813,"status":200,"resp_time":0.174105}
{"time":"October 17, 5:14 pm","ts":1666007062,"status":200,"resp_time":0.141298}
{"time":"October 17, 5:26 pm","ts":1666007780,"status":200,"resp_time":0.14904}
{"time":"October 17, 6:24 pm","ts":1666011264,"status":200,"resp_time":0.090533}
{"time":"October 17, 7:30 pm","ts":1666015244,"status":200,"resp_time":0.157826}
{"time":"October 17, 8:14 pm","ts":1666017872,"status":200,"resp_time":0.234696}
{"time":"October 17, 8:31 pm","ts":1666018903,"status":200,"resp_time":0.282826}
{"time":"October 17, 9:12 pm","ts":1666021343,"status":200,"resp_time":0.224985}
{"time":"October 17, 9:43 pm","ts":1666023192,"status":200,"resp_time":0.152366}
{"time":"October 17, 10:40 pm","ts":1666026613,"status":200,"resp_time":0.32827}
{"time":"October 17, 11:30 pm","ts":1666029605,"status":200,"resp_time":0.142904}
{"time":"October 18, 12:20 am","ts":1666032651,"status":200,"resp_time":0.251211}
{"time":"October 18, 1:00 am","ts":1666035033,"status":200,"resp_time":0.247336}
{"time":"October 18, 1:22 am","ts":1666036377,"status":200,"resp_time":0.184005}
{"time":"October 18, 1:52 am","ts":1666038168,"status":200,"resp_time":0.298049}
{"time":"October 18, 2:18 am","ts":1666039716,"status":200,"resp_time":0.150807}
{"time":"October 18, 2:30 am","ts":1666040429,"status":200,"resp_time":0.287257}
{"time":"October 18, 3:00 am","ts":1666042259,"status":200,"resp_time":0.279065}
{"time":"October 18, 3:22 am","ts":1666043531,"status":200,"resp_time":0.264008}
{"time":"October 18, 3:51 am","ts":1666045308,"status":200,"resp_time":0.121626}
{"time":"October 18, 4:18 am","ts":1666046923,"status":200,"resp_time":0.153124}
{"time":"October 18, 4:30 am","ts":1666047619,"status":200,"resp_time":0.095459}
{"time":"October 18, 5:05 am","ts":1666049755,"status":200,"resp_time":0.083492}
{"time":"October 18, 5:27 am","ts":1666051055,"status":200,"resp_time":0.300711}
{"time":"October 18, 8:12 am","ts":1666060967,"status":200,"resp_time":0.186773}
{"time":"October 18, 10:11 am","ts":1666068106,"status":200,"resp_time":0.171556}
{"time":"October 18, 11:31 am","ts":1666072879,"status":200,"resp_time":0.211046}
{"time":"October 18, 12:36 pm","ts":1666076775,"status":200,"resp_time":0.113117}
{"time":"October 18, 1:20 pm","ts":1666079403,"status":200,"resp_time":0.125417}
{"time":"October 18, 1:44 pm","ts":1666080844,"status":200,"resp_time":0.14417}
{"time":"October 18, 2:27 pm","ts":1666083438,"status":200,"resp_time":0.154187}
{"time":"October 18, 3:05 pm","ts":1666085709,"status":200,"resp_time":0.131088}
{"time":"October 18, 3:28 pm","ts":1666087119,"status":200,"resp_time":0.154922}
{"time":"October 18, 4:04 pm","ts":1666089291,"status":200,"resp_time":0.294305}
{"time":"October 18, 4:28 pm","ts":1666090734,"status":200,"resp_time":0.212204}
{"time":"October 18, 4:56 pm","ts":1666092378,"status":200,"resp_time":0.238656}
{"time":"October 18, 5:14 pm","ts":1666093464,"status":200,"resp_time":0.210209}
{"time":"October 18, 5:26 pm","ts":1666094167,"status":200,"resp_time":0.096853}
{"time":"October 18, 6:20 pm","ts":1666097429,"status":200,"resp_time":0.186686}
{"time":"October 18, 7:28 pm","ts":1666101490,"status":200,"resp_time":0.215999}
{"time":"October 18, 8:06 pm","ts":1666103782,"status":200,"resp_time":0.264337}
{"time":"October 18, 8:27 pm","ts":1666105021,"status":200,"resp_time":0.217278}
{"time":"October 18, 9:02 pm","ts":1666107127,"status":200,"resp_time":1.320559}
{"time":"October 18, 9:30 pm","ts":1666108827,"status":200,"resp_time":0.313902}
{"time":"October 18, 10:26 pm","ts":1666112171,"status":200,"resp_time":0.163429}
{"time":"October 18, 11:09 pm","ts":1666114785,"status":200,"resp_time":0.218113}
{"time":"October 18, 11:35 pm","ts":1666116300,"status":200,"resp_time":0.279953}
{"time":"October 19, 12:21 am","ts":1666119064,"status":200,"resp_time":0.232268}
{"time":"October 19, 12:54 am","ts":1666121062,"status":200,"resp_time":0.105228}
{"time":"October 19, 1:14 am","ts":1666122294,"status":200,"resp_time":0.213426}
