{"time":"August 14, 4:59 pm","ts":1660476561,"status":200,"resp_time":0.143504}
{"time":"August 14, 5:10 pm","ts":1660477206,"status":200,"resp_time":0.173908}
{"time":"August 14, 5:20 pm","ts":1660477838,"status":200,"resp_time":0.811186}
{"time":"August 14, 6:00 pm","ts":1660480206,"status":200,"resp_time":0.151251}
{"time":"August 14, 6:34 pm","ts":1660482293,"status":200,"resp_time":0.242885}
{"time":"August 14, 7:06 pm","ts":1660484215,"status":200,"resp_time":0.246755}
{"time":"August 14, 7:19 pm","ts":1660484987,"status":200,"resp_time":0.188323}
{"time":"August 14, 7:30 pm","ts":1660485616,"status":200,"resp_time":0.204239}
{"time":"August 14, 7:55 pm","ts":1660487124,"status":200,"resp_time":0.456067}
{"time":"August 14, 8:08 pm","ts":1660487915,"status":200,"resp_time":0.233047}
{"time":"August 14, 8:18 pm","ts":1660488531,"status":200,"resp_time":0.243997}
{"time":"August 14, 8:29 pm","ts":1660489148,"status":200,"resp_time":0.134069}
{"time":"August 14, 8:55 pm","ts":1660490717,"status":200,"resp_time":0.404345}
{"time":"August 14, 9:11 pm","ts":1660491708,"status":200,"resp_time":0.427609}
{"time":"August 14, 9:25 pm","ts":1660492532,"status":200,"resp_time":0.211087}
{"time":"August 14, 9:53 pm","ts":1660494188,"status":200,"resp_time":0.24265}
{"time":"August 14, 10:22 pm","ts":1660495958,"status":200,"resp_time":0.174914}
{"time":"August 14, 10:46 pm","ts":1660497401,"status":200,"resp_time":0.15828}
{"time":"August 14, 11:03 pm","ts":1660498404,"status":200,"resp_time":0.109493}
{"time":"August 14, 11:15 pm","ts":1660499133,"status":200,"resp_time":0.179204}
{"time":"August 14, 11:25 pm","ts":1660499749,"status":200,"resp_time":0.119708}
{"time":"August 14, 11:51 pm","ts":1660501284,"status":200,"resp_time":0.232749}
{"time":"August 15, 12:14 am","ts":1660502661,"status":200,"resp_time":0.58479}
{"time":"August 15, 12:25 am","ts":1660503333,"status":200,"resp_time":0.22049}
{"time":"August 15, 12:44 am","ts":1660504447,"status":200,"resp_time":0.110952}
{"time":"August 15, 12:57 am","ts":1660505230,"status":200,"resp_time":0.076886}
{"time":"August 15, 1:08 am","ts":1660505911,"status":200,"resp_time":0.252621}
{"time":"August 15, 1:18 am","ts":1660506521,"status":200,"resp_time":0.096929}
{"time":"August 15, 1:29 am","ts":1660507145,"status":200,"resp_time":0.230791}
{"time":"August 15, 1:54 am","ts":1660508670,"status":200,"resp_time":0.114011}
{"time":"August 15, 2:09 am","ts":1660509582,"status":200,"resp_time":0.224702}
{"time":"August 15, 2:20 am","ts":1660510200,"status":200,"resp_time":0.234872}
{"time":"August 15, 2:30 am","ts":1660510814,"status":200,"resp_time":0.226542}
{"time":"August 15, 2:55 am","ts":1660512307,"status":200,"resp_time":0.185699}
{"time":"August 15, 3:08 am","ts":1660513101,"status":200,"resp_time":0.152514}
{"time":"August 15, 3:18 am","ts":1660513720,"status":200,"resp_time":0.310411}
{"time":"August 15, 3:28 am","ts":1660514331,"status":200,"resp_time":0.213565}
{"time":"August 15, 3:53 am","ts":1660515824,"status":200,"resp_time":0.227801}
{"time":"August 15, 4:09 am","ts":1660516790,"status":200,"resp_time":0.219738}
{"time":"August 15, 4:20 am","ts":1660517410,"status":200,"resp_time":0.105764}
{"time":"August 15, 4:31 am","ts":1660518076,"status":200,"resp_time":0.242598}
{"time":"August 15, 4:56 am","ts":1660519614,"status":200,"resp_time":0.15358}
{"time":"August 15, 5:10 am","ts":1660520454,"status":200,"resp_time":0.177404}
{"time":"August 15, 5:25 am","ts":1660521339,"status":200,"resp_time":0.200223}
{"time":"August 15, 7:26 am","ts":1660528609,"status":200,"resp_time":0.136255}
{"time":"August 15, 9:28 am","ts":1660535910,"status":200,"resp_time":0.185287}
{"time":"August 15, 10:38 am","ts":1660540123,"status":200,"resp_time":0.318637}
{"time":"August 15, 11:14 am","ts":1660542266,"status":200,"resp_time":0.168589}
{"time":"August 15, 11:27 am","ts":1660543055,"status":200,"resp_time":0.223571}
{"time":"August 15, 12:01 pm","ts":1660545068,"status":200,"resp_time":0.160022}
{"time":"August 15, 12:25 pm","ts":1660546520,"status":200,"resp_time":0.212044}
{"time":"August 15, 12:45 pm","ts":1660547743,"status":200,"resp_time":0.110368}
{"time":"August 15, 1:01 pm","ts":1660548711,"status":200,"resp_time":0.075234}
{"time":"August 15, 1:15 pm","ts":1660549537,"status":200,"resp_time":0.243923}
{"time":"August 15, 1:26 pm","ts":1660550165,"status":200,"resp_time":0.161974}
{"time":"August 15, 1:54 pm","ts":1660551858,"status":200,"resp_time":0.201123}
{"time":"August 15, 2:16 pm","ts":1660553161,"status":200,"resp_time":0.209017}
{"time":"August 15, 2:26 pm","ts":1660553818,"status":200,"resp_time":0.143741}
{"time":"August 15, 2:51 pm","ts":1660555292,"status":200,"resp_time":0.176523}
{"time":"August 15, 3:10 pm","ts":1660556451,"status":200,"resp_time":0.092945}
{"time":"August 15, 3:25 pm","ts":1660557338,"status":200,"resp_time":0.243058}
{"time":"August 15, 3:50 pm","ts":1660558858,"status":200,"resp_time":0.280943}
{"time":"August 15, 4:13 pm","ts":1660560205,"status":200,"resp_time":0.148592}
{"time":"August 15, 4:25 pm","ts":1660560929,"status":200,"resp_time":0.188559}
{"time":"August 15, 4:44 pm","ts":1660562098,"status":200,"resp_time":0.189025}
{"time":"August 15, 5:00 pm","ts":1660563011,"status":200,"resp_time":0.076233}
{"time":"August 15, 5:11 pm","ts":1660563672,"status":200,"resp_time":0.193042}
{"time":"August 15, 5:25 pm","ts":1660564537,"status":200,"resp_time":0.204325}
{"time":"August 15, 6:07 pm","ts":1660567034,"status":200,"resp_time":0.2378}
{"time":"August 15, 6:56 pm","ts":1660569976,"status":200,"resp_time":0.666238}
{"time":"August 15, 7:28 pm","ts":1660571888,"status":200,"resp_time":0.215765}
{"time":"August 15, 7:55 pm","ts":1660573548,"status":200,"resp_time":0.237277}
{"time":"August 15, 8:11 pm","ts":1660574499,"status":200,"resp_time":0.151966}
{"time":"August 15, 8:25 pm","ts":1660575341,"status":200,"resp_time":0.197412}
{"time":"August 15, 8:50 pm","ts":1660576856,"status":200,"resp_time":0.195806}
{"time":"August 15, 9:14 pm","ts":1660578287,"status":200,"resp_time":0.229745}
{"time":"August 15, 9:25 pm","ts":1660578945,"status":200,"resp_time":0.24297}
{"time":"August 15, 9:57 pm","ts":1660580821,"status":200,"resp_time":0.206675}
{"time":"August 15, 10:32 pm","ts":1660582926,"status":200,"resp_time":0.164679}
{"time":"August 15, 11:03 pm","ts":1660584828,"status":200,"resp_time":0.279043}
{"time":"August 15, 11:19 pm","ts":1660585773,"status":200,"resp_time":0.118921}
{"time":"August 15, 11:29 pm","ts":1660586387,"status":200,"resp_time":0.291455}
{"time":"August 16, 12:02 am","ts":1660588345,"status":200,"resp_time":0.271047}
{"time":"August 16, 12:23 am","ts":1660589638,"status":200,"resp_time":0.173438}
{"time":"August 16, 12:43 am","ts":1660590824,"status":200,"resp_time":0.314245}
{"time":"August 16, 12:58 am","ts":1660591688,"status":200,"resp_time":0.259448}
{"time":"August 16, 1:09 am","ts":1660592370,"status":200,"resp_time":0.263679}
{"time":"August 16, 1:19 am","ts":1660592991,"status":200,"resp_time":0.220383}
{"time":"August 16, 1:30 am","ts":1660593611,"status":200,"resp_time":0.325272}
{"time":"August 16, 1:56 am","ts":1660595183,"status":200,"resp_time":0.20822}
{"time":"August 16, 2:11 am","ts":1660596113,"status":200,"resp_time":0.091976}
{"time":"August 16, 2:25 am","ts":1660596943,"status":200,"resp_time":0.273243}
{"time":"August 16, 2:46 am","ts":1660598178,"status":200,"resp_time":0.282343}
{"time":"August 16, 3:03 am","ts":1660599199,"status":200,"resp_time":0.163373}
{"time":"August 16, 3:16 am","ts":1660599973,"status":200,"resp_time":0.332452}
{"time":"August 16, 3:26 am","ts":1660600593,"status":200,"resp_time":0.160157}
{"time":"August 16, 3:51 am","ts":1660602109,"status":200,"resp_time":0.131456}
{"time":"August 16, 4:11 am","ts":1660603280,"status":200,"resp_time":0.113291}
{"time":"August 16, 4:25 am","ts":1660604143,"status":200,"resp_time":0.109659}
{"time":"August 16, 4:48 am","ts":1660605515,"status":200,