{"time":"November 8, 5:11 pm","ts":1667907671,"status":200,"resp_time":0.206885}
{"time":"November 8, 5:25 pm","ts":1667908536,"status":200,"resp_time":0.202159}
{"time":"November 8, 7:00 pm","ts":1667914214,"status":200,"resp_time":0.144868}
{"time":"November 8, 7:31 pm","ts":1667916074,"status":200,"resp_time":0.076861}
{"time":"November 8, 8:02 pm","ts":1667917971,"status":200,"resp_time":0.304663}
{"time":"November 8, 8:19 pm","ts":1667918974,"status":200,"resp_time":0.241718}
{"time":"November 8, 8:29 pm","ts":1667919587,"status":200,"resp_time":0.126203}
{"time":"November 8, 8:57 pm","ts":1667921270,"status":200,"resp_time":0.611066}
{"time":"November 8, 9:15 pm","ts":1667922349,"status":200,"resp_time":0.34473}
{"time":"November 8, 9:26 pm","ts":1667922976,"status":200,"resp_time":0.303907}
{"time":"November 8, 10:02 pm","ts":1667925159,"status":200,"resp_time":0.185627}
{"time":"November 8, 10:36 pm","ts":1667927191,"status":200,"resp_time":0.199037}
{"time":"November 8, 11:05 pm","ts":1667928900,"status":200,"resp_time":0.088578}
{"time":"November 8, 11:20 pm","ts":1667929800,"status":200,"resp_time":0.283996}
{"time":"November 8, 11:30 pm","ts":1667930423,"status":200,"resp_time":0.165854}
{"time":"November 9, 12:41 am","ts":1667934701,"status":200,"resp_time":0.236048}
{"time":"November 9, 1:06 am","ts":1667936197,"status":200,"resp_time":0.310291}
{"time":"November 9, 1:17 am","ts":1667936874,"status":200,"resp_time":0.329453}
{"time":"November 9, 1:28 am","ts":1667937493,"status":200,"resp_time":0.164104}
{"time":"November 9, 1:57 am","ts":1667939279,"status":200,"resp_time":0.135692}
{"time":"November 9, 2:14 am","ts":1667940273,"status":200,"resp_time":0.158858}
{"time":"November 9, 2:46 am","ts":1667942212,"status":200,"resp_time":0.275033}
{"time":"November 9, 3:02 am","ts":1667943178,"status":200,"resp_time":0.188982}
{"time":"November 9, 3:16 am","ts":1667943963,"status":200,"resp_time":0.245768}
{"time":"November 9, 3:26 am","ts":1667944583,"status":200,"resp_time":0.176414}
{"time":"November 9, 3:51 am","ts":1667946091,"status":200,"resp_time":0.263114}
{"time":"November 9, 4:11 am","ts":1667947316,"status":200,"resp_time":0.138942}
{"time":"November 9, 4:25 am","ts":1667948138,"status":200,"resp_time":0.24581}
{"time":"November 9, 4:50 am","ts":1667949654,"status":200,"resp_time":0.255437}
{"time":"November 9, 5:26 am","ts":1667951761,"status":200,"resp_time":0.18155}
{"time":"November 9, 7:26 am","ts":1667959005,"status":200,"resp_time":0.169045}
{"time":"November 9, 9:11 am","ts":1667965307,"status":200,"resp_time":0.143513}
{"time":"November 9, 10:01 am","ts":1667968263,"status":200,"resp_time":0.093925}
{"time":"November 9, 10:46 am","ts":1667970989,"status":200,"resp_time":0.104814}
{"time":"November 9, 11:12 am","ts":1667972576,"status":200,"resp_time":0.257113}
{"time":"November 9, 11:25 am","ts":1667973331,"status":200,"resp_time":0.170953}
{"time":"November 9, 11:59 am","ts":1667975365,"status":200,"resp_time":0.15105}
{"time":"November 9, 12:27 pm","ts":1667977026,"status":200,"resp_time":0.200443}
{"time":"November 9, 12:51 pm","ts":1667978464,"status":200,"resp_time":0.136942}
{"time":"November 9, 1:08 pm","ts":1667979539,"status":200,"resp_time":0.164761}
{"time":"November 9, 1:19 pm","ts":1667980174,"status":200,"resp_time":0.498596}
{"time":"November 9, 1:29 pm","ts":1667980790,"status":200,"resp_time":0.281768}
{"time":"November 9, 2:03 pm","ts":1667982825,"status":200,"resp_time":0.168753}
{"time":"November 9, 2:22 pm","ts":1667983952,"status":200,"resp_time":0.401293}
{"time":"November 9, 2:47 pm","ts":1667985463,"status":200,"resp_time":0.171028}
{"time":"November 9, 3:06 pm","ts":1667986569,"status":200,"resp_time":0.241449}
{"time":"November 9, 3:18 pm","ts":1667987294,"status":200,"resp_time":0.070973}
{"time":"November 9, 3:28 pm","ts":1667987923,"status":200,"resp_time":0.138779}
{"time":"November 9, 3:57 pm","ts":1667989649,"status":200,"resp_time":0.076133}
{"time":"November 9, 4:15 pm","ts":1667990708,"status":200,"resp_time":0.687215}
{"time":"November 9, 4:25 pm","ts":1667991343,"status":200,"resp_time":0.227611}
{"time":"November 9, 4:47 pm","ts":1667992622,"status":200,"resp_time":0.220768}
{"time":"November 9, 5:01 pm","ts":1667993491,"status":200,"resp_time":0.183839}
{"time":"November 9, 5:15 pm","ts":1667994339,"status":200,"resp_time":0.194525}
{"time":"November 9, 5:25 pm","ts":1667994959,"status":200,"resp_time":0.570806}
{"time":"November 9, 6:14 pm","ts":1667997873,"status":200,"resp_time":0.130266}
{"time":"November 9, 7:04 pm","ts":1668000844,"status":200,"resp_time":0.211925}
{"time":"November 9, 7:34 pm","ts":1668002652,"status":200,"resp_time":0.212092}
{"time":"November 9, 8:02 pm","ts":1668004325,"status":200,"resp_time":0.235623}
{"time":"November 9, 8:19 pm","ts":1668005369,"status":200,"resp_time":0.324903}
{"time":"November 9, 8:29 pm","ts":1668005983,"status":200,"resp_time":0.301179}
{"time":"November 9, 8:59 pm","ts":1668007758,"status":200,"resp_time":0.157644}
{"time":"November 9, 9:17 pm","ts":1668008858,"status":200,"resp_time":0.556327}
{"time":"November 9, 9:28 pm","ts":1668009488,"status":200,"resp_time":0.236173}
{"time":"November 9, 10:05 pm","ts":1668011729,"status":200,"resp_time":0.320362}
{"time":"November 9, 10:32 pm","ts":1668013357,"status":200,"resp_time":0.241911}
{"time":"November 9, 11:02 pm","ts":1668015120,"status":200,"resp_time":0.310974}
{"time":"November 9, 11:18 pm","ts":1668016099,"status":200,"resp_time":0.311185}
{"time":"November 9, 11:28 pm","ts":1668016721,"status":200,"resp_time":0.172845}
{"time":"November 10, 12:00 am","ts":1668018646,"status":200,"resp_time":0.097915}
{"time":"November 10, 12:22 am","ts":1668019963,"status":200,"resp_time":0.222305}
{"time":"November 10, 12:44 am","ts":1668021256,"status":200,"resp_time":0.224611}
{"time":"November 10, 12:57 am","ts":1668022069,"status":200,"resp_time":0.197072}
{"time":"November 10, 1:09 am","ts":1668022749,"status":200,"resp_time":0.330949}
{"time":"November 10, 1:19 am","ts":1668023374,"status":200,"resp_time":0.139742}
{"time":"November 10, 1:30 am","ts":1668024007,"status":200,"resp_time":0.193869}
{"time":"November 10, 1:57 am","ts":1668025648,"status":200,"resp_time":0.116555}
{"time":"November 10, 2:13 am","ts":1668026624,"status":200,"resp_time":0.166587}
{"time":"November 10, 2:25 am","ts":1668027339,"status":200,"resp_time":0.270795}
{"time":"November 10, 2:49 am","ts":1668028780,"status":200,"resp_time":0.223011}
{"time":"November 10, 3:06 am","ts":1668029808,"status":200,"resp_time":0.223782}
{"time":"November 10, 3:18 am","ts":1668030502,"status":200,"resp_time":0.22172}
{"time":"November 10, 3:28 am","ts":1668031123,"status":200,"resp_time":0.347821}
{"time":"November 10, 3:54 am","ts":1668032690,"status":200,"resp_time":0.131048}
{"time":"November 10, 4:11 am","ts":1668033684,"status":200,"resp_time":0.273561}
{"time":"November 10, 4:25 am","ts":1668034536,"status":200,"resp_time":0.299741}
{"time":"November 10, 4:52 am","ts":1668036150,"status":200,"resp_time":0.321633}
{"time":"November 10, 7:17 am","ts":1668044827,"status":200,"resp_time":0.347871}
{"time":"November 10, 8:48 am","ts":1668050314,"status":200,"resp_time":0.188415}
{"time":"November 10, 9:36 am","ts":1668053204,"status":200,"resp_time":0.186882}
{"time":"November 10, 10:25 am","ts":1668056101,"status":200,"resp_time":0.175554}
