{"time":"August 27, 2:11 am","ts":1661546471,"status":200,"resp_time":0.172996}
{"time":"August 27, 2:25 am","ts":1661547329,"status":200,"resp_time":0.224154}
{"time":"August 27, 2:45 am","ts":1661548523,"status":200,"resp_time":0.229579}
{"time":"August 27, 3:01 am","ts":1661549492,"status":200,"resp_time":0.259752}
{"time":"August 27, 3:15 am","ts":1661550355,"status":200,"resp_time":0.309733}
{"time":"August 27, 3:26 am","ts":1661550973,"status":200,"resp_time":0.234007}
{"time":"August 27, 3:49 am","ts":1661552372,"status":200,"resp_time":0.566213}
{"time":"August 27, 4:07 am","ts":1661553422,"status":200,"resp_time":0.193377}
{"time":"August 27, 4:18 am","ts":1661554093,"status":200,"resp_time":0.087969}
{"time":"August 27, 4:28 am","ts":1661554708,"status":200,"resp_time":0.255447}
{"time":"August 27, 4:54 am","ts":1661556269,"status":200,"resp_time":0.221281}
{"time":"August 27, 5:11 am","ts":1661557273,"status":200,"resp_time":0.193797}
{"time":"August 27, 5:25 am","ts":1661558136,"status":200,"resp_time":0.261194}
{"time":"August 27, 7:31 am","ts":1661565706,"status":200,"resp_time":0.140387}
{"time":"August 27, 9:35 am","ts":1661573130,"status":200,"resp_time":0.127919}
{"time":"August 27, 10:34 am","ts":1661576653,"status":200,"resp_time":0.258495}
{"time":"August 27, 11:06 am","ts":1661578566,"status":200,"resp_time":0.292049}
{"time":"August 27, 11:20 am","ts":1661579449,"status":200,"resp_time":0.090422}
{"time":"August 27, 11:50 am","ts":1661581249,"status":200,"resp_time":0.154301}
{"time":"August 27, 12:16 pm","ts":1661582803,"status":200,"resp_time":0.19762}
{"time":"August 27, 12:27 pm","ts":1661583437,"status":200,"resp_time":0.163674}
{"time":"August 27, 12:50 pm","ts":1661584808,"status":200,"resp_time":0.270141}
{"time":"August 27, 1:03 pm","ts":1661585601,"status":200,"resp_time":0.114874}
{"time":"August 27, 1:15 pm","ts":1661586333,"status":200,"resp_time":0.247252}
{"time":"August 27, 1:25 pm","ts":1661586950,"status":200,"resp_time":0.177708}
{"time":"August 27, 1:53 pm","ts":1661588593,"status":200,"resp_time":0.263877}
{"time":"August 27, 2:15 pm","ts":1661589913,"status":200,"resp_time":0.115816}
{"time":"August 27, 2:26 pm","ts":1661590591,"status":200,"resp_time":0.238749}
{"time":"August 27, 2:49 pm","ts":1661591969,"status":200,"resp_time":0.085}
{"time":"August 27, 3:05 pm","ts":1661592927,"status":200,"resp_time":0.147992}
{"time":"August 27, 3:16 pm","ts":1661593610,"status":200,"resp_time":0.0974}
{"time":"August 27, 3:27 pm","ts":1661594225,"status":200,"resp_time":0.132083}
{"time":"August 27, 3:53 pm","ts":1661595797,"status":200,"resp_time":0.127091}
{"time":"August 27, 4:11 pm","ts":1661596890,"status":200,"resp_time":0.217636}
{"time":"August 27, 4:25 pm","ts":1661597730,"status":200,"resp_time":0.168314}
{"time":"August 27, 4:44 pm","ts":1661598898,"status":200,"resp_time":0.130506}
{"time":"August 27, 4:59 pm","ts":1661599792,"status":200,"resp_time":0.127115}
{"time":"August 27, 5:10 pm","ts":1661600437,"status":200,"resp_time":0.179392}
{"time":"August 27, 5:25 pm","ts":1661601327,"status":200,"resp_time":0.196709}
{"time":"August 27, 6:05 pm","ts":1661603713,"status":200,"resp_time":0.116286}
{"time":"August 27, 6:42 pm","ts":1661605948,"status":200,"resp_time":0.231024}
{"time":"August 27, 7:11 pm","ts":1661607682,"status":200,"resp_time":0.250298}
{"time":"August 27, 7:25 pm","ts":1661608530,"status":200,"resp_time":0.180637}
{"time":"August 27, 7:45 pm","ts":1661609746,"status":200,"resp_time":0.165708}
{"time":"August 27, 8:01 pm","ts":1661610660,"status":200,"resp_time":0.12956}
{"time":"August 27, 8:15 pm","ts":1661611530,"status":200,"resp_time":0.226361}
{"time":"August 27, 8:25 pm","ts":1661612149,"status":200,"resp_time":0.131334}
{"time":"August 27, 8:48 pm","ts":1661613534,"status":200,"resp_time":0.08305}
{"time":"August 27, 9:07 pm","ts":1661614660,"status":200,"resp_time":0.232242}
{"time":"August 27, 9:20 pm","ts":1661615422,"status":200,"resp_time":0.184876}
{"time":"August 27, 9:52 pm","ts":1661617349,"status":200,"resp_time":0.20893}
{"time":"August 27, 10:23 pm","ts":1661619212,"status":200,"resp_time":0.317372}
{"time":"August 27, 10:47 pm","ts":1661620654,"status":200,"resp_time":0.135666}
{"time":"August 27, 11:04 pm","ts":1661621696,"status":200,"resp_time":0.1816}
{"time":"August 27, 11:15 pm","ts":1661622346,"status":200,"resp_time":0.254194}
{"time":"August 27, 11:26 pm","ts":1661622975,"status":200,"resp_time":0.145766}
{"time":"August 27, 11:53 pm","ts":1661624616,"status":200,"resp_time":0.241041}
{"time":"August 28, 12:15 am","ts":1661625925,"status":200,"resp_time":0.180804}
{"time":"August 28, 12:26 am","ts":1661626572,"status":200,"resp_time":0.275443}
{"time":"August 28, 12:45 am","ts":1661627733,"status":200,"resp_time":0.187372}
{"time":"August 28, 12:57 am","ts":1661628457,"status":200,"resp_time":0.196306}
{"time":"August 28, 1:08 am","ts":1661629136,"status":200,"resp_time":0.109421}
{"time":"August 28, 1:19 am","ts":1661629754,"status":200,"resp_time":0.243716}
{"time":"August 28, 1:29 am","ts":1661630377,"status":200,"resp_time":0.16879}
{"time":"August 28, 1:55 am","ts":1661631929,"status":200,"resp_time":0.244861}
{"time":"August 28, 2:10 am","ts":1661632846,"status":200,"resp_time":0.142894}
{"time":"August 28, 2:25 am","ts":1661633730,"status":200,"resp_time":0.226891}
{"time":"August 28, 2:45 am","ts":1661634954,"status":200,"resp_time":0.217621}
{"time":"August 28, 3:01 am","ts":1661635915,"status":200,"resp_time":0.293756}
{"time":"August 28, 3:15 am","ts":1661636736,"status":200,"resp_time":0.276871}
{"time":"August 28, 3:25 am","ts":1661637355,"status":200,"resp_time":0.114994}
{"time":"August 28, 3:47 am","ts":1661638659,"status":200,"resp_time":0.307803}
{"time":"August 28, 4:04 am","ts":1661639693,"status":200,"resp_time":0.166923}
{"time":"August 28, 4:16 am","ts":1661640382,"status":200,"resp_time":0.265776}
{"time":"August 28, 4:26 am","ts":1661640995,"status":200,"resp_time":0.249461}
{"time":"August 28, 4:50 am","ts":1661642414,"status":200,"resp_time":0.156052}
{"time":"August 28, 5:11 am","ts":1661643663,"status":200,"resp_time":0.238805}
{"time":"August 28, 5:25 am","ts":1661644534,"status":200,"resp_time":0.149124}
{"time":"August 28, 7:39 am","ts":1661652574,"status":200,"resp_time":0.220516}
{"time":"August 28, 9:30 am","ts":1661659242,"status":200,"resp_time":0.135402}
{"time":"August 28, 10:33 am","ts":1661663035,"status":200,"resp_time":0.146913}
{"time":"August 28, 11:06 am","ts":1661664980,"status":200,"resp_time":0.130717}
{"time":"August 28, 11:21 am","ts":1661665867,"status":200,"resp_time":0.248478}
{"time":"August 28, 11:50 am","ts":1661667655,"status":200,"resp_time":0.184508}
{"time":"August 28, 12:16 pm","ts":1661669211,"status":200,"resp_time":0.233982}
{"time":"August 28, 12:27 pm","ts":1661669843,"status":200,"resp_time":0.605579}
{"time":"August 28, 12:50 pm","ts":1661671229,"status":200,"resp_time":0.231867}
{"time":"August 28, 1:07 pm","ts":1661672278,"status":200,"resp_time":0.258751}
{"time":"August 28, 1:18 pm","ts":1661672912,"status":200,"resp_time":0.202707}
{"time":"August 28, 1:28 pm","ts":1661673534,"status":200,"resp_time":0.242011}
{"time":"August 28, 1:59 pm","ts":1661675355,"status":200,"resp_time":0.16571}
