{"time":"August 20, 1:56 am","ts":1660940819,"status":200,"resp_time":0.155629}
{"time":"August 20, 2:13 am","ts":1660941782,"status":200,"resp_time":0.260292}
{"time":"August 20, 2:25 am","ts":1660942537,"status":200,"resp_time":0.124008}
{"time":"August 20, 2:46 am","ts":1660943760,"status":200,"resp_time":0.189867}
{"time":"August 20, 3:02 am","ts":1660944723,"status":200,"resp_time":0.182605}
{"time":"August 20, 3:15 am","ts":1660945546,"status":200,"resp_time":0.114624}
{"time":"August 20, 3:26 am","ts":1660946166,"status":200,"resp_time":0.112853}
{"time":"August 20, 3:51 am","ts":1660947661,"status":200,"resp_time":0.254673}
{"time":"August 20, 4:11 am","ts":1660948915,"status":200,"resp_time":0.082435}
{"time":"August 20, 4:25 am","ts":1660949734,"status":200,"resp_time":0.12823}
{"time":"August 20, 4:47 am","ts":1660951062,"status":200,"resp_time":0.316439}
{"time":"August 20, 5:04 am","ts":1660952073,"status":200,"resp_time":0.194247}
{"time":"August 20, 5:16 am","ts":1660952787,"status":200,"resp_time":0.253141}
{"time":"August 20, 5:26 am","ts":1660953413,"status":200,"resp_time":0.193406}
{"time":"August 20, 7:40 am","ts":1660961455,"status":200,"resp_time":0.305999}
{"time":"August 20, 9:14 am","ts":1660967071,"status":200,"resp_time":0.086921}
{"time":"August 20, 9:47 am","ts":1660969069,"status":200,"resp_time":0.131634}
{"time":"August 20, 10:22 am","ts":1660971131,"status":200,"resp_time":0.34339}
{"time":"August 20, 10:48 am","ts":1660972681,"status":200,"resp_time":0.201564}
{"time":"August 20, 11:04 am","ts":1660973666,"status":200,"resp_time":0.099918}
{"time":"August 20, 11:15 am","ts":1660974329,"status":200,"resp_time":0.222254}
{"time":"August 20, 11:25 am","ts":1660974955,"status":200,"resp_time":0.195047}
{"time":"August 20, 11:52 am","ts":1660976555,"status":200,"resp_time":0.139261}
{"time":"August 20, 12:16 pm","ts":1660977983,"status":200,"resp_time":0.221595}
{"time":"August 20, 12:26 pm","ts":1660978613,"status":200,"resp_time":0.230943}
{"time":"August 20, 12:49 pm","ts":1660979966,"status":200,"resp_time":0.091344}
{"time":"August 20, 1:02 pm","ts":1660980750,"status":200,"resp_time":0.210777}
{"time":"August 20, 1:15 pm","ts":1660981533,"status":200,"resp_time":0.166858}
{"time":"August 20, 1:25 pm","ts":1660982155,"status":200,"resp_time":0.243929}
{"time":"August 20, 1:54 pm","ts":1660983846,"status":200,"resp_time":0.191041}
{"time":"August 20, 2:15 pm","ts":1660985135,"status":200,"resp_time":0.257157}
{"time":"August 20, 2:26 pm","ts":1660985796,"status":200,"resp_time":0.146644}
{"time":"August 20, 2:49 pm","ts":1660987153,"status":200,"resp_time":0.217803}
{"time":"August 20, 3:04 pm","ts":1660988082,"status":200,"resp_time":0.216029}
{"time":"August 20, 3:16 pm","ts":1660988780,"status":200,"resp_time":0.07285}
{"time":"August 20, 3:26 pm","ts":1660989404,"status":200,"resp_time":0.260042}
{"time":"August 20, 3:52 pm","ts":1660990924,"status":200,"resp_time":0.256839}
{"time":"August 20, 4:11 pm","ts":1660992077,"status":200,"resp_time":0.223075}
{"time":"August 20, 4:25 pm","ts":1660992937,"status":200,"resp_time":0.268763}
{"time":"August 20, 4:44 pm","ts":1660994098,"status":200,"resp_time":0.171341}
{"time":"August 20, 4:59 pm","ts":1660994974,"status":200,"resp_time":0.129901}
{"time":"August 20, 5:10 pm","ts":1660995619,"status":200,"resp_time":0.233877}
{"time":"August 20, 5:25 pm","ts":1660996537,"status":200,"resp_time":0.225297}
{"time":"August 20, 6:01 pm","ts":1660998692,"status":200,"resp_time":0.142182}
{"time":"August 20, 6:36 pm","ts":1661000788,"status":200,"resp_time":0.188456}
{"time":"August 20, 7:05 pm","ts":1661002546,"status":200,"resp_time":0.114114}
{"time":"August 20, 7:18 pm","ts":1661003325,"status":200,"resp_time":0.238196}
{"time":"August 20, 7:29 pm","ts":1661003958,"status":200,"resp_time":0.227908}
{"time":"August 20, 7:51 pm","ts":1661005310,"status":200,"resp_time":0.258266}
{"time":"August 20, 8:08 pm","ts":1661006294,"status":200,"resp_time":0.214646}
{"time":"August 20, 8:18 pm","ts":1661006921,"status":200,"resp_time":0.167812}
{"time":"August 20, 8:28 pm","ts":1661007539,"status":200,"resp_time":0.134592}
{"time":"August 20, 8:55 pm","ts":1661009117,"status":200,"resp_time":0.274389}
{"time":"August 20, 9:11 pm","ts":1661010107,"status":200,"resp_time":0.264799}
{"time":"August 20, 9:25 pm","ts":1661010930,"status":200,"resp_time":0.25429}
{"time":"August 20, 9:53 pm","ts":1661012589,"status":200,"resp_time":0.250533}
{"time":"August 20, 10:23 pm","ts":1661014382,"status":200,"resp_time":0.20562}
{"time":"August 20, 10:47 pm","ts":1661015823,"status":200,"resp_time":0.188235}
{"time":"August 20, 11:04 pm","ts":1661016848,"status":200,"resp_time":0.201729}
{"time":"August 20, 11:15 pm","ts":1661017531,"status":200,"resp_time":0.215006}
{"time":"August 20, 11:25 pm","ts":1661018153,"status":200,"resp_time":0.227961}
{"time":"August 20, 11:52 pm","ts":1661019726,"status":200,"resp_time":0.313517}
{"time":"August 21, 12:14 am","ts":1661021084,"status":200,"resp_time":0.206062}
{"time":"August 21, 12:25 am","ts":1661021735,"status":200,"resp_time":0.109638}
{"time":"August 21, 12:44 am","ts":1661022848,"status":200,"resp_time":0.269351}
{"time":"August 21, 12:57 am","ts":1661023646,"status":200,"resp_time":0.309812}
{"time":"August 21, 1:08 am","ts":1661024324,"status":200,"resp_time":0.220949}
{"time":"August 21, 1:19 am","ts":1661024959,"status":200,"resp_time":0.155673}
{"time":"August 21, 1:29 am","ts":1661025579,"status":200,"resp_time":0.25473}
{"time":"August 21, 1:55 am","ts":1661027128,"status":200,"resp_time":0.102215}
{"time":"August 21, 2:10 am","ts":1661028039,"status":200,"resp_time":0.102226}
{"time":"August 21, 2:25 am","ts":1661028944,"status":200,"resp_time":0.186308}
{"time":"August 21, 2:46 am","ts":1661030201,"status":200,"resp_time":0.21001}
{"time":"August 21, 3:04 am","ts":1661031285,"status":200,"resp_time":0.157673}
{"time":"August 21, 3:20 am","ts":1661032231,"status":200,"resp_time":0.150608}
{"time":"August 21, 3:46 am","ts":1661033785,"status":200,"resp_time":0.171878}
{"time":"August 21, 4:04 am","ts":1661034860,"status":200,"resp_time":0.106752}
{"time":"August 21, 4:16 am","ts":1661035568,"status":200,"resp_time":0.197027}
{"time":"August 21, 4:26 am","ts":1661036191,"status":200,"resp_time":0.148116}
{"time":"August 21, 4:48 am","ts":1661037528,"status":200,"resp_time":0.171684}
{"time":"August 21, 5:03 am","ts":1661038431,"status":200,"resp_time":0.195486}
{"time":"August 21, 5:15 am","ts":1661039157,"status":200,"resp_time":0.161473}
{"time":"August 21, 5:26 am","ts":1661039775,"status":200,"resp_time":0.262735}
{"time":"August 21, 7:27 am","ts":1661047031,"status":200,"resp_time":0.155005}
{"time":"August 21, 9:13 am","ts":1661053429,"status":200,"resp_time":0.205703}
{"time":"August 21, 9:51 am","ts":1661055666,"status":200,"resp_time":0.212867}
{"time":"August 21, 10:23 am","ts":1661057625,"status":200,"resp_time":0.243892}
{"time":"August 21, 10:48 am","ts":1661059099,"status":200,"resp_time":0.266959}
{"time":"August 21, 11:05 am","ts":1661060103,"status":200,"resp_time":0.240804}
{"time":"August 21, 11:15 am","ts":1661060734,"status":200,"resp_time":0.224451}
{"time":"August 21, 11:25 am","ts":1661061358,"status":200,"resp_time":0.17069}
{"time":"August 21, 11:53 am","ts":1661062997,"status":200,"resp_time":0.279892}
