{"time":"November 14, 1:08 pm","ts":1668411510,"status":200,"resp_time":0.226497}
{"time":"November 14, 1:19 pm","ts":1668412144,"status":200,"resp_time":0.121678}
{"time":"November 14, 1:29 pm","ts":1668412763,"status":200,"resp_time":0.640572}
{"time":"November 14, 2:04 pm","ts":1668414855,"status":200,"resp_time":0.068771}
{"time":"November 14, 2:23 pm","ts":1668415997,"status":200,"resp_time":0.086429}
{"time":"November 14, 2:48 pm","ts":1668417503,"status":200,"resp_time":0.079948}
{"time":"November 14, 3:07 pm","ts":1668418627,"status":200,"resp_time":0.196132}
{"time":"November 14, 3:19 pm","ts":1668419344,"status":200,"resp_time":0.14448}
{"time":"November 14, 3:29 pm","ts":1668419974,"status":200,"resp_time":0.089634}
{"time":"November 14, 3:59 pm","ts":1668421789,"status":200,"resp_time":0.144425}
{"time":"November 14, 4:18 pm","ts":1668422880,"status":200,"resp_time":0.210197}
{"time":"November 14, 4:28 pm","ts":1668423499,"status":200,"resp_time":0.247504}
{"time":"November 14, 4:51 pm","ts":1668424906,"status":200,"resp_time":0.195021}
{"time":"November 14, 5:08 pm","ts":1668425890,"status":200,"resp_time":0.096391}
{"time":"November 14, 5:18 pm","ts":1668426513,"status":200,"resp_time":0.111311}
{"time":"November 14, 5:28 pm","ts":1668427135,"status":200,"resp_time":0.118657}
{"time":"November 14, 6:29 pm","ts":1668430771,"status":200,"resp_time":0.254484}
{"time":"November 14, 7:23 pm","ts":1668434007,"status":200,"resp_time":0.15008}
{"time":"November 14, 7:51 pm","ts":1668435661,"status":200,"resp_time":0.155897}
{"time":"November 14, 8:12 pm","ts":1668436939,"status":200,"resp_time":0.228967}
{"time":"November 14, 8:25 pm","ts":1668437732,"status":200,"resp_time":0.072084}
{"time":"November 14, 8:50 pm","ts":1668439241,"status":200,"resp_time":0.382}
{"time":"November 14, 9:12 pm","ts":1668440572,"status":200,"resp_time":0.229004}
{"time":"November 14, 9:25 pm","ts":1668441330,"status":200,"resp_time":0.163243}
{"time":"November 14, 9:56 pm","ts":1668443206,"status":200,"resp_time":0.357189}
{"time":"November 14, 10:33 pm","ts":1668445406,"status":200,"resp_time":0.199215}
{"time":"November 14, 11:12 pm","ts":1668447769,"status":200,"resp_time":0.188728}
{"time":"November 14, 11:29 pm","ts":1668448746,"status":200,"resp_time":0.298933}
{"time":"November 15, 12:01 am","ts":1668450698,"status":200,"resp_time":0.15353}
{"time":"November 15, 12:23 am","ts":1668451986,"status":200,"resp_time":0.133999}
{"time":"November 15, 12:44 am","ts":1668453261,"status":200,"resp_time":0.192141}
{"time":"November 15, 12:57 am","ts":1668454079,"status":200,"resp_time":0.133009}
{"time":"November 15, 1:09 am","ts":1668454770,"status":200,"resp_time":0.283884}
{"time":"November 15, 1:19 am","ts":1668455387,"status":200,"resp_time":0.098898}
{"time":"November 15, 1:30 am","ts":1668456001,"status":200,"resp_time":0.360247}
{"time":"November 15, 1:57 am","ts":1668457630,"status":200,"resp_time":0.226224}
{"time":"November 15, 2:13 am","ts":1668458625,"status":200,"resp_time":0.428609}
{"time":"November 15, 2:25 am","ts":1668459348,"status":200,"resp_time":0.102988}
{"time":"November 15, 2:47 am","ts":1668460647,"status":200,"resp_time":0.10396}
{"time":"November 15, 3:04 am","ts":1668461648,"status":200,"resp_time":0.166252}
{"time":"November 15, 3:27 am","ts":1668463034,"status":200,"resp_time":0.290918}
{"time":"November 15, 3:57 am","ts":1668464861,"status":200,"resp_time":0.233559}
{"time":"November 15, 4:15 am","ts":1668465946,"status":200,"resp_time":0.279104}
{"time":"November 15, 4:26 am","ts":1668466563,"status":200,"resp_time":0.210318}
{"time":"November 15, 4:49 am","ts":1668467962,"status":200,"resp_time":0.104475}
{"time":"November 15, 5:04 am","ts":1668468896,"status":200,"resp_time":0.148916}
{"time":"November 15, 5:16 am","ts":1668469582,"status":200,"resp_time":0.134776}
{"time":"November 15, 5:26 am","ts":1668470205,"status":200,"resp_time":0.185711}
{"time":"November 15, 7:22 am","ts":1668477122,"status":200,"resp_time":0.242274}
{"time":"November 15, 8:44 am","ts":1668482046,"status":200,"resp_time":0.377423}
{"time":"November 15, 9:24 am","ts":1668484497,"status":200,"resp_time":0.112033}
{"time":"November 15, 9:55 am","ts":1668486338,"status":200,"resp_time":0.198758}
{"time":"November 15, 10:18 am","ts":1668487730,"status":200,"resp_time":0.242986}
{"time":"November 15, 10:29 am","ts":1668488348,"status":200,"resp_time":0.110325}
{"time":"November 15, 10:52 am","ts":1668489738,"status":200,"resp_time":0.245368}
{"time":"November 15, 11:07 am","ts":1668490675,"status":200,"resp_time":0.235104}
{"time":"November 15, 11:18 am","ts":1668491308,"status":200,"resp_time":0.16412}
{"time":"November 15, 11:28 am","ts":1668491931,"status":200,"resp_time":0.14105}
{"time":"November 15, 11:59 am","ts":1668493781,"status":200,"resp_time":0.417405}
{"time":"November 15, 12:17 pm","ts":1668494870,"status":200,"resp_time":0.162286}
{"time":"November 15, 12:28 pm","ts":1668495489,"status":200,"resp_time":0.205665}
{"time":"November 15, 12:51 pm","ts":1668496886,"status":200,"resp_time":0.159377}
{"time":"November 15, 1:06 pm","ts":1668497793,"status":200,"resp_time":0.492398}
{"time":"November 15, 1:16 pm","ts":1668498406,"status":200,"resp_time":0.133993}
{"time":"November 15, 1:27 pm","ts":1668499030,"status":200,"resp_time":0.205545}
{"time":"November 15, 1:59 pm","ts":1668500979,"status":200,"resp_time":0.157976}
{"time":"November 15, 2:18 pm","ts":1668502109,"status":200,"resp_time":0.528758}
{"time":"November 15, 2:28 pm","ts":1668502735,"status":200,"resp_time":0.255241}
{"time":"November 15, 2:53 pm","ts":1668504238,"status":200,"resp_time":0.155492}
{"time":"November 15, 3:09 pm","ts":1668505175,"status":200,"resp_time":0.087365}
{"time":"November 15, 3:20 pm","ts":1668505802,"status":200,"resp_time":0.152667}
{"time":"November 15, 3:30 pm","ts":1668506428,"status":200,"resp_time":0.170223}
{"time":"November 15, 4:00 pm","ts":1668508233,"status":200,"resp_time":0.180259}
{"time":"November 15, 4:17 pm","ts":1668509242,"status":200,"resp_time":0.065158}
{"time":"November 15, 4:27 pm","ts":1668509877,"status":200,"resp_time":0.16712}
{"time":"November 15, 4:48 pm","ts":1668511122,"status":200,"resp_time":0.126091}
{"time":"November 15, 4:59 pm","ts":1668511773,"status":200,"resp_time":0.24946}
{"time":"November 15, 5:09 pm","ts":1668512397,"status":200,"resp_time":0.476392}
{"time":"November 15, 5:20 pm","ts":1668513015,"status":200,"resp_time":0.207053}
{"time":"November 15, 6:04 pm","ts":1668515658,"status":200,"resp_time":0.12298}
{"time":"November 15, 6:51 pm","ts":1668518470,"status":200,"resp_time":0.212174}
{"time":"November 15, 7:19 pm","ts":1668520161,"status":200,"resp_time":0.071812}
{"time":"November 15, 7:29 pm","ts":1668520785,"status":200,"resp_time":0.168913}
{"time":"November 15, 7:52 pm","ts":1668522150,"status":200,"resp_time":0.230823}
{"time":"November 15, 8:08 pm","ts":1668523128,"status":200,"resp_time":0.25142}
{"time":"November 15, 8:19 pm","ts":1668523748,"status":200,"resp_time":0.148471}
{"time":"November 15, 8:29 pm","ts":1668524367,"status":200,"resp_time":0.22458}
{"time":"November 15, 8:56 pm","ts":1668525961,"status":200,"resp_time":0.294984}
{"time":"November 15, 9:12 pm","ts":1668526926,"status":200,"resp_time":0.282444}
{"time":"November 15, 9:26 pm","ts":1668527804,"status":200,"resp_time":0.248066}
{"time":"November 15, 9:56 pm","ts":1668529580,"status":200,"resp_time":0.123491}
{"time":"November 15, 10:24 pm","ts":1668531279,"status":200,"resp_time":0.155221}
{"time":"November 15, 10:47 pm","ts":1668532629,"status":200,"resp_time":0.076773}
{"time":"November 15, 11:03 pm","ts":1668533631,"status":200,"resp_time":0.140344}
{"time":"November 15, 11:15 pm","ts":1668534335,"status":200,"resp_time":1.106674}
