{"time":"September 17, 2:19 pm","ts":1663404551,"status":200,"resp_time":0.251061}
{"time":"September 17, 2:31 pm","ts":1663405281,"status":200,"resp_time":0.249435}
{"time":"September 17, 3:00 pm","ts":1663407026,"status":200,"resp_time":0.106251}
{"time":"September 17, 3:19 pm","ts":1663408164,"status":200,"resp_time":0.075258}
{"time":"September 17, 3:29 pm","ts":1663408783,"status":200,"resp_time":0.20231}
{"time":"September 17, 3:59 pm","ts":1663410546,"status":200,"resp_time":0.19075}
{"time":"September 17, 4:17 pm","ts":1663411637,"status":200,"resp_time":0.221785}
{"time":"September 17, 4:27 pm","ts":1663412263,"status":200,"resp_time":0.284145}
{"time":"September 17, 4:51 pm","ts":1663413683,"status":200,"resp_time":0.153324}
{"time":"September 17, 5:09 pm","ts":1663414756,"status":200,"resp_time":0.297748}
{"time":"September 17, 5:19 pm","ts":1663415382,"status":200,"resp_time":0.143174}
{"time":"September 17, 5:30 pm","ts":1663416012,"status":200,"resp_time":0.184828}
{"time":"September 17, 6:19 pm","ts":1663418946,"status":200,"resp_time":0.221714}
{"time":"September 17, 6:52 pm","ts":1663420975,"status":200,"resp_time":0.584382}
{"time":"September 17, 7:20 pm","ts":1663422639,"status":200,"resp_time":0.217407}
{"time":"September 17, 7:46 pm","ts":1663424202,"status":200,"resp_time":0.068931}
{"time":"September 17, 8:04 pm","ts":1663425255,"status":200,"resp_time":0.224216}
{"time":"September 17, 8:17 pm","ts":1663426069,"status":200,"resp_time":0.270754}
{"time":"September 17, 8:28 pm","ts":1663426689,"status":200,"resp_time":0.186085}
{"time":"September 17, 8:57 pm","ts":1663428430,"status":200,"resp_time":0.216074}
{"time":"September 17, 9:17 pm","ts":1663429622,"status":200,"resp_time":0.279497}
{"time":"September 17, 9:27 pm","ts":1663430254,"status":200,"resp_time":0.219493}
{"time":"September 17, 10:04 pm","ts":1663432494,"status":200,"resp_time":0.149438}
{"time":"September 17, 10:33 pm","ts":1663434195,"status":200,"resp_time":0.194092}
{"time":"September 17, 11:03 pm","ts":1663436000,"status":200,"resp_time":0.232679}
{"time":"September 17, 11:20 pm","ts":1663437030,"status":200,"resp_time":0.279932}
{"time":"September 17, 11:52 pm","ts":1663438979,"status":200,"resp_time":0.558438}
{"time":"September 18, 12:19 am","ts":1663440563,"status":200,"resp_time":0.417955}
{"time":"September 18, 12:30 am","ts":1663441218,"status":200,"resp_time":0.222161}
{"time":"September 18, 12:54 am","ts":1663442676,"status":200,"resp_time":0.184306}
{"time":"September 18, 1:07 am","ts":1663443458,"status":200,"resp_time":0.222286}
{"time":"September 18, 1:18 am","ts":1663444088,"status":200,"resp_time":0.101286}
{"time":"September 18, 1:28 am","ts":1663444709,"status":200,"resp_time":0.185765}
{"time":"September 18, 1:57 am","ts":1663446447,"status":200,"resp_time":0.185035}
{"time":"September 18, 2:15 am","ts":1663447529,"status":200,"resp_time":0.265881}
{"time":"September 18, 2:25 am","ts":1663448156,"status":200,"resp_time":0.203847}
{"time":"September 18, 2:48 am","ts":1663449489,"status":200,"resp_time":0.174186}
{"time":"September 18, 3:06 am","ts":1663450568,"status":200,"resp_time":0.219207}
{"time":"September 18, 3:19 am","ts":1663451351,"status":200,"resp_time":0.204886}
{"time":"September 18, 3:29 am","ts":1663451969,"status":200,"resp_time":0.298125}
{"time":"September 18, 3:56 am","ts":1663453588,"status":200,"resp_time":0.265084}
{"time":"September 18, 4:14 am","ts":1663454657,"status":200,"resp_time":0.252099}
{"time":"September 18, 4:25 am","ts":1663455336,"status":200,"resp_time":0.199058}
{"time":"September 18, 4:49 am","ts":1663456773,"status":200,"resp_time":0.323094}
{"time":"September 18, 5:09 am","ts":1663457956,"status":200,"resp_time":0.149945}
{"time":"September 18, 5:25 am","ts":1663458934,"status":200,"resp_time":0.20318}
{"time":"September 18, 7:53 am","ts":1663467822,"status":200,"resp_time":0.150935}
{"time":"September 18, 9:50 am","ts":1663474843,"status":200,"resp_time":0.266987}
{"time":"September 18, 10:59 am","ts":1663478957,"status":200,"resp_time":0.242056}
{"time":"September 18, 11:27 am","ts":1663480642,"status":200,"resp_time":0.192594}
{"time":"September 18, 12:01 pm","ts":1663482665,"status":200,"resp_time":0.229512}
{"time":"September 18, 12:27 pm","ts":1663484220,"status":200,"resp_time":0.240423}
{"time":"September 18, 12:51 pm","ts":1663485719,"status":200,"resp_time":0.12822}
{"time":"September 18, 1:10 pm","ts":1663486829,"status":200,"resp_time":0.1931}
{"time":"September 18, 1:25 pm","ts":1663487740,"status":200,"resp_time":0.225443}
{"time":"September 18, 1:53 pm","ts":1663489407,"status":200,"resp_time":0.181639}
{"time":"September 18, 2:17 pm","ts":1663490875,"status":200,"resp_time":0.167409}
{"time":"September 18, 2:29 pm","ts":1663491591,"status":200,"resp_time":0.2678}
{"time":"September 18, 2:56 pm","ts":1663493203,"status":200,"resp_time":0.079229}
{"time":"September 18, 3:14 pm","ts":1663494293,"status":200,"resp_time":0.40398}
{"time":"September 18, 3:25 pm","ts":1663494933,"status":200,"resp_time":0.093581}
{"time":"September 18, 3:50 pm","ts":1663496455,"status":200,"resp_time":0.095285}
{"time":"September 18, 4:14 pm","ts":1663497866,"status":200,"resp_time":0.245958}
{"time":"September 18, 4:26 pm","ts":1663498560,"status":200,"resp_time":0.212322}
{"time":"September 18, 4:47 pm","ts":1663499838,"status":200,"resp_time":0.290302}
{"time":"September 18, 5:03 pm","ts":1663500783,"status":200,"resp_time":0.158862}
{"time":"September 18, 5:15 pm","ts":1663501554,"status":200,"resp_time":0.175806}
{"time":"September 18, 5:26 pm","ts":1663502192,"status":200,"resp_time":0.163139}
{"time":"September 18, 6:10 pm","ts":1663504809,"status":200,"resp_time":0.252492}
{"time":"September 18, 6:51 pm","ts":1663507275,"status":200,"resp_time":0.150276}
{"time":"September 18, 7:22 pm","ts":1663509148,"status":200,"resp_time":0.195304}
{"time":"September 18, 7:46 pm","ts":1663510563,"status":200,"resp_time":0.224938}
{"time":"September 18, 8:03 pm","ts":1663511618,"status":200,"resp_time":0.284339}
{"time":"September 18, 8:17 pm","ts":1663512455,"status":200,"resp_time":0.33193}
{"time":"September 18, 8:27 pm","ts":1663513075,"status":200,"resp_time":0.173906}
{"time":"September 18, 8:57 pm","ts":1663514824,"status":200,"resp_time":0.10037}
{"time":"September 18, 9:17 pm","ts":1663516054,"status":200,"resp_time":0.087094}
{"time":"September 18, 9:28 pm","ts":1663516686,"status":200,"resp_time":0.177279}
{"time":"September 18, 10:06 pm","ts":1663518978,"status":200,"resp_time":0.170049}
{"time":"September 18, 10:33 pm","ts":1663520615,"status":200,"resp_time":0.272894}
{"time":"September 18, 11:03 pm","ts":1663522404,"status":200,"resp_time":0.264435}
{"time":"September 18, 11:20 pm","ts":1663523456,"status":200,"resp_time":0.228257}
{"time":"September 18, 11:53 pm","ts":1663525381,"status":200,"resp_time":0.232751}
{"time":"September 19, 12:19 am","ts":1663526966,"status":200,"resp_time":0.262517}
{"time":"September 19, 12:30 am","ts":1663527627,"status":200,"resp_time":0.155193}
{"time":"September 19, 12:54 am","ts":1663529097,"status":200,"resp_time":0.310477}
{"time":"September 19, 1:07 am","ts":1663529864,"status":200,"resp_time":0.259898}
{"time":"September 19, 1:18 am","ts":1663530486,"status":200,"resp_time":0.164781}
{"time":"September 19, 1:28 am","ts":1663531105,"status":200,"resp_time":0.363133}
{"time":"September 19, 1:57 am","ts":1663532853,"status":200,"resp_time":0.289671}
{"time":"September 19, 2:15 am","ts":1663533940,"status":200,"resp_time":0.360927}
{"time":"September 19, 2:25 am","ts":1663534558,"status":200,"resp_time":0.260573}
{"time":"September 19, 2:48 am","ts":1663535900,"status":200,"resp_time":0.276056}
{"time":"September 19, 3:06 am","ts":1663536980,"status":200,"resp_time":0.274916}
{"time":"September 19, 3:19 am","ts":1663537765,"status":200,"resp_time":0.276839}
{"time":"September 19, 3:29 am","ts":1663538385,"status":200,