{"time":"September 28, 7:05 pm","ts":1664372148,"status":200,"resp_time":0.217055}
{"time":"September 28, 7:51 pm","ts":1664374875,"status":200,"resp_time":0.222076}
{"time":"September 28, 8:27 pm","ts":1664377027,"status":200,"resp_time":0.37316}
{"time":"September 28, 9:00 pm","ts":1664379058,"status":200,"resp_time":0.241984}
{"time":"September 28, 9:29 pm","ts":1664380776,"status":200,"resp_time":0.181446}
{"time":"September 28, 10:19 pm","ts":1664383746,"status":200,"resp_time":0.192599}
{"time":"September 28, 10:57 pm","ts":1664386036,"status":200,"resp_time":0.200944}
{"time":"September 28, 11:31 pm","ts":1664388087,"status":200,"resp_time":0.144501}
{"time":"September 29, 12:15 am","ts":1664390758,"status":200,"resp_time":0.316546}
{"time":"September 29, 12:39 am","ts":1664392187,"status":200,"resp_time":0.113115}
{"time":"September 29, 1:02 am","ts":1664393578,"status":200,"resp_time":0.095997}
{"time":"September 29, 1:18 am","ts":1664394509,"status":200,"resp_time":0.230593}
{"time":"September 29, 1:28 am","ts":1664395136,"status":200,"resp_time":0.10518}
{"time":"September 29, 2:00 am","ts":1664397044,"status":200,"resp_time":0.190914}
{"time":"September 29, 2:23 am","ts":1664398401,"status":200,"resp_time":0.19079}
{"time":"September 29, 2:48 am","ts":1664399914,"status":200,"resp_time":0.482875}
{"time":"September 29, 3:09 am","ts":1664401164,"status":200,"resp_time":0.284321}
{"time":"September 29, 3:23 am","ts":1664402014,"status":200,"resp_time":0.228947}
{"time":"September 29, 3:51 am","ts":1664403665,"status":200,"resp_time":0.24232}
{"time":"September 29, 4:16 am","ts":1664405199,"status":200,"resp_time":0.186748}
{"time":"September 29, 4:28 am","ts":1664405881,"status":200,"resp_time":0.28902}
{"time":"September 29, 5:02 am","ts":1664407923,"status":200,"resp_time":0.247654}
{"time":"September 29, 5:28 am","ts":1664409503,"status":200,"resp_time":0.131572}
{"time":"September 29, 8:19 am","ts":1664419783,"status":200,"resp_time":0.15846}
{"time":"September 29, 10:11 am","ts":1664426475,"status":200,"resp_time":0.262806}
{"time":"September 29, 11:30 am","ts":1664431229,"status":200,"resp_time":0.205816}
{"time":"September 29, 12:33 pm","ts":1664435035,"status":200,"resp_time":0.148132}
{"time":"September 29, 1:16 pm","ts":1664437592,"status":200,"resp_time":0.068935}
{"time":"September 29, 1:31 pm","ts":1664438500,"status":200,"resp_time":0.073147}
{"time":"September 29, 2:15 pm","ts":1664441147,"status":200,"resp_time":0.091563}
{"time":"September 29, 2:41 pm","ts":1664442673,"status":200,"resp_time":0.19864}
{"time":"September 29, 3:15 pm","ts":1664444718,"status":200,"resp_time":0.096236}
{"time":"September 29, 3:30 pm","ts":1664445600,"status":200,"resp_time":0.098672}
{"time":"September 29, 4:02 pm","ts":1664447561,"status":200,"resp_time":0.089927}
{"time":"September 29, 4:24 pm","ts":1664448864,"status":200,"resp_time":0.093211}
{"time":"September 29, 4:47 pm","ts":1664450230,"status":200,"resp_time":0.24907}
{"time":"September 29, 5:08 pm","ts":1664451488,"status":200,"resp_time":0.275708}
{"time":"September 29, 5:21 pm","ts":1664452264,"status":200,"resp_time":0.254534}
{"time":"September 29, 6:09 pm","ts":1664455180,"status":200,"resp_time":0.113701}
{"time":"September 29, 7:06 pm","ts":1664458599,"status":200,"resp_time":0.257562}
{"time":"September 29, 7:46 pm","ts":1664460991,"status":200,"resp_time":0.298758}
{"time":"September 29, 8:15 pm","ts":1664462733,"status":200,"resp_time":0.343483}
{"time":"September 29, 8:29 pm","ts":1664463592,"status":200,"resp_time":0.245727}
{"time":"September 29, 9:03 pm","ts":1664465603,"status":200,"resp_time":0.324308}
{"time":"September 29, 9:27 pm","ts":1664467060,"status":200,"resp_time":0.278515}
{"time":"September 29, 10:11 pm","ts":1664469697,"status":200,"resp_time":0.313847}
{"time":"September 29, 10:54 pm","ts":1664472276,"status":200,"resp_time":0.269895}
{"time":"September 29, 11:27 pm","ts":1664474250,"status":200,"resp_time":0.216676}
{"time":"September 30, 12:05 am","ts":1664476513,"status":200,"resp_time":0.141152}
{"time":"September 30, 12:30 am","ts":1664478022,"status":200,"resp_time":0.138041}
{"time":"September 30, 1:00 am","ts":1664479821,"status":200,"resp_time":0.479937}
{"time":"September 30, 1:18 am","ts":1664480905,"status":200,"resp_time":0.161846}
{"time":"September 30, 1:28 am","ts":1664481525,"status":200,"resp_time":0.276833}
{"time":"September 30, 2:01 am","ts":1664483514,"status":200,"resp_time":0.158781}
{"time":"September 30, 2:24 am","ts":1664484853,"status":200,"resp_time":0.208999}
{"time":"September 30, 2:49 am","ts":1664486349,"status":200,"resp_time":0.216946}
{"time":"September 30, 3:11 am","ts":1664487671,"status":200,"resp_time":0.268353}
{"time":"September 30, 3:27 am","ts":1664488640,"status":200,"resp_time":0.281815}
{"time":"September 30, 3:57 am","ts":1664490452,"status":200,"resp_time":0.212241}
{"time":"September 30, 4:18 am","ts":1664491722,"status":200,"resp_time":0.193882}
{"time":"September 30, 4:29 am","ts":1664492342,"status":200,"resp_time":0.316332}
{"time":"September 30, 5:07 am","ts":1664494651,"status":200,"resp_time":0.655417}
{"time":"September 30, 5:31 am","ts":1664496074,"status":200,"resp_time":0.244665}
{"time":"September 30, 8:53 am","ts":1664508211,"status":200,"resp_time":0.282891}
{"time":"September 30, 10:39 am","ts":1664514544,"status":200,"resp_time":0.148148}
{"time":"September 30, 12:01 pm","ts":1664519485,"status":200,"resp_time":0.11238}
{"time":"September 30, 12:54 pm","ts":1664522697,"status":200,"resp_time":0.655483}
{"time":"September 30, 1:29 pm","ts":1664524747,"status":200,"resp_time":0.257268}
{"time":"September 30, 2:13 pm","ts":1664527389,"status":200,"resp_time":0.105006}
{"time":"September 30, 2:44 pm","ts":1664529260,"status":200,"resp_time":0.251863}
{"time":"September 30, 3:16 pm","ts":1664531169,"status":200,"resp_time":0.234035}
{"time":"September 30, 3:30 pm","ts":1664532058,"status":200,"resp_time":0.089343}
{"time":"September 30, 4:06 pm","ts":1664534213,"status":200,"resp_time":0.114874}
{"time":"September 30, 4:25 pm","ts":1664535344,"status":200,"resp_time":0.119589}
{"time":"September 30, 4:48 pm","ts":1664536700,"status":200,"resp_time":0.064303}
{"time":"September 30, 5:08 pm","ts":1664537901,"status":200,"resp_time":0.244549}
{"time":"September 30, 5:21 pm","ts":1664538664,"status":200,"resp_time":0.167653}
{"time":"September 30, 6:12 pm","ts":1664541726,"status":200,"resp_time":0.26708}
{"time":"September 30, 7:12 pm","ts":1664545351,"status":200,"resp_time":0.291045}
{"time":"September 30, 7:54 pm","ts":1664547855,"status":200,"resp_time":0.272909}
{"time":"September 30, 8:25 pm","ts":1664549754,"status":200,"resp_time":0.24332}
{"time":"September 30, 8:55 pm","ts":1664551551,"status":200,"resp_time":0.144536}
{"time":"September 30, 9:24 pm","ts":1664553250,"status":200,"resp_time":0.187422}
{"time":"September 30, 10:02 pm","ts":1664555579,"status":200,"resp_time":0.182393}
{"time":"September 30, 10:50 pm","ts":1664558454,"status":200,"resp_time":0.163371}
{"time":"September 30, 11:27 pm","ts":1664560634,"status":200,"resp_time":0.237947}
{"time":"October 1, 12:03 am","ts":1664562838,"status":200,"resp_time":0.263621}
{"time":"October 1, 12:30 am","ts":1664564428,"status":200,"resp_time":0.077374}
{"time":"October 1, 1:00 am","ts":1664566254,"status":200,"resp_time":0.358591}
{"time":"October 1, 1:18 am","ts":1664567337,"status":200,"resp_time":0.275644}
{"time":"October 1, 1:29 am","ts":1664567956,"status":200,"resp_time":0.248172}
{"time":"October 1, 2:01 am","ts":1664569871,"status":200,"resp_time":0.178882}
{"time":"October 1, 2:23 am","ts":1664571216,"status":200,"resp_time":0.287617}
{"time":"October 1, 2:48 am","ts":1664572702,"status":200,"resp_time":0.525211}
{"time":"October 1, 3:09 am","ts":1664573975,"status":200,"resp_time":0.230712}
{"time":"October 1, 3:23 am","ts":1664574834,"status":200,"resp_time":0.276574}
{"time":"October 1, 3:51 am","ts":1664576492,