{"time":"September 30, 8:25 pm","ts":1664549754,"status":200,"resp_time":0.24332}
{"time":"September 30, 8:55 pm","ts":1664551551,"status":200,"resp_time":0.144536}
{"time":"September 30, 9:24 pm","ts":1664553250,"status":200,"resp_time":0.187422}
{"time":"September 30, 10:02 pm","ts":1664555579,"status":200,"resp_time":0.182393}
{"time":"September 30, 10:50 pm","ts":1664558454,"status":200,"resp_time":0.163371}
{"time":"September 30, 11:27 pm","ts":1664560634,"status":200,"resp_time":0.237947}
{"time":"October 1, 12:03 am","ts":1664562838,"status":200,"resp_time":0.263621}
{"time":"October 1, 12:30 am","ts":1664564428,"status":200,"resp_time":0.077374}
{"time":"October 1, 1:00 am","ts":1664566254,"status":200,"resp_time":0.358591}
{"time":"October 1, 1:18 am","ts":1664567337,"status":200,"resp_time":0.275644}
{"time":"October 1, 1:29 am","ts":1664567956,"status":200,"resp_time":0.248172}
{"time":"October 1, 2:01 am","ts":1664569871,"status":200,"resp_time":0.178882}
{"time":"October 1, 2:23 am","ts":1664571216,"status":200,"resp_time":0.287617}
{"time":"October 1, 2:48 am","ts":1664572702,"status":200,"resp_time":0.525211}
{"time":"October 1, 3:09 am","ts":1664573975,"status":200,"resp_time":0.230712}
{"time":"October 1, 3:23 am","ts":1664574834,"status":200,"resp_time":0.276574}
{"time":"October 1, 3:51 am","ts":1664576492,"status":200,"resp_time":0.214955}
{"time":"October 1, 4:17 am","ts":1664578042,"status":200,"resp_time":0.217219}
{"time":"October 1, 4:28 am","ts":1664578721,"status":200,"resp_time":0.313962}
{"time":"October 1, 5:03 am","ts":1664580816,"status":200,"resp_time":0.094376}
{"time":"October 1, 5:28 am","ts":1664582280,"status":200,"resp_time":0.287551}
{"time":"October 1, 8:37 am","ts":1664593645,"status":200,"resp_time":0.27611}
{"time":"October 1, 10:28 am","ts":1664600333,"status":200,"resp_time":0.202136}
{"time":"October 1, 11:34 am","ts":1664604295,"status":200,"resp_time":0.333191}
{"time":"October 1, 12:19 pm","ts":1664606974,"status":200,"resp_time":0.17666}
{"time":"October 1, 12:44 pm","ts":1664608465,"status":200,"resp_time":0.218262}
{"time":"October 1, 1:11 pm","ts":1664610084,"status":200,"resp_time":0.155084}
{"time":"October 1, 1:26 pm","ts":1664610975,"status":200,"resp_time":0.147681}
{"time":"October 1, 1:59 pm","ts":1664612990,"status":200,"resp_time":0.283057}
{"time":"October 1, 2:26 pm","ts":1664614606,"status":200,"resp_time":0.263097}
{"time":"October 1, 2:56 pm","ts":1664616399,"status":200,"resp_time":0.159484}
{"time":"October 1, 3:18 pm","ts":1664617715,"status":200,"resp_time":0.26728}
{"time":"October 1, 3:28 pm","ts":1664618332,"status":200,"resp_time":0.125531}
{"time":"October 1, 4:00 pm","ts":1664620249,"status":200,"resp_time":0.132142}
{"time":"October 1, 4:23 pm","ts":1664621610,"status":200,"resp_time":0.200307}
{"time":"October 1, 4:46 pm","ts":1664622993,"status":200,"resp_time":0.292391}
{"time":"October 1, 5:05 pm","ts":1664624158,"status":200,"resp_time":0.29426}
{"time":"October 1, 5:18 pm","ts":1664624922,"status":200,"resp_time":0.30144}
{"time":"October 1, 5:29 pm","ts":1664625553,"status":200,"resp_time":0.206225}
{"time":"October 1, 6:23 pm","ts":1664628818,"status":200,"resp_time":0.131394}
{"time":"October 1, 7:11 pm","ts":1664631677,"status":200,"resp_time":0.59487}
{"time":"October 1, 7:35 pm","ts":1664633151,"status":200,"resp_time":0.249282}
{"time":"October 1, 8:02 pm","ts":1664634739,"status":200,"resp_time":0.114705}
{"time":"October 1, 8:20 pm","ts":1664635851,"status":200,"resp_time":0.255358}
{"time":"October 1, 8:50 pm","ts":1664637628,"status":200,"resp_time":0.258918}
{"time":"October 1, 9:17 pm","ts":1664639268,"status":200,"resp_time":0.233946}
{"time":"October 1, 9:29 pm","ts":1664639986,"status":200,"resp_time":0.310064}
{"time":"October 1, 10:10 pm","ts":1664642409,"status":200,"resp_time":0.280088}
{"time":"October 1, 10:40 pm","ts":1664644231,"status":200,"resp_time":0.116684}
{"time":"October 1, 11:13 pm","ts":1664646213,"status":200,"resp_time":0.123799}
{"time":"October 1, 11:27 pm","ts":1664647045,"status":200,"resp_time":0.205458}
{"time":"October 2, 12:01 am","ts":1664649100,"status":200,"resp_time":0.25584}
{"time":"October 2, 12:27 am","ts":1664650633,"status":200,"resp_time":0.263199}
{"time":"October 2, 12:51 am","ts":1664652090,"status":200,"resp_time":0.434066}
{"time":"October 2, 1:09 am","ts":1664653179,"status":200,"resp_time":0.277363}
{"time":"October 2, 1:20 am","ts":1664653800,"status":200,"resp_time":0.133554}
{"time":"October 2, 1:30 am","ts":1664654427,"status":200,"resp_time":0.288621}
{"time":"October 2, 2:04 am","ts":1664656446,"status":200,"resp_time":0.259864}
{"time":"October 2, 2:22 am","ts":1664657557,"status":200,"resp_time":0.181563}
{"time":"October 2, 2:47 am","ts":1664659042,"status":200,"resp_time":0.162702}
{"time":"October 2, 3:08 am","ts":1664660296,"status":200,"resp_time":0.076517}
{"time":"October 2, 3:22 am","ts":1664661138,"status":200,"resp_time":0.501194}
{"time":"October 2, 3:49 am","ts":1664662774,"status":200,"resp_time":0.187462}
{"time":"October 2, 4:11 am","ts":1664664091,"status":200,"resp_time":0.287419}
{"time":"October 2, 4:26 am","ts":1664664998,"status":200,"resp_time":0.333501}
{"time":"October 2, 4:57 am","ts":1664666854,"status":200,"resp_time":0.284075}
{"time":"October 2, 5:20 am","ts":1664668238,"status":200,"resp_time":0.118944}
{"time":"October 2, 7:35 am","ts":1664676348,"status":200,"resp_time":0.732984}
{"time":"October 2, 9:50 am","ts":1664684416,"status":200,"resp_time":0.122123}
{"time":"October 2, 11:02 am","ts":1664688732,"status":200,"resp_time":0.164616}
{"time":"October 2, 11:33 am","ts":1664690608,"status":200,"resp_time":0.336168}
{"time":"October 2, 12:16 pm","ts":1664693191,"status":200,"resp_time":0.237971}
{"time":"October 2, 12:40 pm","ts":1664694600,"status":200,"resp_time":0.142501}
{"time":"October 2, 1:05 pm","ts":1664696147,"status":200,"resp_time":0.213172}
{"time":"October 2, 1:20 pm","ts":1664697021,"status":200,"resp_time":0.434281}
{"time":"October 2, 1:54 pm","ts":1664699097,"status":200,"resp_time":0.279252}
{"time":"October 2, 2:22 pm","ts":1664700725,"status":200,"resp_time":0.167547}
{"time":"October 2, 2:51 pm","ts":1664702467,"status":200,"resp_time":0.636926}
{"time":"October 2, 3:16 pm","ts":1664704002,"status":200,"resp_time":0.131926}
{"time":"October 2, 3:27 pm","ts":1664704669,"status":200,"resp_time":0.128236}
{"time":"October 2, 3:59 pm","ts":1664706569,"status":200,"resp_time":0.283057}
{"time":"October 2, 4:19 pm","ts":1664707780,"status":200,"resp_time":0.24268}
{"time":"October 2, 4:30 pm","ts":1664708401,"status":200,"resp_time":0.079117}
{"time":"October 2, 4:54 pm","ts":1664709898,"status":200,"resp_time":0.205873}
{"time":"October 2, 5:11 pm","ts":1664710888,"status":200,"resp_time":0.268966}
{"time":"October 2, 5:25 pm","ts":1664711734,"status":200,"resp_time":0.184621}
{"time":"October 2, 6:08 pm","ts":1664714308,"status":200,"resp_time":0.101357}
{"time":"October 2, 6:53 pm","ts":1664717034,"status":200,"resp_time":0.22714}
{"time":"October 2, 7:26 pm","ts":1664718972,"status":200,"resp_time":0.308865}
{"time":"October 2, 7:51 pm","ts":1664720479,"status":200,"resp_time":0.21345}
{"time":"October 2, 8:13 pm","ts":1664721796,"status":200,"resp_time":0.145046}
{"time":"October 2, 8:25 pm","ts":1664722541,"status":200,"resp_time":0.143564}
{"time":"October 2, 8:51 pm","ts":1664724100,"status":200,"resp_time":0.236183}
{"time":"October 2, 9:17 pm","ts":1664725662,"status":200,"resp_time":0.490981}
{"time":"October 2, 9:30 pm","ts":1664726402,"status":200,"resp_time":0.231913}
{"time":"October 2, 10:10 pm","ts":1664728801,"status":200,"resp_time":0.241019}
{"time":"October 2, 10:39 pm","ts":1664730583,"status":200,"resp_time":0.29902}
{"time":"October 2, 11:10 pm","ts":1664732416,"status":200,"resp_time":0.248333}
{"time":"October 2, 11:27 pm","ts":1664733452,"status":200,"resp_time":0.250837}
{"time":"October 3, 12:02 am","ts":1664735548,