{"time":"September 12, 9:37 pm","ts":1662998878,"status":200,"resp_time":0.228887}
{"time":"September 12, 10:23 pm","ts":1663001585,"status":200,"resp_time":0.580964}
{"time":"September 12, 10:58 pm","ts":1663003703,"status":200,"resp_time":0.259499}
{"time":"September 12, 11:20 pm","ts":1663005021,"status":200,"resp_time":0.312605}
{"time":"September 12, 11:36 pm","ts":1663006018,"status":200,"resp_time":0.241176}
{"time":"September 13, 12:10 am","ts":1663008032,"status":200,"resp_time":0.281716}
{"time":"September 13, 12:31 am","ts":1663009295,"status":200,"resp_time":0.312447}
{"time":"September 13, 12:56 am","ts":1663010800,"status":200,"resp_time":0.262997}
{"time":"September 13, 1:10 am","ts":1663011625,"status":200,"resp_time":0.207841}
{"time":"September 13, 1:25 am","ts":1663012538,"status":200,"resp_time":0.312215}
{"time":"September 13, 1:51 am","ts":1663014104,"status":200,"resp_time":0.197313}
{"time":"September 13, 2:14 am","ts":1663015475,"status":200,"resp_time":0.316908}
{"time":"September 13, 2:26 am","ts":1663016177,"status":200,"resp_time":0.130683}
{"time":"September 13, 2:50 am","ts":1663017621,"status":200,"resp_time":0.175642}
{"time":"September 13, 3:12 am","ts":1663018964,"status":200,"resp_time":0.197462}
{"time":"September 13, 3:25 am","ts":1663019729,"status":200,"resp_time":0.210762}
{"time":"September 13, 3:49 am","ts":1663021168,"status":200,"resp_time":0.251059}
{"time":"September 13, 4:09 am","ts":1663022384,"status":200,"resp_time":0.29582}
{"time":"September 13, 4:22 am","ts":1663023151,"status":200,"resp_time":0.192026}
{"time":"September 13, 4:50 am","ts":1663024859,"status":200,"resp_time":0.280711}
{"time":"September 13, 5:16 am","ts":1663026380,"status":200,"resp_time":0.284725}
{"time":"September 13, 5:30 am","ts":1663027200,"status":200,"resp_time":0.164639}
{"time":"September 13, 8:20 am","ts":1663037428,"status":200,"resp_time":0.152387}
{"time":"September 13, 10:17 am","ts":1663044453,"status":200,"resp_time":0.221048}
{"time":"September 13, 11:35 am","ts":1663049142,"status":200,"resp_time":0.271}
{"time":"September 13, 12:34 pm","ts":1663052652,"status":200,"resp_time":0.254018}
{"time":"September 13, 1:15 pm","ts":1663055145,"status":200,"resp_time":0.235069}
{"time":"September 13, 1:29 pm","ts":1663055999,"status":200,"resp_time":0.16786}
{"time":"September 13, 2:04 pm","ts":1663058079,"status":200,"resp_time":0.222763}
{"time":"September 13, 2:26 pm","ts":1663059375,"status":200,"resp_time":0.144248}
{"time":"September 13, 2:53 pm","ts":1663061001,"status":200,"resp_time":0.151796}
{"time":"September 13, 3:15 pm","ts":1663062343,"status":200,"resp_time":0.245864}
{"time":"September 13, 3:26 pm","ts":1663063004,"status":200,"resp_time":0.15784}
{"time":"September 13, 3:56 pm","ts":1663064787,"status":200,"resp_time":0.26144}
{"time":"September 13, 4:17 pm","ts":1663066049,"status":200,"resp_time":0.27942}
{"time":"September 13, 4:27 pm","ts":1663066678,"status":200,"resp_time":0.129264}
{"time":"September 13, 4:53 pm","ts":1663068184,"status":200,"resp_time":0.169957}
{"time":"September 13, 5:10 pm","ts":1663069225,"status":200,"resp_time":0.289537}
{"time":"September 13, 5:25 pm","ts":1663070150,"status":200,"resp_time":0.102885}
{"time":"September 13, 6:15 pm","ts":1663073127,"status":200,"resp_time":0.225116}
{"time":"September 13, 7:04 pm","ts":1663076088,"status":200,"resp_time":0.245118}
{"time":"September 13, 7:40 pm","ts":1663078215,"status":200,"resp_time":0.181433}
{"time":"September 13, 8:08 pm","ts":1663079904,"status":200,"resp_time":0.078201}
{"time":"September 13, 8:23 pm","ts":1663080836,"status":200,"resp_time":0.236714}
{"time":"September 13, 8:50 pm","ts":1663082422,"status":200,"resp_time":0.240581}
{"time":"September 13, 9:17 pm","ts":1663084039,"status":200,"resp_time":0.267959}
{"time":"September 13, 9:29 pm","ts":1663084766,"status":200,"resp_time":0.147129}
{"time":"September 13, 10:08 pm","ts":1663087130,"status":200,"resp_time":0.454287}
{"time":"September 13, 10:40 pm","ts":1663089055,"status":200,"resp_time":0.363771}
{"time":"September 13, 11:15 pm","ts":1663091120,"status":200,"resp_time":0.090305}
{"time":"September 13, 11:27 pm","ts":1663091861,"status":200,"resp_time":0.131455}
{"time":"September 14, 12:01 am","ts":1663093905,"status":200,"resp_time":0.222286}
{"time":"September 14, 12:26 am","ts":1663095386,"status":200,"resp_time":0.187151}
{"time":"September 14, 12:47 am","ts":1663096649,"status":200,"resp_time":0.174512}
{"time":"September 14, 1:01 am","ts":1663097475,"status":200,"resp_time":0.212702}
{"time":"September 14, 1:15 am","ts":1663098340,"status":200,"resp_time":0.222878}
{"time":"September 14, 1:26 am","ts":1663098960,"status":200,"resp_time":0.280274}
{"time":"September 14, 1:52 am","ts":1663100571,"status":200,"resp_time":0.173941}
{"time":"September 14, 2:13 am","ts":1663101829,"status":200,"resp_time":0.251962}
{"time":"September 14, 2:25 am","ts":1663102550,"status":200,"resp_time":0.273907}
{"time":"September 14, 2:48 am","ts":1663103915,"status":200,"resp_time":0.263525}
{"time":"September 14, 3:07 am","ts":1663105050,"status":200,"resp_time":0.30922}
{"time":"September 14, 3:20 am","ts":1663105845,"status":200,"resp_time":0.289882}
{"time":"September 14, 3:50 am","ts":1663107604,"status":200,"resp_time":0.085944}
{"time":"September 14, 4:10 am","ts":1663108841,"status":200,"resp_time":0.241329}
{"time":"September 14, 4:25 am","ts":1663109750,"status":200,"resp_time":0.16031}
{"time":"September 14, 4:52 am","ts":1663111343,"status":200,"resp_time":0.285204}
{"time":"September 14, 5:16 am","ts":1663112774,"status":200,"resp_time":0.106259}
{"time":"September 14, 5:29 am","ts":1663113592,"status":200,"resp_time":0.259631}
{"time":"September 14, 8:17 am","ts":1663123651,"status":200,"resp_time":0.120859}
{"time":"September 14, 9:58 am","ts":1663129699,"status":200,"resp_time":0.237328}
{"time":"September 14, 11:23 am","ts":1663134801,"status":200,"resp_time":0.584553}
{"time":"September 14, 12:21 pm","ts":1663138304,"status":200,"resp_time":0.070123}
{"time":"September 14, 1:02 pm","ts":1663140764,"status":200,"resp_time":0.16425}
{"time":"September 14, 1:24 pm","ts":1663142070,"status":200,"resp_time":0.215583}
{"time":"September 14, 1:54 pm","ts":1663143893,"status":200,"resp_time":0.582945}
{"time":"September 14, 2:21 pm","ts":1663145515,"status":200,"resp_time":0.23768}
{"time":"September 14, 2:50 pm","ts":1663147225,"status":200,"resp_time":0.20541}
{"time":"September 14, 3:15 pm","ts":1663148749,"status":200,"resp_time":0.145256}
{"time":"September 14, 3:26 pm","ts":1663149404,"status":200,"resp_time":0.256347}
{"time":"September 14, 3:56 pm","ts":1663151167,"status":200,"resp_time":0.068378}
{"time":"September 14, 4:16 pm","ts":1663152418,"status":200,"resp_time":0.159337}
{"time":"September 14, 4:27 pm","ts":1663153053,"status":200,"resp_time":0.217305}
{"time":"September 14, 4:52 pm","ts":1663154534,"status":200,"resp_time":0.262417}
{"time":"September 14, 5:10 pm","ts":1663155628,"status":200,"resp_time":0.200493}
{"time":"September 14, 5:25 pm","ts":1663156540,"status":200,"resp_time":0.244308}
{"time":"September 14, 6:11 pm","ts":1663159292,"status":200,"resp_time":0.260635}
{"time":"September 14, 7:08 pm","ts":1663162718,"status":200,"resp_time":0.097017}
{"time":"September 14, 7:44 pm","ts":1663164878,"status":200,"resp_time":0.201075}
{"time":"September 14, 8:12 pm","ts":1663166550,"status":200,"resp_time":0.219667}
{"time":"September 14, 8:27 pm","ts":1663167464,"status":200,"resp_time":0.170295}
{"time":"September 14, 8:58 pm","ts":1663169286,"status":200,"resp_time":0.219661}
{"time":"September 14, 9:20 pm","ts":1663170601,"status":200,"resp_time":0.168897}
{"time":"September 14, 9:36 pm","ts":1663171604,"status":200,"resp_time":0.16709}
{"time":"September 14, 10:21 pm","ts":1663174261,"status":200,"resp_time":0.296049}
{"time":"September 14, 10:57 pm","ts":1663176448,"status":200,"resp_time":0.150164}
