{"time":"September 18, 12:01 pm","ts":1663482665,"status":200,"resp_time":0.229512}
{"time":"September 18, 12:27 pm","ts":1663484220,"status":200,"resp_time":0.240423}
{"time":"September 18, 12:51 pm","ts":1663485719,"status":200,"resp_time":0.12822}
{"time":"September 18, 1:10 pm","ts":1663486829,"status":200,"resp_time":0.1931}
{"time":"September 18, 1:25 pm","ts":1663487740,"status":200,"resp_time":0.225443}
{"time":"September 18, 1:53 pm","ts":1663489407,"status":200,"resp_time":0.181639}
{"time":"September 18, 2:17 pm","ts":1663490875,"status":200,"resp_time":0.167409}
{"time":"September 18, 2:29 pm","ts":1663491591,"status":200,"resp_time":0.2678}
{"time":"September 18, 2:56 pm","ts":1663493203,"status":200,"resp_time":0.079229}
{"time":"September 18, 3:14 pm","ts":1663494293,"status":200,"resp_time":0.40398}
{"time":"September 18, 3:25 pm","ts":1663494933,"status":200,"resp_time":0.093581}
{"time":"September 18, 3:50 pm","ts":1663496455,"status":200,"resp_time":0.095285}
{"time":"September 18, 4:14 pm","ts":1663497866,"status":200,"resp_time":0.245958}
{"time":"September 18, 4:26 pm","ts":1663498560,"status":200,"resp_time":0.212322}
{"time":"September 18, 4:47 pm","ts":1663499838,"status":200,"resp_time":0.290302}
{"time":"September 18, 5:03 pm","ts":1663500783,"status":200,"resp_time":0.158862}
{"time":"September 18, 5:15 pm","ts":1663501554,"status":200,"resp_time":0.175806}
{"time":"September 18, 5:26 pm","ts":1663502192,"status":200,"resp_time":0.163139}
{"time":"September 18, 6:10 pm","ts":1663504809,"status":200,"resp_time":0.252492}
{"time":"September 18, 6:51 pm","ts":1663507275,"status":200,"resp_time":0.150276}
{"time":"September 18, 7:22 pm","ts":1663509148,"status":200,"resp_time":0.195304}
{"time":"September 18, 7:46 pm","ts":1663510563,"status":200,"resp_time":0.224938}
{"time":"September 18, 8:03 pm","ts":1663511618,"status":200,"resp_time":0.284339}
{"time":"September 18, 8:17 pm","ts":1663512455,"status":200,"resp_time":0.33193}
{"time":"September 18, 8:27 pm","ts":1663513075,"status":200,"resp_time":0.173906}
{"time":"September 18, 8:57 pm","ts":1663514824,"status":200,"resp_time":0.10037}
{"time":"September 18, 9:17 pm","ts":1663516054,"status":200,"resp_time":0.087094}
{"time":"September 18, 9:28 pm","ts":1663516686,"status":200,"resp_time":0.177279}
{"time":"September 18, 10:06 pm","ts":1663518978,"status":200,"resp_time":0.170049}
{"time":"September 18, 10:33 pm","ts":1663520615,"status":200,"resp_time":0.272894}
{"time":"September 18, 11:03 pm","ts":1663522404,"status":200,"resp_time":0.264435}
{"time":"September 18, 11:20 pm","ts":1663523456,"status":200,"resp_time":0.228257}
{"time":"September 18, 11:53 pm","ts":1663525381,"status":200,"resp_time":0.232751}
{"time":"September 19, 12:19 am","ts":1663526966,"status":200,"resp_time":0.262517}
{"time":"September 19, 12:30 am","ts":1663527627,"status":200,"resp_time":0.155193}
{"time":"September 19, 12:54 am","ts":1663529097,"status":200,"resp_time":0.310477}
{"time":"September 19, 1:07 am","ts":1663529864,"status":200,"resp_time":0.259898}
{"time":"September 19, 1:18 am","ts":1663530486,"status":200,"resp_time":0.164781}
{"time":"September 19, 1:28 am","ts":1663531105,"status":200,"resp_time":0.363133}
{"time":"September 19, 1:57 am","ts":1663532853,"status":200,"resp_time":0.289671}
{"time":"September 19, 2:15 am","ts":1663533940,"status":200,"resp_time":0.360927}
{"time":"September 19, 2:25 am","ts":1663534558,"status":200,"resp_time":0.260573}
{"time":"September 19, 2:48 am","ts":1663535900,"status":200,"resp_time":0.276056}
{"time":"September 19, 3:06 am","ts":1663536980,"status":200,"resp_time":0.274916}
{"time":"September 19, 3:19 am","ts":1663537765,"status":200,"resp_time":0.276839}
{"time":"September 19, 3:29 am","ts":1663538385,"status":200,"resp_time":0.269306}
{"time":"September 19, 3:56 am","ts":1663540015,"status":200,"resp_time":0.355412}
{"time":"September 19, 4:14 am","ts":1663541090,"status":200,"resp_time":0.246601}
{"time":"September 19, 4:25 am","ts":1663541733,"status":200,"resp_time":0.26499}
{"time":"September 19, 4:50 am","ts":1663543217,"status":200,"resp_time":0.228281}
{"time":"September 19, 5:15 am","ts":1663544734,"status":200,"resp_time":0.256697}
{"time":"September 19, 5:28 am","ts":1663545522,"status":200,"resp_time":0.083743}
{"time":"September 19, 8:33 am","ts":1663556604,"status":200,"resp_time":0.334524}
{"time":"September 19, 10:32 am","ts":1663563737,"status":200,"resp_time":0.231131}
{"time":"September 19, 11:52 am","ts":1663568544,"status":200,"resp_time":0.196983}
{"time":"September 19, 12:51 pm","ts":1663572100,"status":200,"resp_time":0.096863}
{"time":"September 19, 1:27 pm","ts":1663574257,"status":200,"resp_time":0.068666}
{"time":"September 19, 2:05 pm","ts":1663576526,"status":200,"resp_time":0.511869}
{"time":"September 19, 2:30 pm","ts":1663578003,"status":200,"resp_time":0.245088}
{"time":"September 19, 3:01 pm","ts":1663579881,"status":200,"resp_time":0.563339}
{"time":"September 19, 3:23 pm","ts":1663581185,"status":200,"resp_time":0.475793}
{"time":"September 19, 3:52 pm","ts":1663582957,"status":200,"resp_time":0.152397}
{"time":"September 19, 4:20 pm","ts":1663584604,"status":200,"resp_time":0.084659}
{"time":"September 19, 4:31 pm","ts":1663585267,"status":200,"resp_time":0.144448}
{"time":"September 19, 4:58 pm","ts":1663586880,"status":200,"resp_time":0.198346}
{"time":"September 19, 5:13 pm","ts":1663587789,"status":200,"resp_time":0.197762}
{"time":"September 19, 5:25 pm","ts":1663588538,"status":200,"resp_time":0.190303}
{"time":"September 19, 6:14 pm","ts":1663591469,"status":200,"resp_time":0.096159}
{"time":"September 19, 7:07 pm","ts":1663594647,"status":200,"resp_time":0.236995}
{"time":"September 19, 7:45 pm","ts":1663596903,"status":200,"resp_time":0.220051}
{"time":"September 19, 8:12 pm","ts":1663598569,"status":200,"resp_time":0.132096}
{"time":"September 19, 8:27 pm","ts":1663599455,"status":200,"resp_time":0.215432}
{"time":"September 19, 8:58 pm","ts":1663601282,"status":200,"resp_time":0.236286}
{"time":"September 19, 9:20 pm","ts":1663602615,"status":200,"resp_time":0.289058}
{"time":"September 19, 9:57 pm","ts":1663604833,"status":200,"resp_time":0.434369}
{"time":"September 19, 10:37 pm","ts":1663607220,"status":200,"resp_time":0.318563}
{"time":"September 19, 11:17 pm","ts":1663609648,"status":200,"resp_time":0.088838}
{"time":"September 19, 11:38 pm","ts":1663610881,"status":200,"resp_time":0.657586}
{"time":"September 20, 12:14 am","ts":1663613061,"status":200,"resp_time":0.307581}
{"time":"September 20, 12:32 am","ts":1663614157,"status":200,"resp_time":0.254228}
{"time":"September 20, 12:57 am","ts":1663615654,"status":200,"resp_time":0.209829}
{"time":"September 20, 1:11 am","ts":1663616510,"status":200,"resp_time":0.276178}
{"time":"September 20, 1:25 am","ts":1663617333,"status":200,"resp_time":0.305998}
{"time":"September 20, 1:52 am","ts":1663618947,"status":200,"resp_time":0.276793}
{"time":"September 20, 2:15 am","ts":1663620338,"status":200,"resp_time":0.084289}
{"time":"September 20, 2:27 am","ts":1663621020,"status":200,"resp_time":0.098138}
{"time":"September 20, 2:52 am","ts":1663622567,"status":200,"resp_time":0.227396}
{"time":"September 20, 3:13 am","ts":1663623794,"status":200,"resp_time":0.234148}
{"time":"September 20, 3:25 am","ts":1663624535,"status":200,"resp_time":0.225837}
{"time":"September 20, 3:49 am","ts":1663625951,"status":200,"resp_time":0.258029}
{"time":"September 20, 4:09 am","ts":1663627176,"status":200,"resp_time":0.125076}
{"time":"September 20, 4:22 am","ts":1663627953,"status":200,"resp_time":0.150496}
{"time":"September 20, 4:52 am","ts":1663629772,"status":200,"resp_time":4.666569}
{"time":"September 20, 5:18 am","ts":1663631282,"status":200,"resp_time":0.224372}
{"time":"September 20, 6:03 am","ts":1663634034,"status":200,"resp_time":0.325604}
{"time":"September 20, 8:53 am","ts":1663644202,"status":200,