{"time":"August 16, 4:56 pm","ts":1660649196,"status":200,"resp_time":0.093186}
{"time":"August 16, 5:07 pm","ts":1660649865,"status":200,"resp_time":0.220491}
{"time":"August 16, 5:18 pm","ts":1660650492,"status":200,"resp_time":0.216031}
{"time":"August 16, 5:28 pm","ts":1660651119,"status":200,"resp_time":0.286653}
{"time":"August 16, 6:15 pm","ts":1660653935,"status":200,"resp_time":0.198449}
{"time":"August 16, 6:49 pm","ts":1660655983,"status":200,"resp_time":0.251156}
{"time":"August 16, 7:11 pm","ts":1660657295,"status":200,"resp_time":0.205436}
{"time":"August 16, 7:25 pm","ts":1660658132,"status":200,"resp_time":0.161499}
{"time":"August 16, 7:46 pm","ts":1660659411,"status":200,"resp_time":0.225159}
{"time":"August 16, 8:02 pm","ts":1660660334,"status":200,"resp_time":0.08848}
{"time":"August 16, 8:15 pm","ts":1660661132,"status":200,"resp_time":0.247639}
{"time":"August 16, 8:25 pm","ts":1660661758,"status":200,"resp_time":0.271719}
{"time":"August 16, 8:50 pm","ts":1660663227,"status":200,"resp_time":0.174104}
{"time":"August 16, 9:15 pm","ts":1660664721,"status":200,"resp_time":0.106808}
{"time":"August 16, 9:27 pm","ts":1660665436,"status":200,"resp_time":0.259779}
{"time":"August 16, 10:02 pm","ts":1660667552,"status":200,"resp_time":0.321149}
{"time":"August 16, 10:30 pm","ts":1660669256,"status":200,"resp_time":0.154729}
{"time":"August 16, 11:02 pm","ts":1660671122,"status":200,"resp_time":0.125235}
{"time":"August 16, 11:18 pm","ts":1660672124,"status":200,"resp_time":0.245252}
{"time":"August 16, 11:29 pm","ts":1660672741,"status":200,"resp_time":0.224533}
{"time":"August 17, 12:03 am","ts":1660674816,"status":200,"resp_time":0.181707}
{"time":"August 17, 12:23 am","ts":1660676020,"status":200,"resp_time":0.2218}
{"time":"August 17, 12:43 am","ts":1660677227,"status":200,"resp_time":0.170896}
{"time":"August 17, 12:57 am","ts":1660678063,"status":200,"resp_time":0.207603}
{"time":"August 17, 1:09 am","ts":1660678744,"status":200,"resp_time":0.347312}
{"time":"August 17, 1:19 am","ts":1660679362,"status":200,"resp_time":0.125899}
{"time":"August 17, 1:29 am","ts":1660679986,"status":200,"resp_time":0.229947}
{"time":"August 17, 1:55 am","ts":1660681526,"status":200,"resp_time":0.208669}
{"time":"August 17, 2:11 am","ts":1660682483,"status":200,"resp_time":0.14615}
{"time":"August 17, 2:25 am","ts":1660683337,"status":200,"resp_time":0.652918}
{"time":"August 17, 2:46 am","ts":1660684563,"status":200,"resp_time":0.257774}
{"time":"August 17, 3:02 am","ts":1660685541,"status":200,"resp_time":0.225062}
{"time":"August 17, 3:16 am","ts":1660686371,"status":200,"resp_time":0.207361}
{"time":"August 17, 3:26 am","ts":1660687004,"status":200,"resp_time":0.134654}
{"time":"August 17, 3:51 am","ts":1660688513,"status":200,"resp_time":0.236132}
{"time":"August 17, 4:11 am","ts":1660689719,"status":200,"resp_time":0.19742}
{"time":"August 17, 4:25 am","ts":1660690532,"status":200,"resp_time":0.29737}
{"time":"August 17, 4:46 am","ts":1660691793,"status":200,"resp_time":0.156446}
{"time":"August 17, 5:03 am","ts":1660692781,"status":200,"resp_time":0.288636}
{"time":"August 17, 5:16 am","ts":1660693610,"status":200,"resp_time":0.245114}
{"time":"August 17, 5:27 am","ts":1660694251,"status":200,"resp_time":0.24006}
{"time":"August 17, 7:58 am","ts":1660703334,"status":200,"resp_time":0.246126}
{"time":"August 17, 9:38 am","ts":1660709299,"status":200,"resp_time":0.180092}
{"time":"August 17, 10:48 am","ts":1660713530,"status":200,"resp_time":0.195232}
{"time":"August 17, 11:20 am","ts":1660715444,"status":200,"resp_time":0.147442}
{"time":"August 17, 11:54 am","ts":1660717443,"status":200,"resp_time":0.434815}
{"time":"August 17, 12:20 pm","ts":1660719034,"status":200,"resp_time":0.158765}
{"time":"August 17, 12:45 pm","ts":1660720525,"status":200,"resp_time":0.264292}
{"time":"August 17, 1:01 pm","ts":1660721486,"status":200,"resp_time":0.690409}
{"time":"August 17, 1:15 pm","ts":1660722332,"status":200,"resp_time":0.213849}
{"time":"August 17, 1:25 pm","ts":1660722949,"status":200,"resp_time":0.117079}
{"time":"August 17, 1:54 pm","ts":1660724682,"status":200,"resp_time":0.145437}
{"time":"August 17, 2:15 pm","ts":1660725946,"status":200,"resp_time":0.098274}
{"time":"August 17, 2:26 pm","ts":1660726600,"status":200,"resp_time":0.157347}
{"time":"August 17, 2:52 pm","ts":1660728121,"status":200,"resp_time":0.07576}
{"time":"August 17, 3:11 pm","ts":1660729308,"status":200,"resp_time":0.17926}
{"time":"August 17, 3:25 pm","ts":1660730135,"status":200,"resp_time":0.143305}
{"time":"August 17, 3:50 pm","ts":1660731633,"status":200,"resp_time":0.155702}
{"time":"August 17, 4:12 pm","ts":1660732955,"status":200,"resp_time":0.167177}
{"time":"August 17, 4:25 pm","ts":1660733735,"status":200,"resp_time":0.100889}
{"time":"August 17, 4:45 pm","ts":1660734914,"status":200,"resp_time":0.259077}
{"time":"August 17, 5:01 pm","ts":1660735876,"status":200,"resp_time":0.182404}
{"time":"August 17, 5:15 pm","ts":1660736750,"status":200,"resp_time":0.155586}
{"time":"August 17, 5:26 pm","ts":1660737385,"status":200,"resp_time":0.14892}
{"time":"August 17, 6:14 pm","ts":1660740287,"status":200,"resp_time":0.082419}
{"time":"August 17, 7:05 pm","ts":1660743315,"status":200,"resp_time":0.184334}
{"time":"August 17, 7:35 pm","ts":1660745143,"status":200,"resp_time":0.179895}
{"time":"August 17, 8:01 pm","ts":1660746690,"status":200,"resp_time":0.232541}
{"time":"August 17, 8:18 pm","ts":1660747690,"status":200,"resp_time":0.235664}
{"time":"August 17, 8:28 pm","ts":1660748317,"status":200,"resp_time":0.238934}
{"time":"August 17, 8:58 pm","ts":1660750100,"status":200,"resp_time":0.218024}
{"time":"August 17, 9:17 pm","ts":1660751252,"status":200,"resp_time":0.257719}
{"time":"August 17, 9:27 pm","ts":1660751875,"status":200,"resp_time":0.221108}
{"time":"August 17, 10:07 pm","ts":1660754255,"status":200,"resp_time":0.133197}
{"time":"August 17, 10:36 pm","ts":1660755962,"status":200,"resp_time":0.250243}
{"time":"August 17, 11:04 pm","ts":1660757685,"status":200,"resp_time":0.155374}
{"time":"August 17, 11:20 pm","ts":1660758608,"status":200,"resp_time":0.244234}
{"time":"August 17, 11:30 pm","ts":1660759237,"status":200,"resp_time":0.138024}
{"time":"August 18, 12:04 am","ts":1660761292,"status":200,"resp_time":0.232459}
{"time":"August 18, 12:24 am","ts":1660762485,"status":200,"resp_time":0.184592}
{"time":"August 18, 12:43 am","ts":1660763618,"status":200,"resp_time":0.260885}
{"time":"August 18, 12:56 am","ts":1660764412,"status":200,"resp_time":0.236241}
{"time":"August 18, 1:09 am","ts":1660765142,"status":200,"resp_time":0.225721}
{"time":"August 18, 1:19 am","ts":1660765785,"status":200,"resp_time":0.226082}
{"time":"August 18, 1:30 am","ts":1660766412,"status":200,"resp_time":0.174602}
{"time":"August 18, 1:56 am","ts":1660767988,"status":200,"resp_time":0.181146}
{"time":"August 18, 2:12 am","ts":1660768920,"status":200,"resp_time":0.170697}
{"time":"August 18, 2:25 am","ts":1660769741,"status":200,"resp_time":0.247604}
{"time":"August 18, 2:46 am","ts":1660771005,"status":200,"resp_time":0.339257}
{"time":"August 18, 3:04 am","ts":1660772065,"status":200,"resp_time":0.096571}
{"time":"August 18, 3:17 am","ts":1660772844,"status":200,"resp_time":0.100197}
{"time":"August 18, 3:27 am","ts":1660773464,"status":200,"resp_time":0.266827}
