{"time":"November 17, 3:15 pm","ts":1668678336,"status":200,"resp_time":3.269334}
{"time":"November 17, 3:26 pm","ts":1668678960,"status":200,"resp_time":3.023939}
{"time":"November 17, 3:49 pm","ts":1668680399,"status":200,"resp_time":3.296877}
{"time":"November 17, 4:07 pm","ts":1668681460,"status":200,"resp_time":3.302975}
{"time":"November 17, 4:18 pm","ts":1668682132,"status":200,"resp_time":3.349062}
{"time":"November 17, 4:29 pm","ts":1668682758,"status":200,"resp_time":3.433277}
{"time":"November 17, 4:49 pm","ts":1668683976,"status":200,"resp_time":3.280135}
{"time":"November 17, 4:59 pm","ts":1668684590,"status":200,"resp_time":3.162132}
{"time":"November 17, 5:10 pm","ts":1668685204,"status":200,"resp_time":3.283071}
{"time":"November 17, 6:05 pm","ts":1668688545,"status":200,"resp_time":3.414143}
{"time":"November 17, 6:47 pm","ts":1668691022,"status":200,"resp_time":3.31526}
{"time":"November 17, 7:16 pm","ts":1668692812,"status":200,"resp_time":3.340574}
{"time":"November 17, 7:27 pm","ts":1668693430,"status":200,"resp_time":3.425928}
{"time":"November 17, 7:49 pm","ts":1668694778,"status":200,"resp_time":3.114958}
{"time":"November 17, 8:03 pm","ts":1668695624,"status":200,"resp_time":3.343482}
{"time":"November 17, 8:15 pm","ts":1668696343,"status":200,"resp_time":3.475576}
{"time":"November 17, 8:26 pm","ts":1668696966,"status":200,"resp_time":2.842828}
{"time":"November 17, 8:49 pm","ts":1668698392,"status":200,"resp_time":3.366001}
{"time":"November 17, 9:07 pm","ts":1668699445,"status":200,"resp_time":3.187041}
{"time":"November 17, 9:19 pm","ts":1668700145,"status":200,"resp_time":3.077068}
{"time":"November 17, 9:29 pm","ts":1668700762,"status":200,"resp_time":2.908302}
{"time":"November 17, 10:05 pm","ts":1668702912,"status":200,"resp_time":3.796579}
{"time":"November 17, 10:28 pm","ts":1668704306,"status":200,"resp_time":3.525884}
{"time":"November 17, 10:53 pm","ts":1668705799,"status":200,"resp_time":2.877893}
{"time":"November 17, 11:09 pm","ts":1668706779,"status":200,"resp_time":3.11138}
{"time":"November 17, 11:19 pm","ts":1668707395,"status":200,"resp_time":3.452598}
{"time":"November 17, 11:30 pm","ts":1668708013,"status":200,"resp_time":3.379307}
{"time":"November 17, 11:59 pm","ts":1668709786,"status":200,"resp_time":3.159273}
{"time":"November 18, 12:17 am","ts":1668710831,"status":200,"resp_time":3.00097}
{"time":"November 18, 12:27 am","ts":1668711472,"status":200,"resp_time":3.278424}
{"time":"November 18, 12:48 am","ts":1668712683,"status":200,"resp_time":2.857066}
{"time":"November 18, 12:58 am","ts":1668713304,"status":200,"resp_time":3.323098}
{"time":"November 18, 1:09 am","ts":1668713952,"status":200,"resp_time":3.0216}
{"time":"November 18, 1:19 am","ts":1668714578,"status":200,"resp_time":2.859831}
{"time":"November 18, 1:30 am","ts":1668715211,"status":200,"resp_time":3.131034}
{"time":"November 18, 1:55 am","ts":1668716740,"status":200,"resp_time":3.102627}
{"time":"November 18, 2:09 am","ts":1668717590,"status":200,"resp_time":3.078069}
{"time":"November 18, 2:20 am","ts":1668718208,"status":200,"resp_time":3.224981}
{"time":"November 18, 2:31 am","ts":1668718884,"status":200,"resp_time":3.083939}
{"time":"November 18, 2:54 am","ts":1668720287,"status":200,"resp_time":3.487173}
{"time":"November 18, 3:07 am","ts":1668721059,"status":200,"resp_time":2.889729}
{"time":"November 18, 3:18 am","ts":1668721681,"status":200,"resp_time":3.303727}
{"time":"November 18, 3:28 am","ts":1668722299,"status":200,"resp_time":3.38796}
{"time":"November 18, 3:54 am","ts":1668723842,"status":200,"resp_time":3.226901}
{"time":"November 18, 4:10 am","ts":1668724820,"status":200,"resp_time":2.968449}
{"time":"November 18, 4:25 am","ts":1668725732,"status":200,"resp_time":3.457235}
{"time":"November 18, 4:48 am","ts":1668727120,"status":200,"resp_time":3.089116}
{"time":"November 18, 5:05 am","ts":1668728141,"status":200,"resp_time":3.301856}
{"time":"November 18, 5:17 am","ts":1668728823,"status":200,"resp_time":3.196125}
{"time":"November 18, 5:27 am","ts":1668729441,"status":200,"resp_time":2.985175}
{"time":"November 18, 7:32 am","ts":1668736958,"status":200,"resp_time":3.088193}
{"time":"November 18, 8:49 am","ts":1668741548,"status":200,"resp_time":3.202056}
{"time":"November 18, 9:22 am","ts":1668743535,"status":200,"resp_time":3.392641}
{"time":"November 18, 9:51 am","ts":1668745286,"status":200,"resp_time":3.417807}
{"time":"November 18, 10:15 am","ts":1668746758,"status":200,"resp_time":3.148541}
{"time":"November 18, 10:26 am","ts":1668747375,"status":200,"resp_time":3.267952}
{"time":"November 18, 10:47 am","ts":1668748679,"status":200,"resp_time":2.910213}
{"time":"November 18, 11:02 am","ts":1668749555,"status":200,"resp_time":3.265932}
{"time":"November 18, 11:15 am","ts":1668750335,"status":200,"resp_time":3.048748}
{"time":"November 18, 11:25 am","ts":1668750951,"status":200,"resp_time":3.328331}
{"time":"November 18, 11:53 am","ts":1668752626,"status":200,"resp_time":3.294521}
{"time":"November 18, 12:15 pm","ts":1668753948,"status":200,"resp_time":3.050986}
{"time":"November 18, 12:26 pm","ts":1668754561,"status":200,"resp_time":3.276931}
{"time":"November 18, 12:47 pm","ts":1668755839,"status":200,"resp_time":3.02394}
{"time":"November 18, 1:00 pm","ts":1668756614,"status":200,"resp_time":3.162564}
{"time":"November 18, 1:15 pm","ts":1668757532,"status":200,"resp_time":3.336429}
{"time":"November 18, 1:25 pm","ts":1668758154,"status":200,"resp_time":3.555848}
{"time":"November 18, 1:53 pm","ts":1668759784,"status":200,"resp_time":3.309715}
{"time":"November 18, 2:13 pm","ts":1668761000,"status":200,"resp_time":3.102135}
{"time":"November 18, 2:25 pm","ts":1668761743,"status":200,"resp_time":3.732949}
{"time":"November 18, 2:47 pm","ts":1668763068,"status":200,"resp_time":3.165441}
{"time":"November 18, 3:03 pm","ts":1668763998,"status":200,"resp_time":3.264856}
{"time":"November 18, 3:15 pm","ts":1668764745,"status":200,"resp_time":3.741019}
{"time":"November 18, 3:26 pm","ts":1668765362,"status":200,"resp_time":3.430349}
{"time":"November 18, 3:50 pm","ts":1668766832,"status":200,"resp_time":2.885231}
{"time":"November 18, 4:11 pm","ts":1668768103,"status":200,"resp_time":3.244069}
{"time":"November 18, 4:25 pm","ts":1668768934,"status":200,"resp_time":3.327449}
{"time":"November 18, 4:44 pm","ts":1668770072,"status":200,"resp_time":2.986506}
{"time":"November 18, 4:58 pm","ts":1668770909,"status":200,"resp_time":3.064852}
{"time":"November 18, 5:09 pm","ts":1668771558,"status":200,"resp_time":3.180222}
{"time":"November 18, 5:19 pm","ts":1668772180,"status":200,"resp_time":3.052218}
{"time":"November 18, 5:30 pm","ts":1668772804,"status":200,"resp_time":2.942737}
{"time":"November 18, 6:16 pm","ts":1668775595,"status":200,"resp_time":2.926159}
{"time":"November 18, 6:51 pm","ts":1668777697,"status":200,"resp_time":3.576639}
{"time":"November 18, 7:20 pm","ts":1668779409,"status":200,"resp_time":3.008661}
{"time":"November 18, 7:30 pm","ts":1668780031,"status":200,"resp_time":3.805199}
{"time":"November 18, 7:57 pm","ts":1668781646,"status":200,"resp_time":3.127458}
{"time":"November 18, 8:11 pm","ts":1668782507,"status":200,"resp_time":3.002918}
{"time":"November 18, 8:25 pm","ts":1668783331,"status":200,"resp_time":3.063346}
{"time":"November 18, 8:48 pm","ts":1668784689,"status":200,"resp_time":2.969412}
{"time":"November 18, 9:06 pm","ts":1668785789,"status":200,"resp_time":7.158548}
