{"time":"September 21, 10:03 am","ts":1663734832,"status":200,"resp_time":3.239252}
{"time":"September 21, 11:24 am","ts":1663739698,"status":200,"resp_time":3.233376}
{"time":"September 21, 12:24 pm","ts":1663743282,"status":200,"resp_time":3.149366}
{"time":"September 21, 1:11 pm","ts":1663746073,"status":200,"resp_time":3.852776}
{"time":"September 21, 1:40 pm","ts":1663747834,"status":200,"resp_time":3.265084}
{"time":"September 21, 2:19 pm","ts":1663750178,"status":200,"resp_time":3.278482}
{"time":"September 21, 2:40 pm","ts":1663751404,"status":200,"resp_time":3.458467}
{"time":"September 21, 3:07 pm","ts":1663753060,"status":200,"resp_time":3.307744}
{"time":"September 21, 3:24 pm","ts":1663754074,"status":200,"resp_time":3.140101}
{"time":"September 21, 3:51 pm","ts":1663755692,"status":200,"resp_time":3.225519}
{"time":"September 21, 4:16 pm","ts":1663757204,"status":200,"resp_time":3.215694}
{"time":"September 21, 4:27 pm","ts":1663757861,"status":200,"resp_time":3.07704}
{"time":"September 21, 4:52 pm","ts":1663759372,"status":200,"resp_time":3.391343}
{"time":"September 21, 5:10 pm","ts":1663760441,"status":200,"resp_time":3.813636}
{"time":"September 21, 5:25 pm","ts":1663761336,"status":200,"resp_time":3.373811}
{"time":"September 21, 6:13 pm","ts":1663764185,"status":200,"resp_time":3.338028}
{"time":"September 21, 7:08 pm","ts":1663767521,"status":200,"resp_time":3.022007}
{"time":"September 21, 7:47 pm","ts":1663769863,"status":200,"resp_time":3.100168}
{"time":"September 21, 8:14 pm","ts":1663771495,"status":200,"resp_time":3.519771}
{"time":"September 21, 8:28 pm","ts":1663772287,"status":200,"resp_time":3.10709}
{"time":"September 21, 8:59 pm","ts":1663774141,"status":200,"resp_time":3.162212}
{"time":"September 21, 9:20 pm","ts":1663775425,"status":200,"resp_time":3.300556}
{"time":"September 21, 9:59 pm","ts":1663777786,"status":200,"resp_time":2.97722}
{"time":"September 21, 10:40 pm","ts":1663780239,"status":200,"resp_time":3.008988}
{"time":"September 21, 11:17 pm","ts":1663782420,"status":200,"resp_time":3.530232}
{"time":"September 21, 11:29 pm","ts":1663783189,"status":200,"resp_time":3.521368}
{"time":"September 22, 12:07 am","ts":1663785462,"status":301,"resp_time":7.11761}
{"time":"September 22, 12:30 am","ts":1663786848,"status":200,"resp_time":3.644625}
{"time":"September 22, 12:58 am","ts":1663788493,"status":200,"resp_time":4.387222}
{"time":"September 22, 1:13 am","ts":1663789380,"status":200,"resp_time":3.588246}
{"time":"September 22, 1:25 am","ts":1663790144,"status":200,"resp_time":3.154689}
{"time":"September 22, 1:51 am","ts":1663791716,"status":200,"resp_time":3.161371}
{"time":"September 22, 2:14 am","ts":1663793093,"status":200,"resp_time":3.075303}
{"time":"September 22, 2:26 am","ts":1663793792,"status":200,"resp_time":3.151861}
{"time":"September 22, 2:50 am","ts":1663795235,"status":200,"resp_time":3.148338}
{"time":"September 22, 3:12 am","ts":1663796560,"status":200,"resp_time":3.040006}
{"time":"September 22, 3:25 am","ts":1663797331,"status":200,"resp_time":3.204408}
{"time":"September 22, 3:51 am","ts":1663798912,"status":200,"resp_time":3.009489}
{"time":"September 22, 4:16 am","ts":1663800372,"status":200,"resp_time":3.001991}
{"time":"September 22, 4:27 am","ts":1663801026,"status":200,"resp_time":3.184754}
{"time":"September 22, 4:56 am","ts":1663802816,"status":200,"resp_time":2.817294}
{"time":"September 22, 5:18 am","ts":1663804097,"status":200,"resp_time":2.91736}
{"time":"September 22, 6:00 am","ts":1663806659,"status":200,"resp_time":3.381525}
{"time":"September 22, 8:49 am","ts":1663816783,"status":200,"resp_time":2.919885}
{"time":"September 22, 10:29 am","ts":1663822778,"status":200,"resp_time":3.267441}
{"time":"September 22, 11:40 am","ts":1663827019,"status":200,"resp_time":3.167918}
{"time":"September 22, 12:33 pm","ts":1663830211,"status":200,"resp_time":3.415274}
{"time":"September 22, 1:15 pm","ts":1663832752,"status":200,"resp_time":3.153359}
{"time":"September 22, 1:30 pm","ts":1663833641,"status":200,"resp_time":3.06701}
{"time":"September 22, 2:10 pm","ts":1663836023,"status":200,"resp_time":3.231364}
{"time":"September 22, 2:32 pm","ts":1663837355,"status":200,"resp_time":3.357976}
{"time":"September 22, 3:05 pm","ts":1663839322,"status":200,"resp_time":3.228327}
{"time":"September 22, 3:23 pm","ts":1663840426,"status":200,"resp_time":3.669877}
{"time":"September 22, 3:51 pm","ts":1663842078,"status":200,"resp_time":3.318623}
{"time":"September 22, 4:16 pm","ts":1663843606,"status":200,"resp_time":3.089643}
{"time":"September 22, 4:27 pm","ts":1663844273,"status":200,"resp_time":3.163762}
{"time":"September 22, 4:53 pm","ts":1663845787,"status":200,"resp_time":3.04496}
{"time":"September 22, 5:10 pm","ts":1663846844,"status":200,"resp_time":3.332095}
{"time":"September 22, 5:25 pm","ts":1663847733,"status":200,"resp_time":3.020857}
{"time":"September 22, 6:10 pm","ts":1663850408,"status":200,"resp_time":3.27366}
{"time":"September 22, 7:02 pm","ts":1663853553,"status":200,"resp_time":3.016853}
{"time":"September 22, 7:38 pm","ts":1663855732,"status":200,"resp_time":3.300077}
{"time":"September 22, 8:08 pm","ts":1663857518,"status":200,"resp_time":3.17168}
{"time":"September 22, 8:24 pm","ts":1663858467,"status":200,"resp_time":3.150587}
{"time":"September 22, 8:50 pm","ts":1663860028,"status":200,"resp_time":3.215114}
{"time":"September 22, 9:18 pm","ts":1663861683,"status":200,"resp_time":3.006293}
{"time":"September 22, 9:29 pm","ts":1663862398,"status":200,"resp_time":3.10384}
{"time":"September 22, 10:11 pm","ts":1663864898,"status":200,"resp_time":3.35263}
{"time":"September 22, 10:49 pm","ts":1663867143,"status":200,"resp_time":3.088197}
{"time":"September 22, 11:17 pm","ts":1663868851,"status":200,"resp_time":3.029523}
{"time":"September 22, 11:29 pm","ts":1663869569,"status":200,"resp_time":3.241713}
{"time":"September 23, 12:04 am","ts":1663871640,"status":200,"resp_time":4.547398}
{"time":"September 23, 12:26 am","ts":1663873002,"status":200,"resp_time":5.21726}
{"time":"September 23, 12:49 am","ts":1663874384,"status":200,"resp_time":2.939177}
{"time":"September 23, 1:03 am","ts":1663875220,"status":200,"resp_time":3.049286}
{"time":"September 23, 1:16 am","ts":1663875970,"status":200,"resp_time":3.161675}
{"time":"September 23, 1:26 am","ts":1663876599,"status":200,"resp_time":2.845785}
{"time":"September 23, 1:55 am","ts":1663878327,"status":200,"resp_time":3.071528}
{"time":"September 23, 2:15 am","ts":1663879529,"status":200,"resp_time":2.832219}
{"time":"September 23, 2:27 am","ts":1663880225,"status":200,"resp_time":2.561471}
{"time":"September 23, 2:52 am","ts":1663881752,"status":200,"resp_time":2.996856}
{"time":"September 23, 3:13 am","ts":1663883001,"status":200,"resp_time":2.731203}
{"time":"September 23, 3:25 am","ts":1663883730,"status":200,"resp_time":2.797515}
{"time":"September 23, 3:51 am","ts":1663885270,"status":200,"resp_time":3.124842}
{"time":"September 23, 4:15 am","ts":1663886708,"status":200,"resp_time":3.204357}
{"time":"September 23, 4:26 am","ts":1663887386,"status":200,"resp_time":3.213206}
{"time":"September 23, 4:54 am","ts":1663889097,"status":200,"resp_time":2.803534}
{"time":"September 23, 5:15 am","ts":1663890359,"status":200,"resp_time":2.868933}
{"time":"September 23, 5:29 am","ts":1663891180,"status":200,"resp_time":2.997999}
{"time":"September 23, 8:20 am","ts":1663901452,"status":200,"resp_time":2.627119}
{"time":"September 23, 10:17 am","ts":1663908441,"status":200,"resp_time":3.160785}
{"time":"September 23, 11:24 am","ts":1663912447,"status":200,"resp_time":2.979487}
{"time":"September 23, 12:17 pm","ts":1663915620,"status":200,"resp_time":2.763745}
{"time":"September 23, 12:51 pm","ts":1663917687,"status":200,"resp_time":3.168822}
{"time":"September 23, 1:24 pm","ts":1663919654,"status":200,"resp_time":3.340355}
{"time":"September 23, 1:55 pm","ts":1663921536,"status":200,