{"time":"October 30, 2:47 pm","ts":1667121461,"status":200,"resp_time":3.81969}
{"time":"October 30, 3:05 pm","ts":1667122551,"status":200,"resp_time":3.286447}
{"time":"October 30, 3:18 pm","ts":1667123309,"status":200,"resp_time":3.431212}
{"time":"October 30, 3:28 pm","ts":1667123929,"status":200,"resp_time":2.900585}
{"time":"October 30, 3:57 pm","ts":1667125657,"status":200,"resp_time":3.386668}
{"time":"October 30, 4:15 pm","ts":1667126708,"status":200,"resp_time":2.833755}
{"time":"October 30, 4:25 pm","ts":1667127330,"status":200,"resp_time":3.342834}
{"time":"October 30, 4:45 pm","ts":1667128528,"status":200,"resp_time":2.850414}
{"time":"October 30, 5:00 pm","ts":1667129436,"status":200,"resp_time":3.201892}
{"time":"October 30, 5:15 pm","ts":1667130336,"status":200,"resp_time":3.284826}
{"time":"October 30, 5:26 pm","ts":1667130964,"status":200,"resp_time":3.090204}
{"time":"October 30, 6:08 pm","ts":1667133538,"status":200,"resp_time":3.569076}
{"time":"October 30, 6:48 pm","ts":1667135897,"status":200,"resp_time":3.325483}
{"time":"October 30, 7:15 pm","ts":1667137551,"status":200,"resp_time":3.431135}
{"time":"October 30, 7:26 pm","ts":1667138175,"status":200,"resp_time":3.323452}
{"time":"October 30, 8:04 pm","ts":1667140447,"status":200,"resp_time":3.542274}
{"time":"October 30, 8:26 pm","ts":1667141809,"status":200,"resp_time":3.330011}
{"time":"October 30, 8:53 pm","ts":1667143380,"status":200,"resp_time":3.542972}
{"time":"October 30, 9:13 pm","ts":1667144589,"status":200,"resp_time":2.930466}
{"time":"October 30, 9:25 pm","ts":1667145337,"status":200,"resp_time":2.950051}
{"time":"October 30, 9:56 pm","ts":1667147188,"status":200,"resp_time":3.112491}
{"time":"October 30, 10:26 pm","ts":1667148975,"status":200,"resp_time":3.220344}
{"time":"October 30, 10:51 pm","ts":1667150479,"status":200,"resp_time":3.321181}
{"time":"October 30, 11:12 pm","ts":1667151742,"status":200,"resp_time":2.930375}
{"time":"October 30, 11:25 pm","ts":1667152528,"status":200,"resp_time":2.978736}
{"time":"October 30, 11:54 pm","ts":1667154244,"status":200,"resp_time":3.240793}
{"time":"October 31, 12:17 am","ts":1667155666,"status":200,"resp_time":3.06004}
{"time":"October 31, 12:28 am","ts":1667156297,"status":200,"resp_time":3.227637}
{"time":"October 31, 12:50 am","ts":1667157614,"status":200,"resp_time":3.51412}
{"time":"October 31, 1:00 am","ts":1667158238,"status":200,"resp_time":2.977348}
{"time":"October 31, 1:15 am","ts":1667159133,"status":200,"resp_time":2.847169}
{"time":"October 31, 1:25 am","ts":1667159754,"status":200,"resp_time":3.284651}
{"time":"October 31, 1:50 am","ts":1667161250,"status":200,"resp_time":3.057008}
{"time":"October 31, 2:11 am","ts":1667162513,"status":200,"resp_time":3.50217}
{"time":"October 31, 2:25 am","ts":1667163341,"status":200,"resp_time":3.434133}
{"time":"October 31, 2:47 am","ts":1667164643,"status":200,"resp_time":3.248355}
{"time":"October 31, 3:04 am","ts":1667165646,"status":200,"resp_time":2.810502}
{"time":"October 31, 3:16 am","ts":1667166411,"status":200,"resp_time":2.748321}
{"time":"October 31, 3:27 am","ts":1667167043,"status":200,"resp_time":3.274853}
{"time":"October 31, 3:53 am","ts":1667168582,"status":200,"resp_time":3.486691}
{"time":"October 31, 4:11 am","ts":1667169708,"status":200,"resp_time":3.192984}
{"time":"October 31, 4:25 am","ts":1667170551,"status":200,"resp_time":2.905727}
{"time":"October 31, 4:51 am","ts":1667172102,"status":200,"resp_time":3.081093}
{"time":"October 31, 5:14 am","ts":1667173443,"status":200,"resp_time":2.924152}
{"time":"October 31, 7:33 am","ts":1667181833,"status":200,"resp_time":2.961224}
{"time":"October 31, 9:20 am","ts":1667188236,"status":200,"resp_time":2.906724}
{"time":"October 31, 10:21 am","ts":1667191888,"status":200,"resp_time":3.484677}
{"time":"October 31, 11:03 am","ts":1667194403,"status":200,"resp_time":3.275576}
{"time":"October 31, 11:24 am","ts":1667195695,"status":200,"resp_time":3.11909}
{"time":"October 31, 11:54 am","ts":1667197471,"status":200,"resp_time":3.254832}
{"time":"October 31, 12:21 pm","ts":1667199063,"status":200,"resp_time":3.007314}
{"time":"October 31, 12:47 pm","ts":1667200678,"status":200,"resp_time":2.972919}
{"time":"October 31, 1:04 pm","ts":1667201695,"status":200,"resp_time":2.994918}
{"time":"October 31, 1:16 pm","ts":1667202383,"status":200,"resp_time":3.668078}
{"time":"October 31, 1:26 pm","ts":1667203016,"status":200,"resp_time":3.510375}
{"time":"October 31, 2:03 pm","ts":1667205236,"status":200,"resp_time":3.167447}
{"time":"October 31, 2:27 pm","ts":1667206646,"status":200,"resp_time":2.925924}
{"time":"October 31, 2:56 pm","ts":1667208384,"status":200,"resp_time":2.814781}
{"time":"October 31, 3:15 pm","ts":1667209521,"status":200,"resp_time":3.182982}
{"time":"October 31, 3:25 pm","ts":1667210139,"status":200,"resp_time":3.58118}
{"time":"October 31, 3:52 pm","ts":1667211764,"status":200,"resp_time":3.294135}
{"time":"October 31, 4:16 pm","ts":1667213166,"status":200,"resp_time":3.126136}
{"time":"October 31, 4:26 pm","ts":1667213812,"status":200,"resp_time":2.979834}
{"time":"October 31, 4:50 pm","ts":1667215258,"status":200,"resp_time":3.40721}
{"time":"October 31, 5:10 pm","ts":1667216414,"status":200,"resp_time":3.320852}
{"time":"October 31, 5:25 pm","ts":1667217337,"status":200,"resp_time":3.162959}
{"time":"October 31, 6:12 pm","ts":1667220161,"status":200,"resp_time":3.020883}
{"time":"October 31, 7:08 pm","ts":1667223487,"status":200,"resp_time":3.29958}
{"time":"October 31, 7:46 pm","ts":1667225804,"status":200,"resp_time":3.415494}
{"time":"October 31, 8:14 pm","ts":1667227444,"status":200,"resp_time":3.362153}
{"time":"October 31, 8:28 pm","ts":1667228281,"status":200,"resp_time":3.563863}
{"time":"October 31, 8:58 pm","ts":1667230082,"status":200,"resp_time":3.022808}
{"time":"October 31, 9:18 pm","ts":1667231293,"status":200,"resp_time":3.095242}
{"time":"October 31, 9:28 pm","ts":1667231909,"status":200,"resp_time":3.112396}
{"time":"October 31, 10:10 pm","ts":1667234430,"status":200,"resp_time":3.46741}
{"time":"October 31, 10:51 pm","ts":1667236874,"status":200,"resp_time":3.00989}
{"time":"October 31, 11:28 pm","ts":1667239082,"status":200,"resp_time":3.196321}
{"time":"November 1, 12:04 am","ts":1667241266,"status":200,"resp_time":3.210453}
{"time":"November 1, 12:24 am","ts":1667242499,"status":200,"resp_time":3.029728}
{"time":"November 1, 12:44 am","ts":1667243681,"status":200,"resp_time":3.444721}
{"time":"November 1, 12:59 am","ts":1667244565,"status":200,"resp_time":3.426531}
{"time":"November 1, 1:11 am","ts":1667245260,"status":200,"resp_time":3.224901}
{"time":"November 1, 1:25 am","ts":1667246145,"status":200,"resp_time":3.129133}
{"time":"November 1, 1:52 am","ts":1667247745,"status":200,"resp_time":3.01242}
{"time":"November 1, 2:25 am","ts":1667249730,"status":200,"resp_time":3.304454}
{"time":"November 1, 3:18 am","ts":1667252920,"status":200,"resp_time":3.014738}
{"time":"November 1, 3:29 am","ts":1667253546,"status":200,"resp_time":2.929667}
{"time":"November 1, 3:58 am","ts":1667255283,"status":200,"resp_time":3.239533}
{"time":"November 1, 4:16 am","ts":1667256383,"status":200,"resp_time":3.433802}
{"time":"November 1, 4:26 am","ts":1667256986,"status":200,"resp_time":3.030372}
{"time":"November 1, 4:55 am","ts":1667258751,"status":200,"resp_time":2.98715}
{"time":"November 1, 5:17 am","ts":1667260030,"status":200,"resp_time":2.982681}
{"time":"November 1, 5:27 am","ts":1667260666,"status":200,"resp_time":2.805062}
{"time":"November 1, 8:10 am","ts":1667270408,"status":200,"resp_time":3.502568}
{"time":"November 1, 9:52 am","ts":1667276544,"status":200,"resp_time":3.332118}
{"time":"November 1, 11:04 am","ts":1667280870,"status":200,"resp_time":3.241063}
