{"time":"October 9, 6:21 pm","ts":1665319877,"status":200,"resp_time":3.355379}
{"time":"October 9, 7:09 pm","ts":1665322754,"status":200,"resp_time":3.075853}
{"time":"October 9, 7:30 pm","ts":1665324035,"status":200,"resp_time":2.903539}
{"time":"October 9, 8:01 pm","ts":1665325864,"status":200,"resp_time":2.941103}
{"time":"October 9, 8:20 pm","ts":1665327039,"status":200,"resp_time":2.865697}
{"time":"October 9, 8:51 pm","ts":1665328898,"status":200,"resp_time":3.0091}
{"time":"October 9, 9:18 pm","ts":1665330524,"status":200,"resp_time":3.233325}
{"time":"October 9, 9:31 pm","ts":1665331293,"status":200,"resp_time":3.734783}
{"time":"October 9, 10:17 pm","ts":1665334057,"status":200,"resp_time":3.323814}
{"time":"October 9, 10:45 pm","ts":1665335746,"status":200,"resp_time":2.935497}
{"time":"October 9, 11:15 pm","ts":1665337503,"status":200,"resp_time":3.120462}
{"time":"October 9, 11:29 pm","ts":1665338349,"status":200,"resp_time":3.23507}
{"time":"October 10, 12:04 am","ts":1665340451,"status":200,"resp_time":2.986561}
{"time":"October 10, 12:27 am","ts":1665341827,"status":200,"resp_time":3.390384}
{"time":"October 10, 12:51 am","ts":1665343288,"status":200,"resp_time":3.009999}
{"time":"October 10, 1:09 am","ts":1665344395,"status":200,"resp_time":3.145784}
{"time":"October 10, 1:20 am","ts":1665345011,"status":200,"resp_time":3.791069}
{"time":"October 10, 1:36 am","ts":1665345992,"status":200,"resp_time":3.445375}
{"time":"October 10, 2:04 am","ts":1665347694,"status":200,"resp_time":4.293525}
{"time":"October 10, 2:22 am","ts":1665348769,"status":200,"resp_time":3.176195}
{"time":"October 10, 2:47 am","ts":1665350264,"status":200,"resp_time":3.472928}
{"time":"October 10, 3:08 am","ts":1665351497,"status":200,"resp_time":3.514741}
{"time":"October 10, 3:22 am","ts":1665352343,"status":200,"resp_time":2.962868}
{"time":"October 10, 3:49 am","ts":1665353985,"status":200,"resp_time":2.930991}
{"time":"October 10, 4:12 am","ts":1665355335,"status":200,"resp_time":3.073109}
{"time":"October 10, 4:27 am","ts":1665356273,"status":200,"resp_time":3.177808}
{"time":"October 10, 5:02 am","ts":1665358358,"status":200,"resp_time":3.458019}
{"time":"October 10, 5:25 am","ts":1665359734,"status":200,"resp_time":3.390116}
{"time":"October 10, 7:35 am","ts":1665367536,"status":200,"resp_time":3.26782}
{"time":"October 10, 9:50 am","ts":1665375650,"status":200,"resp_time":3.069839}
{"time":"October 10, 11:19 am","ts":1665380987,"status":200,"resp_time":3.584281}
{"time":"October 10, 12:04 pm","ts":1665383661,"status":200,"resp_time":3.102024}
{"time":"October 10, 12:52 pm","ts":1665386529,"status":200,"resp_time":3.347135}
{"time":"October 10, 1:28 pm","ts":1665388703,"status":200,"resp_time":6.84905}
{"time":"October 10, 2:10 pm","ts":1665391235,"status":200,"resp_time":3.96122}
{"time":"October 10, 2:40 pm","ts":1665393036,"status":200,"resp_time":3.276529}
{"time":"October 10, 3:15 pm","ts":1665395107,"status":200,"resp_time":3.201918}
{"time":"October 10, 3:29 pm","ts":1665395987,"status":200,"resp_time":3.36751}
{"time":"October 10, 4:02 pm","ts":1665397955,"status":200,"resp_time":3.790177}
{"time":"October 10, 4:25 pm","ts":1665399309,"status":200,"resp_time":3.125425}
{"time":"October 10, 4:47 pm","ts":1665400678,"status":200,"resp_time":3.605952}
{"time":"October 10, 5:08 pm","ts":1665401883,"status":200,"resp_time":3.660387}
{"time":"October 10, 5:20 pm","ts":1665402657,"status":200,"resp_time":3.674389}
{"time":"October 10, 6:16 pm","ts":1665405989,"status":200,"resp_time":3.649343}
{"time":"October 10, 7:14 pm","ts":1665409498,"status":200,"resp_time":3.735941}
{"time":"October 10, 7:59 pm","ts":1665412176,"status":200,"resp_time":3.009165}
{"time":"October 10, 8:30 pm","ts":1665414055,"status":200,"resp_time":3.114081}
{"time":"October 10, 9:09 pm","ts":1665416352,"status":200,"resp_time":3.441725}
{"time":"October 10, 9:29 pm","ts":1665417594,"status":200,"resp_time":2.985415}
{"time":"October 10, 10:16 pm","ts":1665420380,"status":200,"resp_time":2.897137}
{"time":"October 10, 10:57 pm","ts":1665422822,"status":200,"resp_time":3.183341}
{"time":"October 10, 11:31 pm","ts":1665424899,"status":200,"resp_time":3.054269}
{"time":"October 11, 12:20 am","ts":1665427811,"status":200,"resp_time":2.95945}
{"time":"October 11, 12:45 am","ts":1665429351,"status":200,"resp_time":2.648162}
{"time":"October 11, 1:11 am","ts":1665430879,"status":200,"resp_time":3.049583}
{"time":"October 11, 1:26 am","ts":1665431788,"status":200,"resp_time":2.7812}
{"time":"October 11, 1:56 am","ts":1665433616,"status":200,"resp_time":2.845699}
{"time":"October 11, 2:19 am","ts":1665434965,"status":200,"resp_time":2.540234}
{"time":"October 11, 2:30 am","ts":1665435625,"status":200,"resp_time":3.001523}
{"time":"October 11, 3:01 am","ts":1665437479,"status":200,"resp_time":2.9955}
{"time":"October 11, 3:22 am","ts":1665438734,"status":200,"resp_time":3.023291}
{"time":"October 11, 3:51 am","ts":1665440511,"status":200,"resp_time":2.766289}
{"time":"October 11, 4:18 am","ts":1665442102,"status":200,"resp_time":2.637613}
{"time":"October 11, 4:29 am","ts":1665442774,"status":200,"resp_time":2.998828}
{"time":"October 11, 5:05 am","ts":1665444932,"status":200,"resp_time":2.798802}
{"time":"October 11, 5:27 am","ts":1665446246,"status":200,"resp_time":2.983971}
{"time":"October 11, 8:01 am","ts":1665455473,"status":200,"resp_time":2.84652}
{"time":"October 11, 9:56 am","ts":1665462380,"status":200,"resp_time":2.715984}
{"time":"October 11, 11:17 am","ts":1665467263,"status":200,"resp_time":2.975209}
{"time":"October 11, 12:00 pm","ts":1665469835,"status":200,"resp_time":2.981335}
{"time":"October 11, 12:52 pm","ts":1665472940,"status":200,"resp_time":2.837171}
{"time":"October 11, 1:30 pm","ts":1665475222,"status":200,"resp_time":3.239741}
{"time":"October 11, 2:15 pm","ts":1665477910,"status":200,"resp_time":3.037027}
{"time":"October 11, 2:40 pm","ts":1665479413,"status":200,"resp_time":2.739479}
{"time":"October 11, 3:14 pm","ts":1665481485,"status":200,"resp_time":2.909096}
{"time":"October 11, 3:29 pm","ts":1665482392,"status":200,"resp_time":2.689836}
{"time":"October 11, 4:03 pm","ts":1665484411,"status":200,"resp_time":3.082646}
{"time":"October 11, 4:25 pm","ts":1665485740,"status":200,"resp_time":3.04674}
{"time":"October 11, 4:48 pm","ts":1665487123,"status":200,"resp_time":3.105354}
{"time":"October 11, 5:08 pm","ts":1665488289,"status":200,"resp_time":2.858041}
{"time":"October 11, 5:21 pm","ts":1665489071,"status":200,"resp_time":2.771693}
{"time":"October 11, 6:12 pm","ts":1665492151,"status":200,"resp_time":2.970218}
{"time":"October 11, 7:12 pm","ts":1665495758,"status":200,"resp_time":2.944402}
{"time":"October 11, 7:51 pm","ts":1665498118,"status":200,"resp_time":2.931243}
{"time":"October 11, 8:23 pm","ts":1665499998,"status":200,"resp_time":2.87387}
{"time":"October 11, 8:53 pm","ts":1665501839,"status":200,"resp_time":2.999669}
{"time":"October 11, 9:22 pm","ts":1665503532,"status":200,"resp_time":2.93361}
{"time":"October 11, 10:01 pm","ts":1665505917,"status":200,"resp_time":2.819232}
{"time":"October 11, 10:44 pm","ts":1665508492,"status":200,"resp_time":3.002771}
{"time":"October 11, 11:18 pm","ts":1665510502,"status":200,"resp_time":2.83839}
{"time":"October 11, 11:39 pm","ts":1665511761,"status":200,"resp_time":3.116353}
{"time":"October 12, 12:17 am","ts":1665514029,"status":200,"resp_time":3.026527}
{"time":"October 12, 12:39 am","ts":1665515361,"status":200,"resp_time":2.781047}
{"time":"October 12, 1:03 am","ts":1665516794,"status":200,"resp_time":2.721979}
{"time":"October 12, 1:20 am","ts":1665517805,"status":200,"resp_time":2.577192}
{"time":"October 12, 1:30 am","ts":1665518437,"status":200,"resp_time":3.049506}
{"time":"October 12, 2:06 am","ts":1665520598,"status":200,"resp_time":2.996249}
{"time":"October 12, 2:26 am","ts":1665521783,"status":200,"resp_time":3.072617}
