{"time":"November 9, 2:14 am","ts":1667940273,"status":200,"resp_time":3.171359}
{"time":"November 9, 2:46 am","ts":1667942212,"status":200,"resp_time":3.356607}
{"time":"November 9, 3:02 am","ts":1667943178,"status":200,"resp_time":3.081664}
{"time":"November 9, 3:16 am","ts":1667943962,"status":200,"resp_time":3.168622}
{"time":"November 9, 3:26 am","ts":1667944583,"status":200,"resp_time":3.289675}
{"time":"November 9, 3:51 am","ts":1667946091,"status":200,"resp_time":3.319348}
{"time":"November 9, 4:11 am","ts":1667947315,"status":200,"resp_time":3.161805}
{"time":"November 9, 4:25 am","ts":1667948138,"status":200,"resp_time":3.271814}
{"time":"November 9, 4:50 am","ts":1667949653,"status":200,"resp_time":3.735249}
{"time":"November 9, 5:26 am","ts":1667951760,"status":200,"resp_time":3.113312}
{"time":"November 9, 7:26 am","ts":1667959005,"status":200,"resp_time":3.063317}
{"time":"November 9, 9:11 am","ts":1667965307,"status":200,"resp_time":2.930809}
{"time":"November 9, 10:01 am","ts":1667968263,"status":200,"resp_time":3.038453}
{"time":"November 9, 10:46 am","ts":1667970989,"status":200,"resp_time":3.227313}
{"time":"November 9, 11:12 am","ts":1667972576,"status":200,"resp_time":3.416246}
{"time":"November 9, 11:25 am","ts":1667973331,"status":200,"resp_time":2.92383}
{"time":"November 9, 11:59 am","ts":1667975364,"status":200,"resp_time":3.405324}
{"time":"November 9, 12:27 pm","ts":1667977026,"status":200,"resp_time":3.16887}
{"time":"November 9, 12:51 pm","ts":1667978464,"status":200,"resp_time":3.150633}
{"time":"November 9, 1:08 pm","ts":1667979539,"status":200,"resp_time":3.398047}
{"time":"November 9, 1:19 pm","ts":1667980173,"status":200,"resp_time":3.344983}
{"time":"November 9, 1:29 pm","ts":1667980790,"status":200,"resp_time":3.372748}
{"time":"November 9, 2:03 pm","ts":1667982825,"status":200,"resp_time":3.391035}
{"time":"November 9, 2:22 pm","ts":1667983952,"status":200,"resp_time":3.301002}
{"time":"November 9, 2:47 pm","ts":1667985463,"status":200,"resp_time":2.884646}
{"time":"November 9, 3:06 pm","ts":1667986569,"status":200,"resp_time":3.464969}
{"time":"November 9, 3:18 pm","ts":1667987294,"status":200,"resp_time":3.116145}
{"time":"November 9, 3:28 pm","ts":1667987922,"status":200,"resp_time":3.131856}
{"time":"November 9, 3:57 pm","ts":1667989649,"status":200,"resp_time":3.013464}
{"time":"November 9, 4:15 pm","ts":1667990707,"status":200,"resp_time":2.880133}
{"time":"November 9, 4:25 pm","ts":1667991342,"status":200,"resp_time":3.640138}
{"time":"November 9, 4:47 pm","ts":1667992621,"status":200,"resp_time":3.658121}
{"time":"November 9, 5:01 pm","ts":1667993491,"status":200,"resp_time":3.020743}
{"time":"November 9, 5:15 pm","ts":1667994338,"status":200,"resp_time":3.629476}
{"time":"November 9, 5:25 pm","ts":1667994958,"status":200,"resp_time":3.085104}
{"time":"November 9, 6:14 pm","ts":1667997873,"status":200,"resp_time":3.120308}
{"time":"November 9, 7:04 pm","ts":1668000843,"status":200,"resp_time":3.285053}
{"time":"November 9, 7:34 pm","ts":1668002652,"status":200,"resp_time":3.258637}
{"time":"November 9, 8:02 pm","ts":1668004325,"status":200,"resp_time":2.957564}
{"time":"November 9, 8:19 pm","ts":1668005368,"status":200,"resp_time":3.453852}
{"time":"November 9, 8:29 pm","ts":1668005982,"status":200,"resp_time":3.112711}
{"time":"November 9, 8:59 pm","ts":1668007757,"status":200,"resp_time":3.176032}
{"time":"November 9, 9:17 pm","ts":1668008857,"status":200,"resp_time":3.280726}
{"time":"November 9, 9:28 pm","ts":1668009488,"status":200,"resp_time":3.173208}
{"time":"November 9, 10:05 pm","ts":1668011728,"status":200,"resp_time":3.669729}
{"time":"November 9, 10:32 pm","ts":1668013356,"status":200,"resp_time":3.461821}
{"time":"November 9, 11:02 pm","ts":1668015120,"status":200,"resp_time":3.029782}
{"time":"November 9, 11:18 pm","ts":1668016098,"status":200,"resp_time":3.311749}
{"time":"November 9, 11:28 pm","ts":1668016721,"status":200,"resp_time":2.982233}
{"time":"November 10, 12:00 am","ts":1668018646,"status":200,"resp_time":2.975516}
{"time":"November 10, 12:22 am","ts":1668019962,"status":200,"resp_time":3.486261}
{"time":"November 10, 12:44 am","ts":1668021255,"status":200,"resp_time":3.057407}
{"time":"November 10, 12:57 am","ts":1668022069,"status":200,"resp_time":3.171718}
{"time":"November 10, 1:09 am","ts":1668022749,"status":200,"resp_time":3.206927}
{"time":"November 10, 1:19 am","ts":1668023374,"status":200,"resp_time":3.064657}
{"time":"November 10, 1:30 am","ts":1668024007,"status":200,"resp_time":3.150352}
{"time":"November 10, 1:57 am","ts":1668025648,"status":200,"resp_time":2.822573}
{"time":"November 10, 2:13 am","ts":1668026624,"status":200,"resp_time":3.669471}
{"time":"November 10, 2:25 am","ts":1668027338,"status":200,"resp_time":3.232524}
{"time":"November 10, 2:49 am","ts":1668028780,"status":200,"resp_time":3.015152}
{"time":"November 10, 3:06 am","ts":1668029807,"status":200,"resp_time":2.951328}
{"time":"November 10, 3:18 am","ts":1668030502,"status":200,"resp_time":3.07164}
{"time":"November 10, 3:28 am","ts":1668031123,"status":200,"resp_time":3.196897}
{"time":"November 10, 3:54 am","ts":1668032689,"status":200,"resp_time":3.117525}
{"time":"November 10, 4:11 am","ts":1668033683,"status":200,"resp_time":3.224785}
{"time":"November 10, 4:25 am","ts":1668034536,"status":200,"resp_time":3.143343}
{"time":"November 10, 4:52 am","ts":1668036149,"status":301,"resp_time":7.385222}
{"time":"November 10, 7:17 am","ts":1668044826,"status":200,"resp_time":3.197981}
{"time":"November 10, 8:48 am","ts":1668050314,"status":200,"resp_time":2.978417}
{"time":"November 10, 9:36 am","ts":1668053204,"status":200,"resp_time":3.082318}
{"time":"November 10, 10:25 am","ts":1668056101,"status":200,"resp_time":3.218291}
{"time":"November 10, 10:54 am","ts":1668057863,"status":200,"resp_time":3.272342}
{"time":"November 10, 11:14 am","ts":1668059049,"status":200,"resp_time":3.35051}
{"time":"November 10, 11:25 am","ts":1668059731,"status":200,"resp_time":3.066479}
{"time":"November 10, 11:53 am","ts":1668061422,"status":200,"resp_time":2.898076}
{"time":"November 10, 12:17 pm","ts":1668062879,"status":200,"resp_time":3.356952}
{"time":"November 10, 12:28 pm","ts":1668063501,"status":200,"resp_time":3.238922}
{"time":"November 10, 12:53 pm","ts":1668064980,"status":200,"resp_time":3.039265}
{"time":"November 10, 1:08 pm","ts":1668065890,"status":200,"resp_time":3.147261}
{"time":"November 10, 1:18 pm","ts":1668066516,"status":200,"resp_time":3.358664}
{"time":"November 10, 1:28 pm","ts":1668067132,"status":200,"resp_time":3.222378}
{"time":"November 10, 2:08 pm","ts":1668069509,"status":200,"resp_time":3.629605}
{"time":"November 10, 2:27 pm","ts":1668070649,"status":200,"resp_time":3.649159}
{"time":"November 10, 2:54 pm","ts":1668072251,"status":200,"resp_time":3.478117}
{"time":"November 10, 3:11 pm","ts":1668073294,"status":200,"resp_time":2.932115}
{"time":"November 10, 3:25 pm","ts":1668074134,"status":200,"resp_time":2.940179}
{"time":"November 10, 3:50 pm","ts":1668075616,"status":200,"resp_time":3.025402}
{"time":"November 10, 4:13 pm","ts":1668077012,"status":200,"resp_time":3.179638}
{"time":"November 10, 4:25 pm","ts":1668077734,"status":200,"resp_time":3.330753}
{"time":"November 10, 4:46 pm","ts":1668079001,"status":200,"resp_time":3.08624}
{"time":"November 10, 5:01 pm","ts":1668079889,"status":200,"resp_time":3.41027}
{"time":"November 10, 5:15 pm","ts":1668080729,"status":200,"resp_time":3.240665}
{"time":"November 10, 5:26 pm","ts":1668081362,"status":200,"resp_time":2.862706}
{"time":"November 10, 6:14 pm","ts":1668084245,"status":200,"resp_time":3.224495}
{"time":"November 10, 7:08 pm","ts":1668087509,"status":200,"resp_time":3.170399}
{"time":"November 10, 7:47 pm","ts":1668089836,"status":200,"resp_time":3.330647}
{"time":"November 10, 8:17 pm","ts":1668091648,"status":200,"resp_time":3.25421}
{"time":"November 10, 8:29 pm","ts":1668092368,"status":200,