{"time":"November 18, 12:48 am","ts":1668712683,"status":200,"resp_time":2.857066}
{"time":"November 18, 12:58 am","ts":1668713304,"status":200,"resp_time":3.323098}
{"time":"November 18, 1:09 am","ts":1668713952,"status":200,"resp_time":3.0216}
{"time":"November 18, 1:19 am","ts":1668714578,"status":200,"resp_time":2.859831}
{"time":"November 18, 1:30 am","ts":1668715211,"status":200,"resp_time":3.131034}
{"time":"November 18, 1:55 am","ts":1668716740,"status":200,"resp_time":3.102627}
{"time":"November 18, 2:09 am","ts":1668717590,"status":200,"resp_time":3.078069}
{"time":"November 18, 2:20 am","ts":1668718208,"status":200,"resp_time":3.224981}
{"time":"November 18, 2:31 am","ts":1668718884,"status":200,"resp_time":3.083939}
{"time":"November 18, 2:54 am","ts":1668720287,"status":200,"resp_time":3.487173}
{"time":"November 18, 3:07 am","ts":1668721059,"status":200,"resp_time":2.889729}
{"time":"November 18, 3:18 am","ts":1668721681,"status":200,"resp_time":3.303727}
{"time":"November 18, 3:28 am","ts":1668722299,"status":200,"resp_time":3.38796}
{"time":"November 18, 3:54 am","ts":1668723842,"status":200,"resp_time":3.226901}
{"time":"November 18, 4:10 am","ts":1668724820,"status":200,"resp_time":2.968449}
{"time":"November 18, 4:25 am","ts":1668725732,"status":200,"resp_time":3.457235}
{"time":"November 18, 4:48 am","ts":1668727120,"status":200,"resp_time":3.089116}
{"time":"November 18, 5:05 am","ts":1668728141,"status":200,"resp_time":3.301856}
{"time":"November 18, 5:17 am","ts":1668728823,"status":200,"resp_time":3.196125}
{"time":"November 18, 5:27 am","ts":1668729441,"status":200,"resp_time":2.985175}
{"time":"November 18, 7:32 am","ts":1668736958,"status":200,"resp_time":3.088193}
{"time":"November 18, 8:49 am","ts":1668741548,"status":200,"resp_time":3.202056}
{"time":"November 18, 9:22 am","ts":1668743535,"status":200,"resp_time":3.392641}
{"time":"November 18, 9:51 am","ts":1668745286,"status":200,"resp_time":3.417807}
{"time":"November 18, 10:15 am","ts":1668746758,"status":200,"resp_time":3.148541}
{"time":"November 18, 10:26 am","ts":1668747375,"status":200,"resp_time":3.267952}
{"time":"November 18, 10:47 am","ts":1668748679,"status":200,"resp_time":2.910213}
{"time":"November 18, 11:02 am","ts":1668749555,"status":200,"resp_time":3.265932}
{"time":"November 18, 11:15 am","ts":1668750335,"status":200,"resp_time":3.048748}
{"time":"November 18, 11:25 am","ts":1668750951,"status":200,"resp_time":3.328331}
{"time":"November 18, 11:53 am","ts":1668752626,"status":200,"resp_time":3.294521}
{"time":"November 18, 12:15 pm","ts":1668753948,"status":200,"resp_time":3.050986}
{"time":"November 18, 12:26 pm","ts":1668754561,"status":200,"resp_time":3.276931}
{"time":"November 18, 12:47 pm","ts":1668755839,"status":200,"resp_time":3.02394}
{"time":"November 18, 1:00 pm","ts":1668756614,"status":200,"resp_time":3.162564}
{"time":"November 18, 1:15 pm","ts":1668757532,"status":200,"resp_time":3.336429}
{"time":"November 18, 1:25 pm","ts":1668758154,"status":200,"resp_time":3.555848}
{"time":"November 18, 1:53 pm","ts":1668759784,"status":200,"resp_time":3.309715}
{"time":"November 18, 2:13 pm","ts":1668761000,"status":200,"resp_time":3.102135}
{"time":"November 18, 2:25 pm","ts":1668761743,"status":200,"resp_time":3.732949}
{"time":"November 18, 2:47 pm","ts":1668763068,"status":200,"resp_time":3.165441}
{"time":"November 18, 3:03 pm","ts":1668763998,"status":200,"resp_time":3.264856}
{"time":"November 18, 3:15 pm","ts":1668764745,"status":200,"resp_time":3.741019}
{"time":"November 18, 3:26 pm","ts":1668765362,"status":200,"resp_time":3.430349}
{"time":"November 18, 3:50 pm","ts":1668766832,"status":200,"resp_time":2.885231}
{"time":"November 18, 4:11 pm","ts":1668768103,"status":200,"resp_time":3.244069}
{"time":"November 18, 4:25 pm","ts":1668768934,"status":200,"resp_time":3.327449}
{"time":"November 18, 4:44 pm","ts":1668770072,"status":200,"resp_time":2.986506}
{"time":"November 18, 4:58 pm","ts":1668770909,"status":200,"resp_time":3.064852}
{"time":"November 18, 5:09 pm","ts":1668771558,"status":200,"resp_time":3.180222}
{"time":"November 18, 5:19 pm","ts":1668772180,"status":200,"resp_time":3.052218}
{"time":"November 18, 5:30 pm","ts":1668772804,"status":200,"resp_time":2.942737}
{"time":"November 18, 6:16 pm","ts":1668775595,"status":200,"resp_time":2.926159}
{"time":"November 18, 6:51 pm","ts":1668777697,"status":200,"resp_time":3.576639}
{"time":"November 18, 7:20 pm","ts":1668779409,"status":200,"resp_time":3.008661}
{"time":"November 18, 7:30 pm","ts":1668780031,"status":200,"resp_time":3.805199}
{"time":"November 18, 7:57 pm","ts":1668781646,"status":200,"resp_time":3.127458}
{"time":"November 18, 8:11 pm","ts":1668782507,"status":200,"resp_time":3.002918}
{"time":"November 18, 8:25 pm","ts":1668783331,"status":200,"resp_time":3.063346}
{"time":"November 18, 8:48 pm","ts":1668784689,"status":200,"resp_time":2.969412}
{"time":"November 18, 9:06 pm","ts":1668785789,"status":200,"resp_time":7.158548}
{"time":"November 18, 9:18 pm","ts":1668786493,"status":200,"resp_time":3.171932}
{"time":"November 18, 9:28 pm","ts":1668787110,"status":200,"resp_time":3.077014}
{"time":"November 18, 10:03 pm","ts":1668789189,"status":200,"resp_time":3.035601}
{"time":"November 18, 10:26 pm","ts":1668790599,"status":200,"resp_time":3.170106}
{"time":"November 18, 10:49 pm","ts":1668791958,"status":200,"resp_time":4.125275}
{"time":"November 18, 11:05 pm","ts":1668792909,"status":200,"resp_time":3.057908}
{"time":"November 18, 11:15 pm","ts":1668793536,"status":200,"resp_time":3.293434}
{"time":"November 18, 11:25 pm","ts":1668794154,"status":200,"resp_time":3.058261}
{"time":"November 18, 11:54 pm","ts":1668795885,"status":200,"resp_time":3.628958}
{"time":"November 19, 12:26 am","ts":1668797770,"status":200,"resp_time":3.157033}
{"time":"November 19, 12:45 am","ts":1668798928,"status":200,"resp_time":3.248059}
{"time":"November 19, 12:56 am","ts":1668799606,"status":200,"resp_time":3.280011}
{"time":"November 19, 1:08 am","ts":1668800292,"status":200,"resp_time":2.868134}
{"time":"November 19, 1:18 am","ts":1668800915,"status":200,"resp_time":3.152201}
{"time":"November 19, 1:28 am","ts":1668801529,"status":200,"resp_time":3.356092}
{"time":"November 19, 1:54 am","ts":1668803090,"status":200,"resp_time":3.418733}
{"time":"November 19, 2:09 am","ts":1668803962,"status":200,"resp_time":2.982862}
{"time":"November 19, 2:19 am","ts":1668804582,"status":200,"resp_time":3.297488}
{"time":"November 19, 2:29 am","ts":1668805195,"status":200,"resp_time":3.320318}
{"time":"November 19, 2:51 am","ts":1668806489,"status":200,"resp_time":3.157122}
{"time":"November 19, 3:07 am","ts":1668807451,"status":200,"resp_time":3.39384}
{"time":"November 19, 3:18 am","ts":1668808080,"status":200,"resp_time":3.122845}
{"time":"November 19, 3:28 am","ts":1668808695,"status":200,"resp_time":3.147596}
{"time":"November 19, 3:53 am","ts":1668810207,"status":200,"resp_time":3.035035}
{"time":"November 19, 4:10 am","ts":1668811246,"status":200,"resp_time":3.266806}
{"time":"November 19, 4:25 am","ts":1668812134,"status":200,"resp_time":3.055861}
{"time":"November 19, 4:47 am","ts":1668813456,"status":200,"resp_time":3.3642}
{"time":"November 19, 5:03 am","ts":1668814410,"status":200,"resp_time":3.285274}
{"time":"November 19, 5:15 am","ts":1668815152,"status":200,"resp_time":2.931277}
{"time":"November 19, 7:13 am","ts":1668822222,"status":200,"resp_time":3.273287}
{"time":"November 19, 8:32 am","ts":1668826966,"status":200,"resp_time":3.227563}
{"time":"November 19, 9:15 am","ts":1668829515,"status":200,"resp_time":3.316168}
{"time":"November 19, 9:28 am","ts":1668830292,"status":200,"resp_time":2.995069}
