{"time":"November 7, 1:02 pm","ts":1667806346,"status":200,"resp_time":2.953351}
{"time":"November 7, 1:15 pm","ts":1667807142,"status":200,"resp_time":3.573028}
{"time":"November 7, 1:26 pm","ts":1667807776,"status":200,"resp_time":3.101614}
{"time":"November 7, 1:58 pm","ts":1667809705,"status":200,"resp_time":2.982469}
{"time":"November 7, 2:21 pm","ts":1667811101,"status":200,"resp_time":3.609247}
{"time":"November 7, 2:47 pm","ts":1667812648,"status":200,"resp_time":3.004365}
{"time":"November 7, 3:06 pm","ts":1667813773,"status":200,"resp_time":3.304516}
{"time":"November 7, 3:18 pm","ts":1667814499,"status":200,"resp_time":3.353261}
{"time":"November 7, 3:28 pm","ts":1667815118,"status":200,"resp_time":3.39657}
{"time":"November 7, 4:00 pm","ts":1667817023,"status":200,"resp_time":2.931328}
{"time":"November 7, 4:21 pm","ts":1667818285,"status":200,"resp_time":3.342424}
{"time":"November 7, 4:45 pm","ts":1667819717,"status":200,"resp_time":3.125554}
{"time":"November 7, 5:00 pm","ts":1667820631,"status":200,"resp_time":3.102921}
{"time":"November 7, 5:15 pm","ts":1667821541,"status":200,"resp_time":3.207077}
{"time":"November 7, 5:26 pm","ts":1667822160,"status":200,"resp_time":3.269655}
{"time":"November 7, 6:12 pm","ts":1667824977,"status":200,"resp_time":2.968621}
{"time":"November 7, 7:01 pm","ts":1667827892,"status":200,"resp_time":3.061881}
{"time":"November 7, 7:34 pm","ts":1667829871,"status":200,"resp_time":2.977486}
{"time":"November 7, 8:00 pm","ts":1667831408,"status":200,"resp_time":3.317893}
{"time":"November 7, 8:15 pm","ts":1667832315,"status":200,"resp_time":2.99035}
{"time":"November 7, 8:25 pm","ts":1667832934,"status":200,"resp_time":3.050078}
{"time":"November 7, 8:49 pm","ts":1667834372,"status":200,"resp_time":3.228932}
{"time":"November 7, 9:08 pm","ts":1667835528,"status":200,"resp_time":3.380622}
{"time":"November 7, 9:21 pm","ts":1667836280,"status":200,"resp_time":3.287381}
{"time":"November 7, 9:54 pm","ts":1667838283,"status":200,"resp_time":3.19225}
{"time":"November 7, 10:28 pm","ts":1667840288,"status":200,"resp_time":3.222163}
{"time":"November 7, 11:00 pm","ts":1667842244,"status":200,"resp_time":3.164118}
{"time":"November 7, 11:22 pm","ts":1667843528,"status":200,"resp_time":3.130297}
{"time":"November 7, 11:52 pm","ts":1667845332,"status":200,"resp_time":2.850467}
{"time":"November 8, 12:15 am","ts":1667846752,"status":200,"resp_time":2.928438}
{"time":"November 8, 12:26 am","ts":1667847391,"status":200,"resp_time":3.202418}
{"time":"November 8, 12:47 am","ts":1667848635,"status":200,"resp_time":3.548306}
{"time":"November 8, 12:58 am","ts":1667849303,"status":200,"resp_time":3.154285}
{"time":"November 8, 1:09 am","ts":1667849973,"status":200,"resp_time":3.254788}
{"time":"November 8, 1:20 am","ts":1667850600,"status":200,"resp_time":3.297608}
{"time":"November 8, 1:30 am","ts":1667851216,"status":200,"resp_time":2.955703}
{"time":"November 8, 2:01 am","ts":1667853063,"status":200,"resp_time":3.004519}
{"time":"November 8, 2:18 am","ts":1667854082,"status":200,"resp_time":3.289408}
{"time":"November 8, 2:54 am","ts":1667856247,"status":200,"resp_time":2.941407}
{"time":"November 8, 3:11 am","ts":1667857260,"status":200,"resp_time":2.829859}
{"time":"November 8, 3:50 am","ts":1667859600,"status":200,"resp_time":3.285036}
{"time":"November 8, 4:08 am","ts":1667860694,"status":200,"resp_time":3.283929}
{"time":"November 8, 4:19 am","ts":1667861378,"status":200,"resp_time":3.530601}
{"time":"November 8, 4:30 am","ts":1667862010,"status":200,"resp_time":3.214819}
{"time":"November 8, 5:00 am","ts":1667863815,"status":200,"resp_time":3.163314}
{"time":"November 8, 5:19 am","ts":1667864986,"status":200,"resp_time":3.079224}
{"time":"November 8, 5:30 am","ts":1667865609,"status":200,"resp_time":3.189852}
{"time":"November 8, 7:46 am","ts":1667873797,"status":200,"resp_time":2.852283}
{"time":"November 8, 9:11 am","ts":1667878896,"status":200,"resp_time":3.146561}
{"time":"November 8, 9:58 am","ts":1667881684,"status":200,"resp_time":3.340647}
{"time":"November 8, 10:36 am","ts":1667883993,"status":200,"resp_time":3.041743}
{"time":"November 8, 11:04 am","ts":1667885680,"status":200,"resp_time":2.911878}
{"time":"November 8, 11:18 am","ts":1667886530,"status":200,"resp_time":3.034086}
{"time":"November 8, 11:29 am","ts":1667887152,"status":200,"resp_time":3.560993}
{"time":"November 8, 12:03 pm","ts":1667889217,"status":200,"resp_time":3.275066}
{"time":"November 8, 12:24 pm","ts":1667890450,"status":200,"resp_time":2.985025}
{"time":"November 8, 12:46 pm","ts":1667891784,"status":200,"resp_time":2.955016}
{"time":"November 8, 1:01 pm","ts":1667892695,"status":200,"resp_time":3.003544}
{"time":"November 8, 1:15 pm","ts":1667893534,"status":200,"resp_time":3.448357}
{"time":"November 8, 1:26 pm","ts":1667894164,"status":200,"resp_time":3.215383}
{"time":"November 8, 1:58 pm","ts":1667896133,"status":200,"resp_time":4.345104}
{"time":"November 8, 2:20 pm","ts":1667897458,"status":200,"resp_time":2.978138}
{"time":"November 8, 2:48 pm","ts":1667899098,"status":200,"resp_time":3.579996}
{"time":"November 8, 3:05 pm","ts":1667900105,"status":200,"resp_time":3.129582}
{"time":"November 8, 3:18 pm","ts":1667900909,"status":200,"resp_time":3.229009}
{"time":"November 8, 3:28 pm","ts":1667901533,"status":200,"resp_time":3.387583}
{"time":"November 8, 4:01 pm","ts":1667903480,"status":200,"resp_time":3.052164}
{"time":"November 8, 4:21 pm","ts":1667904695,"status":200,"resp_time":3.02284}
{"time":"November 8, 4:44 pm","ts":1667906093,"status":200,"resp_time":3.494686}
{"time":"November 8, 5:00 pm","ts":1667907003,"status":200,"resp_time":2.968532}
{"time":"November 8, 5:11 pm","ts":1667907670,"status":200,"resp_time":3.214148}
{"time":"November 8, 5:25 pm","ts":1667908536,"status":200,"resp_time":3.43394}
{"time":"November 8, 7:00 pm","ts":1667914213,"status":200,"resp_time":3.255678}
{"time":"November 8, 7:31 pm","ts":1667916073,"status":200,"resp_time":2.834113}
{"time":"November 8, 8:02 pm","ts":1667917970,"status":200,"resp_time":3.272368}
{"time":"November 8, 8:19 pm","ts":1667918974,"status":200,"resp_time":3.317567}
{"time":"November 8, 8:29 pm","ts":1667919587,"status":200,"resp_time":3.122846}
{"time":"November 8, 8:57 pm","ts":1667921269,"status":0,"resp_time":14.148476}
{"time":"November 8, 9:15 pm","ts":1667922349,"status":200,"resp_time":3.213692}
{"time":"November 8, 9:26 pm","ts":1667922975,"status":200,"resp_time":3.587449}
{"time":"November 8, 10:02 pm","ts":1667925159,"status":200,"resp_time":2.971026}
{"time":"November 8, 10:36 pm","ts":1667927191,"status":200,"resp_time":2.19423}
{"time":"November 8, 11:04 pm","ts":1667928899,"status":200,"resp_time":3.156585}
{"time":"November 8, 11:20 pm","ts":1667929800,"status":200,"resp_time":3.289264}
{"time":"November 8, 11:30 pm","ts":1667930423,"status":200,"resp_time":3.87402}
{"time":"November 9, 12:41 am","ts":1667934701,"status":200,"resp_time":3.105983}
{"time":"November 9, 1:06 am","ts":1667936196,"status":200,"resp_time":3.009793}
{"time":"November 9, 1:17 am","ts":1667936873,"status":200,"resp_time":2.961719}
{"time":"November 9, 1:28 am","ts":1667937492,"status":200,"resp_time":2.915984}
{"time":"November 9, 1:57 am","ts":1667939278,"status":200,"resp_time":3.011582}
{"time":"November 9, 2:14 am","ts":1667940273,"status":200,"resp_time":3.171359}
{"time":"November 9, 2:46 am","ts":1667942212,"status":200,"resp_time":3.356607}
{"time":"November 9, 3:02 am","ts":1667943178,"status":200,"resp_time":3.081664}
{"time":"November 9, 3:16 am","ts":1667943962,"status":200,"resp_time":3.168622}
