{"time":"September 8, 4:50 pm","ts":1662636037,"status":200,"resp_time":3.589809}
{"time":"September 8, 5:10 pm","ts":1662637222,"status":200,"resp_time":3.598271}
{"time":"September 8, 5:25 pm","ts":1662638138,"status":200,"resp_time":3.919344}
{"time":"September 8, 6:08 pm","ts":1662640709,"status":200,"resp_time":3.040847}
{"time":"September 8, 6:52 pm","ts":1662643366,"status":200,"resp_time":3.345864}
{"time":"September 8, 7:19 pm","ts":1662644948,"status":200,"resp_time":3.118547}
{"time":"September 8, 7:29 pm","ts":1662645572,"status":200,"resp_time":3.557508}
{"time":"September 8, 7:54 pm","ts":1662647086,"status":200,"resp_time":3.175865}
{"time":"September 8, 8:08 pm","ts":1662647921,"status":200,"resp_time":3.337272}
{"time":"September 8, 8:19 pm","ts":1662648548,"status":200,"resp_time":3.26271}
{"time":"September 8, 8:29 pm","ts":1662649185,"status":200,"resp_time":3.312641}
{"time":"September 8, 8:59 pm","ts":1662650982,"status":200,"resp_time":3.065247}
{"time":"September 8, 9:20 pm","ts":1662652255,"status":200,"resp_time":3.198072}
{"time":"September 8, 9:56 pm","ts":1662654397,"status":200,"resp_time":3.21442}
{"time":"September 8, 10:36 pm","ts":1662656807,"status":200,"resp_time":2.925286}
{"time":"September 8, 11:10 pm","ts":1662658806,"status":200,"resp_time":3.811304}
{"time":"September 8, 11:25 pm","ts":1662659739,"status":200,"resp_time":3.451836}
{"time":"September 8, 11:53 pm","ts":1662661409,"status":200,"resp_time":3.376823}
{"time":"September 9, 12:20 am","ts":1662663050,"status":200,"resp_time":3.320685}
{"time":"September 9, 12:46 am","ts":1662664561,"status":200,"resp_time":3.270068}
{"time":"September 9, 1:01 am","ts":1662665474,"status":200,"resp_time":3.06166}
{"time":"September 9, 1:15 am","ts":1662666351,"status":200,"resp_time":3.272077}
{"time":"September 9, 1:26 am","ts":1662666978,"status":200,"resp_time":3.416534}
{"time":"September 9, 1:54 am","ts":1662668685,"status":200,"resp_time":2.986452}
{"time":"September 9, 2:15 am","ts":1662669904,"status":200,"resp_time":2.990829}
{"time":"September 9, 2:26 am","ts":1662670595,"status":200,"resp_time":3.211571}
{"time":"September 9, 2:50 am","ts":1662672025,"status":200,"resp_time":2.910937}
{"time":"September 9, 3:12 am","ts":1662673339,"status":200,"resp_time":3.344907}
{"time":"September 9, 3:25 am","ts":1662674129,"status":200,"resp_time":3.187613}
{"time":"September 9, 3:49 am","ts":1662675562,"status":200,"resp_time":3.086452}
{"time":"September 9, 4:09 am","ts":1662676777,"status":200,"resp_time":3.137055}
{"time":"September 9, 4:22 am","ts":1662677557,"status":200,"resp_time":3.301316}
{"time":"September 9, 4:50 am","ts":1662679239,"status":200,"resp_time":3.045311}
{"time":"September 9, 5:16 am","ts":1662680760,"status":200,"resp_time":3.06924}
{"time":"September 9, 5:29 am","ts":1662681555,"status":200,"resp_time":2.774485}
{"time":"September 9, 8:18 am","ts":1662691715,"status":200,"resp_time":3.267753}
{"time":"September 9, 9:48 am","ts":1662697101,"status":200,"resp_time":3.8161}
{"time":"September 9, 11:06 am","ts":1662701799,"status":200,"resp_time":3.107289}
{"time":"September 9, 11:47 am","ts":1662704259,"status":200,"resp_time":3.268836}
{"time":"September 9, 12:26 pm","ts":1662706600,"status":200,"resp_time":3.662344}
{"time":"September 9, 12:57 pm","ts":1662708421,"status":200,"resp_time":3.156396}
{"time":"September 9, 1:15 pm","ts":1662709554,"status":200,"resp_time":3.371219}
{"time":"September 9, 1:26 pm","ts":1662710174,"status":200,"resp_time":3.127854}
{"time":"September 9, 1:59 pm","ts":1662712199,"status":200,"resp_time":3.038404}
{"time":"September 9, 2:24 pm","ts":1662713688,"status":200,"resp_time":3.488029}
{"time":"September 9, 2:49 pm","ts":1662715196,"status":200,"resp_time":3.40845}
{"time":"September 9, 3:10 pm","ts":1662716435,"status":200,"resp_time":3.703758}
{"time":"September 9, 3:26 pm","ts":1662717362,"status":200,"resp_time":3.800734}
{"time":"September 9, 3:53 pm","ts":1662719023,"status":200,"resp_time":3.012471}
{"time":"September 9, 4:16 pm","ts":1662720399,"status":200,"resp_time":3.045629}
{"time":"September 9, 4:27 pm","ts":1662721058,"status":200,"resp_time":4.148419}
{"time":"September 9, 4:52 pm","ts":1662722523,"status":200,"resp_time":3.275306}
{"time":"September 9, 5:10 pm","ts":1662723618,"status":200,"resp_time":3.680674}
{"time":"September 9, 5:25 pm","ts":1662724542,"status":200,"resp_time":3.68707}
{"time":"September 9, 6:09 pm","ts":1662727174,"status":200,"resp_time":3.579133}
{"time":"September 9, 7:02 pm","ts":1662730371,"status":200,"resp_time":3.517666}
{"time":"September 9, 7:36 pm","ts":1662732384,"status":200,"resp_time":3.331723}
{"time":"September 9, 8:03 pm","ts":1662734013,"status":200,"resp_time":3.887232}
{"time":"September 9, 8:20 pm","ts":1662735049,"status":200,"resp_time":3.436318}
{"time":"September 9, 8:50 pm","ts":1662736821,"status":200,"resp_time":3.156443}
{"time":"September 9, 9:16 pm","ts":1662738386,"status":200,"resp_time":3.227986}
{"time":"September 9, 9:28 pm","ts":1662739109,"status":200,"resp_time":3.452274}
{"time":"September 9, 10:07 pm","ts":1662741461,"status":200,"resp_time":3.518017}
{"time":"September 9, 10:35 pm","ts":1662743151,"status":200,"resp_time":3.361253}
{"time":"September 9, 11:05 pm","ts":1662744959,"status":200,"resp_time":3.211262}
{"time":"September 9, 11:22 pm","ts":1662745951,"status":200,"resp_time":3.549406}
{"time":"September 9, 11:54 pm","ts":1662747842,"status":200,"resp_time":3.301665}
{"time":"September 10, 12:21 am","ts":1662749485,"status":200,"resp_time":3.225377}
{"time":"September 10, 12:46 am","ts":1662750968,"status":200,"resp_time":3.379792}
{"time":"September 10, 1:01 am","ts":1662751870,"status":200,"resp_time":3.124905}
{"time":"September 10, 1:15 am","ts":1662752730,"status":200,"resp_time":3.377623}
{"time":"September 10, 1:26 am","ts":1662753361,"status":200,"resp_time":3.470644}
{"time":"September 10, 1:52 am","ts":1662754956,"status":200,"resp_time":3.156737}
{"time":"September 10, 2:14 am","ts":1662756262,"status":200,"resp_time":2.945212}
{"time":"September 10, 2:26 am","ts":1662756969,"status":200,"resp_time":3.49486}
{"time":"September 10, 2:48 am","ts":1662758334,"status":200,"resp_time":3.469489}
{"time":"September 10, 3:07 am","ts":1662759429,"status":200,"resp_time":3.102507}
{"time":"September 10, 3:20 am","ts":1662760224,"status":200,"resp_time":3.167209}
{"time":"September 10, 3:48 am","ts":1662761932,"status":200,"resp_time":2.931851}
{"time":"September 10, 4:09 am","ts":1662763177,"status":200,"resp_time":3.280865}
{"time":"September 10, 4:22 am","ts":1662763964,"status":200,"resp_time":3.237856}
{"time":"September 10, 4:50 am","ts":1662765652,"status":200,"resp_time":3.13595}
{"time":"September 10, 5:16 am","ts":1662767170,"status":200,"resp_time":3.555367}
{"time":"September 10, 5:29 am","ts":1662767973,"status":200,"resp_time":3.192607}
{"time":"September 10, 8:19 am","ts":1662778162,"status":200,"resp_time":2.914323}
{"time":"September 10, 9:56 am","ts":1662783969,"status":200,"resp_time":2.935706}
{"time":"September 10, 11:03 am","ts":1662787998,"status":200,"resp_time":3.458533}
{"time":"September 10, 11:32 am","ts":1662789748,"status":200,"resp_time":3.004166}
{"time":"September 10, 12:10 pm","ts":1662792041,"status":200,"resp_time":3.804396}
{"time":"September 10, 12:31 pm","ts":1662793297,"status":200,"resp_time":3.232717}
{"time":"September 10, 12:59 pm","ts":1662794961,"status":200,"resp_time":3.394979}
{"time":"September 10, 1:13 pm","ts":1662795803,"status":200,"resp_time":3.291773}
{"time":"September 10, 1:25 pm","ts":1662796548,"status":200,"resp_time":3.384779}
{"time":"September 10, 1:55 pm","ts":1662798328,"status":200,"resp_time":3.11486}
{"time":"September 10, 2:19 pm","ts":1662799753,"status":200,"resp_time":3.164254}
