{"time":"August 21, 2:25 pm","ts":1661072135,"status":200,"resp_time":3.287458}
{"time":"August 21, 2:46 pm","ts":1661073413,"status":200,"resp_time":2.915387}
{"time":"August 21, 3:03 pm","ts":1661074412,"status":200,"resp_time":3.029943}
{"time":"August 21, 3:16 pm","ts":1661075214,"status":200,"resp_time":3.079942}
{"time":"August 21, 3:27 pm","ts":1661075833,"status":200,"resp_time":3.533482}
{"time":"August 21, 3:53 pm","ts":1661077419,"status":200,"resp_time":3.342485}
{"time":"August 21, 4:11 pm","ts":1661078475,"status":200,"resp_time":3.314787}
{"time":"August 21, 4:25 pm","ts":1661079329,"status":200,"resp_time":3.087055}
{"time":"August 21, 4:44 pm","ts":1661080486,"status":200,"resp_time":3.120454}
{"time":"August 21, 4:59 pm","ts":1661081376,"status":200,"resp_time":3.238343}
{"time":"August 21, 5:10 pm","ts":1661082021,"status":200,"resp_time":3.31572}
{"time":"August 21, 5:25 pm","ts":1661082941,"status":200,"resp_time":3.251612}
{"time":"August 21, 6:01 pm","ts":1661085078,"status":200,"resp_time":2.954283}
{"time":"August 21, 6:36 pm","ts":1661087195,"status":200,"resp_time":3.312421}
{"time":"August 21, 7:06 pm","ts":1661088970,"status":200,"resp_time":3.349651}
{"time":"August 21, 7:19 pm","ts":1661089749,"status":200,"resp_time":2.964982}
{"time":"August 21, 7:29 pm","ts":1661090370,"status":200,"resp_time":3.414999}
{"time":"August 21, 7:51 pm","ts":1661091708,"status":200,"resp_time":3.357261}
{"time":"August 21, 8:08 pm","ts":1661092685,"status":200,"resp_time":3.164161}
{"time":"August 21, 8:18 pm","ts":1661093303,"status":200,"resp_time":4.413978}
{"time":"August 21, 8:28 pm","ts":1661093929,"status":200,"resp_time":2.748109}
{"time":"August 21, 8:54 pm","ts":1661095488,"status":200,"resp_time":2.830298}
{"time":"August 21, 9:11 pm","ts":1661096513,"status":200,"resp_time":3.058098}
{"time":"August 21, 9:25 pm","ts":1661097329,"status":200,"resp_time":3.522469}
{"time":"August 21, 9:54 pm","ts":1661099053,"status":200,"resp_time":3.64582}
{"time":"August 21, 10:23 pm","ts":1661100829,"status":200,"resp_time":3.120409}
{"time":"August 21, 10:47 pm","ts":1661102245,"status":200,"resp_time":2.808836}
{"time":"August 21, 11:04 pm","ts":1661103270,"status":200,"resp_time":3.130002}
{"time":"August 21, 11:15 pm","ts":1661103941,"status":200,"resp_time":2.817251}
{"time":"August 21, 11:26 pm","ts":1661104572,"status":200,"resp_time":2.908751}
{"time":"August 21, 11:53 pm","ts":1661106188,"status":200,"resp_time":3.084355}
{"time":"August 22, 12:14 am","ts":1661107495,"status":200,"resp_time":5.897172}
{"time":"August 22, 12:25 am","ts":1661108142,"status":200,"resp_time":3.058336}
{"time":"August 22, 12:44 am","ts":1661109278,"status":200,"resp_time":2.979861}
{"time":"August 22, 12:57 am","ts":1661110050,"status":200,"resp_time":3.055948}
{"time":"August 22, 1:08 am","ts":1661110728,"status":200,"resp_time":3.261028}
{"time":"August 22, 1:19 am","ts":1661111353,"status":200,"resp_time":3.331988}
{"time":"August 22, 1:29 am","ts":1661111969,"status":200,"resp_time":2.887892}
{"time":"August 22, 1:55 am","ts":1661113540,"status":200,"resp_time":3.451374}
{"time":"August 22, 2:10 am","ts":1661114458,"status":200,"resp_time":2.888929}
{"time":"August 22, 2:25 am","ts":1661115336,"status":200,"resp_time":3.191258}
{"time":"August 22, 2:45 am","ts":1661116529,"status":200,"resp_time":2.883893}
{"time":"August 22, 3:00 am","ts":1661117459,"status":200,"resp_time":2.742599}
{"time":"August 22, 3:15 am","ts":1661118335,"status":200,"resp_time":3.593801}
{"time":"August 22, 3:25 am","ts":1661118951,"status":200,"resp_time":2.787869}
{"time":"August 22, 3:48 am","ts":1661120282,"status":200,"resp_time":2.871775}
{"time":"August 22, 4:05 am","ts":1661121316,"status":200,"resp_time":2.962299}
{"time":"August 22, 4:16 am","ts":1661121979,"status":200,"resp_time":2.924175}
{"time":"August 22, 4:26 am","ts":1661122593,"status":200,"resp_time":2.899478}
{"time":"August 22, 4:49 am","ts":1661123985,"status":200,"resp_time":2.914112}
{"time":"August 22, 5:04 am","ts":1661124890,"status":200,"resp_time":3.23149}
{"time":"August 22, 5:16 am","ts":1661125575,"status":200,"resp_time":2.941444}
{"time":"August 22, 5:26 am","ts":1661126200,"status":200,"resp_time":3.289766}
{"time":"August 22, 7:36 am","ts":1661133966,"status":200,"resp_time":3.19639}
{"time":"August 22, 9:35 am","ts":1661141150,"status":200,"resp_time":2.935548}
{"time":"August 22, 10:48 am","ts":1661145499,"status":200,"resp_time":2.860211}
{"time":"August 22, 11:22 am","ts":1661147553,"status":200,"resp_time":2.909795}
{"time":"August 22, 11:56 am","ts":1661149568,"status":200,"resp_time":3.140782}
{"time":"August 22, 12:22 pm","ts":1661151127,"status":200,"resp_time":2.912776}
{"time":"August 22, 12:45 pm","ts":1661152531,"status":200,"resp_time":3.004449}
{"time":"August 22, 1:01 pm","ts":1661153498,"status":200,"resp_time":3.346731}
{"time":"August 22, 1:15 pm","ts":1661154339,"status":200,"resp_time":2.913874}
{"time":"August 22, 1:26 pm","ts":1661154962,"status":200,"resp_time":3.164584}
{"time":"August 22, 1:54 pm","ts":1661156694,"status":200,"resp_time":3.251603}
{"time":"August 22, 2:18 pm","ts":1661158113,"status":200,"resp_time":3.409168}
{"time":"August 22, 2:29 pm","ts":1661158788,"status":200,"resp_time":3.20591}
{"time":"August 22, 2:55 pm","ts":1661160313,"status":200,"resp_time":2.977267}
{"time":"August 22, 3:11 pm","ts":1661161272,"status":200,"resp_time":3.350083}
{"time":"August 22, 3:25 pm","ts":1661162130,"status":200,"resp_time":3.336823}
{"time":"August 22, 3:50 pm","ts":1661163636,"status":200,"resp_time":3.011181}
{"time":"August 22, 4:14 pm","ts":1661165069,"status":200,"resp_time":3.552634}
{"time":"August 22, 4:25 pm","ts":1661165732,"status":200,"resp_time":3.089267}
{"time":"August 22, 4:45 pm","ts":1661166933,"status":200,"resp_time":2.772621}
{"time":"August 22, 5:00 pm","ts":1661167852,"status":200,"resp_time":3.13184}
{"time":"August 22, 5:15 pm","ts":1661168733,"status":200,"resp_time":3.431621}
{"time":"August 22, 5:25 pm","ts":1661169354,"status":200,"resp_time":2.794811}
{"time":"August 22, 6:09 pm","ts":1661171962,"status":200,"resp_time":2.922136}
{"time":"August 22, 6:57 pm","ts":1661174856,"status":200,"resp_time":3.030852}
{"time":"August 22, 7:26 pm","ts":1661176589,"status":200,"resp_time":3.181636}
{"time":"August 22, 7:47 pm","ts":1661177850,"status":200,"resp_time":2.941543}
{"time":"August 22, 8:02 pm","ts":1661178727,"status":200,"resp_time":3.009286}
{"time":"August 22, 8:15 pm","ts":1661179541,"status":200,"resp_time":2.997059}
{"time":"August 22, 8:25 pm","ts":1661180155,"status":200,"resp_time":3.032337}
{"time":"August 22, 8:52 pm","ts":1661181728,"status":200,"resp_time":2.977108}
{"time":"August 22, 9:14 pm","ts":1661183091,"status":200,"resp_time":3.172019}
{"time":"August 22, 9:26 pm","ts":1661183762,"status":200,"resp_time":2.922714}
{"time":"August 22, 9:56 pm","ts":1661185563,"status":200,"resp_time":3.567936}
{"time":"August 22, 10:26 pm","ts":1661187376,"status":200,"resp_time":3.006003}
{"time":"August 22, 10:50 pm","ts":1661188835,"status":200,"resp_time":3.276152}
{"time":"August 22, 11:10 pm","ts":1661190055,"status":200,"resp_time":3.586188}
{"time":"August 22, 11:25 pm","ts":1661190946,"status":200,"resp_time":3.123886}
{"time":"August 22, 11:52 pm","ts":1661192566,"status":200,"resp_time":3.012224}
{"time":"August 23, 12:16 am","ts":1661193998,"status":200,"resp_time":3.212254}
{"time":"August 23, 12:27 am","ts":1661194648,"status":200,"resp_time":2.843344}
{"time":"August 23, 12:48 am","ts":1661195915,"status":200,"resp_time":3.269888}
{"time":"August 23, 1:01 am","ts":1661196675,"status":200,"resp_time":2.698548}
{"time":"August 23, 1:15 am","ts":1661197533,"status":200,"resp_time":2.880997}
{"time":"August 23, 1:25 am","ts":1661198155,"status":200,"resp_time":3.012425}
