{"time":"August 10, 5:05 am","ts":1660088139,"status":200,"resp_time":2.641086}
{"time":"August 10, 5:17 am","ts":1660088847,"status":200,"resp_time":2.849719}
{"time":"August 10, 5:27 am","ts":1660089476,"status":200,"resp_time":2.558871}
{"time":"August 10, 7:29 am","ts":1660096771,"status":200,"resp_time":2.766816}
{"time":"August 10, 8:40 am","ts":1660101002,"status":200,"resp_time":2.775817}
{"time":"August 10, 9:14 am","ts":1660103099,"status":200,"resp_time":3.077605}
{"time":"August 10, 9:29 am","ts":1660103940,"status":200,"resp_time":2.781032}
{"time":"August 10, 10:01 am","ts":1660105885,"status":200,"resp_time":3.061197}
{"time":"August 10, 10:23 am","ts":1660107238,"status":200,"resp_time":2.624365}
{"time":"August 10, 10:45 am","ts":1660108548,"status":200,"resp_time":2.576745}
{"time":"August 10, 11:01 am","ts":1660109474,"status":200,"resp_time":3.079125}
{"time":"August 10, 11:15 am","ts":1660110342,"status":200,"resp_time":2.681406}
{"time":"August 10, 11:26 am","ts":1660110961,"status":200,"resp_time":2.650638}
{"time":"August 10, 11:55 am","ts":1660112730,"status":200,"resp_time":2.814334}
{"time":"August 10, 12:19 pm","ts":1660114154,"status":200,"resp_time":2.835064}
{"time":"August 10, 12:29 pm","ts":1660114769,"status":200,"resp_time":3.012269}
{"time":"August 10, 12:53 pm","ts":1660116203,"status":200,"resp_time":2.691881}
{"time":"August 10, 1:08 pm","ts":1660117110,"status":200,"resp_time":2.927282}
{"time":"August 10, 1:18 pm","ts":1660117730,"status":200,"resp_time":2.977123}
{"time":"August 10, 1:29 pm","ts":1660118362,"status":200,"resp_time":2.870529}
{"time":"August 10, 1:59 pm","ts":1660120176,"status":200,"resp_time":2.85671}
{"time":"August 10, 2:17 pm","ts":1660121267,"status":200,"resp_time":2.703621}
{"time":"August 10, 2:28 pm","ts":1660121882,"status":200,"resp_time":2.728264}
{"time":"August 10, 2:53 pm","ts":1660123422,"status":200,"resp_time":2.888709}
{"time":"August 10, 3:10 pm","ts":1660124449,"status":200,"resp_time":2.994501}
{"time":"August 10, 3:25 pm","ts":1660125345,"status":200,"resp_time":2.848006}
{"time":"August 10, 3:49 pm","ts":1660126799,"status":200,"resp_time":2.769839}
{"time":"August 10, 4:08 pm","ts":1660127921,"status":200,"resp_time":2.68068}
{"time":"August 10, 4:20 pm","ts":1660128631,"status":200,"resp_time":2.680757}
{"time":"August 10, 4:44 pm","ts":1660130077,"status":200,"resp_time":2.942596}
{"time":"August 10, 5:00 pm","ts":1660131000,"status":200,"resp_time":2.621139}
{"time":"August 10, 5:11 pm","ts":1660131670,"status":200,"resp_time":2.625776}
{"time":"August 10, 5:25 pm","ts":1660132542,"status":200,"resp_time":2.870967}
{"time":"August 10, 6:06 pm","ts":1660134963,"status":200,"resp_time":2.79056}
{"time":"August 10, 6:45 pm","ts":1660137343,"status":200,"resp_time":2.801826}
{"time":"August 10, 7:17 pm","ts":1660139264,"status":200,"resp_time":2.922645}
{"time":"August 10, 7:28 pm","ts":1660139935,"status":200,"resp_time":2.887194}
{"time":"August 10, 7:52 pm","ts":1660141350,"status":200,"resp_time":2.653374}
{"time":"August 10, 8:08 pm","ts":1660142334,"status":200,"resp_time":2.836588}
{"time":"August 10, 8:19 pm","ts":1660142960,"status":200,"resp_time":2.837585}
{"time":"August 10, 8:29 pm","ts":1660143593,"status":200,"resp_time":4.200086}
{"time":"August 10, 8:56 pm","ts":1660145172,"status":200,"resp_time":2.688584}
{"time":"August 10, 9:13 pm","ts":1660146217,"status":200,"resp_time":3.040742}
{"time":"August 10, 9:25 pm","ts":1660146927,"status":200,"resp_time":2.829203}
{"time":"August 10, 9:57 pm","ts":1660148835,"status":200,"resp_time":2.96488}
{"time":"August 10, 10:32 pm","ts":1660150921,"status":200,"resp_time":3.091152}
{"time":"August 10, 11:01 pm","ts":1660152709,"status":200,"resp_time":2.639495}
{"time":"August 10, 11:18 pm","ts":1660153689,"status":200,"resp_time":2.716858}
{"time":"August 10, 11:28 pm","ts":1660154304,"status":200,"resp_time":3.023325}
{"time":"August 10, 11:59 pm","ts":1660156194,"status":200,"resp_time":3.088851}
{"time":"August 11, 12:19 am","ts":1660157389,"status":200,"resp_time":2.952562}
{"time":"August 11, 12:30 am","ts":1660158004,"status":200,"resp_time":3.031775}
{"time":"August 11, 12:50 am","ts":1660159215,"status":200,"resp_time":3.146842}
{"time":"August 11, 1:06 am","ts":1660160191,"status":200,"resp_time":2.926714}
{"time":"August 11, 1:16 am","ts":1660160814,"status":200,"resp_time":3.351244}
{"time":"August 11, 1:27 am","ts":1660161443,"status":200,"resp_time":2.894163}
{"time":"August 11, 1:53 am","ts":1660163003,"status":200,"resp_time":2.848872}
{"time":"August 11, 2:10 am","ts":1660164048,"status":200,"resp_time":2.876288}
{"time":"August 11, 2:25 am","ts":1660164930,"status":200,"resp_time":3.303014}
{"time":"August 11, 2:45 am","ts":1660166139,"status":200,"resp_time":2.815644}
{"time":"August 11, 3:01 am","ts":1660167098,"status":200,"resp_time":2.797095}
{"time":"August 11, 3:15 am","ts":1660167933,"status":200,"resp_time":3.139508}
{"time":"August 11, 3:25 am","ts":1660168550,"status":200,"resp_time":4.168814}
{"time":"August 11, 3:48 am","ts":1660169892,"status":200,"resp_time":3.246874}
{"time":"August 11, 4:05 am","ts":1660170932,"status":200,"resp_time":3.048794}
{"time":"August 11, 4:16 am","ts":1660171593,"status":200,"resp_time":3.106663}
{"time":"August 11, 4:26 am","ts":1660172215,"status":200,"resp_time":3.388385}
{"time":"August 11, 4:50 am","ts":1660173625,"status":200,"resp_time":3.057252}
{"time":"August 11, 5:09 am","ts":1660174768,"status":200,"resp_time":3.415677}
{"time":"August 11, 5:19 am","ts":1660175382,"status":200,"resp_time":3.255978}
{"time":"August 11, 5:30 am","ts":1660176017,"status":200,"resp_time":3.076905}
{"time":"August 11, 7:49 am","ts":1660184376,"status":200,"resp_time":3.05519}
{"time":"August 11, 9:03 am","ts":1660188786,"status":200,"resp_time":3.105494}
{"time":"August 11, 9:33 am","ts":1660190627,"status":200,"resp_time":3.577089}
{"time":"August 11, 10:08 am","ts":1660192735,"status":200,"resp_time":2.913116}
{"time":"August 11, 10:27 am","ts":1660193867,"status":200,"resp_time":2.886176}
{"time":"August 11, 10:52 am","ts":1660195322,"status":200,"resp_time":3.125545}
{"time":"August 11, 11:08 am","ts":1660196309,"status":200,"resp_time":3.431107}
{"time":"August 11, 11:18 am","ts":1660196927,"status":200,"resp_time":3.041023}
{"time":"August 11, 11:29 am","ts":1660197558,"status":200,"resp_time":3.166082}
{"time":"August 11, 12:00 pm","ts":1660199445,"status":200,"resp_time":3.651012}
{"time":"August 11, 12:23 pm","ts":1660200789,"status":200,"resp_time":3.293686}
{"time":"August 11, 12:46 pm","ts":1660202200,"status":200,"resp_time":3.297428}
{"time":"August 11, 1:03 pm","ts":1660203205,"status":200,"resp_time":3.098623}
{"time":"August 11, 1:15 pm","ts":1660203940,"status":200,"resp_time":3.460125}
{"time":"August 11, 1:26 pm","ts":1660204571,"status":200,"resp_time":3.221792}
{"time":"August 11, 1:53 pm","ts":1660206230,"status":200,"resp_time":3.27069}
{"time":"August 11, 2:14 pm","ts":1660207456,"status":200,"resp_time":3.118668}
{"time":"August 11, 2:25 pm","ts":1660208140,"status":200,"resp_time":3.047546}
{"time":"August 11, 2:48 pm","ts":1660209507,"status":200,"resp_time":3.382236}
{"time":"August 11, 3:07 pm","ts":1660210626,"status":200,"resp_time":3.223026}
{"time":"August 11, 3:18 pm","ts":1660211339,"status":200,"resp_time":3.113536}
{"time":"August 11, 3:29 pm","ts":1660211969,"status":200,"resp_time":3.100705}
