{"time":"August 17, 2:46 am","ts":1660684563,"status":200,"resp_time":3.199427}
{"time":"August 17, 3:02 am","ts":1660685540,"status":200,"resp_time":3.156225}
{"time":"August 17, 3:16 am","ts":1660686371,"status":200,"resp_time":2.868726}
{"time":"August 17, 3:26 am","ts":1660687004,"status":200,"resp_time":2.88864}
{"time":"August 17, 3:51 am","ts":1660688513,"status":200,"resp_time":3.050528}
{"time":"August 17, 4:11 am","ts":1660689718,"status":200,"resp_time":2.682043}
{"time":"August 17, 4:25 am","ts":1660690531,"status":200,"resp_time":3.209664}
{"time":"August 17, 4:46 am","ts":1660691793,"status":200,"resp_time":3.211494}
{"time":"August 17, 5:03 am","ts":1660692780,"status":200,"resp_time":3.008535}
{"time":"August 17, 5:16 am","ts":1660693609,"status":200,"resp_time":3.32431}
{"time":"August 17, 5:27 am","ts":1660694250,"status":200,"resp_time":3.466582}
{"time":"August 17, 7:58 am","ts":1660703333,"status":200,"resp_time":3.043758}
{"time":"August 17, 9:38 am","ts":1660709293,"status":200,"resp_time":2.968892}
{"time":"August 17, 10:48 am","ts":1660713529,"status":200,"resp_time":3.050446}
{"time":"August 17, 11:20 am","ts":1660715443,"status":200,"resp_time":3.083619}
{"time":"August 17, 11:54 am","ts":1660717442,"status":200,"resp_time":3.230003}
{"time":"August 17, 12:20 pm","ts":1660719034,"status":200,"resp_time":3.80399}
{"time":"August 17, 12:45 pm","ts":1660720525,"status":200,"resp_time":3.473335}
{"time":"August 17, 1:01 pm","ts":1660721484,"status":200,"resp_time":2.782799}
{"time":"August 17, 1:15 pm","ts":1660722332,"status":200,"resp_time":3.28968}
{"time":"August 17, 1:25 pm","ts":1660722948,"status":200,"resp_time":2.999638}
{"time":"August 17, 1:54 pm","ts":1660724682,"status":200,"resp_time":3.018822}
{"time":"August 17, 2:15 pm","ts":1660725946,"status":200,"resp_time":2.953981}
{"time":"August 17, 2:26 pm","ts":1660726600,"status":200,"resp_time":3.15577}
{"time":"August 17, 2:52 pm","ts":1660728120,"status":200,"resp_time":2.900475}
{"time":"August 17, 3:11 pm","ts":1660729307,"status":200,"resp_time":2.941323}
{"time":"August 17, 3:25 pm","ts":1660730135,"status":200,"resp_time":3.183047}
{"time":"August 17, 3:50 pm","ts":1660731632,"status":200,"resp_time":3.464283}
{"time":"August 17, 4:12 pm","ts":1660732954,"status":200,"resp_time":3.071211}
{"time":"August 17, 4:25 pm","ts":1660733735,"status":200,"resp_time":3.477107}
{"time":"August 17, 4:45 pm","ts":1660734913,"status":200,"resp_time":3.338844}
{"time":"August 17, 5:01 pm","ts":1660735875,"status":200,"resp_time":2.760884}
{"time":"August 17, 5:15 pm","ts":1660736750,"status":200,"resp_time":3.101787}
{"time":"August 17, 5:26 pm","ts":1660737384,"status":200,"resp_time":2.721392}
{"time":"August 17, 6:14 pm","ts":1660740286,"status":200,"resp_time":3.169779}
{"time":"August 17, 7:05 pm","ts":1660743314,"status":200,"resp_time":3.072763}
{"time":"August 17, 7:35 pm","ts":1660745143,"status":200,"resp_time":3.197969}
{"time":"August 17, 8:01 pm","ts":1660746689,"status":200,"resp_time":3.220678}
{"time":"August 17, 8:18 pm","ts":1660747690,"status":200,"resp_time":3.062948}
{"time":"August 17, 8:28 pm","ts":1660748316,"status":200,"resp_time":2.550262}
{"time":"August 17, 8:58 pm","ts":1660750099,"status":200,"resp_time":3.312703}
{"time":"August 17, 9:17 pm","ts":1660751252,"status":200,"resp_time":3.359457}
{"time":"August 17, 9:27 pm","ts":1660751874,"status":200,"resp_time":5.249463}
{"time":"August 17, 10:07 pm","ts":1660754255,"status":200,"resp_time":3.308194}
{"time":"August 17, 10:36 pm","ts":1660755961,"status":200,"resp_time":3.320229}
{"time":"August 17, 11:04 pm","ts":1660757685,"status":200,"resp_time":2.972201}
{"time":"August 17, 11:20 pm","ts":1660758607,"status":200,"resp_time":3.140756}
{"time":"August 17, 11:30 pm","ts":1660759237,"status":200,"resp_time":2.956298}
{"time":"August 18, 12:04 am","ts":1660761292,"status":200,"resp_time":3.200153}
{"time":"August 18, 12:24 am","ts":1660762484,"status":200,"resp_time":2.961498}
{"time":"August 18, 12:43 am","ts":1660763617,"status":200,"resp_time":3.435786}
{"time":"August 18, 12:56 am","ts":1660764412,"status":200,"resp_time":3.014124}
{"time":"August 18, 1:09 am","ts":1660765142,"status":200,"resp_time":3.01763}
{"time":"August 18, 1:19 am","ts":1660765784,"status":200,"resp_time":2.874698}
{"time":"August 18, 1:30 am","ts":1660766412,"status":200,"resp_time":2.971399}
{"time":"August 18, 1:56 am","ts":1660767988,"status":200,"resp_time":3.015388}
{"time":"August 18, 2:12 am","ts":1660768920,"status":200,"resp_time":2.899018}
{"time":"August 18, 2:25 am","ts":1660769741,"status":200,"resp_time":3.007893}
{"time":"August 18, 2:46 am","ts":1660771005,"status":200,"resp_time":3.409584}
{"time":"August 18, 3:04 am","ts":1660772065,"status":200,"resp_time":2.741355}
{"time":"August 18, 3:17 am","ts":1660772843,"status":200,"resp_time":3.042064}
{"time":"August 18, 3:27 am","ts":1660773463,"status":200,"resp_time":3.171569}
{"time":"August 18, 3:53 am","ts":1660774981,"status":200,"resp_time":2.90296}
{"time":"August 18, 4:10 am","ts":1660776019,"status":200,"resp_time":2.926983}
{"time":"August 18, 4:25 am","ts":1660776940,"status":200,"resp_time":2.858695}
{"time":"August 18, 4:48 am","ts":1660778338,"status":200,"resp_time":2.818176}
{"time":"August 18, 5:04 am","ts":1660779265,"status":200,"resp_time":2.792905}
{"time":"August 18, 5:17 am","ts":1660780031,"status":200,"resp_time":2.829222}
{"time":"August 18, 5:27 am","ts":1660780657,"status":200,"resp_time":3.294074}
{"time":"August 18, 8:03 am","ts":1660790020,"status":200,"resp_time":2.84807}
{"time":"August 18, 9:41 am","ts":1660795895,"status":200,"resp_time":2.78712}
{"time":"August 18, 10:42 am","ts":1660799577,"status":200,"resp_time":3.419866}
{"time":"August 18, 11:15 am","ts":1660801558,"status":200,"resp_time":2.836571}
{"time":"August 18, 11:27 am","ts":1660802240,"status":200,"resp_time":3.24607}
{"time":"August 18, 11:58 am","ts":1660804132,"status":200,"resp_time":4.555261}
{"time":"August 18, 12:23 pm","ts":1660805586,"status":200,"resp_time":2.983}
{"time":"August 18, 12:45 pm","ts":1660806953,"status":200,"resp_time":3.092193}
{"time":"August 18, 1:01 pm","ts":1660807913,"status":200,"resp_time":3.369837}
{"time":"August 18, 1:15 pm","ts":1660808738,"status":200,"resp_time":3.118543}
{"time":"August 18, 1:26 pm","ts":1660809366,"status":200,"resp_time":3.155118}
{"time":"August 18, 1:53 pm","ts":1660811032,"status":200,"resp_time":2.987276}
{"time":"August 18, 2:16 pm","ts":1660812381,"status":200,"resp_time":3.038982}
{"time":"August 18, 2:27 pm","ts":1660813046,"status":200,"resp_time":3.295647}
{"time":"August 18, 2:53 pm","ts":1660814636,"status":200,"resp_time":3.256454}
{"time":"August 18, 3:11 pm","ts":1660815664,"status":200,"resp_time":2.993241}
{"time":"August 18, 3:25 pm","ts":1660816538,"status":200,"resp_time":3.213579}
{"time":"August 18, 3:51 pm","ts":1660818083,"status":200,"resp_time":3.072348}
{"time":"August 18, 4:14 pm","ts":1660819448,"status":200,"resp_time":3.273678}
{"time":"August 18, 4:25 pm","ts":1660820137,"status":200,"resp_time":3.546877}
{"time":"August 18, 4:46 pm","ts":1660821360,"status":200,"resp_time":3.352876}
{"time":"August 18, 5:00 pm","ts":1660822257,"status":200,"resp_time":3.277946}
{"time":"August 18, 5:15 pm","ts":1660823129,"status":200,"resp_time":3.269367}
{"time":"August 18, 5:26 pm","ts":1660823762,"status":200,"resp_time":3.285915}
{"time":"August 18, 6:10 pm","ts":1660826456,"status":200,"resp_time":3.222145}
{"time":"August 18, 7:00 pm","ts":1660829451,"status":200,"resp_time":3.018538}
{"time":"August 18, 7:30 pm","ts":1660831234,"status":200,"resp_time":3.366498}
{"time":"August 18, 8:00 pm","ts":1660833050,"status":200,"resp_time":3.303406}
{"time":"August 18, 8:24 pm","ts":1660834454,"status":200,"resp_time":2.998004}
{"time":"August 18, 8:59 pm","ts":1660836586,"status":200,"resp_time":3.045402}
{"time":"August 18, 9:27 pm","ts":1660838244,"status":200,