{"time":"October 4, 9:29 pm","ts":1664899174,"status":200,"resp_time":3.437314}
{"time":"October 4, 10:17 pm","ts":1664902048,"status":200,"resp_time":3.315532}
{"time":"October 4, 10:57 pm","ts":1664904445,"status":200,"resp_time":3.780527}
{"time":"October 4, 11:32 pm","ts":1664906563,"status":200,"resp_time":2.819614}
{"time":"October 5, 12:18 am","ts":1664909301,"status":200,"resp_time":3.008778}
{"time":"October 5, 12:41 am","ts":1664910719,"status":200,"resp_time":2.800443}
{"time":"October 5, 1:07 am","ts":1664912237,"status":200,"resp_time":3.052636}
{"time":"October 5, 1:20 am","ts":1664913038,"status":200,"resp_time":2.98993}
{"time":"October 5, 1:54 am","ts":1664915090,"status":200,"resp_time":2.97825}
{"time":"October 5, 2:19 am","ts":1664916582,"status":200,"resp_time":3.096284}
{"time":"October 5, 2:34 am","ts":1664917492,"status":200,"resp_time":3.006051}
{"time":"October 5, 3:01 am","ts":1664919062,"status":200,"resp_time":2.765794}
{"time":"October 5, 3:21 am","ts":1664920295,"status":200,"resp_time":2.748418}
{"time":"October 5, 3:50 am","ts":1664922044,"status":200,"resp_time":2.724822}
{"time":"October 5, 4:17 am","ts":1664923654,"status":200,"resp_time":2.679684}
{"time":"October 5, 4:29 am","ts":1664924376,"status":200,"resp_time":2.801591}
{"time":"October 5, 5:04 am","ts":1664926460,"status":200,"resp_time":2.667778}
{"time":"October 5, 5:26 am","ts":1664927804,"status":200,"resp_time":2.812422}
{"time":"October 5, 7:42 am","ts":1664935923,"status":200,"resp_time":2.890757}
{"time":"October 5, 9:17 am","ts":1664941657,"status":200,"resp_time":3.006189}
{"time":"October 5, 10:00 am","ts":1664944254,"status":200,"resp_time":2.588146}
{"time":"October 5, 11:01 am","ts":1664947869,"status":200,"resp_time":3.100122}
{"time":"October 5, 11:47 am","ts":1664950654,"status":200,"resp_time":2.969902}
{"time":"October 5, 12:31 pm","ts":1664953317,"status":200,"resp_time":2.827779}
{"time":"October 5, 1:12 pm","ts":1664955767,"status":200,"resp_time":3.053296}
{"time":"October 5, 1:29 pm","ts":1664956769,"status":200,"resp_time":2.928281}
{"time":"October 5, 2:06 pm","ts":1664958984,"status":200,"resp_time":3.025731}
{"time":"October 5, 2:28 pm","ts":1664960323,"status":200,"resp_time":2.769742}
{"time":"October 5, 3:01 pm","ts":1664962311,"status":200,"resp_time":2.675465}
{"time":"October 5, 3:26 pm","ts":1664963760,"status":200,"resp_time":2.776133}
{"time":"October 5, 3:56 pm","ts":1664965579,"status":200,"resp_time":2.813688}
{"time":"October 5, 4:21 pm","ts":1664967075,"status":200,"resp_time":2.915685}
{"time":"October 5, 4:47 pm","ts":1664968678,"status":200,"resp_time":2.98335}
{"time":"October 5, 5:08 pm","ts":1664969883,"status":200,"resp_time":3.154895}
{"time":"October 5, 5:20 pm","ts":1664970657,"status":200,"resp_time":3.144528}
{"time":"October 5, 6:11 pm","ts":1664973705,"status":200,"resp_time":2.699191}
{"time":"October 5, 7:30 pm","ts":1664978409,"status":200,"resp_time":2.761421}
{"time":"October 5, 8:15 pm","ts":1664981159,"status":200,"resp_time":2.907218}
{"time":"October 5, 8:38 pm","ts":1664982510,"status":200,"resp_time":2.950509}
{"time":"October 5, 9:04 pm","ts":1664984062,"status":200,"resp_time":2.938762}
{"time":"October 5, 9:32 pm","ts":1664985739,"status":200,"resp_time":2.731501}
{"time":"October 5, 10:39 pm","ts":1664989761,"status":200,"resp_time":3.405583}
{"time":"October 5, 11:26 pm","ts":1664992584,"status":200,"resp_time":2.864929}
{"time":"October 6, 12:08 am","ts":1664995134,"status":200,"resp_time":2.712477}
{"time":"October 6, 12:42 am","ts":1664997137,"status":200,"resp_time":3.216379}
{"time":"October 6, 1:12 am","ts":1664998940,"status":200,"resp_time":2.965375}
{"time":"October 6, 1:27 am","ts":1664999824,"status":200,"resp_time":3.058943}
{"time":"October 6, 1:57 am","ts":1665001666,"status":200,"resp_time":2.883888}
{"time":"October 6, 2:19 am","ts":1665002978,"status":200,"resp_time":2.865009}
{"time":"October 6, 2:30 am","ts":1665003616,"status":200,"resp_time":3.054137}
{"time":"October 6, 2:57 am","ts":1665005263,"status":200,"resp_time":2.671357}
{"time":"October 6, 3:17 am","ts":1665006452,"status":200,"resp_time":2.716256}
{"time":"October 6, 3:27 am","ts":1665007078,"status":200,"resp_time":2.867487}
{"time":"October 6, 4:01 am","ts":1665009063,"status":200,"resp_time":2.852714}
{"time":"October 6, 4:25 am","ts":1665010506,"status":200,"resp_time":2.68125}
{"time":"October 6, 4:53 am","ts":1665012223,"status":200,"resp_time":2.546655}
{"time":"October 6, 5:20 am","ts":1665013820,"status":200,"resp_time":2.659296}
{"time":"October 6, 7:16 am","ts":1665020797,"status":200,"resp_time":3.199273}
{"time":"October 6, 8:54 am","ts":1665026658,"status":200,"resp_time":2.841941}
{"time":"October 6, 9:52 am","ts":1665030158,"status":200,"resp_time":2.915882}
{"time":"October 6, 10:41 am","ts":1665033084,"status":200,"resp_time":2.975593}
{"time":"October 6, 11:25 am","ts":1665035715,"status":200,"resp_time":2.720092}
{"time":"October 6, 11:59 am","ts":1665037795,"status":200,"resp_time":3.131413}
{"time":"October 6, 12:31 pm","ts":1665039693,"status":200,"resp_time":3.18159}
{"time":"October 6, 1:05 pm","ts":1665041735,"status":200,"resp_time":3.026605}
{"time":"October 6, 1:22 pm","ts":1665042749,"status":200,"resp_time":2.805832}
{"time":"October 6, 1:57 pm","ts":1665044846,"status":200,"resp_time":3.145088}
{"time":"October 6, 2:26 pm","ts":1665046611,"status":200,"resp_time":3.06518}
{"time":"October 6, 3:00 pm","ts":1665048621,"status":200,"resp_time":2.640638}
{"time":"October 6, 3:28 pm","ts":1665050322,"status":200,"resp_time":2.742667}
{"time":"October 6, 4:03 pm","ts":1665052400,"status":200,"resp_time":3.010434}
{"time":"October 6, 4:26 pm","ts":1665053773,"status":200,"resp_time":2.925112}
{"time":"October 6, 4:50 pm","ts":1665055248,"status":200,"resp_time":2.774866}
{"time":"October 6, 5:12 pm","ts":1665056564,"status":200,"resp_time":2.97058}
{"time":"October 6, 5:25 pm","ts":1665057333,"status":200,"resp_time":3.052336}
{"time":"October 6, 6:14 pm","ts":1665060288,"status":200,"resp_time":2.690868}
{"time":"October 6, 7:10 pm","ts":1665063647,"status":200,"resp_time":2.974151}
{"time":"October 6, 7:54 pm","ts":1665066260,"status":200,"resp_time":3.030089}
{"time":"October 6, 8:25 pm","ts":1665068131,"status":200,"resp_time":3.256667}
{"time":"October 6, 8:55 pm","ts":1665069933,"status":200,"resp_time":3.1789}
{"time":"October 6, 9:22 pm","ts":1665071545,"status":200,"resp_time":3.210804}
{"time":"October 6, 10:01 pm","ts":1665073894,"status":200,"resp_time":3.120966}
{"time":"October 6, 10:45 pm","ts":1665076550,"status":200,"resp_time":3.142269}
{"time":"October 6, 11:18 pm","ts":1665078523,"status":200,"resp_time":3.0227}
{"time":"October 6, 11:39 pm","ts":1665079786,"status":200,"resp_time":3.017526}
{"time":"October 7, 12:19 am","ts":1665082171,"status":200,"resp_time":2.733223}
{"time":"October 7, 12:45 am","ts":1665083724,"status":200,"resp_time":2.843496}
{"time":"October 7, 1:10 am","ts":1665085208,"status":200,"resp_time":3.01825}
{"time":"October 7, 1:22 am","ts":1665085979,"status":200,"resp_time":2.762929}
{"time":"October 7, 1:52 am","ts":1665087749,"status":200,"resp_time":3.024838}
{"time":"October 7, 2:17 am","ts":1665089277,"status":200,"resp_time":2.998501}
{"time":"October 7, 2:29 am","ts":1665089994,"status":200,"resp_time":2.867025}
{"time":"October 7, 2:57 am","ts":1665091648,"status":200,"resp_time":3.135369}
{"time":"October 7, 3:17 am","ts":1665092866,"status":200,"resp_time":3.050927}
{"time":"October 7, 3:28 am","ts":1665093490,"status":200,"resp_time":2.693399}
