{"time":"November 18, 5:19 pm","ts":1668772180,"status":200,"resp_time":3.052218}
{"time":"November 18, 5:30 pm","ts":1668772804,"status":200,"resp_time":2.942737}
{"time":"November 18, 6:16 pm","ts":1668775595,"status":200,"resp_time":2.926159}
{"time":"November 18, 6:51 pm","ts":1668777697,"status":200,"resp_time":3.576639}
{"time":"November 18, 7:20 pm","ts":1668779409,"status":200,"resp_time":3.008661}
{"time":"November 18, 7:30 pm","ts":1668780031,"status":200,"resp_time":3.805199}
{"time":"November 18, 7:57 pm","ts":1668781646,"status":200,"resp_time":3.127458}
{"time":"November 18, 8:11 pm","ts":1668782507,"status":200,"resp_time":3.002918}
{"time":"November 18, 8:25 pm","ts":1668783331,"status":200,"resp_time":3.063346}
{"time":"November 18, 8:48 pm","ts":1668784689,"status":200,"resp_time":2.969412}
{"time":"November 18, 9:06 pm","ts":1668785789,"status":200,"resp_time":7.158548}
{"time":"November 18, 9:18 pm","ts":1668786493,"status":200,"resp_time":3.171932}
{"time":"November 18, 9:28 pm","ts":1668787110,"status":200,"resp_time":3.077014}
{"time":"November 18, 10:03 pm","ts":1668789189,"status":200,"resp_time":3.035601}
{"time":"November 18, 10:26 pm","ts":1668790599,"status":200,"resp_time":3.170106}
{"time":"November 18, 10:49 pm","ts":1668791958,"status":200,"resp_time":4.125275}
{"time":"November 18, 11:05 pm","ts":1668792909,"status":200,"resp_time":3.057908}
{"time":"November 18, 11:15 pm","ts":1668793536,"status":200,"resp_time":3.293434}
{"time":"November 18, 11:25 pm","ts":1668794154,"status":200,"resp_time":3.058261}
{"time":"November 18, 11:54 pm","ts":1668795885,"status":200,"resp_time":3.628958}
{"time":"November 19, 12:26 am","ts":1668797770,"status":200,"resp_time":3.157033}
{"time":"November 19, 12:45 am","ts":1668798928,"status":200,"resp_time":3.248059}
{"time":"November 19, 12:56 am","ts":1668799606,"status":200,"resp_time":3.280011}
{"time":"November 19, 1:08 am","ts":1668800292,"status":200,"resp_time":2.868134}
{"time":"November 19, 1:18 am","ts":1668800915,"status":200,"resp_time":3.152201}
{"time":"November 19, 1:28 am","ts":1668801529,"status":200,"resp_time":3.356092}
{"time":"November 19, 1:54 am","ts":1668803090,"status":200,"resp_time":3.418733}
{"time":"November 19, 2:09 am","ts":1668803962,"status":200,"resp_time":2.982862}
{"time":"November 19, 2:19 am","ts":1668804582,"status":200,"resp_time":3.297488}
{"time":"November 19, 2:29 am","ts":1668805195,"status":200,"resp_time":3.320318}
{"time":"November 19, 2:51 am","ts":1668806489,"status":200,"resp_time":3.157122}
{"time":"November 19, 3:07 am","ts":1668807451,"status":200,"resp_time":3.39384}
{"time":"November 19, 3:18 am","ts":1668808080,"status":200,"resp_time":3.122845}
{"time":"November 19, 3:28 am","ts":1668808695,"status":200,"resp_time":3.147596}
{"time":"November 19, 3:53 am","ts":1668810207,"status":200,"resp_time":3.035035}
{"time":"November 19, 4:10 am","ts":1668811246,"status":200,"resp_time":3.266806}
{"time":"November 19, 4:25 am","ts":1668812134,"status":200,"resp_time":3.055861}
{"time":"November 19, 4:47 am","ts":1668813456,"status":200,"resp_time":3.3642}
{"time":"November 19, 5:03 am","ts":1668814410,"status":200,"resp_time":3.285274}
{"time":"November 19, 5:15 am","ts":1668815152,"status":200,"resp_time":2.931277}
{"time":"November 19, 7:13 am","ts":1668822222,"status":200,"resp_time":3.273287}
{"time":"November 19, 8:32 am","ts":1668826966,"status":200,"resp_time":3.227563}
{"time":"November 19, 9:15 am","ts":1668829515,"status":200,"resp_time":3.316168}
{"time":"November 19, 9:28 am","ts":1668830292,"status":200,"resp_time":2.995069}
{"time":"November 19, 9:58 am","ts":1668832117,"status":200,"resp_time":3.078765}
{"time":"November 19, 10:17 am","ts":1668833235,"status":200,"resp_time":3.125279}
{"time":"November 19, 10:27 am","ts":1668833852,"status":200,"resp_time":3.020603}
{"time":"November 19, 10:49 am","ts":1668835176,"status":200,"resp_time":3.038089}
{"time":"November 19, 11:02 am","ts":1668835941,"status":200,"resp_time":3.172431}
{"time":"November 19, 11:15 am","ts":1668836739,"status":200,"resp_time":3.454612}
{"time":"November 19, 11:25 am","ts":1668837353,"status":200,"resp_time":3.244198}
{"time":"November 19, 11:52 am","ts":1668838934,"status":200,"resp_time":2.890031}
{"time":"November 19, 12:13 pm","ts":1668840221,"status":200,"resp_time":3.032971}
{"time":"November 19, 12:45 pm","ts":1668842109,"status":200,"resp_time":3.362111}
{"time":"November 19, 12:58 pm","ts":1668842919,"status":200,"resp_time":3.136533}
{"time":"November 19, 1:09 pm","ts":1668843547,"status":200,"resp_time":3.588802}
{"time":"November 19, 1:19 pm","ts":1668844168,"status":200,"resp_time":3.460395}
{"time":"November 19, 1:29 pm","ts":1668844783,"status":200,"resp_time":3.522533}
{"time":"November 19, 1:59 pm","ts":1668846566,"status":200,"resp_time":3.386977}
{"time":"November 19, 2:16 pm","ts":1668847562,"status":200,"resp_time":2.971637}
{"time":"November 19, 2:26 pm","ts":1668848181,"status":200,"resp_time":2.970996}
{"time":"November 19, 2:48 pm","ts":1668849480,"status":200,"resp_time":3.126441}
{"time":"November 19, 3:01 pm","ts":1668850306,"status":200,"resp_time":3.333973}
{"time":"November 19, 3:15 pm","ts":1668851130,"status":200,"resp_time":2.949577}
{"time":"November 19, 3:25 pm","ts":1668851747,"status":200,"resp_time":3.394368}
{"time":"November 19, 3:48 pm","ts":1668853116,"status":200,"resp_time":3.127346}
{"time":"November 19, 4:06 pm","ts":1668854161,"status":200,"resp_time":3.164793}
{"time":"November 19, 4:16 pm","ts":1668854814,"status":200,"resp_time":3.370951}
{"time":"November 19, 4:27 pm","ts":1668855431,"status":200,"resp_time":3.067055}
{"time":"November 19, 4:46 pm","ts":1668856598,"status":200,"resp_time":3.393555}
{"time":"November 19, 4:58 pm","ts":1668857286,"status":200,"resp_time":3.232808}
{"time":"November 19, 5:08 pm","ts":1668857935,"status":200,"resp_time":3.128804}
{"time":"November 19, 5:19 pm","ts":1668858551,"status":200,"resp_time":2.911933}
{"time":"November 19, 5:29 pm","ts":1668859173,"status":200,"resp_time":2.854839}
{"time":"November 19, 6:12 pm","ts":1668861734,"status":200,"resp_time":3.203748}
{"time":"November 19, 6:43 pm","ts":1668863635,"status":200,"resp_time":2.862694}
{"time":"November 19, 7:07 pm","ts":1668865049,"status":200,"resp_time":3.205439}
{"time":"November 19, 7:18 pm","ts":1668865681,"status":200,"resp_time":3.182805}
{"time":"November 19, 7:28 pm","ts":1668866289,"status":200,"resp_time":3.120356}
{"time":"November 19, 7:49 pm","ts":1668867589,"status":200,"resp_time":3.338162}
{"time":"November 19, 8:01 pm","ts":1668868318,"status":200,"resp_time":3.16589}
{"time":"November 19, 8:15 pm","ts":1668869138,"status":200,"resp_time":3.143369}
{"time":"November 19, 8:48 pm","ts":1668871082,"status":200,"resp_time":3.217419}
{"time":"November 19, 9:04 pm","ts":1668872059,"status":200,"resp_time":2.953466}
{"time":"November 19, 9:16 pm","ts":1668872764,"status":200,"resp_time":3.161646}
{"time":"November 19, 9:26 pm","ts":1668873383,"status":200,"resp_time":3.134755}
{"time":"November 19, 9:56 pm","ts":1668875184,"status":200,"resp_time":3.377928}
{"time":"November 19, 10:44 pm","ts":1668878055,"status":200,"resp_time":3.311283}
{"time":"November 19, 11:00 pm","ts":1668879033,"status":200,"resp_time":3.341423}
{"time":"November 19, 11:15 pm","ts":1668879938,"status":200,"resp_time":3.193113}
{"time":"November 19, 11:51 pm","ts":1668882117,"status":200,"resp_time":2.928062}
