{"time":"August 14, 4:59 pm","ts":1660476561,"status":200,"resp_time":2.933095}
{"time":"August 14, 5:10 pm","ts":1660477206,"status":200,"resp_time":3.26434}
{"time":"August 14, 5:20 pm","ts":1660477836,"status":200,"resp_time":3.131769}
{"time":"August 14, 6:00 pm","ts":1660480205,"status":200,"resp_time":2.807094}
{"time":"August 14, 6:34 pm","ts":1660482293,"status":200,"resp_time":3.415562}
{"time":"August 14, 7:06 pm","ts":1660484214,"status":200,"resp_time":3.130503}
{"time":"August 14, 7:19 pm","ts":1660484987,"status":200,"resp_time":3.477982}
{"time":"August 14, 7:30 pm","ts":1660485615,"status":200,"resp_time":3.933327}
{"time":"August 14, 7:55 pm","ts":1660487123,"status":200,"resp_time":3.002598}
{"time":"August 14, 8:08 pm","ts":1660487914,"status":200,"resp_time":3.478551}
{"time":"August 14, 8:18 pm","ts":1660488531,"status":200,"resp_time":3.329598}
{"time":"August 14, 8:29 pm","ts":1660489148,"status":200,"resp_time":3.674917}
{"time":"August 14, 8:55 pm","ts":1660490716,"status":200,"resp_time":3.473859}
{"time":"August 14, 9:11 pm","ts":1660491707,"status":200,"resp_time":2.868958}
{"time":"August 14, 9:25 pm","ts":1660492532,"status":200,"resp_time":3.106464}
{"time":"August 14, 9:53 pm","ts":1660494188,"status":200,"resp_time":3.366576}
{"time":"August 14, 10:22 pm","ts":1660495958,"status":200,"resp_time":3.162929}
{"time":"August 14, 10:46 pm","ts":1660497400,"status":200,"resp_time":3.002181}
{"time":"August 14, 11:03 pm","ts":1660498403,"status":200,"resp_time":3.032968}
{"time":"August 14, 11:15 pm","ts":1660499132,"status":200,"resp_time":3.088817}
{"time":"August 14, 11:25 pm","ts":1660499749,"status":200,"resp_time":3.034412}
{"time":"August 14, 11:51 pm","ts":1660501284,"status":200,"resp_time":2.753578}
{"time":"August 15, 12:14 am","ts":1660502659,"status":200,"resp_time":3.070248}
{"time":"August 15, 12:25 am","ts":1660503332,"status":200,"resp_time":3.028535}
{"time":"August 15, 12:44 am","ts":1660504446,"status":200,"resp_time":3.161935}
{"time":"August 15, 12:57 am","ts":1660505230,"status":200,"resp_time":2.701986}
{"time":"August 15, 1:08 am","ts":1660505910,"status":200,"resp_time":3.216901}
{"time":"August 15, 1:18 am","ts":1660506520,"status":200,"resp_time":2.717277}
{"time":"August 15, 1:29 am","ts":1660507144,"status":200,"resp_time":3.442953}
{"time":"August 15, 1:54 am","ts":1660508670,"status":200,"resp_time":3.029796}
{"time":"August 15, 2:09 am","ts":1660509582,"status":200,"resp_time":3.001009}
{"time":"August 15, 2:19 am","ts":1660510199,"status":200,"resp_time":2.806859}
{"time":"August 15, 2:30 am","ts":1660510814,"status":200,"resp_time":3.090568}
{"time":"August 15, 2:55 am","ts":1660512307,"status":200,"resp_time":2.955796}
{"time":"August 15, 3:08 am","ts":1660513100,"status":200,"resp_time":2.800574}
{"time":"August 15, 3:18 am","ts":1660513719,"status":200,"resp_time":3.197802}
{"time":"August 15, 3:28 am","ts":1660514331,"status":200,"resp_time":3.011289}
{"time":"August 15, 3:53 am","ts":1660515824,"status":200,"resp_time":2.9093}
{"time":"August 15, 4:09 am","ts":1660516789,"status":200,"resp_time":3.078599}
{"time":"August 15, 4:20 am","ts":1660517410,"status":200,"resp_time":2.814774}
{"time":"August 15, 4:31 am","ts":1660518075,"status":200,"resp_time":3.106898}
{"time":"August 15, 4:56 am","ts":1660519614,"status":200,"resp_time":2.749787}
{"time":"August 15, 5:10 am","ts":1660520453,"status":200,"resp_time":3.115654}
{"time":"August 15, 5:25 am","ts":1660521339,"status":200,"resp_time":3.074354}
{"time":"August 15, 7:26 am","ts":1660528609,"status":200,"resp_time":2.760525}
{"time":"August 15, 9:28 am","ts":1660535909,"status":200,"resp_time":2.805999}
{"time":"August 15, 10:38 am","ts":1660540123,"status":200,"resp_time":3.376994}
{"time":"August 15, 11:14 am","ts":1660542265,"status":200,"resp_time":3.479551}
{"time":"August 15, 11:27 am","ts":1660543054,"status":200,"resp_time":3.076093}
{"time":"August 15, 12:01 pm","ts":1660545067,"status":200,"resp_time":3.394712}
{"time":"August 15, 12:25 pm","ts":1660546519,"status":200,"resp_time":3.418432}
{"time":"August 15, 12:45 pm","ts":1660547742,"status":200,"resp_time":3.098325}
{"time":"August 15, 1:01 pm","ts":1660548710,"status":200,"resp_time":2.996444}
{"time":"August 15, 1:15 pm","ts":1660549536,"status":200,"resp_time":3.313953}
{"time":"August 15, 1:26 pm","ts":1660550164,"status":200,"resp_time":3.417501}
{"time":"August 15, 1:54 pm","ts":1660551858,"status":200,"resp_time":3.1521}
{"time":"August 15, 2:16 pm","ts":1660553161,"status":200,"resp_time":3.156416}
{"time":"August 15, 2:26 pm","ts":1660553818,"status":200,"resp_time":2.903595}
{"time":"August 15, 2:51 pm","ts":1660555291,"status":200,"resp_time":3.151485}
{"time":"August 15, 3:10 pm","ts":1660556450,"status":200,"resp_time":3.147995}
{"time":"August 15, 3:25 pm","ts":1660557338,"status":200,"resp_time":3.043995}
{"time":"August 15, 3:50 pm","ts":1660558857,"status":200,"resp_time":3.242653}
{"time":"August 15, 4:13 pm","ts":1660560204,"status":200,"resp_time":3.005257}
{"time":"August 15, 4:25 pm","ts":1660560929,"status":200,"resp_time":2.94362}
{"time":"August 15, 4:44 pm","ts":1660562097,"status":200,"resp_time":2.90815}
{"time":"August 15, 5:00 pm","ts":1660563010,"status":200,"resp_time":3.358044}
{"time":"August 15, 5:11 pm","ts":1660563672,"status":200,"resp_time":3.105834}
{"time":"August 15, 5:25 pm","ts":1660564537,"status":200,"resp_time":3.210675}
{"time":"August 15, 6:07 pm","ts":1660567034,"status":200,"resp_time":3.745695}
{"time":"August 15, 6:56 pm","ts":1660569975,"status":200,"resp_time":2.804641}
{"time":"August 15, 7:28 pm","ts":1660571888,"status":200,"resp_time":3.267393}
{"time":"August 15, 7:55 pm","ts":1660573547,"status":200,"resp_time":3.043844}
{"time":"August 15, 8:11 pm","ts":1660574499,"status":200,"resp_time":3.095426}
{"time":"August 15, 8:25 pm","ts":1660575340,"status":200,"resp_time":3.201832}
{"time":"August 15, 8:50 pm","ts":1660576856,"status":200,"resp_time":3.559958}
{"time":"August 15, 9:14 pm","ts":1660578287,"status":200,"resp_time":3.215063}
{"time":"August 15, 9:25 pm","ts":1660578944,"status":200,"resp_time":2.893133}
{"time":"August 15, 9:57 pm","ts":1660580820,"status":200,"resp_time":3.187867}
{"time":"August 15, 10:32 pm","ts":1660582925,"status":200,"resp_time":3.324583}
{"time":"August 15, 11:03 pm","ts":1660584827,"status":200,"resp_time":3.4254}
{"time":"August 15, 11:19 pm","ts":1660585772,"status":200,"resp_time":2.97882}
{"time":"August 15, 11:29 pm","ts":1660586387,"status":200,"resp_time":3.396757}
{"time":"August 16, 12:02 am","ts":1660588345,"status":200,"resp_time":3.228949}
{"time":"August 16, 12:23 am","ts":1660589637,"status":200,"resp_time":2.954785}
{"time":"August 16, 12:43 am","ts":1660590823,"status":200,"resp_time":3.228535}
{"time":"August 16, 12:58 am","ts":1660591688,"status":200,"resp_time":2.969238}
{"time":"August 16, 1:09 am","ts":1660592369,"status":200,"resp_time":3.270226}
{"time":"August 16, 1:19 am","ts":1660592990,"status":200,"resp_time":2.921578}
{"time":"August 16, 1:30 am","ts":1660593610,"status":200,"resp_time":3.2714}
{"time":"August 16, 1:56 am","ts":1660595182,"status":200,"resp_time":2.907709}
{"time":"August 16, 2:11 am","ts":1660596113,"status":200,"resp_time":3.181034}
