{"time":"August 11, 12:00 pm","ts":1660199445,"status":200,"resp_time":3.651012}
{"time":"August 11, 12:23 pm","ts":1660200789,"status":200,"resp_time":3.293686}
{"time":"August 11, 12:46 pm","ts":1660202200,"status":200,"resp_time":3.297428}
{"time":"August 11, 1:03 pm","ts":1660203205,"status":200,"resp_time":3.098623}
{"time":"August 11, 1:15 pm","ts":1660203940,"status":200,"resp_time":3.460125}
{"time":"August 11, 1:26 pm","ts":1660204571,"status":200,"resp_time":3.221792}
{"time":"August 11, 1:53 pm","ts":1660206230,"status":200,"resp_time":3.27069}
{"time":"August 11, 2:14 pm","ts":1660207456,"status":200,"resp_time":3.118668}
{"time":"August 11, 2:25 pm","ts":1660208140,"status":200,"resp_time":3.047546}
{"time":"August 11, 2:48 pm","ts":1660209507,"status":200,"resp_time":3.382236}
{"time":"August 11, 3:07 pm","ts":1660210626,"status":200,"resp_time":3.223026}
{"time":"August 11, 3:18 pm","ts":1660211339,"status":200,"resp_time":3.113536}
{"time":"August 11, 3:29 pm","ts":1660211969,"status":200,"resp_time":3.100705}
{"time":"August 11, 3:58 pm","ts":1660213702,"status":200,"resp_time":3.071657}
{"time":"August 11, 4:15 pm","ts":1660214716,"status":200,"resp_time":3.306053}
{"time":"August 11, 4:25 pm","ts":1660215335,"status":200,"resp_time":3.910607}
{"time":"August 11, 4:45 pm","ts":1660216547,"status":200,"resp_time":2.72873}
{"time":"August 11, 5:00 pm","ts":1660217453,"status":200,"resp_time":3.136179}
{"time":"August 11, 5:15 pm","ts":1660218330,"status":200,"resp_time":3.266455}
{"time":"August 11, 5:25 pm","ts":1660218959,"status":200,"resp_time":3.180171}
{"time":"August 11, 6:10 pm","ts":1660221651,"status":200,"resp_time":3.357136}
{"time":"August 11, 6:58 pm","ts":1660224538,"status":200,"resp_time":2.934074}
{"time":"August 11, 7:25 pm","ts":1660226151,"status":200,"resp_time":3.449913}
{"time":"August 11, 7:46 pm","ts":1660227404,"status":200,"resp_time":3.365573}
{"time":"August 11, 8:01 pm","ts":1660228311,"status":200,"resp_time":3.202}
{"time":"August 11, 8:15 pm","ts":1660229132,"status":200,"resp_time":3.013285}
{"time":"August 11, 8:25 pm","ts":1660229745,"status":200,"resp_time":3.191711}
{"time":"August 11, 8:49 pm","ts":1660231176,"status":200,"resp_time":3.021775}
{"time":"August 11, 9:09 pm","ts":1660232342,"status":200,"resp_time":6.951936}
{"time":"August 11, 9:22 pm","ts":1660233123,"status":200,"resp_time":3.494499}
{"time":"August 11, 9:53 pm","ts":1660235007,"status":200,"resp_time":3.203965}
{"time":"August 11, 10:25 pm","ts":1660236944,"status":200,"resp_time":3.321649}
{"time":"August 11, 10:50 pm","ts":1660238400,"status":200,"resp_time":3.339621}
{"time":"August 11, 11:06 pm","ts":1660239385,"status":200,"resp_time":3.329397}
{"time":"August 11, 11:17 pm","ts":1660240063,"status":200,"resp_time":3.416718}
{"time":"August 11, 11:27 pm","ts":1660240670,"status":200,"resp_time":2.979062}
{"time":"August 11, 11:58 pm","ts":1660242535,"status":200,"resp_time":3.320473}
{"time":"August 12, 12:21 am","ts":1660243860,"status":200,"resp_time":3.188793}
{"time":"August 12, 12:42 am","ts":1660245136,"status":200,"resp_time":3.388242}
{"time":"August 12, 12:55 am","ts":1660245958,"status":200,"resp_time":2.657799}
{"time":"August 12, 1:09 am","ts":1660246750,"status":200,"resp_time":2.837683}
{"time":"August 12, 1:19 am","ts":1660247371,"status":200,"resp_time":2.708846}
{"time":"August 12, 1:29 am","ts":1660247998,"status":200,"resp_time":2.978874}
{"time":"August 12, 1:55 am","ts":1660249527,"status":200,"resp_time":2.9031}
{"time":"August 12, 2:10 am","ts":1660250437,"status":200,"resp_time":2.736401}
{"time":"August 12, 2:25 am","ts":1660251337,"status":200,"resp_time":2.910511}
{"time":"August 12, 2:46 am","ts":1660252585,"status":200,"resp_time":2.714448}
{"time":"August 12, 3:03 am","ts":1660253592,"status":200,"resp_time":3.261625}
{"time":"August 12, 3:16 am","ts":1660254372,"status":200,"resp_time":2.98756}
{"time":"August 12, 3:26 am","ts":1660254989,"status":200,"resp_time":2.978429}
{"time":"August 12, 3:49 am","ts":1660256371,"status":200,"resp_time":2.975252}
{"time":"August 12, 4:05 am","ts":1660257349,"status":200,"resp_time":3.219794}
{"time":"August 12, 4:16 am","ts":1660258002,"status":200,"resp_time":2.962881}
{"time":"August 12, 4:27 am","ts":1660258632,"status":200,"resp_time":2.832669}
{"time":"August 12, 4:52 am","ts":1660260136,"status":200,"resp_time":2.951392}
{"time":"August 12, 5:10 am","ts":1660261200,"status":200,"resp_time":2.875496}
{"time":"August 12, 5:20 am","ts":1660261819,"status":200,"resp_time":3.22193}
{"time":"August 12, 7:10 am","ts":1660268417,"status":200,"resp_time":3.097847}
{"time":"August 12, 8:50 am","ts":1660274455,"status":200,"resp_time":3.333843}
{"time":"August 12, 9:36 am","ts":1660277216,"status":200,"resp_time":2.917889}
{"time":"August 12, 10:16 am","ts":1660279613,"status":200,"resp_time":2.819813}
{"time":"August 12, 10:34 am","ts":1660280687,"status":200,"resp_time":3.137236}
{"time":"August 12, 10:58 am","ts":1660282096,"status":200,"resp_time":2.884179}
{"time":"August 12, 11:12 am","ts":1660282936,"status":200,"resp_time":2.756413}
{"time":"August 12, 11:25 am","ts":1660283731,"status":200,"resp_time":2.812579}
{"time":"August 12, 11:53 am","ts":1660285386,"status":200,"resp_time":3.117662}
{"time":"August 12, 12:18 pm","ts":1660286921,"status":200,"resp_time":2.930869}
{"time":"August 12, 12:29 pm","ts":1660287547,"status":200,"resp_time":3.00169}
{"time":"August 12, 12:52 pm","ts":1660288969,"status":200,"resp_time":2.969776}
{"time":"August 12, 1:08 pm","ts":1660289884,"status":200,"resp_time":3.093269}
{"time":"August 12, 1:18 pm","ts":1660290502,"status":200,"resp_time":2.917083}
{"time":"August 12, 1:28 pm","ts":1660291130,"status":200,"resp_time":2.795886}
{"time":"August 12, 2:00 pm","ts":1660293015,"status":200,"resp_time":3.311235}
{"time":"August 12, 2:21 pm","ts":1660294272,"status":200,"resp_time":3.09144}
{"time":"August 12, 2:46 pm","ts":1660295793,"status":200,"resp_time":3.253508}
{"time":"August 12, 3:04 pm","ts":1660296844,"status":200,"resp_time":3.158926}
{"time":"August 12, 3:17 pm","ts":1660297620,"status":200,"resp_time":3.154355}
{"time":"August 12, 3:27 pm","ts":1660298246,"status":200,"resp_time":3.408468}
{"time":"August 12, 3:57 pm","ts":1660300070,"status":200,"resp_time":2.921591}
{"time":"August 12, 4:16 pm","ts":1660301201,"status":200,"resp_time":3.091588}
{"time":"August 12, 4:26 pm","ts":1660301813,"status":200,"resp_time":3.422527}
{"time":"August 12, 4:48 pm","ts":1660303083,"status":200,"resp_time":2.872368}
{"time":"August 12, 5:00 pm","ts":1660303822,"status":200,"resp_time":2.876894}
{"time":"August 12, 5:15 pm","ts":1660304739,"status":200,"resp_time":3.095439}
{"time":"August 12, 5:25 pm","ts":1660305358,"status":200,"resp_time":3.016022}
{"time":"August 12, 6:05 pm","ts":1660307730,"status":200,"resp_time":3.007169}
{"time":"August 12, 6:55 pm","ts":1660310727,"status":200,"resp_time":2.956343}
{"time":"August 12, 7:26 pm","ts":1660312587,"status":200,"resp_time":3.337905}
{"time":"August 12, 7:48 pm","ts":1660313902,"status":200,"resp_time":2.91986}
{"time":"August 12, 8:03 pm","ts":1660314809,"status":200,"resp_time":3.353725}
{"time":"August 12, 8:16 pm","ts":1660315604,"status":200,"resp_time":3.37918}
{"time":"August 12, 8:27 pm","ts":1660316240,"status":200,"resp_time":3.931701}
{"time":"August 12, 8:55 pm","ts":1660317926,"status":200,"resp_time":3.030376}
