{"time":"November 2, 4:51 am","ts":1667344870,"status":200,"resp_time":3.041946}
{"time":"November 2, 5:15 am","ts":1667346305,"status":200,"resp_time":3.064817}
{"time":"November 2, 5:26 am","ts":1667346980,"status":200,"resp_time":3.088076}
{"time":"November 2, 7:39 am","ts":1667354974,"status":200,"resp_time":3.12514}
{"time":"November 2, 9:33 am","ts":1667361819,"status":200,"resp_time":3.38936}
{"time":"November 2, 10:42 am","ts":1667365938,"status":200,"resp_time":3.350429}
{"time":"November 2, 11:24 am","ts":1667368464,"status":200,"resp_time":3.407485}
{"time":"November 2, 11:58 am","ts":1667370487,"status":200,"resp_time":3.066432}
{"time":"November 2, 12:25 pm","ts":1667372151,"status":200,"resp_time":3.226789}
{"time":"November 2, 12:49 pm","ts":1667373577,"status":200,"resp_time":3.23328}
{"time":"November 2, 1:06 pm","ts":1667374611,"status":200,"resp_time":3.392492}
{"time":"November 2, 1:17 pm","ts":1667375258,"status":200,"resp_time":3.525111}
{"time":"November 2, 1:28 pm","ts":1667375885,"status":200,"resp_time":3.203905}
{"time":"November 2, 2:03 pm","ts":1667377986,"status":200,"resp_time":3.420079}
{"time":"November 2, 2:23 pm","ts":1667379222,"status":200,"resp_time":3.285375}
{"time":"November 2, 2:48 pm","ts":1667380697,"status":200,"resp_time":2.857063}
{"time":"November 2, 3:08 pm","ts":1667381919,"status":200,"resp_time":3.023097}
{"time":"November 2, 3:21 pm","ts":1667382677,"status":200,"resp_time":2.785118}
{"time":"November 2, 3:51 pm","ts":1667384464,"status":200,"resp_time":3.334226}
{"time":"November 2, 4:15 pm","ts":1667385935,"status":200,"resp_time":2.9927}
{"time":"November 2, 4:26 pm","ts":1667386588,"status":200,"resp_time":3.130709}
{"time":"November 2, 4:49 pm","ts":1667387984,"status":200,"resp_time":3.653429}
{"time":"November 2, 5:05 pm","ts":1667388927,"status":200,"resp_time":3.248005}
{"time":"November 2, 5:16 pm","ts":1667389588,"status":200,"resp_time":3.100685}
{"time":"November 2, 5:27 pm","ts":1667390226,"status":200,"resp_time":2.995235}
{"time":"November 2, 6:23 pm","ts":1667393590,"status":200,"resp_time":3.321876}
{"time":"November 2, 7:21 pm","ts":1667397108,"status":200,"resp_time":3.474244}
{"time":"November 2, 7:54 pm","ts":1667399052,"status":200,"resp_time":3.230245}
{"time":"November 2, 8:16 pm","ts":1667400373,"status":200,"resp_time":3.173964}
{"time":"November 2, 8:26 pm","ts":1667401013,"status":200,"resp_time":3.340652}
{"time":"November 2, 8:55 pm","ts":1667402727,"status":200,"resp_time":3.316751}
{"time":"November 2, 9:16 pm","ts":1667403968,"status":200,"resp_time":3.626504}
{"time":"November 2, 9:27 pm","ts":1667404657,"status":200,"resp_time":2.91201}
{"time":"November 2, 10:09 pm","ts":1667407186,"status":200,"resp_time":3.223951}
{"time":"November 2, 10:46 pm","ts":1667409409,"status":200,"resp_time":3.019139}
{"time":"November 2, 11:20 pm","ts":1667411416,"status":200,"resp_time":3.662306}
{"time":"November 2, 11:38 pm","ts":1667412517,"status":200,"resp_time":3.262113}
{"time":"November 3, 12:09 am","ts":1667414355,"status":200,"resp_time":3.453429}
{"time":"November 3, 12:25 am","ts":1667415310,"status":200,"resp_time":3.032565}
{"time":"November 3, 12:44 am","ts":1667416494,"status":200,"resp_time":3.35321}
{"time":"November 3, 12:57 am","ts":1667417275,"status":200,"resp_time":3.039384}
{"time":"November 3, 1:09 am","ts":1667417957,"status":200,"resp_time":3.160293}
{"time":"November 3, 1:19 am","ts":1667418594,"status":200,"resp_time":3.337563}
{"time":"November 3, 1:30 am","ts":1667419216,"status":200,"resp_time":3.197694}
{"time":"November 3, 1:59 am","ts":1667420949,"status":200,"resp_time":3.159267}
{"time":"November 3, 2:14 am","ts":1667421857,"status":200,"resp_time":3.011792}
{"time":"November 3, 2:25 am","ts":1667422544,"status":200,"resp_time":3.093107}
{"time":"November 3, 2:49 am","ts":1667423990,"status":200,"resp_time":3.003098}
{"time":"November 3, 3:06 am","ts":1667424988,"status":200,"resp_time":2.844194}
{"time":"November 3, 3:17 am","ts":1667425656,"status":200,"resp_time":3.000357}
{"time":"November 3, 3:27 am","ts":1667426272,"status":200,"resp_time":3.028239}
{"time":"November 3, 3:54 am","ts":1667427851,"status":200,"resp_time":3.230033}
{"time":"November 3, 4:10 am","ts":1667428848,"status":200,"resp_time":3.103761}
{"time":"November 3, 4:25 am","ts":1667429733,"status":200,"resp_time":3.287367}
{"time":"November 3, 4:50 am","ts":1667431244,"status":200,"resp_time":3.213415}
{"time":"November 3, 5:13 am","ts":1667432637,"status":200,"resp_time":3.276006}
{"time":"November 3, 5:25 am","ts":1667433333,"status":200,"resp_time":2.843723}
{"time":"November 3, 7:16 am","ts":1667440013,"status":200,"resp_time":3.347778}
{"time":"November 3, 8:51 am","ts":1667445704,"status":200,"resp_time":3.335969}
{"time":"November 3, 9:39 am","ts":1667448599,"status":200,"resp_time":3.552929}
{"time":"November 3, 10:25 am","ts":1667451320,"status":200,"resp_time":3.12467}
{"time":"November 3, 10:52 am","ts":1667452966,"status":200,"resp_time":3.205288}
{"time":"November 3, 11:12 am","ts":1667454130,"status":200,"resp_time":3.030155}
{"time":"November 3, 11:25 am","ts":1667454931,"status":200,"resp_time":3.733014}
{"time":"November 3, 11:54 am","ts":1667456666,"status":200,"resp_time":3.718903}
{"time":"November 3, 12:19 pm","ts":1667458177,"status":200,"resp_time":2.930323}
{"time":"November 3, 12:29 pm","ts":1667458797,"status":200,"resp_time":3.147728}
{"time":"November 3, 12:53 pm","ts":1667460239,"status":200,"resp_time":3.646427}
{"time":"November 3, 1:08 pm","ts":1667461092,"status":200,"resp_time":4.050452}
{"time":"November 3, 1:18 pm","ts":1667461710,"status":200,"resp_time":3.222715}
{"time":"November 3, 1:28 pm","ts":1667462326,"status":200,"resp_time":3.439016}
{"time":"November 3, 2:04 pm","ts":1667464453,"status":200,"resp_time":3.427717}
{"time":"November 3, 2:23 pm","ts":1667465587,"status":200,"resp_time":3.142521}
{"time":"November 3, 2:47 pm","ts":1667467067,"status":200,"resp_time":3.038175}
{"time":"November 3, 3:05 pm","ts":1667468139,"status":200,"resp_time":3.203331}
{"time":"November 3, 3:17 pm","ts":1667468847,"status":200,"resp_time":3.355535}
{"time":"November 3, 3:27 pm","ts":1667469473,"status":200,"resp_time":3.145463}
{"time":"November 3, 3:57 pm","ts":1667471263,"status":200,"resp_time":2.989999}
{"time":"November 3, 4:18 pm","ts":1667472531,"status":200,"resp_time":2.871421}
{"time":"November 3, 4:29 pm","ts":1667473164,"status":200,"resp_time":3.460273}
{"time":"November 3, 4:51 pm","ts":1667474469,"status":200,"resp_time":3.28506}
{"time":"November 3, 5:07 pm","ts":1667475430,"status":200,"resp_time":2.903362}
{"time":"November 3, 5:17 pm","ts":1667476051,"status":200,"resp_time":3.502253}
{"time":"November 3, 5:27 pm","ts":1667476677,"status":200,"resp_time":3.414948}
{"time":"November 3, 6:25 pm","ts":1667480132,"status":200,"resp_time":3.203331}
{"time":"November 3, 7:13 pm","ts":1667483039,"status":200,"resp_time":2.943169}
{"time":"November 3, 7:39 pm","ts":1667484575,"status":200,"resp_time":4.623999}
{"time":"November 3, 8:02 pm","ts":1667485950,"status":200,"resp_time":3.442572}
{"time":"November 3, 8:16 pm","ts":1667486789,"status":200,"resp_time":3.097871}
{"time":"November 3, 8:26 pm","ts":1667487410,"status":200,"resp_time":3.061981}
{"time":"November 3, 9:00 pm","ts":1667489415,"status":200,"resp_time":3.103327}
{"time":"November 3, 9:30 pm","ts":1667491208,"status":200,"resp_time":2.984969}
{"time":"November 3, 10:09 pm","ts":1667493563,"status":200,"resp_time":2.984963}
