{"time":"July 26, 1:18 pm","ts":1658821691,"status":200,"resp_time":3.165838}
{"time":"July 26, 1:28 pm","ts":1658822315,"status":200,"resp_time":2.883924}
{"time":"July 26, 1:59 pm","ts":1658824168,"status":200,"resp_time":2.607716}
{"time":"July 26, 2:17 pm","ts":1658825223,"status":200,"resp_time":3.222049}
{"time":"July 26, 2:27 pm","ts":1658825839,"status":200,"resp_time":2.73098}
{"time":"July 26, 2:53 pm","ts":1658827390,"status":200,"resp_time":3.000605}
{"time":"July 26, 3:10 pm","ts":1658828407,"status":200,"resp_time":2.962313}
{"time":"July 26, 3:20 pm","ts":1658829029,"status":200,"resp_time":2.541718}
{"time":"July 26, 3:50 pm","ts":1658830843,"status":200,"resp_time":2.768998}
{"time":"July 26, 4:14 pm","ts":1658832278,"status":200,"resp_time":3.140149}
{"time":"July 26, 4:25 pm","ts":1658832934,"status":200,"resp_time":2.755063}
{"time":"July 26, 4:45 pm","ts":1658834117,"status":200,"resp_time":3.127515}
{"time":"July 26, 5:00 pm","ts":1658835002,"status":200,"resp_time":3.128019}
{"time":"July 26, 5:11 pm","ts":1658835666,"status":200,"resp_time":3.148288}
{"time":"July 26, 5:25 pm","ts":1658836538,"status":200,"resp_time":2.71315}
{"time":"July 26, 6:06 pm","ts":1658839012,"status":200,"resp_time":3.16113}
{"time":"July 26, 6:55 pm","ts":1658841901,"status":200,"resp_time":2.866659}
{"time":"July 26, 7:25 pm","ts":1658843753,"status":200,"resp_time":2.768314}
{"time":"July 26, 7:46 pm","ts":1658844989,"status":200,"resp_time":3.126643}
{"time":"July 26, 8:01 pm","ts":1658845885,"status":200,"resp_time":3.518216}
{"time":"July 26, 8:15 pm","ts":1658846731,"status":200,"resp_time":2.439494}
{"time":"July 26, 8:25 pm","ts":1658847353,"status":200,"resp_time":3.097687}
{"time":"July 26, 8:51 pm","ts":1658848877,"status":200,"resp_time":2.425957}
{"time":"July 26, 9:15 pm","ts":1658850358,"status":200,"resp_time":2.712039}
{"time":"July 26, 9:26 pm","ts":1658850997,"status":200,"resp_time":2.788647}
{"time":"July 26, 10:00 pm","ts":1658853003,"status":200,"resp_time":2.946373}
{"time":"July 26, 10:28 pm","ts":1658854721,"status":200,"resp_time":2.718874}
{"time":"July 26, 10:56 pm","ts":1658856407,"status":200,"resp_time":2.867806}
{"time":"July 26, 11:14 pm","ts":1658857440,"status":200,"resp_time":3.6491}
{"time":"July 26, 11:25 pm","ts":1658858146,"status":200,"resp_time":3.103439}
{"time":"July 26, 11:52 pm","ts":1658859746,"status":200,"resp_time":2.642569}
{"time":"July 27, 12:17 am","ts":1658861240,"status":200,"resp_time":2.855377}
{"time":"July 27, 12:28 am","ts":1658861906,"status":200,"resp_time":2.808992}
{"time":"July 27, 12:49 am","ts":1658863196,"status":200,"resp_time":3.136185}
{"time":"July 27, 1:00 am","ts":1658863824,"status":200,"resp_time":2.6688}
{"time":"July 27, 1:15 am","ts":1658864731,"status":200,"resp_time":2.737216}
{"time":"July 27, 1:26 am","ts":1658865364,"status":200,"resp_time":2.673219}
{"time":"July 27, 1:50 am","ts":1658866801,"status":200,"resp_time":2.780311}
{"time":"July 27, 2:05 am","ts":1658867726,"status":200,"resp_time":3.095021}
{"time":"July 27, 2:17 am","ts":1658868421,"status":200,"resp_time":2.735405}
{"time":"July 27, 2:27 am","ts":1658869042,"status":200,"resp_time":2.795337}
{"time":"July 27, 2:49 am","ts":1658870345,"status":200,"resp_time":2.792785}
{"time":"July 27, 3:02 am","ts":1658871175,"status":200,"resp_time":2.627287}
{"time":"July 27, 3:15 am","ts":1658871930,"status":200,"resp_time":2.849269}
{"time":"July 27, 3:26 am","ts":1658872562,"status":200,"resp_time":2.530226}
{"time":"July 27, 3:50 am","ts":1658874030,"status":200,"resp_time":2.751075}
{"time":"July 27, 4:11 am","ts":1658875269,"status":200,"resp_time":2.872873}
{"time":"July 27, 4:25 am","ts":1658876137,"status":200,"resp_time":2.588206}
{"time":"July 27, 4:47 am","ts":1658877428,"status":200,"resp_time":2.737494}
{"time":"July 27, 5:03 am","ts":1658878397,"status":200,"resp_time":2.930216}
{"time":"July 27, 5:15 am","ts":1658879154,"status":200,"resp_time":3.024754}
{"time":"July 27, 5:26 am","ts":1658879790,"status":200,"resp_time":2.757785}
{"time":"July 27, 7:34 am","ts":1658887492,"status":200,"resp_time":2.897885}
{"time":"July 27, 9:24 am","ts":1658894044,"status":200,"resp_time":2.938183}
{"time":"July 27, 10:23 am","ts":1658897592,"status":200,"resp_time":2.782381}
{"time":"July 27, 11:01 am","ts":1658899910,"status":200,"resp_time":2.750363}
{"time":"July 27, 11:21 am","ts":1658901101,"status":200,"resp_time":2.693002}
{"time":"July 27, 11:52 am","ts":1658902936,"status":200,"resp_time":2.6785}
{"time":"July 27, 12:17 pm","ts":1658904473,"status":200,"resp_time":3.072005}
{"time":"July 27, 12:28 pm","ts":1658905092,"status":200,"resp_time":2.920222}
{"time":"July 27, 12:53 pm","ts":1658906633,"status":200,"resp_time":2.799866}
{"time":"July 27, 1:10 pm","ts":1658907623,"status":200,"resp_time":4.590774}
{"time":"July 27, 1:25 pm","ts":1658908539,"status":200,"resp_time":2.826144}
{"time":"July 27, 1:53 pm","ts":1658910235,"status":200,"resp_time":2.808226}
{"time":"July 27, 2:16 pm","ts":1658911570,"status":200,"resp_time":2.911747}
{"time":"July 27, 2:26 pm","ts":1658912211,"status":200,"resp_time":3.072008}
{"time":"July 27, 2:50 pm","ts":1658913623,"status":200,"resp_time":4.341117}
{"time":"July 27, 3:10 pm","ts":1658914815,"status":200,"resp_time":5.748584}
{"time":"July 27, 3:20 pm","ts":1658915427,"status":200,"resp_time":3.360431}
{"time":"July 27, 3:51 pm","ts":1658917267,"status":200,"resp_time":2.901893}
{"time":"July 27, 4:14 pm","ts":1658918664,"status":200,"resp_time":2.852078}
{"time":"July 27, 4:25 pm","ts":1658919334,"status":200,"resp_time":2.886121}
{"time":"July 27, 4:45 pm","ts":1658920509,"status":200,"resp_time":2.919866}
{"time":"July 27, 4:59 pm","ts":1658921388,"status":200,"resp_time":2.992193}
{"time":"July 27, 5:10 pm","ts":1658922043,"status":200,"resp_time":2.79411}
{"time":"July 27, 5:25 pm","ts":1658922953,"status":200,"resp_time":2.639786}
{"time":"July 27, 6:12 pm","ts":1658925734,"status":200,"resp_time":2.699148}
{"time":"July 27, 7:01 pm","ts":1658928707,"status":200,"resp_time":2.558325}
{"time":"July 27, 7:31 pm","ts":1658930505,"status":200,"resp_time":3.003524}
{"time":"July 27, 7:57 pm","ts":1658932031,"status":200,"resp_time":2.785531}
{"time":"July 27, 8:11 pm","ts":1658932877,"status":301,"resp_time":9.903474}
{"time":"July 27, 8:25 pm","ts":1658933746,"status":200,"resp_time":2.448858}
{"time":"July 27, 8:50 pm","ts":1658935214,"status":200,"resp_time":2.747333}
{"time":"July 27, 9:09 pm","ts":1658936379,"status":200,"resp_time":2.611825}
{"time":"July 27, 9:22 pm","ts":1658937124,"status":200,"resp_time":2.794293}
{"time":"July 27, 9:55 pm","ts":1658939154,"status":200,"resp_time":2.93657}
{"time":"July 27, 10:31 pm","ts":1658941311,"status":200,"resp_time":2.741854}
{"time":"July 27, 11:04 pm","ts":1658943259,"status":200,"resp_time":2.870354}
{"time":"July 27, 11:21 pm","ts":1658944284,"status":200,"resp_time":2.598008}
{"time":"July 27, 11:50 pm","ts":1658946025,"status":200,"resp_time":2.775214}
{"time":"July 28, 12:15 am","ts":1658947523,"status":200,"resp_time":3.247683}
{"time":"July 28, 12:25 am","ts":1658948136,"status":200,"resp_time":2.939143}
{"time":"July 28, 12:46 am","ts":1658949403,"status":200,"resp_time":3.132552}
{"time":"July 28, 1:00 am","ts":1658950211,"status":200,"resp_time":3.172286}
{"time":"July 28, 1:13 am","ts":1658951003,"status":200,"resp_time":3.441824}
{"time":"July 28, 1:25 am","ts":1658951746,"status":200,"resp_time":3.308003}
{"time":"July 28, 1:48 am","ts":1658953122,"status":200,"resp_time":3.033521}
{"time":"July 28, 2:04 am","ts":1658954085,"status":200,"resp_time":2.895201}
