{"time":"November 6, 11:25 am","ts":1667714153,"status":200,"resp_time":3.04394}
{"time":"November 6, 11:53 am","ts":1667715802,"status":200,"resp_time":3.110578}
{"time":"November 6, 12:25 pm","ts":1667717741,"status":200,"resp_time":3.061642}
{"time":"November 6, 12:46 pm","ts":1667719019,"status":200,"resp_time":3.065512}
{"time":"November 6, 1:00 pm","ts":1667719847,"status":200,"resp_time":3.14788}
{"time":"November 6, 1:15 pm","ts":1667720746,"status":200,"resp_time":3.194731}
{"time":"November 6, 1:26 pm","ts":1667721361,"status":200,"resp_time":3.508789}
{"time":"November 6, 1:53 pm","ts":1667723022,"status":200,"resp_time":2.98736}
{"time":"November 6, 2:13 pm","ts":1667724208,"status":200,"resp_time":3.247534}
{"time":"November 6, 2:25 pm","ts":1667724931,"status":200,"resp_time":3.80669}
{"time":"November 6, 2:48 pm","ts":1667726302,"status":200,"resp_time":3.023933}
{"time":"November 6, 3:04 pm","ts":1667727281,"status":200,"resp_time":3.259618}
{"time":"November 6, 3:16 pm","ts":1667727978,"status":200,"resp_time":3.248006}
{"time":"November 6, 3:26 pm","ts":1667728609,"status":200,"resp_time":3.23368}
{"time":"November 6, 3:52 pm","ts":1667730153,"status":200,"resp_time":3.299648}
{"time":"November 6, 4:11 pm","ts":1667731270,"status":200,"resp_time":2.901154}
{"time":"November 6, 4:25 pm","ts":1667732130,"status":200,"resp_time":3.155265}
{"time":"November 6, 4:44 pm","ts":1667733258,"status":200,"resp_time":3.334361}
{"time":"November 6, 4:58 pm","ts":1667734111,"status":200,"resp_time":2.888495}
{"time":"November 6, 5:09 pm","ts":1667734751,"status":200,"resp_time":3.145288}
{"time":"November 6, 5:29 pm","ts":1667735992,"status":200,"resp_time":3.226093}
{"time":"November 6, 6:15 pm","ts":1667738759,"status":200,"resp_time":3.037775}
{"time":"November 6, 6:46 pm","ts":1667740585,"status":200,"resp_time":3.037709}
{"time":"November 6, 7:11 pm","ts":1667742066,"status":200,"resp_time":3.279289}
{"time":"November 6, 7:25 pm","ts":1667742937,"status":200,"resp_time":2.895615}
{"time":"November 6, 7:46 pm","ts":1667744180,"status":200,"resp_time":3.074603}
{"time":"November 6, 8:01 pm","ts":1667745094,"status":200,"resp_time":3.112462}
{"time":"November 6, 8:15 pm","ts":1667745936,"status":200,"resp_time":3.67803}
{"time":"November 6, 8:25 pm","ts":1667746552,"status":200,"resp_time":3.316768}
{"time":"November 6, 8:50 pm","ts":1667748040,"status":200,"resp_time":3.114773}
{"time":"November 6, 9:11 pm","ts":1667749308,"status":200,"resp_time":2.960953}
{"time":"November 6, 9:25 pm","ts":1667750137,"status":200,"resp_time":2.909244}
{"time":"November 6, 9:55 pm","ts":1667751920,"status":200,"resp_time":3.526339}
{"time":"November 6, 10:22 pm","ts":1667753562,"status":200,"resp_time":2.954854}
{"time":"November 6, 10:46 pm","ts":1667754971,"status":200,"resp_time":3.099766}
{"time":"November 6, 11:02 pm","ts":1667755972,"status":200,"resp_time":3.525677}
{"time":"November 6, 11:15 pm","ts":1667756737,"status":200,"resp_time":3.234404}
{"time":"November 6, 11:25 pm","ts":1667757354,"status":200,"resp_time":3.481468}
{"time":"November 6, 11:53 pm","ts":1667758980,"status":200,"resp_time":3.58114}
{"time":"November 7, 12:14 am","ts":1667760262,"status":200,"resp_time":3.026731}
{"time":"November 7, 12:25 am","ts":1667760938,"status":200,"resp_time":3.057835}
{"time":"November 7, 12:44 am","ts":1667762063,"status":200,"resp_time":3.34538}
{"time":"November 7, 12:56 am","ts":1667762815,"status":200,"resp_time":3.26509}
{"time":"November 7, 1:08 am","ts":1667763497,"status":200,"resp_time":3.007648}
{"time":"November 7, 1:18 am","ts":1667764118,"status":200,"resp_time":3.279101}
{"time":"November 7, 1:28 am","ts":1667764732,"status":200,"resp_time":3.293904}
{"time":"November 7, 1:55 am","ts":1667766341,"status":200,"resp_time":3.456712}
{"time":"November 7, 2:10 am","ts":1667767231,"status":200,"resp_time":3.007909}
{"time":"November 7, 2:25 am","ts":1667768141,"status":200,"resp_time":3.049618}
{"time":"November 7, 2:46 am","ts":1667769385,"status":200,"resp_time":3.310403}
{"time":"November 7, 3:01 am","ts":1667770265,"status":200,"resp_time":3.177928}
{"time":"November 7, 3:15 am","ts":1667771138,"status":200,"resp_time":3.162842}
{"time":"November 7, 3:26 am","ts":1667771769,"status":200,"resp_time":3.116649}
{"time":"November 7, 3:48 am","ts":1667773126,"status":200,"resp_time":2.946416}
{"time":"November 7, 4:07 am","ts":1667774235,"status":200,"resp_time":2.917019}
{"time":"November 7, 4:18 am","ts":1667774887,"status":200,"resp_time":2.895063}
{"time":"November 7, 4:28 am","ts":1667775504,"status":200,"resp_time":3.595853}
{"time":"November 7, 4:56 am","ts":1667777175,"status":200,"resp_time":2.993352}
{"time":"November 7, 5:13 am","ts":1667778189,"status":200,"resp_time":3.251727}
{"time":"November 7, 5:25 am","ts":1667778935,"status":200,"resp_time":2.828029}
{"time":"November 7, 7:13 am","ts":1667785430,"status":200,"resp_time":3.141008}
{"time":"November 7, 8:49 am","ts":1667791167,"status":200,"resp_time":3.000541}
{"time":"November 7, 9:40 am","ts":1667794242,"status":200,"resp_time":2.871158}
{"time":"November 7, 10:28 am","ts":1667797124,"status":200,"resp_time":3.550887}
{"time":"November 7, 11:02 am","ts":1667799154,"status":200,"resp_time":2.91588}
{"time":"November 7, 11:20 am","ts":1667800200,"status":200,"resp_time":3.00843}
{"time":"November 7, 11:30 am","ts":1667800843,"status":200,"resp_time":3.21544}
{"time":"November 7, 12:05 pm","ts":1667802913,"status":200,"resp_time":3.309822}
{"time":"November 7, 12:23 pm","ts":1667803999,"status":200,"resp_time":3.625825}
{"time":"November 7, 12:47 pm","ts":1667805432,"status":200,"resp_time":3.123983}
{"time":"November 7, 1:02 pm","ts":1667806346,"status":200,"resp_time":2.953351}
{"time":"November 7, 1:15 pm","ts":1667807142,"status":200,"resp_time":3.573028}
{"time":"November 7, 1:26 pm","ts":1667807776,"status":200,"resp_time":3.101614}
{"time":"November 7, 1:58 pm","ts":1667809705,"status":200,"resp_time":2.982469}
{"time":"November 7, 2:21 pm","ts":1667811101,"status":200,"resp_time":3.609247}
{"time":"November 7, 2:47 pm","ts":1667812648,"status":200,"resp_time":3.004365}
{"time":"November 7, 3:06 pm","ts":1667813773,"status":200,"resp_time":3.304516}
{"time":"November 7, 3:18 pm","ts":1667814499,"status":200,"resp_time":3.353261}
{"time":"November 7, 3:28 pm","ts":1667815118,"status":200,"resp_time":3.39657}
{"time":"November 7, 4:00 pm","ts":1667817023,"status":200,"resp_time":2.931328}
{"time":"November 7, 4:21 pm","ts":1667818285,"status":200,"resp_time":3.342424}
{"time":"November 7, 4:45 pm","ts":1667819717,"status":200,"resp_time":3.125554}
{"time":"November 7, 5:00 pm","ts":1667820631,"status":200,"resp_time":3.102921}
{"time":"November 7, 5:15 pm","ts":1667821541,"status":200,"resp_time":3.207077}
{"time":"November 7, 5:26 pm","ts":1667822160,"status":200,"resp_time":3.269655}
{"time":"November 7, 6:12 pm","ts":1667824977,"status":200,"resp_time":2.968621}
{"time":"November 7, 7:01 pm","ts":1667827892,"status":200,"resp_time":3.061881}
{"time":"November 7, 7:34 pm","ts":1667829871,"status":200,"resp_time":2.977486}
{"time":"November 7, 8:00 pm","ts":1667831408,"status":200,"resp_time":3.317893}
{"time":"November 7, 8:15 pm","ts":1667832315,"status":200,"resp_time":2.99035}
{"time":"November 7, 8:25 pm","ts":1667832934,"status":200,"resp_time":3.050078}
{"time":"November 7, 8:49 pm","ts":1667834372,"status":200,"resp_time":3.228932}
{"time":"November 7, 9:08 pm","ts":1667835528,"status":200,"resp_time":3.380622}
{"time":"November 7, 9:21 pm","ts":1667836280,"status":200,"resp_time":3.287381}
{"time":"November 7, 9:54 pm","ts":1667838283,"status":200,"resp_time":3.19225}
{"time":"November 7, 10:28 pm","ts":1667840288,"status":200,"resp_time":3.222163}
