{"time":"October 22, 11:17 pm","ts":1666460835,"status":200,"resp_time":3.133477}
{"time":"October 22, 11:29 pm","ts":1666461592,"status":200,"resp_time":2.824137}
{"time":"October 23, 12:06 am","ts":1666463765,"status":200,"resp_time":2.895824}
{"time":"October 23, 12:29 am","ts":1666465141,"status":200,"resp_time":2.702517}
{"time":"October 23, 12:55 am","ts":1666466707,"status":200,"resp_time":2.599706}
{"time":"October 23, 1:10 am","ts":1666467635,"status":200,"resp_time":2.828877}
{"time":"October 23, 1:25 am","ts":1666468530,"status":200,"resp_time":2.779608}
{"time":"October 23, 1:52 am","ts":1666470175,"status":200,"resp_time":2.967393}
{"time":"October 23, 2:17 am","ts":1666471631,"status":200,"resp_time":2.735533}
{"time":"October 23, 2:29 am","ts":1666472358,"status":200,"resp_time":3.021794}
{"time":"October 23, 2:57 am","ts":1666474025,"status":200,"resp_time":2.643722}
{"time":"October 23, 3:16 am","ts":1666475195,"status":200,"resp_time":2.739181}
{"time":"October 23, 3:27 am","ts":1666475823,"status":200,"resp_time":2.784324}
{"time":"October 23, 3:55 am","ts":1666477537,"status":200,"resp_time":3.052591}
{"time":"October 23, 4:17 am","ts":1666478840,"status":200,"resp_time":2.775743}
{"time":"October 23, 4:28 am","ts":1666479509,"status":200,"resp_time":3.043397}
{"time":"October 23, 5:03 am","ts":1666481635,"status":200,"resp_time":3.052847}
{"time":"October 23, 5:26 am","ts":1666482969,"status":200,"resp_time":2.684096}
{"time":"October 23, 7:50 am","ts":1666491615,"status":200,"resp_time":2.765707}
{"time":"October 23, 9:46 am","ts":1666498617,"status":200,"resp_time":2.827524}
{"time":"October 23, 10:54 am","ts":1666502698,"status":200,"resp_time":3.011827}
{"time":"October 23, 11:31 am","ts":1666504913,"status":200,"resp_time":3.034054}
{"time":"October 23, 12:16 pm","ts":1666507602,"status":200,"resp_time":3.16204}
{"time":"October 23, 12:41 pm","ts":1666509113,"status":200,"resp_time":2.984472}
{"time":"October 23, 1:11 pm","ts":1666510893,"status":200,"resp_time":2.745455}
{"time":"October 23, 1:26 pm","ts":1666511793,"status":200,"resp_time":3.061242}
{"time":"October 23, 2:00 pm","ts":1666513838,"status":200,"resp_time":2.803377}
{"time":"October 23, 2:27 pm","ts":1666515446,"status":200,"resp_time":2.867846}
{"time":"October 23, 2:58 pm","ts":1666517316,"status":200,"resp_time":3.011275}
{"time":"October 23, 3:20 pm","ts":1666518649,"status":200,"resp_time":2.759194}
{"time":"October 23, 3:51 pm","ts":1666520492,"status":200,"resp_time":2.880059}
{"time":"October 23, 4:18 pm","ts":1666522119,"status":200,"resp_time":2.78703}
{"time":"October 23, 4:30 pm","ts":1666522812,"status":200,"resp_time":3.00145}
{"time":"October 23, 4:55 pm","ts":1666524335,"status":200,"resp_time":3.02129}
{"time":"October 23, 5:12 pm","ts":1666525327,"status":200,"resp_time":2.645928}
{"time":"October 23, 5:25 pm","ts":1666526129,"status":200,"resp_time":2.839189}
{"time":"October 23, 6:10 pm","ts":1666528815,"status":200,"resp_time":3.076139}
{"time":"October 23, 7:01 pm","ts":1666531882,"status":200,"resp_time":3.026631}
{"time":"October 23, 7:33 pm","ts":1666533789,"status":200,"resp_time":2.765742}
{"time":"October 23, 8:03 pm","ts":1666535616,"status":200,"resp_time":3.029303}
{"time":"October 23, 8:22 pm","ts":1666536766,"status":200,"resp_time":3.098788}
{"time":"October 23, 8:50 pm","ts":1666538441,"status":200,"resp_time":2.66023}
{"time":"October 23, 9:18 pm","ts":1666540139,"status":200,"resp_time":3.066507}
{"time":"October 23, 9:37 pm","ts":1666541252,"status":200,"resp_time":3.117825}
{"time":"October 23, 10:21 pm","ts":1666543896,"status":200,"resp_time":2.660067}
{"time":"October 23, 10:57 pm","ts":1666546066,"status":200,"resp_time":2.758425}
{"time":"October 23, 11:23 pm","ts":1666547617,"status":200,"resp_time":2.720566}
{"time":"October 23, 11:55 pm","ts":1666549508,"status":200,"resp_time":2.987131}
{"time":"October 24, 12:23 am","ts":1666551206,"status":200,"resp_time":2.906034}
{"time":"October 24, 12:48 am","ts":1666552706,"status":200,"resp_time":3.259014}
{"time":"October 24, 1:06 am","ts":1666553760,"status":200,"resp_time":2.900336}
{"time":"October 24, 1:18 am","ts":1666554480,"status":200,"resp_time":3.284616}
{"time":"October 24, 1:28 am","ts":1666555100,"status":200,"resp_time":3.032176}
{"time":"October 24, 2:00 am","ts":1666557051,"status":200,"resp_time":3.053839}
{"time":"October 24, 2:23 am","ts":1666558432,"status":200,"resp_time":2.849231}
{"time":"October 24, 2:48 am","ts":1666559889,"status":200,"resp_time":3.124411}
{"time":"October 24, 3:09 am","ts":1666561154,"status":200,"resp_time":2.882172}
{"time":"October 24, 3:23 am","ts":1666562016,"status":200,"resp_time":3.042407}
{"time":"October 24, 3:49 am","ts":1666563598,"status":200,"resp_time":3.0005}
{"time":"October 24, 4:13 am","ts":1666564984,"status":200,"resp_time":3.133575}
{"time":"October 24, 4:27 am","ts":1666565879,"status":200,"resp_time":3.491426}
{"time":"October 24, 5:04 am","ts":1666568061,"status":200,"resp_time":3.2283}
{"time":"October 24, 5:26 am","ts":1666569402,"status":200,"resp_time":3.001028}
{"time":"October 24, 8:09 am","ts":1666579194,"status":200,"resp_time":2.711201}
{"time":"October 24, 10:19 am","ts":1666586980,"status":200,"resp_time":3.097202}
{"time":"October 24, 11:39 am","ts":1666591786,"status":200,"resp_time":3.603954}
{"time":"October 24, 12:46 pm","ts":1666595761,"status":200,"resp_time":3.137744}
{"time":"October 24, 1:29 pm","ts":1666598345,"status":200,"resp_time":3.52163}
{"time":"October 24, 2:17 pm","ts":1666601264,"status":200,"resp_time":3.331234}
{"time":"October 24, 2:48 pm","ts":1666603122,"status":200,"resp_time":3.302165}
{"time":"October 24, 3:22 pm","ts":1666605132,"status":200,"resp_time":3.175537}
{"time":"October 24, 3:57 pm","ts":1666607225,"status":200,"resp_time":3.338084}
{"time":"October 24, 4:28 pm","ts":1666609137,"status":200,"resp_time":3.090219}
{"time":"October 24, 4:59 pm","ts":1666610956,"status":200,"resp_time":3.106296}
{"time":"October 24, 5:18 pm","ts":1666612085,"status":200,"resp_time":2.964298}
{"time":"October 24, 5:28 pm","ts":1666612713,"status":200,"resp_time":3.318852}
{"time":"October 24, 6:33 pm","ts":1666616586,"status":200,"resp_time":3.394858}
{"time":"October 24, 7:40 pm","ts":1666620640,"status":200,"resp_time":3.1612}
{"time":"October 24, 8:21 pm","ts":1666623063,"status":200,"resp_time":3.27779}
{"time":"October 24, 8:56 pm","ts":1666625163,"status":200,"resp_time":2.993103}
{"time":"October 24, 9:24 pm","ts":1666626891,"status":200,"resp_time":3.117442}
{"time":"October 24, 10:03 pm","ts":1666629213,"status":200,"resp_time":3.544353}
{"time":"October 24, 10:48 pm","ts":1666631902,"status":200,"resp_time":3.290865}
{"time":"October 24, 11:26 pm","ts":1666634189,"status":200,"resp_time":2.902243}
{"time":"October 25, 12:09 am","ts":1666636765,"status":200,"resp_time":3.440824}
{"time":"October 25, 12:43 am","ts":1666638830,"status":200,"resp_time":3.049544}
{"time":"October 25, 1:11 am","ts":1666640472,"status":200,"resp_time":3.493949}
{"time":"October 25, 1:27 am","ts":1666641431,"status":200,"resp_time":3.09789}
{"time":"October 25, 1:59 am","ts":1666643396,"status":200,"resp_time":3.182145}
{"time":"October 25, 2:22 am","ts":1666644765,"status":200,"resp_time":3.564801}
{"time":"October 25, 2:49 am","ts":1666646376,"status":200,"resp_time":2.897566}
{"time":"October 25, 3:11 am","ts":1666647682,"status":200,"resp_time":3.049579}
{"time":"October 25, 3:27 am","ts":1666648666,"status":200,"resp_time":3.503747}
{"time":"October 25, 3:59 am","ts":1666650557,"status":200,"resp_time":3.18271}
{"time":"October 25, 4:21 am","ts":1666651894,"status":200,"resp_time":3.432679}
{"time":"October 25, 4:54 am","ts":1666653880,"status":200,"resp_time":3.129718}
{"time":"October 25, 5:21 am","ts":1666655507,"status":200,"resp_time":3.531431}
{"time":"October 25, 7:38 am","ts":1666663694,"status":200,"resp_time":3.065982}
