{"time":"August 2, 8:09 pm","ts":1659451196,"status":200,"resp_time":3.104169}
{"time":"August 2, 8:20 pm","ts":1659451816,"status":200,"resp_time":3.23127}
{"time":"August 2, 8:48 pm","ts":1659453481,"status":200,"resp_time":3.329135}
{"time":"August 2, 9:08 pm","ts":1659454706,"status":200,"resp_time":3.265434}
{"time":"August 2, 9:21 pm","ts":1659455482,"status":200,"resp_time":3.279322}
{"time":"August 2, 9:53 pm","ts":1659457412,"status":200,"resp_time":3.121529}
{"time":"August 2, 10:31 pm","ts":1659459683,"status":200,"resp_time":3.115601}
{"time":"August 2, 11:04 pm","ts":1659461678,"status":200,"resp_time":3.140862}
{"time":"August 2, 11:20 pm","ts":1659462621,"status":200,"resp_time":3.283365}
{"time":"August 2, 11:51 pm","ts":1659464468,"status":200,"resp_time":2.999754}
{"time":"August 3, 12:16 am","ts":1659465968,"status":200,"resp_time":3.009063}
{"time":"August 3, 12:26 am","ts":1659466599,"status":200,"resp_time":2.793682}
{"time":"August 3, 12:46 am","ts":1659467780,"status":200,"resp_time":2.934658}
{"time":"August 3, 12:57 am","ts":1659468474,"status":200,"resp_time":3.059794}
{"time":"August 3, 1:09 am","ts":1659469146,"status":200,"resp_time":2.750572}
{"time":"August 3, 1:19 am","ts":1659469764,"status":200,"resp_time":2.92497}
{"time":"August 3, 1:29 am","ts":1659470386,"status":200,"resp_time":3.208315}
{"time":"August 3, 1:56 am","ts":1659472006,"status":200,"resp_time":3.189609}
{"time":"August 3, 2:12 am","ts":1659472972,"status":200,"resp_time":2.852711}
{"time":"August 3, 2:25 am","ts":1659473747,"status":200,"resp_time":2.802998}
{"time":"August 3, 2:46 am","ts":1659474977,"status":200,"resp_time":4.589607}
{"time":"August 3, 3:01 am","ts":1659475900,"status":200,"resp_time":2.777375}
{"time":"August 3, 3:15 am","ts":1659476730,"status":200,"resp_time":3.034267}
{"time":"August 3, 3:25 am","ts":1659477348,"status":200,"resp_time":2.956704}
{"time":"August 3, 3:49 am","ts":1659478786,"status":200,"resp_time":2.968743}
{"time":"August 3, 4:08 am","ts":1659479899,"status":200,"resp_time":3.023321}
{"time":"August 3, 4:20 am","ts":1659480633,"status":200,"resp_time":3.003743}
{"time":"August 3, 4:47 am","ts":1659482244,"status":200,"resp_time":2.886396}
{"time":"August 3, 5:05 am","ts":1659483324,"status":200,"resp_time":3.224931}
{"time":"August 3, 5:16 am","ts":1659484003,"status":200,"resp_time":3.409833}
{"time":"August 3, 5:27 am","ts":1659484625,"status":200,"resp_time":2.831332}
{"time":"August 3, 7:40 am","ts":1659492629,"status":200,"resp_time":3.195424}
{"time":"August 3, 9:31 am","ts":1659499292,"status":200,"resp_time":2.779903}
{"time":"August 3, 10:45 am","ts":1659503738,"status":200,"resp_time":2.87868}
{"time":"August 3, 11:20 am","ts":1659505820,"status":200,"resp_time":3.176404}
{"time":"August 3, 11:50 am","ts":1659507653,"status":200,"resp_time":3.054656}
{"time":"August 3, 12:17 pm","ts":1659509222,"status":200,"resp_time":3.038373}
{"time":"August 3, 12:27 pm","ts":1659509844,"status":200,"resp_time":3.249107}
{"time":"August 3, 12:50 pm","ts":1659511234,"status":200,"resp_time":3.164049}
{"time":"August 3, 1:08 pm","ts":1659512281,"status":200,"resp_time":3.02525}
{"time":"August 3, 1:18 pm","ts":1659512894,"status":200,"resp_time":3.114062}
{"time":"August 3, 1:28 pm","ts":1659513513,"status":200,"resp_time":2.9591}
{"time":"August 3, 2:03 pm","ts":1659515615,"status":200,"resp_time":3.280099}
{"time":"August 3, 2:23 pm","ts":1659516816,"status":200,"resp_time":3.213371}
{"time":"August 3, 2:46 pm","ts":1659518174,"status":200,"resp_time":3.090315}
{"time":"August 3, 3:08 pm","ts":1659519520,"status":200,"resp_time":3.250051}
{"time":"August 3, 3:17 pm","ts":1659520033,"status":200,"resp_time":3.241166}
{"time":"August 3, 3:27 pm","ts":1659520654,"status":200,"resp_time":2.963017}
{"time":"August 3, 3:56 pm","ts":1659522385,"status":200,"resp_time":2.994767}
{"time":"August 3, 4:12 pm","ts":1659523333,"status":200,"resp_time":3.185966}
{"time":"August 3, 4:25 pm","ts":1659524138,"status":200,"resp_time":3.020659}
{"time":"August 3, 4:45 pm","ts":1659525336,"status":200,"resp_time":3.597498}
{"time":"August 3, 5:00 pm","ts":1659526224,"status":200,"resp_time":5.660506}
{"time":"August 3, 5:15 pm","ts":1659527130,"status":200,"resp_time":4.544416}
{"time":"August 3, 5:26 pm","ts":1659527766,"status":200,"resp_time":3.471953}
{"time":"August 3, 6:09 pm","ts":1659530367,"status":200,"resp_time":5.117704}
{"time":"August 3, 6:55 pm","ts":1659533141,"status":200,"resp_time":3.052212}
{"time":"August 3, 7:26 pm","ts":1659534960,"status":200,"resp_time":3.37882}
{"time":"August 3, 7:46 pm","ts":1659536202,"status":200,"resp_time":3.133321}
{"time":"August 3, 8:01 pm","ts":1659537102,"status":200,"resp_time":2.988268}
{"time":"August 3, 8:15 pm","ts":1659537932,"status":200,"resp_time":3.159062}
{"time":"August 3, 8:25 pm","ts":1659538547,"status":200,"resp_time":2.979509}
{"time":"August 3, 8:51 pm","ts":1659540113,"status":200,"resp_time":3.031596}
{"time":"August 3, 9:16 pm","ts":1659541593,"status":200,"resp_time":3.28999}
{"time":"August 3, 9:27 pm","ts":1659542225,"status":200,"resp_time":2.969112}
{"time":"August 3, 10:01 pm","ts":1659544284,"status":200,"resp_time":2.980539}
{"time":"August 3, 10:30 pm","ts":1659546008,"status":200,"resp_time":2.957009}
{"time":"August 3, 10:55 pm","ts":1659547547,"status":200,"resp_time":3.035833}
{"time":"August 3, 11:11 pm","ts":1659548482,"status":200,"resp_time":2.863884}
{"time":"August 3, 11:25 pm","ts":1659549342,"status":200,"resp_time":2.976199}
{"time":"August 3, 11:52 pm","ts":1659550975,"status":200,"resp_time":2.790822}
{"time":"August 4, 12:16 am","ts":1659552388,"status":200,"resp_time":3.001132}
{"time":"August 4, 12:27 am","ts":1659553023,"status":200,"resp_time":2.73335}
{"time":"August 4, 12:47 am","ts":1659554237,"status":200,"resp_time":3.295268}
{"time":"August 4, 12:58 am","ts":1659554913,"status":200,"resp_time":3.098525}
{"time":"August 4, 1:09 am","ts":1659555574,"status":200,"resp_time":2.885956}
{"time":"August 4, 1:20 am","ts":1659556209,"status":200,"resp_time":2.943159}
{"time":"August 4, 1:32 am","ts":1659556931,"status":200,"resp_time":3.060893}
{"time":"August 4, 1:59 am","ts":1659558556,"status":200,"resp_time":3.149705}
{"time":"August 4, 2:14 am","ts":1659559456,"status":200,"resp_time":2.875577}
{"time":"August 4, 2:25 am","ts":1659560141,"status":200,"resp_time":3.17524}
{"time":"August 4, 2:46 am","ts":1659561409,"status":200,"resp_time":2.992624}
{"time":"August 4, 3:02 am","ts":1659562373,"status":200,"resp_time":3.049732}
{"time":"August 4, 3:15 am","ts":1659563149,"status":200,"resp_time":2.665494}
{"time":"August 4, 3:26 am","ts":1659563767,"status":200,"resp_time":3.068711}
{"time":"August 4, 3:49 am","ts":1659565146,"status":200,"resp_time":2.977789}
{"time":"August 4, 4:07 am","ts":1659566254,"status":200,"resp_time":3.341456}
{"time":"August 4, 4:18 am","ts":1659566917,"status":200,"resp_time":2.736293}
{"time":"August 4, 4:29 am","ts":1659567546,"status":200,"resp_time":2.906199}
{"time":"August 4, 4:55 am","ts":1659569117,"status":200,"resp_time":2.787663}
{"time":"August 4, 5:10 am","ts":1659570015,"status":200,"resp_time":3.094413}
{"time":"August 4, 5:20 am","ts":1659570636,"status":200,"resp_time":2.687}
{"time":"August 4, 7:13 am","ts":1659577423,"status":200,"resp_time":2.927357}
{"time":"August 4, 8:48 am","ts":1659583121,"status":200,"resp_time":2.980879}
{"time":"August 4, 9:39 am","ts":1659586169,"status":200,"resp_time":3.387962}
{"time":"August 4, 10:32 am","ts":1659589326,"status":200,"resp_time":3.210529}
{"time":"August 4, 11:06 am","ts":1659591416,"status":200,"resp_time":2.843252}
