{"time":"October 17, 3:15 am","ts":1665956709,"status":200,"resp_time":3.195296}
{"time":"October 17, 3:26 am","ts":1665957374,"status":200,"resp_time":3.291874}
{"time":"October 17, 3:52 am","ts":1665958946,"status":200,"resp_time":3.101783}
{"time":"October 17, 4:16 am","ts":1665960390,"status":200,"resp_time":3.009477}
{"time":"October 17, 4:27 am","ts":1665961078,"status":200,"resp_time":3.179214}
{"time":"October 17, 5:03 am","ts":1665963205,"status":200,"resp_time":3.200954}
{"time":"October 17, 5:25 am","ts":1665964557,"status":200,"resp_time":3.201255}
{"time":"October 17, 7:59 am","ts":1665973791,"status":200,"resp_time":2.791932}
{"time":"October 17, 10:19 am","ts":1665982151,"status":200,"resp_time":3.477924}
{"time":"October 17, 11:38 am","ts":1665986890,"status":200,"resp_time":3.586003}
{"time":"October 17, 12:37 pm","ts":1665990473,"status":200,"resp_time":3.449658}
{"time":"October 17, 1:26 pm","ts":1665993387,"status":200,"resp_time":3.216264}
{"time":"October 17, 2:09 pm","ts":1665995994,"status":200,"resp_time":3.481063}
{"time":"October 17, 2:46 pm","ts":1665998166,"status":200,"resp_time":3.337142}
{"time":"October 17, 3:22 pm","ts":1666000366,"status":200,"resp_time":3.207348}
{"time":"October 17, 3:56 pm","ts":1666002408,"status":200,"resp_time":3.47884}
{"time":"October 17, 4:26 pm","ts":1666004198,"status":200,"resp_time":3.336454}
{"time":"October 17, 4:53 pm","ts":1666005812,"status":200,"resp_time":3.215329}
{"time":"October 17, 5:14 pm","ts":1666007062,"status":200,"resp_time":3.06925}
{"time":"October 17, 5:26 pm","ts":1666007780,"status":200,"resp_time":3.308128}
{"time":"October 17, 6:24 pm","ts":1666011264,"status":200,"resp_time":3.271351}
{"time":"October 17, 7:30 pm","ts":1666015244,"status":200,"resp_time":3.210168}
{"time":"October 17, 8:14 pm","ts":1666017872,"status":200,"resp_time":3.089705}
{"time":"October 17, 8:31 pm","ts":1666018902,"status":200,"resp_time":3.782789}
{"time":"October 17, 9:12 pm","ts":1666021343,"status":200,"resp_time":3.019788}
{"time":"October 17, 9:43 pm","ts":1666023192,"status":200,"resp_time":3.032299}
{"time":"October 17, 10:40 pm","ts":1666026613,"status":200,"resp_time":3.523558}
{"time":"October 17, 11:30 pm","ts":1666029605,"status":200,"resp_time":3.382894}
{"time":"October 18, 12:20 am","ts":1666032651,"status":200,"resp_time":3.104352}
{"time":"October 18, 1:00 am","ts":1666035033,"status":200,"resp_time":3.226652}
{"time":"October 18, 1:22 am","ts":1666036377,"status":200,"resp_time":3.048101}
{"time":"October 18, 1:52 am","ts":1666038167,"status":200,"resp_time":3.221696}
{"time":"October 18, 2:18 am","ts":1666039715,"status":200,"resp_time":3.273948}
{"time":"October 18, 2:30 am","ts":1666040428,"status":200,"resp_time":3.330806}
{"time":"October 18, 3:00 am","ts":1666042258,"status":200,"resp_time":3.431919}
{"time":"October 18, 3:22 am","ts":1666043530,"status":200,"resp_time":3.386196}
{"time":"October 18, 3:51 am","ts":1666045307,"status":200,"resp_time":2.970981}
{"time":"October 18, 4:18 am","ts":1666046923,"status":200,"resp_time":3.151042}
{"time":"October 18, 4:30 am","ts":1666047619,"status":200,"resp_time":3.486477}
{"time":"October 18, 5:05 am","ts":1666049754,"status":200,"resp_time":3.066592}
{"time":"October 18, 5:27 am","ts":1666051055,"status":200,"resp_time":3.40719}
{"time":"October 18, 8:12 am","ts":1666060966,"status":200,"resp_time":3.102845}
{"time":"October 18, 10:11 am","ts":1666068106,"status":200,"resp_time":3.359416}
{"time":"October 18, 11:31 am","ts":1666072879,"status":200,"resp_time":3.204819}
{"time":"October 18, 12:36 pm","ts":1666076775,"status":200,"resp_time":2.974135}
{"time":"October 18, 1:20 pm","ts":1666079402,"status":200,"resp_time":3.323446}
{"time":"October 18, 1:44 pm","ts":1666080844,"status":200,"resp_time":3.195573}
{"time":"October 18, 2:27 pm","ts":1666083438,"status":200,"resp_time":3.184648}
{"time":"October 18, 3:05 pm","ts":1666085708,"status":200,"resp_time":3.23745}
{"time":"October 18, 3:28 pm","ts":1666087118,"status":200,"resp_time":2.897713}
{"time":"October 18, 4:04 pm","ts":1666089291,"status":200,"resp_time":3.338764}
{"time":"October 18, 4:28 pm","ts":1666090734,"status":200,"resp_time":3.194964}
{"time":"October 18, 4:56 pm","ts":1666092377,"status":200,"resp_time":3.083386}
{"time":"October 18, 5:14 pm","ts":1666093464,"status":200,"resp_time":3.572673}
{"time":"October 18, 5:26 pm","ts":1666094166,"status":200,"resp_time":3.022098}
{"time":"October 18, 6:20 pm","ts":1666097428,"status":200,"resp_time":3.240177}
{"time":"October 18, 7:28 pm","ts":1666101490,"status":200,"resp_time":3.460433}
{"time":"October 18, 8:06 pm","ts":1666103781,"status":200,"resp_time":3.486769}
{"time":"October 18, 8:27 pm","ts":1666105021,"status":200,"resp_time":3.230876}
{"time":"October 18, 9:02 pm","ts":1666107125,"status":200,"resp_time":3.379496}
{"time":"October 18, 9:30 pm","ts":1666108826,"status":200,"resp_time":3.276674}
{"time":"October 18, 10:26 pm","ts":1666112171,"status":200,"resp_time":3.207508}
{"time":"October 18, 11:09 pm","ts":1666114784,"status":200,"resp_time":3.568469}
{"time":"October 18, 11:35 pm","ts":1666116300,"status":200,"resp_time":3.171494}
{"time":"October 19, 12:21 am","ts":1666119063,"status":200,"resp_time":3.18805}
{"time":"October 19, 12:54 am","ts":1666121062,"status":200,"resp_time":2.730606}
{"time":"October 19, 1:14 am","ts":1666122294,"status":200,"resp_time":3.050559}
{"time":"October 19, 1:26 am","ts":1666123009,"status":200,"resp_time":2.900861}
{"time":"October 19, 1:58 am","ts":1666124911,"status":200,"resp_time":2.914747}
{"time":"October 19, 2:21 am","ts":1666126310,"status":200,"resp_time":2.930571}
{"time":"October 19, 2:48 am","ts":1666127930,"status":200,"resp_time":3.130392}
{"time":"October 19, 3:10 am","ts":1666129257,"status":200,"resp_time":2.9873}
{"time":"October 19, 3:26 am","ts":1666130213,"status":200,"resp_time":3.056461}
{"time":"October 19, 3:56 am","ts":1666132008,"status":200,"resp_time":2.925289}
{"time":"October 19, 4:20 am","ts":1666133416,"status":200,"resp_time":2.861236}
{"time":"October 19, 4:55 am","ts":1666135538,"status":200,"resp_time":3.176102}
{"time":"October 19, 5:22 am","ts":1666137149,"status":200,"resp_time":2.698992}
{"time":"October 19, 7:30 am","ts":1666144835,"status":200,"resp_time":2.676665}
{"time":"October 19, 9:58 am","ts":1666153688,"status":200,"resp_time":3.353868}
{"time":"October 19, 11:26 am","ts":1666159004,"status":200,"resp_time":2.657861}
{"time":"October 19, 12:33 pm","ts":1666163028,"status":200,"resp_time":3.509214}
{"time":"October 19, 1:22 pm","ts":1666165973,"status":200,"resp_time":3.263252}
{"time":"October 19, 2:06 pm","ts":1666168592,"status":200,"resp_time":3.195656}
{"time":"October 19, 2:36 pm","ts":1666170401,"status":200,"resp_time":3.20378}
{"time":"October 19, 3:13 pm","ts":1666172619,"status":200,"resp_time":3.262788}
{"time":"October 19, 3:32 pm","ts":1666173754,"status":200,"resp_time":2.667997}
{"time":"October 19, 4:13 pm","ts":1666176214,"status":200,"resp_time":3.09481}
{"time":"October 19, 4:32 pm","ts":1666177338,"status":200,"resp_time":2.886132}
{"time":"October 19, 5:02 pm","ts":1666179132,"status":200,"resp_time":3.460623}
{"time":"October 19, 5:20 pm","ts":1666180255,"status":200,"resp_time":3.524489}
{"time":"October 19, 6:14 pm","ts":1666183485,"status":200,"resp_time":3.484359}
{"time":"October 19, 7:12 pm","ts":1666186977,"status":200,"resp_time":3.229802}
{"time":"October 19, 7:54 pm","ts":1666189497,"status":200,"resp_time":3.209922}
{"time":"October 19, 8:25 pm","ts":1666191331,"status":200,"resp_time":3.191424}
{"time":"October 19, 8:56 pm","ts":1666193174,"status":200,"resp_time":2.890291}
{"time":"October 19, 9:24 pm","ts":1666194867,"status":200,"resp_time":3.269628}
{"time":"October 19, 10:05 pm","ts":1666197325,"status":200,"resp_time":3.148342}
