{"time":"July 22, 8:04 pm","ts":1658500479,"status":200,"resp_time":2.876363}
{"time":"July 22, 8:17 pm","ts":1658501222,"status":200,"resp_time":2.975759}
{"time":"July 22, 8:27 pm","ts":1658501851,"status":200,"resp_time":3.214871}
{"time":"July 22, 8:55 pm","ts":1658503503,"status":200,"resp_time":3.246892}
{"time":"July 22, 9:14 pm","ts":1658504646,"status":200,"resp_time":7.024846}
{"time":"July 22, 9:25 pm","ts":1658505350,"status":200,"resp_time":3.494852}
