{"time":"November 15, 9:24 am","ts":1668484497,"status":200,"resp_time":3.178766}
{"time":"November 15, 9:55 am","ts":1668486338,"status":200,"resp_time":3.068736}
{"time":"November 15, 10:18 am","ts":1668487730,"status":200,"resp_time":3.267147}
{"time":"November 15, 10:29 am","ts":1668488348,"status":200,"resp_time":3.236117}
{"time":"November 15, 10:52 am","ts":1668489738,"status":200,"resp_time":2.939957}
{"time":"November 15, 11:07 am","ts":1668490675,"status":200,"resp_time":3.103735}
{"time":"November 15, 11:18 am","ts":1668491308,"status":200,"resp_time":3.05086}
{"time":"November 15, 11:28 am","ts":1668491930,"status":200,"resp_time":3.217318}
{"time":"November 15, 11:59 am","ts":1668493780,"status":200,"resp_time":3.152638}
{"time":"November 15, 12:17 pm","ts":1668494870,"status":200,"resp_time":3.074805}
{"time":"November 15, 12:28 pm","ts":1668495489,"status":200,"resp_time":3.162533}
{"time":"November 15, 12:51 pm","ts":1668496886,"status":200,"resp_time":3.298314}
{"time":"November 15, 1:06 pm","ts":1668497792,"status":200,"resp_time":3.311855}
{"time":"November 15, 1:16 pm","ts":1668498406,"status":200,"resp_time":3.130468}
{"time":"November 15, 1:27 pm","ts":1668499029,"status":200,"resp_time":3.447785}
{"time":"November 15, 1:59 pm","ts":1668500978,"status":200,"resp_time":2.943128}
{"time":"November 15, 2:18 pm","ts":1668502108,"status":200,"resp_time":3.277297}
{"time":"November 15, 2:28 pm","ts":1668502735,"status":200,"resp_time":3.17547}
{"time":"November 15, 2:53 pm","ts":1668504237,"status":200,"resp_time":3.163929}
{"time":"November 15, 3:09 pm","ts":1668505174,"status":200,"resp_time":3.081682}
{"time":"November 15, 3:20 pm","ts":1668505802,"status":200,"resp_time":3.16251}
{"time":"November 15, 3:30 pm","ts":1668506428,"status":200,"resp_time":3.0603}
{"time":"November 15, 4:00 pm","ts":1668508232,"status":200,"resp_time":3.380211}
{"time":"November 15, 4:17 pm","ts":1668509242,"status":200,"resp_time":3.033379}
{"time":"November 15, 4:27 pm","ts":1668509877,"status":200,"resp_time":3.529531}
{"time":"November 15, 4:48 pm","ts":1668511121,"status":200,"resp_time":3.158631}
{"time":"November 15, 4:59 pm","ts":1668511773,"status":200,"resp_time":3.353295}
{"time":"November 15, 5:09 pm","ts":1668512396,"status":200,"resp_time":3.409628}
{"time":"November 15, 5:20 pm","ts":1668513015,"status":200,"resp_time":3.545967}
{"time":"November 15, 6:04 pm","ts":1668515657,"status":200,"resp_time":3.142794}
{"time":"November 15, 6:51 pm","ts":1668518469,"status":200,"resp_time":3.259046}
{"time":"November 15, 7:19 pm","ts":1668520160,"status":200,"resp_time":3.197749}
{"time":"November 15, 7:29 pm","ts":1668520785,"status":200,"resp_time":3.188174}
{"time":"November 15, 7:52 pm","ts":1668522149,"status":200,"resp_time":3.988391}
{"time":"November 15, 8:08 pm","ts":1668523127,"status":200,"resp_time":3.325813}
{"time":"November 15, 8:19 pm","ts":1668523748,"status":200,"resp_time":3.055036}
{"time":"November 15, 8:29 pm","ts":1668524366,"status":200,"resp_time":3.852929}
{"time":"November 15, 8:56 pm","ts":1668525961,"status":200,"resp_time":3.428766}
{"time":"November 15, 9:12 pm","ts":1668526925,"status":200,"resp_time":3.304542}
{"time":"November 15, 9:26 pm","ts":1668527803,"status":200,"resp_time":3.524312}
{"time":"November 15, 9:56 pm","ts":1668529580,"status":200,"resp_time":2.816548}
{"time":"November 15, 10:24 pm","ts":1668531279,"status":200,"resp_time":3.063949}
{"time":"November 15, 10:47 pm","ts":1668532629,"status":200,"resp_time":2.860027}
{"time":"November 15, 11:03 pm","ts":1668533631,"status":200,"resp_time":3.153391}
{"time":"November 15, 11:15 pm","ts":1668534334,"status":200,"resp_time":3.412262}
{"time":"November 15, 11:26 pm","ts":1668534966,"status":200,"resp_time":3.504841}
{"time":"November 15, 11:53 pm","ts":1668536624,"status":200,"resp_time":2.964382}
{"time":"November 16, 12:14 am","ts":1668537863,"status":200,"resp_time":3.017226}
{"time":"November 16, 12:25 am","ts":1668538536,"status":200,"resp_time":3.515425}
{"time":"November 16, 12:43 am","ts":1668539635,"status":200,"resp_time":3.285048}
{"time":"November 16, 12:56 am","ts":1668540367,"status":200,"resp_time":3.132544}
{"time":"November 16, 1:07 am","ts":1668541069,"status":200,"resp_time":2.936576}
{"time":"November 16, 1:18 am","ts":1668541703,"status":200,"resp_time":3.066213}
{"time":"November 16, 1:28 am","ts":1668542325,"status":200,"resp_time":3.060516}
{"time":"November 16, 1:55 am","ts":1668543923,"status":200,"resp_time":2.872201}
{"time":"November 16, 2:10 am","ts":1668544804,"status":200,"resp_time":2.892439}
{"time":"November 16, 2:45 am","ts":1668546915,"status":200,"resp_time":3.480822}
{"time":"November 16, 3:00 am","ts":1668547825,"status":200,"resp_time":3.047663}
{"time":"November 16, 3:15 am","ts":1668548740,"status":200,"resp_time":2.826744}
{"time":"November 16, 3:25 am","ts":1668549358,"status":200,"resp_time":2.984823}
{"time":"November 16, 3:47 am","ts":1668550671,"status":200,"resp_time":3.240755}
{"time":"November 16, 4:04 am","ts":1668551671,"status":200,"resp_time":2.919686}
{"time":"November 16, 4:15 am","ts":1668552349,"status":200,"resp_time":2.914097}
{"time":"November 16, 4:26 am","ts":1668552964,"status":200,"resp_time":3.219416}
{"time":"November 16, 4:49 am","ts":1668554358,"status":200,"resp_time":3.186679}
{"time":"November 16, 5:04 am","ts":1668555281,"status":200,"resp_time":3.056933}
{"time":"November 16, 5:16 am","ts":1668555971,"status":200,"resp_time":2.908301}
{"time":"November 16, 5:26 am","ts":1668556580,"status":200,"resp_time":3.260648}
{"time":"November 16, 7:18 am","ts":1668563325,"status":200,"resp_time":2.941079}
{"time":"November 16, 8:39 am","ts":1668568190,"status":200,"resp_time":3.272116}
{"time":"November 16, 9:24 am","ts":1668570870,"status":200,"resp_time":2.943665}
{"time":"November 16, 9:53 am","ts":1668572631,"status":200,"resp_time":3.221341}
{"time":"November 16, 10:19 am","ts":1668574158,"status":200,"resp_time":3.038472}
{"time":"November 16, 10:29 am","ts":1668574776,"status":200,"resp_time":3.317412}
{"time":"November 16, 10:52 am","ts":1668576148,"status":200,"resp_time":3.164094}
{"time":"November 16, 11:08 am","ts":1668577092,"status":200,"resp_time":3.325849}
{"time":"November 16, 11:18 am","ts":1668577720,"status":200,"resp_time":3.037873}
{"time":"November 16, 11:28 am","ts":1668578338,"status":200,"resp_time":2.963855}
{"time":"November 16, 11:59 am","ts":1668580198,"status":200,"resp_time":3.513527}
{"time":"November 16, 12:18 pm","ts":1668581305,"status":200,"resp_time":3.242118}
{"time":"November 16, 12:28 pm","ts":1668581928,"status":200,"resp_time":3.303046}
{"time":"November 16, 12:51 pm","ts":1668583288,"status":200,"resp_time":3.287507}
{"time":"November 16, 1:06 pm","ts":1668584188,"status":200,"resp_time":3.460519}
{"time":"November 16, 1:16 pm","ts":1668584807,"status":200,"resp_time":3.491089}
{"time":"November 16, 1:27 pm","ts":1668585436,"status":200,"resp_time":3.36345}
{"time":"November 16, 2:00 pm","ts":1668587431,"status":200,"resp_time":3.656912}
{"time":"November 16, 2:21 pm","ts":1668588689,"status":200,"resp_time":3.192007}
{"time":"November 16, 2:46 pm","ts":1668590216,"status":200,"resp_time":3.139876}
{"time":"November 16, 3:03 pm","ts":1668591227,"status":200,"resp_time":3.345254}
{"time":"November 16, 3:16 pm","ts":1668591965,"status":200,"resp_time":3.018815}
{"time":"November 16, 3:26 pm","ts":1668592592,"status":200,"resp_time":3.177621}
{"time":"November 16, 3:51 pm","ts":1668594085,"status":200,"resp_time":3.059445}
{"time":"November 16, 4:11 pm","ts":1668595272,"status":200,"resp_time":3.141628}
{"time":"November 16, 4:25 pm","ts":1668596143,"status":200,"resp_time":3.105189}
{"time":"November 16, 4:45 pm","ts":1668597313,"status":200,"resp_time":3.384566}
{"time":"November 16, 4:58 pm","ts":1668598116,"status":200,"resp_time":3.351497}
{"time":"November 16, 5:09 pm","ts":1668598760,"status":200,"resp_time":3.442494}
