{"time":"September 4, 8:01 pm","ts":1662301888,"status":200,"resp_time":3.122217}
{"time":"September 4, 8:16 pm","ts":1662302789,"status":200,"resp_time":3.214864}
{"time":"September 4, 8:25 pm","ts":1662303358,"status":200,"resp_time":3.119602}
{"time":"September 4, 8:49 pm","ts":1662304764,"status":200,"resp_time":3.933259}
{"time":"September 4, 9:08 pm","ts":1662305905,"status":200,"resp_time":3.236379}
{"time":"September 4, 9:21 pm","ts":1662306689,"status":200,"resp_time":3.3992}
{"time":"September 4, 9:53 pm","ts":1662308612,"status":200,"resp_time":2.936973}
{"time":"September 4, 10:24 pm","ts":1662310480,"status":200,"resp_time":3.19777}
{"time":"September 4, 10:48 pm","ts":1662311913,"status":200,"resp_time":3.170833}
{"time":"September 4, 11:06 pm","ts":1662313000,"status":200,"resp_time":2.66006}
{"time":"September 4, 11:17 pm","ts":1662313659,"status":200,"resp_time":2.830791}
{"time":"September 4, 11:27 pm","ts":1662314274,"status":200,"resp_time":3.049637}
{"time":"September 4, 11:58 pm","ts":1662316128,"status":200,"resp_time":3.163018}
{"time":"September 5, 12:18 am","ts":1662317305,"status":200,"resp_time":2.983191}
{"time":"September 5, 12:28 am","ts":1662317922,"status":200,"resp_time":2.941239}
{"time":"September 5, 12:49 am","ts":1662319197,"status":200,"resp_time":3.011793}
{"time":"September 5, 1:00 am","ts":1662319816,"status":200,"resp_time":3.127759}
{"time":"September 5, 1:15 am","ts":1662320737,"status":200,"resp_time":2.642398}
{"time":"September 5, 1:26 am","ts":1662321368,"status":200,"resp_time":3.757408}
{"time":"September 5, 1:51 am","ts":1662322894,"status":200,"resp_time":3.425708}
{"time":"September 5, 2:11 am","ts":1662324098,"status":200,"resp_time":3.052443}
{"time":"September 5, 2:25 am","ts":1662324938,"status":200,"resp_time":2.916116}
{"time":"September 5, 2:45 am","ts":1662326159,"status":200,"resp_time":3.298929}
{"time":"September 5, 3:02 am","ts":1662327122,"status":200,"resp_time":3.138841}
{"time":"September 5, 3:16 am","ts":1662327967,"status":200,"resp_time":3.458475}
{"time":"September 5, 3:26 am","ts":1662328585,"status":200,"resp_time":3.288689}
{"time":"September 5, 3:50 am","ts":1662330001,"status":200,"resp_time":2.844512}
{"time":"September 5, 4:07 am","ts":1662331023,"status":200,"resp_time":3.202468}
{"time":"September 5, 4:18 am","ts":1662331699,"status":200,"resp_time":3.29373}
{"time":"September 5, 4:28 am","ts":1662332332,"status":200,"resp_time":3.219003}
{"time":"September 5, 4:55 am","ts":1662333913,"status":200,"resp_time":2.877791}
{"time":"September 5, 5:13 am","ts":1662334998,"status":200,"resp_time":2.959491}
{"time":"September 5, 5:25 am","ts":1662335733,"status":200,"resp_time":2.804952}
{"time":"September 5, 7:37 am","ts":1662343656,"status":200,"resp_time":2.864152}
{"time":"September 5, 9:54 am","ts":1662351851,"status":200,"resp_time":3.289767}
{"time":"September 5, 11:18 am","ts":1662356936,"status":200,"resp_time":3.329127}
{"time":"September 5, 12:06 pm","ts":1662359811,"status":200,"resp_time":3.225322}
{"time":"September 5, 12:49 pm","ts":1662362366,"status":200,"resp_time":3.174634}
{"time":"September 5, 1:15 pm","ts":1662363932,"status":200,"resp_time":3.36293}
{"time":"September 5, 1:27 pm","ts":1662364668,"status":200,"resp_time":3.234349}
{"time":"September 5, 1:59 pm","ts":1662366559,"status":200,"resp_time":3.292112}
{"time":"September 5, 2:20 pm","ts":1662367802,"status":200,"resp_time":3.301413}
{"time":"September 5, 2:31 pm","ts":1662368482,"status":200,"resp_time":3.341177}
{"time":"September 5, 2:59 pm","ts":1662370180,"status":200,"resp_time":3.195378}
{"time":"September 5, 3:15 pm","ts":1662371151,"status":200,"resp_time":4.707379}
{"time":"September 5, 3:26 pm","ts":1662371771,"status":200,"resp_time":3.362606}
{"time":"September 5, 3:52 pm","ts":1662373337,"status":200,"resp_time":2.850617}
{"time":"September 5, 4:14 pm","ts":1662374655,"status":200,"resp_time":3.031608}
{"time":"September 5, 4:25 pm","ts":1662375331,"status":200,"resp_time":3.382937}
{"time":"September 5, 4:47 pm","ts":1662376624,"status":200,"resp_time":3.776319}
{"time":"September 5, 5:02 pm","ts":1662377577,"status":200,"resp_time":3.351298}
{"time":"September 5, 5:15 pm","ts":1662378332,"status":200,"resp_time":3.672674}
{"time":"September 5, 5:25 pm","ts":1662378955,"status":200,"resp_time":3.309232}
{"time":"September 5, 6:08 pm","ts":1662381490,"status":200,"resp_time":3.482515}
{"time":"September 5, 6:57 pm","ts":1662384431,"status":200,"resp_time":3.350589}
{"time":"September 5, 7:29 pm","ts":1662386388,"status":200,"resp_time":3.938687}
{"time":"September 5, 7:55 pm","ts":1662387941,"status":200,"resp_time":3.163971}
{"time":"September 5, 8:11 pm","ts":1662388897,"status":200,"resp_time":3.156605}
{"time":"September 5, 8:25 pm","ts":1662389734,"status":200,"resp_time":3.453849}
{"time":"September 5, 8:49 pm","ts":1662391196,"status":200,"resp_time":2.902842}
{"time":"September 5, 9:10 pm","ts":1662392413,"status":200,"resp_time":3.701516}
{"time":"September 5, 9:23 pm","ts":1662393209,"status":200,"resp_time":3.368904}
{"time":"September 5, 9:54 pm","ts":1662395079,"status":200,"resp_time":3.025927}
{"time":"September 5, 10:28 pm","ts":1662397119,"status":200,"resp_time":3.156979}
{"time":"September 5, 10:58 pm","ts":1662398922,"status":200,"resp_time":3.281416}
{"time":"September 5, 11:16 pm","ts":1662400018,"status":200,"resp_time":3.275474}
{"time":"September 5, 11:27 pm","ts":1662400634,"status":200,"resp_time":3.358929}
{"time":"September 5, 11:59 pm","ts":1662402558,"status":200,"resp_time":3.633979}
{"time":"September 6, 12:21 am","ts":1662403878,"status":200,"resp_time":3.017368}
{"time":"September 6, 12:43 am","ts":1662405236,"status":200,"resp_time":3.103185}
{"time":"September 6, 12:58 am","ts":1662406094,"status":200,"resp_time":3.246745}
{"time":"September 6, 1:09 am","ts":1662406774,"status":200,"resp_time":3.443443}
{"time":"September 6, 1:20 am","ts":1662407404,"status":200,"resp_time":3.010098}
{"time":"September 6, 1:30 am","ts":1662408031,"status":200,"resp_time":3.032345}
{"time":"September 6, 1:59 am","ts":1662409797,"status":200,"resp_time":3.353031}
{"time":"September 6, 2:15 am","ts":1662410744,"status":200,"resp_time":3.337481}
{"time":"September 6, 2:25 am","ts":1662411359,"status":200,"resp_time":3.198557}
{"time":"September 6, 2:47 am","ts":1662412655,"status":200,"resp_time":3.293731}
{"time":"September 6, 3:04 am","ts":1662413646,"status":200,"resp_time":2.838645}
{"time":"September 6, 3:16 am","ts":1662414415,"status":200,"resp_time":2.944089}
{"time":"September 6, 3:27 am","ts":1662415040,"status":200,"resp_time":3.302277}
{"time":"September 6, 3:53 am","ts":1662416631,"status":200,"resp_time":3.260912}
{"time":"September 6, 4:12 am","ts":1662417722,"status":200,"resp_time":3.623663}
{"time":"September 6, 4:25 am","ts":1662418536,"status":200,"resp_time":2.985759}
{"time":"September 6, 4:50 am","ts":1662420032,"status":200,"resp_time":3.199504}
{"time":"September 6, 5:15 am","ts":1662421501,"status":200,"resp_time":3.13572}
{"time":"September 6, 5:26 am","ts":1662422193,"status":200,"resp_time":3.164384}
{"time":"September 6, 7:58 am","ts":1662431330,"status":200,"resp_time":3.3029}
{"time":"September 6, 10:03 am","ts":1662438783,"status":200,"resp_time":3.130124}
{"time":"September 6, 11:34 am","ts":1662444268,"status":200,"resp_time":3.175958}
{"time":"September 6, 12:37 pm","ts":1662448046,"status":200,"resp_time":2.994645}
{"time":"September 6, 1:16 pm","ts":1662450389,"status":200,"resp_time":3.355203}
{"time":"September 6, 1:30 pm","ts":1662451218,"status":200,"resp_time":3.2458}
{"time":"September 6, 2:07 pm","ts":1662453425,"status":200,"resp_time":2.926737}
{"time":"September 6, 2:26 pm","ts":1662454586,"status":200,"resp_time":3.160384}
{"time":"September 6, 2:51 pm","ts":1662456062,"status":200,"resp_time":3.077786}
{"time":"September 6, 3:12 pm","ts":1662457322,"status":200,"resp_time":3.195483}
{"time":"September 6, 3:25 pm",