{"time":"November 12, 10:46 pm","ts":1668273412,"status":200,"resp_time":3.288357}
{"time":"November 12, 11:04 pm","ts":1668274462,"status":200,"resp_time":3.627445}
{"time":"November 12, 11:15 pm","ts":1668275128,"status":200,"resp_time":2.874021}
{"time":"November 12, 11:25 pm","ts":1668275751,"status":200,"resp_time":3.060849}
{"time":"November 12, 11:52 pm","ts":1668277361,"status":200,"resp_time":3.242286}
{"time":"November 13, 12:14 am","ts":1668278680,"status":200,"resp_time":3.294913}
{"time":"November 13, 12:25 am","ts":1668279332,"status":200,"resp_time":2.921721}
{"time":"November 13, 12:44 am","ts":1668280456,"status":200,"resp_time":3.143053}
{"time":"November 13, 12:57 am","ts":1668281228,"status":200,"resp_time":3.199921}
{"time":"November 13, 1:08 am","ts":1668281924,"status":200,"resp_time":3.25042}
{"time":"November 13, 1:19 am","ts":1668282550,"status":200,"resp_time":3.240747}
{"time":"November 13, 1:29 am","ts":1668283177,"status":200,"resp_time":2.900814}
{"time":"November 13, 1:55 am","ts":1668284740,"status":200,"resp_time":3.218623}
{"time":"November 13, 2:10 am","ts":1668285651,"status":200,"resp_time":3.031175}
{"time":"November 13, 2:25 am","ts":1668286539,"status":200,"resp_time":3.439383}
{"time":"November 13, 2:46 am","ts":1668287762,"status":200,"resp_time":3.237023}
{"time":"November 13, 3:01 am","ts":1668288663,"status":200,"resp_time":2.968049}
{"time":"November 13, 3:15 am","ts":1668289531,"status":200,"resp_time":3.184366}
{"time":"November 13, 3:25 am","ts":1668290151,"status":200,"resp_time":3.198127}
{"time":"November 13, 3:47 am","ts":1668291462,"status":200,"resp_time":4.752206}
{"time":"November 13, 4:05 am","ts":1668292508,"status":200,"resp_time":2.998497}
{"time":"November 13, 4:16 am","ts":1668293205,"status":200,"resp_time":2.901092}
{"time":"November 13, 4:27 am","ts":1668293829,"status":200,"resp_time":3.07142}
{"time":"November 13, 4:53 am","ts":1668295409,"status":200,"resp_time":3.00933}
{"time":"November 13, 5:11 am","ts":1668296460,"status":200,"resp_time":3.389347}
{"time":"November 13, 5:25 am","ts":1668297344,"status":200,"resp_time":3.245444}
{"time":"November 13, 7:11 am","ts":1668303717,"status":200,"resp_time":2.94368}
{"time":"November 13, 8:47 am","ts":1668309461,"status":200,"resp_time":3.303675}
{"time":"November 13, 9:35 am","ts":1668312317,"status":200,"resp_time":3.270913}
{"time":"November 13, 10:13 am","ts":1668314600,"status":200,"resp_time":3.060472}
{"time":"November 13, 10:31 am","ts":1668315713,"status":200,"resp_time":3.237674}
{"time":"November 13, 10:58 am","ts":1668317306,"status":200,"resp_time":3.543977}
{"time":"November 13, 11:12 am","ts":1668318155,"status":200,"resp_time":3.319363}
{"time":"November 13, 11:52 am","ts":1668320557,"status":200,"resp_time":2.876421}
{"time":"November 13, 12:16 pm","ts":1668321975,"status":200,"resp_time":3.260518}
{"time":"November 13, 12:49 pm","ts":1668323952,"status":200,"resp_time":3.374349}
{"time":"November 13, 1:02 pm","ts":1668324731,"status":200,"resp_time":2.904896}
{"time":"November 13, 1:15 pm","ts":1668325547,"status":200,"resp_time":3.452726}
{"time":"November 13, 1:26 pm","ts":1668326169,"status":200,"resp_time":3.254932}
{"time":"November 13, 1:54 pm","ts":1668327895,"status":200,"resp_time":3.183197}
{"time":"November 13, 2:14 pm","ts":1668329075,"status":200,"resp_time":3.149005}
{"time":"November 13, 2:25 pm","ts":1668329732,"status":200,"resp_time":3.433664}
{"time":"November 13, 2:47 pm","ts":1668331055,"status":200,"resp_time":3.510683}
{"time":"November 13, 3:03 pm","ts":1668332025,"status":200,"resp_time":2.882966}
{"time":"November 13, 3:16 pm","ts":1668332794,"status":200,"resp_time":2.943185}
{"time":"November 13, 3:26 pm","ts":1668333410,"status":200,"resp_time":3.103564}
{"time":"November 13, 3:52 pm","ts":1668334957,"status":200,"resp_time":3.010822}
{"time":"November 13, 4:11 pm","ts":1668336113,"status":200,"resp_time":3.08137}
{"time":"November 13, 4:25 pm","ts":1668336931,"status":200,"resp_time":3.191649}
{"time":"November 13, 4:45 pm","ts":1668338105,"status":200,"resp_time":2.872534}
{"time":"November 13, 5:10 pm","ts":1668339611,"status":200,"resp_time":2.947749}
{"time":"November 13, 5:20 pm","ts":1668340230,"status":200,"resp_time":3.315547}
{"time":"November 13, 6:02 pm","ts":1668342776,"status":200,"resp_time":2.913995}
{"time":"November 13, 6:40 pm","ts":1668345046,"status":200,"resp_time":3.314852}
{"time":"November 13, 7:11 pm","ts":1668346880,"status":200,"resp_time":3.112058}
{"time":"November 13, 7:25 pm","ts":1668347735,"status":200,"resp_time":3.125379}
{"time":"November 13, 7:45 pm","ts":1668348956,"status":200,"resp_time":3.225364}
{"time":"November 13, 8:01 pm","ts":1668349887,"status":200,"resp_time":3.278998}
{"time":"November 13, 8:15 pm","ts":1668350731,"status":200,"resp_time":3.025413}
{"time":"November 13, 8:48 pm","ts":1668352739,"status":200,"resp_time":3.063424}
{"time":"November 13, 9:07 pm","ts":1668353833,"status":200,"resp_time":3.129394}
{"time":"November 13, 9:19 pm","ts":1668354564,"status":200,"resp_time":2.98623}
{"time":"November 13, 9:29 pm","ts":1668355182,"status":200,"resp_time":3.148746}
{"time":"November 13, 10:04 pm","ts":1668357268,"status":200,"resp_time":3.090988}
{"time":"November 13, 10:27 pm","ts":1668358665,"status":200,"resp_time":3.480532}
{"time":"November 13, 10:52 pm","ts":1668360156,"status":200,"resp_time":3.343276}
{"time":"November 13, 11:10 pm","ts":1668361225,"status":200,"resp_time":2.895042}
{"time":"November 13, 11:25 pm","ts":1668362133,"status":200,"resp_time":3.122483}
{"time":"November 13, 11:51 pm","ts":1668363703,"status":200,"resp_time":3.087472}
{"time":"November 14, 12:14 am","ts":1668365082,"status":200,"resp_time":3.07239}
{"time":"November 14, 12:25 am","ts":1668365733,"status":200,"resp_time":3.186526}
{"time":"November 14, 12:44 am","ts":1668366878,"status":200,"resp_time":2.942779}
{"time":"November 14, 12:57 am","ts":1668367633,"status":200,"resp_time":2.850058}
{"time":"November 14, 1:08 am","ts":1668368312,"status":200,"resp_time":2.876162}
{"time":"November 14, 1:18 am","ts":1668368935,"status":200,"resp_time":3.088266}
{"time":"November 14, 1:55 am","ts":1668371135,"status":200,"resp_time":3.071341}
{"time":"November 14, 2:10 am","ts":1668372054,"status":200,"resp_time":2.866177}
{"time":"November 14, 2:25 am","ts":1668372930,"status":200,"resp_time":3.131086}
{"time":"November 14, 2:45 am","ts":1668374149,"status":200,"resp_time":2.9107}
{"time":"November 14, 3:01 am","ts":1668375071,"status":200,"resp_time":3.34178}
{"time":"November 14, 3:15 am","ts":1668375942,"status":200,"resp_time":3.259085}
{"time":"November 14, 3:25 am","ts":1668376559,"status":200,"resp_time":2.867791}
{"time":"November 14, 3:48 am","ts":1668377938,"status":200,"resp_time":3.043258}
{"time":"November 14, 4:06 am","ts":1668379015,"status":200,"resp_time":3.084962}
{"time":"November 14, 4:18 am","ts":1668379699,"status":200,"resp_time":2.94838}
{"time":"November 14, 4:28 am","ts":1668380328,"status":200,"resp_time":3.290056}
{"time":"November 14, 4:57 am","ts":1668382027,"status":200,"resp_time":3.10352}
{"time":"November 14, 5:13 am","ts":1668383022,"status":200,"resp_time":2.853183}
{"time":"November 14, 5:25 am","ts":1668383730,"status":200,"resp_time":2.809964}
{"time":"November 14, 7:11 am","ts":1668390083,"status":200,"resp_time":3.054552}
{"time":"November 14, 8:48 am","ts":1668395920,"status":200,"resp_time":4.001024}
{"time":"November 14, 9:37 am","ts":1668398854,"status":200,"resp_time":3.128501}
{"time":"November 14, 10:20 am","ts":1668401459,"status":200,"resp_time":3.088297}
{"time":"November 14, 10:54 am","ts":1668403476,"status":200,"resp_time":3.356896}
{"time":"November 14, 11:14 am","ts":1668404662,"status":200,"resp_time":2.972635}
{"time":"November 14, 11:25 am","ts":1668405335,"status":200,"resp_time":3.025731}
{"time":"November 14, 11:54 am","ts":1668407089,"status":200,