{"time":"September 30, 4:29 am","ts":1664492341,"status":200,"resp_time":2.900716}
{"time":"September 30, 5:07 am","ts":1664494650,"status":200,"resp_time":2.56626}
{"time":"September 30, 5:31 am","ts":1664496074,"status":200,"resp_time":2.980777}
{"time":"September 30, 8:53 am","ts":1664508211,"status":200,"resp_time":2.869072}
{"time":"September 30, 10:39 am","ts":1664514543,"status":200,"resp_time":2.727206}
{"time":"September 30, 12:01 pm","ts":1664519484,"status":200,"resp_time":2.886753}
{"time":"September 30, 12:54 pm","ts":1664522696,"status":200,"resp_time":2.830686}
{"time":"September 30, 1:29 pm","ts":1664524747,"status":200,"resp_time":2.975387}
{"time":"September 30, 2:13 pm","ts":1664527389,"status":200,"resp_time":2.756697}
{"time":"September 30, 2:44 pm","ts":1664529260,"status":200,"resp_time":2.910735}
{"time":"September 30, 3:16 pm","ts":1664531169,"status":200,"resp_time":3.082312}
{"time":"September 30, 3:30 pm","ts":1664532057,"status":200,"resp_time":3.070242}
{"time":"September 30, 4:06 pm","ts":1664534213,"status":200,"resp_time":2.838495}
{"time":"September 30, 4:25 pm","ts":1664535343,"status":200,"resp_time":2.616657}
{"time":"September 30, 4:48 pm","ts":1664536700,"status":200,"resp_time":2.945566}
{"time":"September 30, 5:08 pm","ts":1664537900,"status":200,"resp_time":3.115779}
{"time":"September 30, 5:21 pm","ts":1664538663,"status":200,"resp_time":2.986293}
{"time":"September 30, 6:12 pm","ts":1664541725,"status":200,"resp_time":3.137354}
{"time":"September 30, 7:12 pm","ts":1664545350,"status":200,"resp_time":3.220243}
{"time":"September 30, 7:54 pm","ts":1664547854,"status":301,"resp_time":10.576808}
{"time":"September 30, 8:25 pm","ts":1664549754,"status":200,"resp_time":2.838894}
{"time":"September 30, 8:55 pm","ts":1664551551,"status":200,"resp_time":2.812567}
{"time":"September 30, 9:24 pm","ts":1664553250,"status":200,"resp_time":2.884282}
{"time":"September 30, 10:02 pm","ts":1664555578,"status":200,"resp_time":2.86078}
{"time":"September 30, 10:50 pm","ts":1664558453,"status":200,"resp_time":2.908791}
{"time":"September 30, 11:27 pm","ts":1664560634,"status":200,"resp_time":2.721364}
{"time":"October 1, 12:03 am","ts":1664562837,"status":200,"resp_time":2.876588}
{"time":"October 1, 12:30 am","ts":1664564427,"status":200,"resp_time":2.861286}
{"time":"October 1, 1:00 am","ts":1664566254,"status":200,"resp_time":3.224969}
{"time":"October 1, 1:18 am","ts":1664567337,"status":200,"resp_time":3.325175}
{"time":"October 1, 1:29 am","ts":1664567956,"status":200,"resp_time":3.193905}
{"time":"October 1, 2:01 am","ts":1664569870,"status":200,"resp_time":3.187909}
{"time":"October 1, 2:23 am","ts":1664571215,"status":200,"resp_time":3.256951}
{"time":"October 1, 2:48 am","ts":1664572701,"status":200,"resp_time":3.138291}
{"time":"October 1, 3:09 am","ts":1664573975,"status":200,"resp_time":3.360908}
{"time":"October 1, 3:23 am","ts":1664574833,"status":200,"resp_time":3.291596}
{"time":"October 1, 3:51 am","ts":1664576492,"status":200,"resp_time":2.936986}
{"time":"October 1, 4:17 am","ts":1664578041,"status":200,"resp_time":2.890384}
{"time":"October 1, 4:28 am","ts":1664578720,"status":200,"resp_time":3.323672}
{"time":"October 1, 5:03 am","ts":1664580816,"status":200,"resp_time":2.868596}
{"time":"October 1, 5:27 am","ts":1664582279,"status":200,"resp_time":3.063603}
{"time":"October 1, 8:37 am","ts":1664593644,"status":200,"resp_time":3.00238}
{"time":"October 1, 10:28 am","ts":1664600332,"status":200,"resp_time":3.221946}
{"time":"October 1, 11:34 am","ts":1664604295,"status":200,"resp_time":3.26195}
{"time":"October 1, 12:19 pm","ts":1664606974,"status":200,"resp_time":3.2594}
{"time":"October 1, 12:44 pm","ts":1664608465,"status":200,"resp_time":3.320311}
{"time":"October 1, 1:11 pm","ts":1664610084,"status":200,"resp_time":3.37037}
{"time":"October 1, 1:26 pm","ts":1664610975,"status":200,"resp_time":3.313283}
{"time":"October 1, 1:59 pm","ts":1664612990,"status":200,"resp_time":3.371564}
{"time":"October 1, 2:26 pm","ts":1664614605,"status":200,"resp_time":3.331063}
{"time":"October 1, 2:56 pm","ts":1664616398,"status":200,"resp_time":3.155947}
{"time":"October 1, 3:18 pm","ts":1664617714,"status":200,"resp_time":3.127948}
{"time":"October 1, 3:28 pm","ts":1664618332,"status":200,"resp_time":3.158305}
{"time":"October 1, 4:00 pm","ts":1664620249,"status":200,"resp_time":5.968605}
{"time":"October 1, 4:23 pm","ts":1664621610,"status":200,"resp_time":3.47052}
{"time":"October 1, 4:46 pm","ts":1664622992,"status":200,"resp_time":3.033645}
{"time":"October 1, 5:05 pm","ts":1664624157,"status":200,"resp_time":3.354817}
{"time":"October 1, 5:18 pm","ts":1664624921,"status":200,"resp_time":3.589289}
{"time":"October 1, 5:29 pm","ts":1664625553,"status":200,"resp_time":3.299658}
{"time":"October 1, 6:23 pm","ts":1664628817,"status":200,"resp_time":2.887714}
{"time":"October 1, 7:11 pm","ts":1664631676,"status":200,"resp_time":3.07773}
{"time":"October 1, 7:35 pm","ts":1664633150,"status":200,"resp_time":3.198944}
{"time":"October 1, 8:02 pm","ts":1664634739,"status":200,"resp_time":2.952955}
{"time":"October 1, 8:20 pm","ts":1664635850,"status":200,"resp_time":3.223153}
{"time":"October 1, 8:50 pm","ts":1664637627,"status":200,"resp_time":3.1777}
{"time":"October 1, 9:17 pm","ts":1664639267,"status":200,"resp_time":3.303396}
{"time":"October 1, 9:29 pm","ts":1664639986,"status":200,"resp_time":3.149844}
{"time":"October 1, 10:10 pm","ts":1664642408,"status":200,"resp_time":3.679646}
{"time":"October 1, 10:40 pm","ts":1664644230,"status":200,"resp_time":3.154964}
{"time":"October 1, 11:13 pm","ts":1664646212,"status":200,"resp_time":2.951925}
{"time":"October 1, 11:27 pm","ts":1664647045,"status":200,"resp_time":2.988749}
{"time":"October 2, 12:01 am","ts":1664649100,"status":200,"resp_time":3.332413}
{"time":"October 2, 12:27 am","ts":1664650632,"status":200,"resp_time":3.785001}
{"time":"October 2, 12:51 am","ts":1664652089,"status":200,"resp_time":3.08227}
{"time":"October 2, 1:09 am","ts":1664653179,"status":200,"resp_time":3.571523}
{"time":"October 2, 1:19 am","ts":1664653799,"status":200,"resp_time":2.99065}
{"time":"October 2, 1:30 am","ts":1664654426,"status":200,"resp_time":3.622225}
{"time":"October 2, 2:04 am","ts":1664656445,"status":200,"resp_time":3.357158}
{"time":"October 2, 2:22 am","ts":1664657556,"status":200,"resp_time":2.871647}
{"time":"October 2, 2:47 am","ts":1664659042,"status":200,"resp_time":3.099371}
{"time":"October 2, 3:08 am","ts":1664660295,"status":200,"resp_time":2.869247}
{"time":"October 2, 3:22 am","ts":1664661137,"status":200,"resp_time":3.370781}
{"time":"October 2, 3:49 am","ts":1664662773,"status":200,"resp_time":3.417244}
{"time":"October 2, 4:11 am","ts":1664664090,"status":200,"resp_time":3.086708}
{"time":"October 2, 4:26 am","ts":1664664997,"status":200,"resp_time":3.107136}
{"time":"October 2, 4:57 am","ts":1664666854,"status":200,"resp_time":3.104454}
{"time":"October 2, 5:20 am","ts":1664668238,"status":200,"resp_time":3.546269}
{"time":"October 2, 7:35 am","ts":1664676347,"status":200,"resp_time":3.35916}
{"time":"October 2, 9:50 am","ts":1664684416,"status":200,"resp_time":2.970864}
{"time":"October 2, 11:02 am","ts":1664688732,"status":200,"resp_time":3.372131}
{"time":"October 2, 11:33 am","ts":1664690607,"status":200,"resp_time":2.865904}
{"time":"October 2, 12:16 pm","ts":1664693191,"status":200,"resp_time":3.855185}
