{"time":"September 17, 5:19 pm","ts":1663415382,"status":200,"resp_time":3.042131}
{"time":"September 17, 5:30 pm","ts":1663416011,"status":200,"resp_time":2.94395}
{"time":"September 17, 6:19 pm","ts":1663418946,"status":200,"resp_time":3.349113}
{"time":"September 17, 6:52 pm","ts":1663420974,"status":200,"resp_time":3.192414}
{"time":"September 17, 7:20 pm","ts":1663422639,"status":200,"resp_time":3.264522}
{"time":"September 17, 7:46 pm","ts":1663424201,"status":200,"resp_time":2.7664}
{"time":"September 17, 8:04 pm","ts":1663425254,"status":200,"resp_time":3.602859}
{"time":"September 17, 8:17 pm","ts":1663426068,"status":200,"resp_time":3.310408}
{"time":"September 17, 8:28 pm","ts":1663426688,"status":200,"resp_time":3.259609}
{"time":"September 17, 8:57 pm","ts":1663428430,"status":200,"resp_time":3.465452}
{"time":"September 17, 9:17 pm","ts":1663429622,"status":200,"resp_time":3.432824}
{"time":"September 17, 9:27 pm","ts":1663430254,"status":200,"resp_time":3.541488}
{"time":"September 17, 10:04 pm","ts":1663432493,"status":200,"resp_time":3.208469}
{"time":"September 17, 10:33 pm","ts":1663434195,"status":200,"resp_time":3.009688}
{"time":"September 17, 11:03 pm","ts":1663436000,"status":200,"resp_time":3.781833}
{"time":"September 17, 11:20 pm","ts":1663437029,"status":200,"resp_time":4.304212}
{"time":"September 17, 11:52 pm","ts":1663438978,"status":200,"resp_time":3.967138}
{"time":"September 18, 12:19 am","ts":1663440562,"status":200,"resp_time":3.526974}
{"time":"September 18, 12:30 am","ts":1663441218,"status":200,"resp_time":3.38683}
{"time":"September 18, 12:54 am","ts":1663442675,"status":200,"resp_time":4.104484}
{"time":"September 18, 1:07 am","ts":1663443458,"status":200,"resp_time":3.717118}
{"time":"September 18, 1:18 am","ts":1663444087,"status":200,"resp_time":5.923423}
{"time":"September 18, 1:28 am","ts":1663444708,"status":200,"resp_time":5.973757}
{"time":"September 18, 1:57 am","ts":1663446446,"status":200,"resp_time":5.564681}
{"time":"September 18, 2:15 am","ts":1663447529,"status":200,"resp_time":3.884611}
{"time":"September 18, 2:25 am","ts":1663448155,"status":200,"resp_time":3.790398}
{"time":"September 18, 2:48 am","ts":1663449488,"status":200,"resp_time":4.070546}
{"time":"September 18, 3:06 am","ts":1663450567,"status":200,"resp_time":3.376432}
{"time":"September 18, 3:19 am","ts":1663451351,"status":200,"resp_time":3.441089}
{"time":"September 18, 3:29 am","ts":1663451968,"status":200,"resp_time":3.546959}
{"time":"September 18, 3:56 am","ts":1663453587,"status":200,"resp_time":3.237158}
{"time":"September 18, 4:14 am","ts":1663454656,"status":200,"resp_time":3.825203}
{"time":"September 18, 4:25 am","ts":1663455335,"status":200,"resp_time":3.525433}
{"time":"September 18, 4:49 am","ts":1663456772,"status":200,"resp_time":3.31327}
{"time":"September 18, 5:09 am","ts":1663457956,"status":200,"resp_time":3.134176}
{"time":"September 18, 5:25 am","ts":1663458933,"status":200,"resp_time":3.232013}
{"time":"September 18, 7:53 am","ts":1663467822,"status":0,"resp_time":7.000906}
{"time":"September 18, 9:50 am","ts":1663474842,"status":200,"resp_time":3.434702}
{"time":"September 18, 10:59 am","ts":1663478956,"status":200,"resp_time":3.421227}
{"time":"September 18, 11:27 am","ts":1663480641,"status":200,"resp_time":2.972117}
{"time":"September 18, 12:01 pm","ts":1663482664,"status":200,"resp_time":3.435205}
{"time":"September 18, 12:26 pm","ts":1663484219,"status":200,"resp_time":3.668905}
{"time":"September 18, 12:51 pm","ts":1663485719,"status":200,"resp_time":3.092499}
{"time":"September 18, 1:10 pm","ts":1663486828,"status":200,"resp_time":3.621808}
{"time":"September 18, 1:25 pm","ts":1663487739,"status":200,"resp_time":3.553107}
{"time":"September 18, 1:53 pm","ts":1663489406,"status":200,"resp_time":3.128663}
{"time":"September 18, 2:17 pm","ts":1663490874,"status":200,"resp_time":3.732749}
{"time":"September 18, 2:29 pm","ts":1663491590,"status":200,"resp_time":4.205414}
{"time":"September 18, 2:56 pm","ts":1663493203,"status":200,"resp_time":2.921498}
{"time":"September 18, 3:14 pm","ts":1663494292,"status":200,"resp_time":3.33862}
{"time":"September 18, 3:25 pm","ts":1663494932,"status":200,"resp_time":2.992341}
{"time":"September 18, 3:50 pm","ts":1663496455,"status":200,"resp_time":2.994706}
{"time":"September 18, 4:14 pm","ts":1663497866,"status":200,"resp_time":3.32354}
{"time":"September 18, 4:25 pm","ts":1663498559,"status":200,"resp_time":3.285056}
{"time":"September 18, 4:47 pm","ts":1663499837,"status":200,"resp_time":3.36022}
{"time":"September 18, 5:03 pm","ts":1663500783,"status":200,"resp_time":3.130328}
{"time":"September 18, 5:15 pm","ts":1663501554,"status":200,"resp_time":3.069776}
{"time":"September 18, 5:26 pm","ts":1663502191,"status":200,"resp_time":2.893016}
{"time":"September 18, 6:10 pm","ts":1663504808,"status":200,"resp_time":3.256419}
{"time":"September 18, 6:51 pm","ts":1663507274,"status":200,"resp_time":3.342274}
{"time":"September 18, 7:22 pm","ts":1663509148,"status":200,"resp_time":3.362761}
{"time":"September 18, 7:46 pm","ts":1663510563,"status":200,"resp_time":3.151403}
{"time":"September 18, 8:03 pm","ts":1663511618,"status":200,"resp_time":3.402335}
{"time":"September 18, 8:17 pm","ts":1663512455,"status":200,"resp_time":3.297443}
{"time":"September 18, 8:27 pm","ts":1663513074,"status":200,"resp_time":3.440857}
{"time":"September 18, 8:57 pm","ts":1663514823,"status":200,"resp_time":3.046991}
{"time":"September 18, 9:17 pm","ts":1663516054,"status":200,"resp_time":3.120748}
{"time":"September 18, 9:28 pm","ts":1663516686,"status":200,"resp_time":3.559761}
{"time":"September 18, 10:06 pm","ts":1663518978,"status":200,"resp_time":3.285254}
{"time":"September 18, 10:33 pm","ts":1663520614,"status":200,"resp_time":3.485995}
{"time":"September 18, 11:03 pm","ts":1663522404,"status":200,"resp_time":3.069062}
{"time":"September 18, 11:20 pm","ts":1663523455,"status":200,"resp_time":3.34809}
{"time":"September 18, 11:53 pm","ts":1663525381,"status":200,"resp_time":3.081717}
{"time":"September 19, 12:19 am","ts":1663526966,"status":200,"resp_time":3.272634}
{"time":"September 19, 12:30 am","ts":1663527627,"status":200,"resp_time":3.330774}
{"time":"September 19, 12:54 am","ts":1663529096,"status":200,"resp_time":3.590426}
{"time":"September 19, 1:07 am","ts":1663529864,"status":200,"resp_time":3.245404}
{"time":"September 19, 1:18 am","ts":1663530486,"status":200,"resp_time":3.258485}
{"time":"September 19, 1:28 am","ts":1663531104,"status":200,"resp_time":3.419539}
{"time":"September 19, 1:57 am","ts":1663532853,"status":200,"resp_time":3.855978}
{"time":"September 19, 2:15 am","ts":1663533939,"status":200,"resp_time":3.14161}
{"time":"September 19, 2:25 am","ts":1663534558,"status":200,"resp_time":3.123505}
{"time":"September 19, 2:48 am","ts":1663535899,"status":200,"resp_time":3.38245}
{"time":"September 19, 3:06 am","ts":1663536979,"status":200,"resp_time":3.346488}
{"time":"September 19, 3:19 am","ts":1663537764,"status":200,"resp_time":3.246332}
{"time":"September 19, 3:29 am","ts":1663538384,"status":200,"resp_time":3.176967}
{"time":"September 19, 3:56 am","ts":1663540015,"status":200,"resp_time":3.406808}
{"time":"September 19, 4:14 am","ts":1663541089,"status":200,"resp_time":3.001413}
{"time":"September 19, 4:25 am","ts":1663541733,"status":200,"resp_time":3.264334}
{"time":"September 19, 4:50 am","ts":1663543216,"status":200,"resp_time":3.185415}
{"time":"September 19, 5:15 am","ts":1663544733,"status":200,"resp_time":3.104788}
{"time":"September 19, 5:28 am","ts":1663545521,"status":200,"resp_time":3.210608}
{"time":"September 19, 8:33 am","ts":1663556604,"status":200,"resp_time":3.083972}
{"time":"September 19, 10:32 am","ts":1663563737,"status":200,"resp_time":3.688092}
{"time":"September 19, 11:52 am","ts":1663568544,"status":200,"resp_time":3.035566}
{"time":"September 19, 12:51 pm","ts":1663572100,"status":200,