{"time":"August 7, 1:10 am","ts":1659814815,"status":200,"resp_time":2.75432}
{"time":"August 7, 1:20 am","ts":1659815439,"status":200,"resp_time":2.647022}
{"time":"August 7, 1:46 am","ts":1659817015,"status":200,"resp_time":2.637696}
{"time":"August 7, 2:03 am","ts":1659818002,"status":200,"resp_time":2.881086}
{"time":"August 7, 2:15 am","ts":1659818753,"status":200,"resp_time":3.026763}
{"time":"August 7, 2:26 am","ts":1659819375,"status":200,"resp_time":2.603028}
{"time":"August 7, 2:47 am","ts":1659820626,"status":200,"resp_time":2.827489}
{"time":"August 7, 3:01 am","ts":1659821506,"status":200,"resp_time":2.566071}
{"time":"August 7, 3:15 am","ts":1659822327,"status":200,"resp_time":2.544661}
{"time":"August 7, 3:25 am","ts":1659822947,"status":200,"resp_time":2.664298}
{"time":"August 7, 3:47 am","ts":1659824222,"status":200,"resp_time":3.002393}
{"time":"August 7, 4:03 am","ts":1659825203,"status":200,"resp_time":2.83141}
{"time":"August 7, 4:15 am","ts":1659825932,"status":200,"resp_time":2.893458}
{"time":"August 7, 4:25 am","ts":1659826559,"status":200,"resp_time":2.400884}
{"time":"August 7, 4:48 am","ts":1659827922,"status":200,"resp_time":2.742283}
{"time":"August 7, 5:04 am","ts":1659828862,"status":200,"resp_time":2.813568}
{"time":"August 7, 5:16 am","ts":1659829611,"status":200,"resp_time":2.724799}
{"time":"August 7, 5:27 am","ts":1659830239,"status":200,"resp_time":2.81892}
{"time":"August 7, 7:48 am","ts":1659838688,"status":200,"resp_time":2.83085}
{"time":"August 7, 9:03 am","ts":1659843191,"status":200,"resp_time":3.139859}
{"time":"August 7, 9:33 am","ts":1659844995,"status":200,"resp_time":2.595885}
{"time":"August 7, 10:07 am","ts":1659847065,"status":200,"resp_time":2.588335}
{"time":"August 7, 10:25 am","ts":1659848142,"status":200,"resp_time":2.727021}
{"time":"August 7, 10:45 am","ts":1659849344,"status":200,"resp_time":2.727676}
{"time":"August 7, 11:00 am","ts":1659850211,"status":200,"resp_time":3.011529}
{"time":"August 7, 11:11 am","ts":1659850861,"status":200,"resp_time":2.846874}
{"time":"August 7, 11:25 am","ts":1659851747,"status":200,"resp_time":2.933129}
{"time":"August 7, 11:52 am","ts":1659853320,"status":200,"resp_time":3.004414}
{"time":"August 7, 12:15 pm","ts":1659854736,"status":200,"resp_time":3.01706}
{"time":"August 7, 12:26 pm","ts":1659855367,"status":200,"resp_time":2.570342}
{"time":"August 7, 12:47 pm","ts":1659856649,"status":200,"resp_time":2.863763}
{"time":"August 7, 1:01 pm","ts":1659857477,"status":200,"resp_time":2.758449}
{"time":"August 7, 1:15 pm","ts":1659858336,"status":200,"resp_time":3.041595}
{"time":"August 7, 1:26 pm","ts":1659858963,"status":200,"resp_time":2.682929}
{"time":"August 7, 1:51 pm","ts":1659860514,"status":200,"resp_time":2.733829}
{"time":"August 7, 2:12 pm","ts":1659861739,"status":200,"resp_time":2.805663}
{"time":"August 7, 2:25 pm","ts":1659862529,"status":200,"resp_time":2.890063}
{"time":"August 7, 2:46 pm","ts":1659863772,"status":200,"resp_time":2.807534}
{"time":"August 7, 3:02 pm","ts":1659864732,"status":200,"resp_time":2.81313}
{"time":"August 7, 3:16 pm","ts":1659865564,"status":200,"resp_time":2.669871}
{"time":"August 7, 3:26 pm","ts":1659866196,"status":200,"resp_time":3.0174}
{"time":"August 7, 3:51 pm","ts":1659867672,"status":200,"resp_time":2.873555}
{"time":"August 7, 4:10 pm","ts":1659868830,"status":200,"resp_time":2.901385}
{"time":"August 7, 4:25 pm","ts":1659869729,"status":200,"resp_time":2.768041}
{"time":"August 7, 4:45 pm","ts":1659870903,"status":200,"resp_time":5.055749}
{"time":"August 7, 4:59 pm","ts":1659871762,"status":200,"resp_time":2.842658}
{"time":"August 7, 5:09 pm","ts":1659872399,"status":200,"resp_time":2.817447}
{"time":"August 7, 5:20 pm","ts":1659873038,"status":200,"resp_time":2.952845}
{"time":"August 7, 5:59 pm","ts":1659875348,"status":200,"resp_time":3.081165}
{"time":"August 7, 6:33 pm","ts":1659877419,"status":200,"resp_time":2.890996}
{"time":"August 7, 7:04 pm","ts":1659879240,"status":200,"resp_time":2.861864}
{"time":"August 7, 7:17 pm","ts":1659880057,"status":200,"resp_time":2.922975}
{"time":"August 7, 7:27 pm","ts":1659880674,"status":200,"resp_time":2.728264}
{"time":"August 7, 7:50 pm","ts":1659882017,"status":200,"resp_time":2.83959}
{"time":"August 7, 8:02 pm","ts":1659882730,"status":200,"resp_time":2.869461}
{"time":"August 7, 8:15 pm","ts":1659883534,"status":200,"resp_time":2.664841}
{"time":"August 7, 8:26 pm","ts":1659884161,"status":200,"resp_time":2.664218}
{"time":"August 7, 8:48 pm","ts":1659885507,"status":200,"resp_time":3.097444}
{"time":"August 7, 9:06 pm","ts":1659886591,"status":200,"resp_time":2.914648}
{"time":"August 7, 9:18 pm","ts":1659887331,"status":200,"resp_time":2.897558}
{"time":"August 7, 9:29 pm","ts":1659887946,"status":200,"resp_time":2.809954}
{"time":"August 7, 10:02 pm","ts":1659889927,"status":200,"resp_time":3.188675}
{"time":"August 7, 10:27 pm","ts":1659891423,"status":200,"resp_time":2.835956}
{"time":"August 7, 10:50 pm","ts":1659892810,"status":200,"resp_time":2.690517}
{"time":"August 7, 11:04 pm","ts":1659893689,"status":200,"resp_time":2.724871}
{"time":"August 7, 11:15 pm","ts":1659894335,"status":200,"resp_time":2.731104}
{"time":"August 7, 11:26 pm","ts":1659894967,"status":200,"resp_time":2.658835}
{"time":"August 7, 11:52 pm","ts":1659896569,"status":200,"resp_time":2.595961}
{"time":"August 8, 12:14 am","ts":1659897867,"status":200,"resp_time":2.917132}
{"time":"August 8, 12:25 am","ts":1659898532,"status":200,"resp_time":2.658492}
{"time":"August 8, 12:44 am","ts":1659899645,"status":200,"resp_time":3.011963}
{"time":"August 8, 12:57 am","ts":1659900426,"status":200,"resp_time":2.724525}
{"time":"August 8, 1:09 am","ts":1659901161,"status":200,"resp_time":2.711045}
{"time":"August 8, 1:19 am","ts":1659901794,"status":200,"resp_time":2.793595}
{"time":"August 8, 1:30 am","ts":1659902430,"status":200,"resp_time":2.612132}
{"time":"August 8, 1:58 am","ts":1659904108,"status":200,"resp_time":2.630466}
{"time":"August 8, 2:13 am","ts":1659904999,"status":200,"resp_time":2.811997}
{"time":"August 8, 2:25 am","ts":1659905737,"status":200,"resp_time":2.560817}
{"time":"August 8, 2:44 am","ts":1659906892,"status":200,"resp_time":2.712022}
{"time":"August 8, 3:00 am","ts":1659907815,"status":200,"resp_time":2.759544}
{"time":"August 8, 3:15 am","ts":1659908730,"status":200,"resp_time":2.620054}
{"time":"August 8, 3:25 am","ts":1659909350,"status":200,"resp_time":2.950312}
{"time":"August 8, 3:47 am","ts":1659910659,"status":200,"resp_time":2.773938}
{"time":"August 8, 4:04 am","ts":1659911650,"status":200,"resp_time":2.96048}
{"time":"August 8, 4:15 am","ts":1659912337,"status":200,"resp_time":2.951263}
{"time":"August 8, 4:25 am","ts":1659912958,"status":200,"resp_time":2.763275}
{"time":"August 8, 4:47 am","ts":1659914272,"status":200,"resp_time":2.964405}
{"time":"August 8, 5:03 am","ts":1659915198,"status":200,"resp_time":2.949304}
{"time":"August 8, 5:15 am","ts":1659915945,"status":200,"resp_time":2.759981}
{"time":"August 8, 5:26 am","ts":1659916568,"status":200,"resp_time":2.846634}
{"time":"August 8, 7:21 am","ts":1659923480,"status":200,"resp_time":2.683952}
{"time":"August 8, 9:09 am","ts":1659929967,"status":200,"resp_time":2.681445}
{"time":"August 8, 9:50 am","ts":1659932411,"status":200,"resp_time":3.130807}
{"time":"August 8, 10:25 am","ts":1659934526,"status":200,"resp_time":3.047296}
