{"time":"July 31, 1:27 pm","ts":1659254269,"status":200,"resp_time":3.107298}
{"time":"July 31, 1:56 pm","ts":1659256012,"status":200,"resp_time":3.483246}
{"time":"July 31, 2:13 pm","ts":1659257030,"status":200,"resp_time":3.315847}
{"time":"July 31, 2:25 pm","ts":1659257739,"status":200,"resp_time":3.219222}
{"time":"July 31, 2:46 pm","ts":1659258983,"status":200,"resp_time":3.241625}
{"time":"July 31, 3:02 pm","ts":1659259943,"status":200,"resp_time":3.117519}
{"time":"July 31, 3:16 pm","ts":1659260762,"status":200,"resp_time":3.334406}
{"time":"July 31, 3:26 pm","ts":1659261384,"status":200,"resp_time":3.555231}
{"time":"July 31, 3:51 pm","ts":1659262865,"status":200,"resp_time":3.23929}
{"time":"July 31, 4:10 pm","ts":1659264036,"status":200,"resp_time":3.439202}
{"time":"July 31, 4:25 pm","ts":1659264936,"status":200,"resp_time":3.010543}
{"time":"July 31, 4:44 pm","ts":1659266082,"status":200,"resp_time":2.841353}
{"time":"July 31, 5:00 pm","ts":1659267036,"status":200,"resp_time":3.440531}
{"time":"July 31, 5:15 pm","ts":1659267933,"status":200,"resp_time":3.587224}
{"time":"July 31, 5:26 pm","ts":1659268561,"status":200,"resp_time":3.241848}
{"time":"July 31, 6:04 pm","ts":1659270866,"status":200,"resp_time":3.170337}
{"time":"July 31, 6:37 pm","ts":1659272823,"status":200,"resp_time":3.280304}
{"time":"July 31, 7:05 pm","ts":1659274527,"status":200,"resp_time":3.428448}
{"time":"July 31, 7:18 pm","ts":1659275288,"status":200,"resp_time":3.184326}
{"time":"July 31, 7:28 pm","ts":1659275903,"status":200,"resp_time":2.975389}
{"time":"July 31, 7:51 pm","ts":1659277268,"status":200,"resp_time":2.942855}
{"time":"July 31, 8:07 pm","ts":1659278246,"status":200,"resp_time":2.899615}
{"time":"July 31, 8:17 pm","ts":1659278878,"status":200,"resp_time":2.827739}
{"time":"July 31, 8:28 pm","ts":1659279509,"status":200,"resp_time":3.568643}
{"time":"July 31, 8:54 pm","ts":1659281060,"status":200,"resp_time":3.253339}
{"time":"July 31, 9:11 pm","ts":1659282076,"status":200,"resp_time":3.295204}
{"time":"July 31, 9:25 pm","ts":1659282941,"status":200,"resp_time":2.867298}
{"time":"July 31, 9:53 pm","ts":1659284606,"status":200,"resp_time":3.144913}
{"time":"July 31, 10:22 pm","ts":1659286334,"status":200,"resp_time":3.017053}
{"time":"July 31, 10:46 pm","ts":1659287776,"status":200,"resp_time":3.13235}
{"time":"July 31, 11:02 pm","ts":1659288761,"status":200,"resp_time":2.888952}
{"time":"July 31, 11:15 pm","ts":1659289531,"status":200,"resp_time":2.82767}
{"time":"July 31, 11:25 pm","ts":1659290148,"status":200,"resp_time":3.068165}
{"time":"July 31, 11:51 pm","ts":1659291669,"status":200,"resp_time":2.992089}
{"time":"August 1, 12:13 am","ts":1659293022,"status":200,"resp_time":2.889741}
{"time":"August 1, 12:25 am","ts":1659293729,"status":200,"resp_time":3.45438}
{"time":"August 1, 12:44 am","ts":1659294864,"status":200,"resp_time":2.843705}
{"time":"August 1, 12:57 am","ts":1659295639,"status":200,"resp_time":3.107369}
{"time":"August 1, 1:09 am","ts":1659296360,"status":200,"resp_time":3.148885}
{"time":"August 1, 1:19 am","ts":1659296976,"status":200,"resp_time":3.07316}
{"time":"August 1, 1:29 am","ts":1659297585,"status":200,"resp_time":3.02888}
{"time":"August 1, 1:55 am","ts":1659299118,"status":200,"resp_time":3.251342}
{"time":"August 1, 2:09 am","ts":1659299994,"status":200,"resp_time":2.821807}
{"time":"August 1, 2:20 am","ts":1659300611,"status":200,"resp_time":3.337885}
{"time":"August 1, 2:31 am","ts":1659301267,"status":200,"resp_time":2.747185}
{"time":"August 1, 2:54 am","ts":1659302677,"status":200,"resp_time":3.079254}
{"time":"August 1, 3:07 am","ts":1659303476,"status":200,"resp_time":3.046668}
{"time":"August 1, 3:18 am","ts":1659304095,"status":200,"resp_time":3.243608}
{"time":"August 1, 3:28 am","ts":1659304720,"status":200,"resp_time":3.011065}
{"time":"August 1, 3:52 am","ts":1659306156,"status":200,"resp_time":2.940237}
{"time":"August 1, 4:09 am","ts":1659307145,"status":200,"resp_time":3.009975}
{"time":"August 1, 4:19 am","ts":1659307771,"status":200,"resp_time":3.116982}
{"time":"August 1, 4:30 am","ts":1659308401,"status":200,"resp_time":3.148739}
{"time":"August 1, 4:54 am","ts":1659309881,"status":200,"resp_time":3.449154}
{"time":"August 1, 5:09 am","ts":1659310763,"status":200,"resp_time":2.679403}
{"time":"August 1, 5:19 am","ts":1659311380,"status":200,"resp_time":3.318984}
{"time":"August 1, 5:30 am","ts":1659312012,"status":200,"resp_time":3.018287}
{"time":"August 1, 8:09 am","ts":1659321598,"status":200,"resp_time":3.070852}
{"time":"August 1, 9:49 am","ts":1659327551,"status":200,"resp_time":3.023623}
{"time":"August 1, 11:07 am","ts":1659332258,"status":200,"resp_time":3.052485}
{"time":"August 1, 11:45 am","ts":1659334552,"status":200,"resp_time":3.153742}
{"time":"August 1, 12:24 pm","ts":1659336848,"status":200,"resp_time":2.931803}
{"time":"August 1, 12:51 pm","ts":1659338468,"status":200,"resp_time":3.569386}
{"time":"August 1, 1:11 pm","ts":1659339707,"status":200,"resp_time":2.77984}
{"time":"August 1, 1:25 pm","ts":1659340544,"status":200,"resp_time":2.739095}
{"time":"August 1, 1:54 pm","ts":1659342266,"status":200,"resp_time":2.954213}
{"time":"August 1, 2:17 pm","ts":1659343647,"status":200,"resp_time":3.151721}
{"time":"August 1, 2:28 pm","ts":1659344290,"status":200,"resp_time":3.023907}
{"time":"August 1, 2:56 pm","ts":1659345988,"status":301,"resp_time":8.505215}
{"time":"August 1, 3:12 pm","ts":1659346973,"status":200,"resp_time":3.523366}
{"time":"August 1, 3:25 pm","ts":1659347732,"status":200,"resp_time":3.0858}
{"time":"August 1, 3:52 pm","ts":1659349329,"status":200,"resp_time":3.175817}
{"time":"August 1, 4:15 pm","ts":1659350706,"status":200,"resp_time":3.526083}
{"time":"August 1, 4:25 pm","ts":1659351330,"status":200,"resp_time":3.247125}
{"time":"August 1, 4:45 pm","ts":1659352544,"status":200,"resp_time":3.097664}
{"time":"August 1, 5:00 pm","ts":1659353455,"status":200,"resp_time":3.364453}
{"time":"August 1, 5:15 pm","ts":1659354331,"status":200,"resp_time":3.311983}
{"time":"August 1, 5:25 pm","ts":1659354956,"status":200,"resp_time":3.373606}
{"time":"August 1, 6:09 pm","ts":1659357545,"status":200,"resp_time":2.909706}
{"time":"August 1, 6:58 pm","ts":1659360502,"status":200,"resp_time":3.044235}
{"time":"August 1, 7:30 pm","ts":1659362443,"status":200,"resp_time":3.005321}
{"time":"August 1, 7:57 pm","ts":1659364076,"status":200,"resp_time":3.329789}
{"time":"August 1, 8:12 pm","ts":1659364956,"status":200,"resp_time":3.417562}
{"time":"August 1, 8:25 pm","ts":1659365735,"status":200,"resp_time":3.235381}
{"time":"August 1, 8:52 pm","ts":1659367337,"status":200,"resp_time":3.386108}
{"time":"August 1, 9:16 pm","ts":1659368785,"status":200,"resp_time":3.214304}
{"time":"August 1, 9:27 pm","ts":1659369453,"status":200,"resp_time":3.473489}
{"time":"August 1, 10:05 pm","ts":1659371748,"status":200,"resp_time":3.190099}
{"time":"August 1, 10:34 pm","ts":1659373482,"status":200,"resp_time":3.232862}
{"time":"August 1, 11:04 pm","ts":1659375296,"status":200,"resp_time":2.959961}
{"time":"August 1, 11:20 pm","ts":1659376212,"status":200,"resp_time":3.290798}
{"time":"August 1, 11:33 pm","ts":1659377027,"status":200,"resp_time":3.675206}
{"time":"August 2, 12:09 am","ts":1659379150,"status":200,"resp_time":3.343235}
{"time":"August 2, 12:27 am","ts":1659380233,"status":200,"resp_time":3.175299}
