{"time":"October 7, 8:28 pm","ts":1665154680,"status":200,"resp_time":2.927218}
{"time":"October 7, 9:01 pm","ts":1665156705,"status":200,"resp_time":2.625934}
{"time":"October 7, 9:27 pm","ts":1665158222,"status":200,"resp_time":2.722816}
{"time":"October 7, 10:10 pm","ts":1665160833,"status":200,"resp_time":3.105331}
{"time":"October 7, 10:54 pm","ts":1665163443,"status":200,"resp_time":2.861279}
{"time":"October 7, 11:31 pm","ts":1665165676,"status":200,"resp_time":3.038892}
{"time":"October 8, 12:15 am","ts":1665168315,"status":200,"resp_time":2.782613}
{"time":"October 8, 12:38 am","ts":1665169731,"status":200,"resp_time":2.783017}
{"time":"October 8, 1:02 am","ts":1665171125,"status":200,"resp_time":2.735528}
{"time":"October 8, 1:18 am","ts":1665172123,"status":200,"resp_time":3.081381}
{"time":"October 8, 1:29 am","ts":1665172750,"status":200,"resp_time":2.873493}
{"time":"October 8, 2:01 am","ts":1665174691,"status":200,"resp_time":2.725334}
{"time":"October 8, 2:23 am","ts":1665176024,"status":200,"resp_time":2.90768}
{"time":"October 8, 2:48 am","ts":1665177487,"status":200,"resp_time":2.971965}
{"time":"October 8, 3:09 am","ts":1665178774,"status":200,"resp_time":3.091427}
{"time":"October 8, 3:24 am","ts":1665179644,"status":200,"resp_time":3.031438}
{"time":"October 8, 3:51 am","ts":1665181267,"status":200,"resp_time":2.756745}
{"time":"October 8, 4:18 am","ts":1665182908,"status":200,"resp_time":2.655174}
{"time":"October 8, 4:29 am","ts":1665183556,"status":200,"resp_time":2.75293}
{"time":"October 8, 5:04 am","ts":1665185666,"status":200,"resp_time":2.704253}
{"time":"October 8, 5:26 am","ts":1665187003,"status":200,"resp_time":3.066187}
{"time":"October 8, 7:31 am","ts":1665194478,"status":200,"resp_time":2.938712}
{"time":"October 8, 9:11 am","ts":1665200515,"status":200,"resp_time":3.007965}
{"time":"October 8, 9:56 am","ts":1665203196,"status":200,"resp_time":2.963825}
{"time":"October 8, 10:39 am","ts":1665205744,"status":200,"resp_time":3.047268}
{"time":"October 8, 11:13 am","ts":1665207838,"status":200,"resp_time":2.758492}
{"time":"October 8, 11:30 am","ts":1665208800,"status":200,"resp_time":2.99727}
{"time":"October 8, 12:08 pm","ts":1665211088,"status":200,"resp_time":3.08894}
{"time":"October 8, 12:31 pm","ts":1665212472,"status":200,"resp_time":2.91087}
{"time":"October 8, 1:02 pm","ts":1665214364,"status":200,"resp_time":2.748484}
{"time":"October 8, 1:20 pm","ts":1665215412,"status":200,"resp_time":2.854282}
{"time":"October 8, 1:55 pm","ts":1665217543,"status":200,"resp_time":2.936704}
{"time":"October 8, 2:23 pm","ts":1665219194,"status":200,"resp_time":2.929261}
{"time":"October 8, 2:51 pm","ts":1665220861,"status":200,"resp_time":2.687602}
{"time":"October 8, 3:16 pm","ts":1665222371,"status":200,"resp_time":3.082176}
{"time":"October 8, 3:27 pm","ts":1665223047,"status":200,"resp_time":2.971816}
{"time":"October 8, 3:58 pm","ts":1665224918,"status":200,"resp_time":3.083254}
{"time":"October 8, 4:20 pm","ts":1665226218,"status":200,"resp_time":3.033223}
{"time":"October 8, 4:46 pm","ts":1665227777,"status":200,"resp_time":2.775038}
{"time":"October 8, 5:04 pm","ts":1665228867,"status":200,"resp_time":3.038611}
{"time":"October 8, 5:17 pm","ts":1665229650,"status":200,"resp_time":3.150433}
{"time":"October 8, 5:27 pm","ts":1665230269,"status":200,"resp_time":3.131403}
{"time":"October 8, 6:20 pm","ts":1665233438,"status":200,"resp_time":3.048881}
{"time":"October 8, 7:10 pm","ts":1665236436,"status":200,"resp_time":2.824059}
{"time":"October 8, 7:38 pm","ts":1665238136,"status":200,"resp_time":2.544088}
{"time":"October 8, 8:06 pm","ts":1665239793,"status":200,"resp_time":2.835098}
{"time":"October 8, 8:23 pm","ts":1665240792,"status":200,"resp_time":3.087712}
{"time":"October 8, 8:50 pm","ts":1665242446,"status":200,"resp_time":2.731301}
{"time":"October 8, 9:17 pm","ts":1665244041,"status":200,"resp_time":2.988705}
{"time":"October 8, 9:29 pm","ts":1665244781,"status":200,"resp_time":2.682725}
{"time":"October 8, 10:09 pm","ts":1665247195,"status":200,"resp_time":2.817799}
{"time":"October 8, 10:40 pm","ts":1665249006,"status":200,"resp_time":3.121152}
{"time":"October 8, 11:11 pm","ts":1665250906,"status":200,"resp_time":2.845105}
{"time":"October 8, 11:28 pm","ts":1665251921,"status":200,"resp_time":2.633783}
{"time":"October 9, 12:03 am","ts":1665254033,"status":200,"resp_time":3.343105}
{"time":"October 9, 12:26 am","ts":1665255417,"status":200,"resp_time":3.523257}
{"time":"October 9, 12:50 am","ts":1665256839,"status":200,"resp_time":2.849661}
{"time":"October 9, 1:09 am","ts":1665257974,"status":200,"resp_time":3.225508}
{"time":"October 9, 1:19 am","ts":1665258598,"status":200,"resp_time":3.343513}
{"time":"October 9, 1:30 am","ts":1665259241,"status":200,"resp_time":2.986898}
{"time":"October 9, 2:03 am","ts":1665261212,"status":200,"resp_time":3.399106}
{"time":"October 9, 2:22 am","ts":1665262347,"status":200,"resp_time":3.435826}
{"time":"October 9, 2:47 am","ts":1665263869,"status":200,"resp_time":3.031795}
{"time":"October 9, 3:08 am","ts":1665265118,"status":200,"resp_time":2.847847}
{"time":"October 9, 3:22 am","ts":1665265970,"status":200,"resp_time":2.819193}
{"time":"October 9, 3:49 am","ts":1665267567,"status":200,"resp_time":3.186939}
{"time":"October 9, 4:11 am","ts":1665268915,"status":200,"resp_time":3.34479}
{"time":"October 9, 4:27 am","ts":1665269866,"status":200,"resp_time":2.939838}
{"time":"October 9, 5:00 am","ts":1665271854,"status":200,"resp_time":3.317896}
{"time":"October 9, 5:25 am","ts":1665273304,"status":200,"resp_time":3.281335}
{"time":"October 9, 7:26 am","ts":1665280610,"status":200,"resp_time":3.109548}
{"time":"October 9, 9:36 am","ts":1665288394,"status":200,"resp_time":3.33901}
{"time":"October 9, 10:40 am","ts":1665292238,"status":200,"resp_time":3.254011}
{"time":"October 9, 11:22 am","ts":1665294755,"status":200,"resp_time":3.25128}
{"time":"October 9, 11:57 am","ts":1665296859,"status":200,"resp_time":3.089391}
{"time":"October 9, 12:27 pm","ts":1665298655,"status":200,"resp_time":3.456465}
{"time":"October 9, 12:57 pm","ts":1665300421,"status":200,"resp_time":3.182301}
{"time":"October 9, 1:15 pm","ts":1665301514,"status":200,"resp_time":3.384237}
{"time":"October 9, 1:25 pm","ts":1665302133,"status":200,"resp_time":3.306378}
{"time":"October 9, 1:56 pm","ts":1665303983,"status":200,"resp_time":3.619306}
{"time":"October 9, 2:22 pm","ts":1665305552,"status":200,"resp_time":2.905169}
{"time":"October 9, 2:50 pm","ts":1665307254,"status":200,"resp_time":3.313663}
{"time":"October 9, 3:16 pm","ts":1665308792,"status":200,"resp_time":3.251233}
{"time":"October 9, 3:27 pm","ts":1665309474,"status":200,"resp_time":2.872232}
{"time":"October 9, 4:00 pm","ts":1665311435,"status":200,"resp_time":3.484561}
{"time":"October 9, 4:24 pm","ts":1665312843,"status":200,"resp_time":2.883307}
{"time":"October 9, 4:46 pm","ts":1665314182,"status":200,"resp_time":2.816545}
{"time":"October 9, 5:04 pm","ts":1665315278,"status":200,"resp_time":2.975146}
{"time":"October 9, 5:17 pm","ts":1665316054,"status":200,"resp_time":3.206104}
{"time":"October 9, 5:27 pm","ts":1665316679,"status":200,"resp_time":3.434224}
{"time":"October 9, 6:21 pm","ts":1665319877,"status":200,"resp_time":3.355379}
{"time":"October 9, 7:09 pm","ts":1665322754,"status":200,"resp_time":3.075853}
{"time":"October 9, 7:30 pm","ts":1665324035,"status":200,"resp_time":2.903539}
{"time":"October 9, 8:01 pm","ts":1665325864,"status":200,"resp_time":2.941103}
{"time":"October 9, 8:20 pm","ts":1665327039,"status":200,"resp_time":2.865697}
