{"time":"August 25, 7:24 am","ts":1661392475,"status":200,"resp_time":3.067787}
{"time":"August 25, 9:40 am","ts":1661400651,"status":200,"resp_time":3.188796}
{"time":"August 25, 11:07 am","ts":1661405829,"status":200,"resp_time":3.563712}
{"time":"August 25, 11:45 am","ts":1661408114,"status":200,"resp_time":3.62635}
{"time":"August 25, 12:23 pm","ts":1661410434,"status":200,"resp_time":3.340447}
{"time":"August 25, 12:52 pm","ts":1661412169,"status":200,"resp_time":3.063845}
{"time":"August 25, 1:12 pm","ts":1661413324,"status":200,"resp_time":3.186463}
{"time":"August 25, 1:25 pm","ts":1661414132,"status":200,"resp_time":3.282543}
{"time":"August 25, 1:54 pm","ts":1661415899,"status":200,"resp_time":3.025311}
{"time":"August 25, 2:17 pm","ts":1661417279,"status":200,"resp_time":3.239451}
{"time":"August 25, 2:29 pm","ts":1661417954,"status":200,"resp_time":3.350827}
{"time":"August 25, 2:55 pm","ts":1661419528,"status":200,"resp_time":3.617782}
{"time":"August 25, 3:12 pm","ts":1661420521,"status":200,"resp_time":3.194463}
{"time":"August 25, 3:25 pm","ts":1661421333,"status":200,"resp_time":3.068265}
{"time":"August 25, 3:50 pm","ts":1661422853,"status":200,"resp_time":3.199487}
{"time":"August 25, 4:15 pm","ts":1661424305,"status":200,"resp_time":3.238212}
{"time":"August 25, 4:25 pm","ts":1661424945,"status":200,"resp_time":3.304001}
{"time":"August 25, 4:47 pm","ts":1661426231,"status":200,"resp_time":3.562631}
{"time":"August 25, 5:03 pm","ts":1661427234,"status":200,"resp_time":3.092188}
{"time":"August 25, 5:16 pm","ts":1661427962,"status":200,"resp_time":3.098139}
{"time":"August 25, 5:26 pm","ts":1661428581,"status":200,"resp_time":3.226842}
{"time":"August 25, 6:10 pm","ts":1661431238,"status":200,"resp_time":3.00751}
{"time":"August 25, 6:59 pm","ts":1661434148,"status":200,"resp_time":3.408152}
{"time":"August 25, 7:28 pm","ts":1661435923,"status":200,"resp_time":3.182466}
{"time":"August 25, 7:53 pm","ts":1661437382,"status":200,"resp_time":3.117852}
{"time":"August 25, 8:09 pm","ts":1661438368,"status":200,"resp_time":3.545326}
{"time":"August 25, 8:19 pm","ts":1661438983,"status":200,"resp_time":3.170966}
{"time":"August 25, 8:30 pm","ts":1661439602,"status":200,"resp_time":3.100259}
{"time":"August 25, 8:57 pm","ts":1661441258,"status":200,"resp_time":2.816774}
{"time":"August 25, 9:16 pm","ts":1661442373,"status":200,"resp_time":3.163891}
{"time":"August 25, 9:26 pm","ts":1661442988,"status":200,"resp_time":3.382486}
{"time":"August 25, 9:58 pm","ts":1661444916,"status":200,"resp_time":3.481158}
{"time":"August 25, 10:29 pm","ts":1661446766,"status":200,"resp_time":3.486908}
{"time":"August 25, 10:55 pm","ts":1661448358,"status":200,"resp_time":3.219832}
{"time":"August 25, 11:12 pm","ts":1661449354,"status":200,"resp_time":3.502143}
{"time":"August 25, 11:25 pm","ts":1661450130,"status":200,"resp_time":3.112996}
{"time":"August 25, 11:51 pm","ts":1661451708,"status":200,"resp_time":3.227353}
{"time":"August 26, 12:16 am","ts":1661453192,"status":200,"resp_time":3.200506}
{"time":"August 26, 12:27 am","ts":1661453858,"status":200,"resp_time":3.126321}
{"time":"August 26, 12:48 am","ts":1661455139,"status":200,"resp_time":3.392344}
{"time":"August 26, 1:00 am","ts":1661455805,"status":200,"resp_time":2.934075}
{"time":"August 26, 1:10 am","ts":1661456428,"status":200,"resp_time":3.495176}
{"time":"August 26, 1:25 am","ts":1661457341,"status":200,"resp_time":3.977975}
{"time":"August 26, 1:49 am","ts":1661458779,"status":200,"resp_time":3.309466}
{"time":"August 26, 2:07 am","ts":1661459849,"status":200,"resp_time":3.289814}
{"time":"August 26, 2:19 am","ts":1661460566,"status":200,"resp_time":2.952658}
{"time":"August 26, 2:30 am","ts":1661461210,"status":200,"resp_time":2.880246}
{"time":"August 26, 2:53 am","ts":1661462585,"status":200,"resp_time":3.425724}
{"time":"August 26, 3:10 am","ts":1661463609,"status":200,"resp_time":2.751005}
{"time":"August 26, 3:20 am","ts":1661464218,"status":200,"resp_time":3.056923}
{"time":"August 26, 3:47 am","ts":1661465870,"status":200,"resp_time":3.567651}
{"time":"August 26, 4:06 am","ts":1661466967,"status":200,"resp_time":3.144183}
{"time":"August 26, 4:17 am","ts":1661467666,"status":200,"resp_time":2.977207}
{"time":"August 26, 4:28 am","ts":1661468306,"status":200,"resp_time":3.646585}
{"time":"August 26, 5:02 am","ts":1661470365,"status":200,"resp_time":3.610669}
{"time":"August 26, 5:22 am","ts":1661471536,"status":200,"resp_time":2.945535}
{"time":"August 26, 7:27 am","ts":1661479046,"status":200,"resp_time":3.12766}
{"time":"August 26, 9:52 am","ts":1661487731,"status":200,"resp_time":3.389547}
{"time":"August 26, 11:15 am","ts":1661492704,"status":200,"resp_time":3.066404}
{"time":"August 26, 11:54 am","ts":1661495065,"status":200,"resp_time":3.174967}
{"time":"August 26, 12:31 pm","ts":1661497290,"status":200,"resp_time":3.260243}
{"time":"August 26, 1:00 pm","ts":1661499054,"status":200,"resp_time":3.132478}
{"time":"August 26, 1:16 pm","ts":1661500008,"status":200,"resp_time":3.167204}
{"time":"August 26, 1:27 pm","ts":1661500624,"status":200,"resp_time":3.133781}
{"time":"August 26, 1:58 pm","ts":1661502502,"status":200,"resp_time":3.160075}
{"time":"August 26, 2:19 pm","ts":1661503748,"status":200,"resp_time":3.430926}
{"time":"August 26, 2:29 pm","ts":1661504363,"status":200,"resp_time":3.202382}
{"time":"August 26, 2:54 pm","ts":1661505895,"status":200,"resp_time":4.021784}
{"time":"August 26, 3:11 pm","ts":1661506872,"status":200,"resp_time":3.383939}
{"time":"August 26, 3:25 pm","ts":1661507734,"status":200,"resp_time":3.194056}
{"time":"August 26, 3:50 pm","ts":1661509208,"status":200,"resp_time":3.245998}
{"time":"August 26, 4:09 pm","ts":1661510372,"status":200,"resp_time":3.296798}
{"time":"August 26, 4:21 pm","ts":1661511084,"status":200,"resp_time":2.980761}
{"time":"August 26, 4:45 pm","ts":1661512517,"status":200,"resp_time":3.140792}
{"time":"August 26, 5:00 pm","ts":1661513459,"status":200,"resp_time":3.318023}
{"time":"August 26, 5:15 pm","ts":1661514337,"status":200,"resp_time":3.063546}
{"time":"August 26, 5:26 pm","ts":1661514965,"status":200,"resp_time":3.201574}
{"time":"August 26, 6:08 pm","ts":1661517520,"status":200,"resp_time":3.305846}
{"time":"August 26, 6:49 pm","ts":1661519987,"status":200,"resp_time":3.442305}
{"time":"August 26, 7:19 pm","ts":1661521792,"status":200,"resp_time":3.235012}
{"time":"August 26, 7:30 pm","ts":1661522410,"status":200,"resp_time":3.25378}
{"time":"August 26, 7:54 pm","ts":1661523849,"status":200,"resp_time":3.584699}
{"time":"August 26, 8:09 pm","ts":1661524782,"status":200,"resp_time":3.239193}
{"time":"August 26, 8:20 pm","ts":1661525404,"status":200,"resp_time":3.384042}
{"time":"August 26, 8:33 pm","ts":1661526223,"status":200,"resp_time":3.11651}
{"time":"August 26, 9:01 pm","ts":1661527917,"status":200,"resp_time":3.155246}
{"time":"August 26, 9:21 pm","ts":1661529068,"status":200,"resp_time":3.193289}
{"time":"August 26, 9:54 pm","ts":1661531082,"status":200,"resp_time":3.30245}
{"time":"August 26, 10:27 pm","ts":1661533053,"status":200,"resp_time":2.856283}
{"time":"August 26, 10:55 pm","ts":1661534704,"status":200,"resp_time":2.943079}
{"time":"August 26, 11:12 pm","ts":1661535749,"status":200,"resp_time":3.168042}
{"time":"August 26, 11:25 pm","ts":1661536542,"status":200,"resp_time":2.965906}
{"time":"August 26, 11:52 pm","ts":1661538172,"status":200,"resp_time":3.067571}
{"time":"August 27, 12:17 am","ts":1661539672,"status":200,"resp_time":2.792685}
{"time":"August 27, 12:28 am","ts":1661540311,"status":200,"resp_time":3.239296}
{"time":"August 27, 12:50 am","ts":1661541600,"status":200,"resp_time":2.909424}
