{"time":"September 16, 2:19 pm","ts":1663318181,"status":200,"resp_time":3.257877}
{"time":"September 16, 2:36 pm","ts":1663319213,"status":200,"resp_time":3.103241}
{"time":"September 16, 3:04 pm","ts":1663320876,"status":200,"resp_time":3.24349}
{"time":"September 16, 3:22 pm","ts":1663321937,"status":200,"resp_time":3.2029}
{"time":"September 16, 3:51 pm","ts":1663323691,"status":200,"resp_time":3.406014}
{"time":"September 16, 4:18 pm","ts":1663325320,"status":200,"resp_time":3.317758}
{"time":"September 16, 4:29 pm","ts":1663325965,"status":200,"resp_time":3.307485}
{"time":"September 16, 4:54 pm","ts":1663327446,"status":200,"resp_time":3.339189}
{"time":"September 16, 5:10 pm","ts":1663328420,"status":200,"resp_time":2.92278}
{"time":"September 16, 5:25 pm","ts":1663329343,"status":200,"resp_time":3.278522}
{"time":"September 16, 6:08 pm","ts":1663331912,"status":200,"resp_time":3.353223}
{"time":"September 16, 7:00 pm","ts":1663335052,"status":200,"resp_time":3.735771}
{"time":"September 16, 7:44 pm","ts":1663337695,"status":200,"resp_time":3.408236}
{"time":"September 16, 8:13 pm","ts":1663339433,"status":200,"resp_time":3.267067}
{"time":"September 16, 8:27 pm","ts":1663340278,"status":200,"resp_time":3.00562}
{"time":"September 16, 8:58 pm","ts":1663342092,"status":200,"resp_time":3.082871}
{"time":"September 16, 9:18 pm","ts":1663343301,"status":200,"resp_time":3.563613}
{"time":"September 16, 9:28 pm","ts":1663343922,"status":200,"resp_time":3.049996}
{"time":"September 16, 10:09 pm","ts":1663346397,"status":200,"resp_time":3.259782}
{"time":"September 16, 10:49 pm","ts":1663348793,"status":200,"resp_time":3.487126}
{"time":"September 16, 11:21 pm","ts":1663350664,"status":200,"resp_time":4.427297}
{"time":"September 16, 11:54 pm","ts":1663352683,"status":200,"resp_time":3.792207}
{"time":"September 17, 12:23 am","ts":1663354419,"status":200,"resp_time":3.771597}
{"time":"September 17, 12:47 am","ts":1663355843,"status":200,"resp_time":5.255562}
{"time":"September 17, 1:03 am","ts":1663356783,"status":200,"resp_time":3.317907}
{"time":"September 17, 1:16 am","ts":1663357564,"status":200,"resp_time":2.967878}
{"time":"September 17, 1:26 am","ts":1663358180,"status":200,"resp_time":3.344704}
{"time":"September 17, 1:53 am","ts":1663359813,"status":200,"resp_time":3.649045}
{"time":"September 17, 2:14 am","ts":1663361066,"status":200,"resp_time":3.537842}
{"time":"September 17, 2:26 am","ts":1663361786,"status":200,"resp_time":3.614629}
{"time":"September 17, 2:49 am","ts":1663363146,"status":200,"resp_time":2.950923}
{"time":"September 17, 3:07 am","ts":1663364224,"status":200,"resp_time":4.459115}
{"time":"September 17, 3:20 am","ts":1663365023,"status":200,"resp_time":6.708645}
{"time":"September 17, 3:50 am","ts":1663366838,"status":200,"resp_time":3.673347}
{"time":"September 17, 4:15 am","ts":1663368321,"status":200,"resp_time":4.239166}
{"time":"September 17, 4:26 am","ts":1663368983,"status":200,"resp_time":4.285828}
{"time":"September 17, 4:53 am","ts":1663370590,"status":200,"resp_time":3.382165}
{"time":"September 17, 5:15 am","ts":1663371954,"status":200,"resp_time":2.867438}
{"time":"September 17, 5:29 am","ts":1663372763,"status":200,"resp_time":3.40134}
{"time":"September 17, 8:11 am","ts":1663382518,"status":200,"resp_time":3.060119}
{"time":"September 17, 9:41 am","ts":1663387883,"status":200,"resp_time":3.350354}
{"time":"September 17, 10:46 am","ts":1663391765,"status":200,"resp_time":3.19432}
{"time":"September 17, 11:19 am","ts":1663393777,"status":200,"resp_time":3.114658}
{"time":"September 17, 11:37 am","ts":1663394855,"status":200,"resp_time":2.809226}
{"time":"September 17, 12:10 pm","ts":1663396807,"status":200,"resp_time":3.354335}
{"time":"September 17, 12:28 pm","ts":1663397903,"status":200,"resp_time":3.874979}
{"time":"September 17, 12:54 pm","ts":1663399487,"status":200,"resp_time":3.050969}
{"time":"September 17, 1:10 pm","ts":1663400414,"status":200,"resp_time":3.203314}
{"time":"September 17, 1:25 pm","ts":1663401335,"status":200,"resp_time":3.178723}
{"time":"September 17, 1:54 pm","ts":1663403090,"status":200,"resp_time":3.333061}
{"time":"September 17, 2:19 pm","ts":1663404551,"status":200,"resp_time":3.257724}
{"time":"September 17, 2:31 pm","ts":1663405280,"status":200,"resp_time":3.483122}
{"time":"September 17, 3:00 pm","ts":1663407025,"status":200,"resp_time":2.782802}
{"time":"September 17, 3:19 pm","ts":1663408164,"status":200,"resp_time":3.046435}
{"time":"September 17, 3:29 pm","ts":1663408783,"status":200,"resp_time":3.612542}
{"time":"September 17, 3:59 pm","ts":1663410545,"status":200,"resp_time":3.221667}
{"time":"September 17, 4:17 pm","ts":1663411636,"status":200,"resp_time":3.21349}
{"time":"September 17, 4:27 pm","ts":1663412262,"status":200,"resp_time":3.551825}
{"time":"September 17, 4:51 pm","ts":1663413682,"status":200,"resp_time":3.079497}
{"time":"September 17, 5:09 pm","ts":1663414755,"status":200,"resp_time":3.311156}
{"time":"September 17, 5:19 pm","ts":1663415382,"status":200,"resp_time":3.042131}
{"time":"September 17, 5:30 pm","ts":1663416011,"status":200,"resp_time":2.94395}
{"time":"September 17, 6:19 pm","ts":1663418946,"status":200,"resp_time":3.349113}
{"time":"September 17, 6:52 pm","ts":1663420974,"status":200,"resp_time":3.192414}
{"time":"September 17, 7:20 pm","ts":1663422639,"status":200,"resp_time":3.264522}
{"time":"September 17, 7:46 pm","ts":1663424201,"status":200,"resp_time":2.7664}
{"time":"September 17, 8:04 pm","ts":1663425254,"status":200,"resp_time":3.602859}
{"time":"September 17, 8:17 pm","ts":1663426068,"status":200,"resp_time":3.310408}
{"time":"September 17, 8:28 pm","ts":1663426688,"status":200,"resp_time":3.259609}
{"time":"September 17, 8:57 pm","ts":1663428430,"status":200,"resp_time":3.465452}
{"time":"September 17, 9:17 pm","ts":1663429622,"status":200,"resp_time":3.432824}
{"time":"September 17, 9:27 pm","ts":1663430254,"status":200,"resp_time":3.541488}
{"time":"September 17, 10:04 pm","ts":1663432493,"status":200,"resp_time":3.208469}
{"time":"September 17, 10:33 pm","ts":1663434195,"status":200,"resp_time":3.009688}
{"time":"September 17, 11:03 pm","ts":1663436000,"status":200,"resp_time":3.781833}
{"time":"September 17, 11:20 pm","ts":1663437029,"status":200,"resp_time":4.304212}
{"time":"September 17, 11:52 pm","ts":1663438978,"status":200,"resp_time":3.967138}
{"time":"September 18, 12:19 am","ts":1663440562,"status":200,"resp_time":3.526974}
{"time":"September 18, 12:30 am","ts":1663441218,"status":200,"resp_time":3.38683}
{"time":"September 18, 12:54 am","ts":1663442675,"status":200,"resp_time":4.104484}
{"time":"September 18, 1:07 am","ts":1663443458,"status":200,"resp_time":3.717118}
{"time":"September 18, 1:18 am","ts":1663444087,"status":200,"resp_time":5.923423}
{"time":"September 18, 1:28 am","ts":1663444708,"status":200,"resp_time":5.973757}
{"time":"September 18, 1:57 am","ts":1663446446,"status":200,"resp_time":5.564681}
{"time":"September 18, 2:15 am","ts":1663447529,"status":200,"resp_time":3.884611}
{"time":"September 18, 2:25 am","ts":1663448155,"status":200,"resp_time":3.790398}
{"time":"September 18, 2:48 am","ts":1663449488,"status":200,"resp_time":4.070546}
{"time":"September 18, 3:06 am","ts":1663450567,"status":200,"resp_time":3.376432}
{"time":"September 18, 3:19 am","ts":1663451351,"status":200,"resp_time":3.441089}
{"time":"September 18, 3:29 am","ts":1663451968,"status":200,"resp_time":3.546959}
{"time":"September 18, 3:56 am","ts":1663453587,"status":200,"resp_time":3.237158}
{"time":"September 18, 4:14 am","ts":1663454656,"status":200,"resp_time":3.825203}
{"time":"September 18, 4:25 am","ts":1663455335,"status":200,"resp_time":3.525433}
{"time":"September 18, 4:49 am","ts":1663456772,"status":200,"resp_time":3.31327}
