{"time":"August 22, 5:04 am","ts":1661124890,"status":200,"resp_time":3.23149}
{"time":"August 22, 5:16 am","ts":1661125575,"status":200,"resp_time":2.941444}
{"time":"August 22, 5:26 am","ts":1661126200,"status":200,"resp_time":3.289766}
{"time":"August 22, 7:36 am","ts":1661133966,"status":200,"resp_time":3.19639}
{"time":"August 22, 9:35 am","ts":1661141150,"status":200,"resp_time":2.935548}
{"time":"August 22, 10:48 am","ts":1661145499,"status":200,"resp_time":2.860211}
{"time":"August 22, 11:22 am","ts":1661147553,"status":200,"resp_time":2.909795}
{"time":"August 22, 11:56 am","ts":1661149568,"status":200,"resp_time":3.140782}
{"time":"August 22, 12:22 pm","ts":1661151127,"status":200,"resp_time":2.912776}
{"time":"August 22, 12:45 pm","ts":1661152531,"status":200,"resp_time":3.004449}
{"time":"August 22, 1:01 pm","ts":1661153498,"status":200,"resp_time":3.346731}
{"time":"August 22, 1:15 pm","ts":1661154339,"status":200,"resp_time":2.913874}
{"time":"August 22, 1:26 pm","ts":1661154962,"status":200,"resp_time":3.164584}
{"time":"August 22, 1:54 pm","ts":1661156694,"status":200,"resp_time":3.251603}
{"time":"August 22, 2:18 pm","ts":1661158113,"status":200,"resp_time":3.409168}
{"time":"August 22, 2:29 pm","ts":1661158788,"status":200,"resp_time":3.20591}
{"time":"August 22, 2:55 pm","ts":1661160313,"status":200,"resp_time":2.977267}
{"time":"August 22, 3:11 pm","ts":1661161272,"status":200,"resp_time":3.350083}
{"time":"August 22, 3:25 pm","ts":1661162130,"status":200,"resp_time":3.336823}
{"time":"August 22, 3:50 pm","ts":1661163636,"status":200,"resp_time":3.011181}
{"time":"August 22, 4:14 pm","ts":1661165069,"status":200,"resp_time":3.552634}
{"time":"August 22, 4:25 pm","ts":1661165732,"status":200,"resp_time":3.089267}
{"time":"August 22, 4:45 pm","ts":1661166933,"status":200,"resp_time":2.772621}
{"time":"August 22, 5:00 pm","ts":1661167852,"status":200,"resp_time":3.13184}
{"time":"August 22, 5:15 pm","ts":1661168733,"status":200,"resp_time":3.431621}
{"time":"August 22, 5:25 pm","ts":1661169354,"status":200,"resp_time":2.794811}
{"time":"August 22, 6:09 pm","ts":1661171962,"status":200,"resp_time":2.922136}
{"time":"August 22, 6:57 pm","ts":1661174856,"status":200,"resp_time":3.030852}
{"time":"August 22, 7:26 pm","ts":1661176589,"status":200,"resp_time":3.181636}
{"time":"August 22, 7:47 pm","ts":1661177850,"status":200,"resp_time":2.941543}
{"time":"August 22, 8:02 pm","ts":1661178727,"status":200,"resp_time":3.009286}
{"time":"August 22, 8:15 pm","ts":1661179541,"status":200,"resp_time":2.997059}
{"time":"August 22, 8:25 pm","ts":1661180155,"status":200,"resp_time":3.032337}
{"time":"August 22, 8:52 pm","ts":1661181728,"status":200,"resp_time":2.977108}
{"time":"August 22, 9:14 pm","ts":1661183091,"status":200,"resp_time":3.172019}
{"time":"August 22, 9:26 pm","ts":1661183762,"status":200,"resp_time":2.922714}
{"time":"August 22, 9:56 pm","ts":1661185563,"status":200,"resp_time":3.567936}
{"time":"August 22, 10:26 pm","ts":1661187376,"status":200,"resp_time":3.006003}
{"time":"August 22, 10:50 pm","ts":1661188835,"status":200,"resp_time":3.276152}
{"time":"August 22, 11:10 pm","ts":1661190055,"status":200,"resp_time":3.586188}
{"time":"August 22, 11:25 pm","ts":1661190946,"status":200,"resp_time":3.123886}
{"time":"August 22, 11:52 pm","ts":1661192566,"status":200,"resp_time":3.012224}
{"time":"August 23, 12:16 am","ts":1661193998,"status":200,"resp_time":3.212254}
{"time":"August 23, 12:27 am","ts":1661194648,"status":200,"resp_time":2.843344}
{"time":"August 23, 12:48 am","ts":1661195915,"status":200,"resp_time":3.269888}
{"time":"August 23, 1:01 am","ts":1661196675,"status":200,"resp_time":2.698548}
{"time":"August 23, 1:15 am","ts":1661197533,"status":200,"resp_time":2.880997}
{"time":"August 23, 1:25 am","ts":1661198155,"status":200,"resp_time":3.012425}
{"time":"August 23, 1:49 am","ts":1661199545,"status":200,"resp_time":3.330136}
{"time":"August 23, 2:05 am","ts":1661200559,"status":200,"resp_time":3.028539}
{"time":"August 23, 2:17 am","ts":1661201259,"status":200,"resp_time":2.943787}
{"time":"August 23, 2:27 am","ts":1661201875,"status":200,"resp_time":3.276845}
{"time":"August 23, 2:51 am","ts":1661203263,"status":200,"resp_time":3.106221}
{"time":"August 23, 3:09 am","ts":1661204373,"status":200,"resp_time":3.238886}
{"time":"August 23, 3:19 am","ts":1661204996,"status":200,"resp_time":3.224798}
{"time":"August 23, 3:30 am","ts":1661205617,"status":200,"resp_time":2.782385}
{"time":"August 23, 3:58 am","ts":1661207334,"status":200,"resp_time":3.055099}
{"time":"August 23, 4:14 am","ts":1661208251,"status":200,"resp_time":2.842666}
{"time":"August 23, 4:25 am","ts":1661208934,"status":200,"resp_time":2.795381}
{"time":"August 23, 4:48 am","ts":1661210283,"status":200,"resp_time":3.331008}
{"time":"August 23, 5:05 am","ts":1661211352,"status":200,"resp_time":3.30749}
{"time":"August 23, 5:17 am","ts":1661212057,"status":200,"resp_time":2.850344}
{"time":"August 23, 5:28 am","ts":1661212684,"status":200,"resp_time":2.722942}
{"time":"August 23, 8:06 am","ts":1661222174,"status":200,"resp_time":3.002262}
{"time":"August 23, 10:00 am","ts":1661229000,"status":200,"resp_time":2.800518}
{"time":"August 23, 11:12 am","ts":1661233349,"status":200,"resp_time":3.308749}
{"time":"August 23, 11:48 am","ts":1661235483,"status":200,"resp_time":2.857145}
{"time":"August 23, 12:22 pm","ts":1661237541,"status":200,"resp_time":2.998654}
{"time":"August 23, 12:49 pm","ts":1661239199,"status":200,"resp_time":3.08943}
{"time":"August 23, 1:08 pm","ts":1661240280,"status":200,"resp_time":3.318561}
{"time":"August 23, 1:18 pm","ts":1661240918,"status":200,"resp_time":3.10688}
{"time":"August 23, 1:29 pm","ts":1661241548,"status":200,"resp_time":2.786097}
{"time":"August 23, 2:00 pm","ts":1661243438,"status":200,"resp_time":3.041242}
{"time":"August 23, 2:22 pm","ts":1661244731,"status":200,"resp_time":3.137443}
{"time":"August 23, 2:47 pm","ts":1661246230,"status":200,"resp_time":3.314603}
{"time":"August 23, 3:05 pm","ts":1661247323,"status":200,"resp_time":3.068405}
{"time":"August 23, 3:17 pm","ts":1661248052,"status":200,"resp_time":3.431682}
{"time":"August 23, 3:27 pm","ts":1661248673,"status":200,"resp_time":2.893278}
{"time":"August 23, 3:56 pm","ts":1661250416,"status":200,"resp_time":3.105473}
{"time":"August 23, 4:13 pm","ts":1661251439,"status":200,"resp_time":3.091352}
{"time":"August 23, 4:25 pm","ts":1661252129,"status":200,"resp_time":3.338615}
{"time":"August 23, 4:45 pm","ts":1661253325,"status":200,"resp_time":2.403274}
{"time":"August 23, 5:00 pm","ts":1661254236,"status":200,"resp_time":3.405246}
{"time":"August 23, 5:15 pm","ts":1661255135,"status":200,"resp_time":3.204599}
{"time":"August 23, 5:25 pm","ts":1661255752,"status":200,"resp_time":2.772804}
{"time":"August 23, 6:06 pm","ts":1661258205,"status":200,"resp_time":3.522118}
{"time":"August 23, 6:51 pm","ts":1661260876,"status":200,"resp_time":2.828605}
{"time":"August 23, 7:25 pm","ts":1661262906,"status":200,"resp_time":2.878641}
{"time":"August 23, 7:46 pm","ts":1661264176,"status":200,"resp_time":2.924613}
{"time":"August 23, 8:02 pm","ts":1661265147,"status":200,"resp_time":2.88224}
{"time":"August 23, 8:15 pm","ts":1661265950,"status":200,"resp_time":2.87042}
{"time":"August 23, 8:26 pm","ts":1661266566,"status":200,"resp_time":3.301593}
{"time":"August 23, 8:50 pm","ts":1661268014,"status":200,"resp_time":3.227873}
{"time":"August 23, 9:13 pm","ts":1661269386,"status":200,"resp_time":2.955447}
{"time":"August 23, 9:26 pm","ts":1661270165,"status":200,"resp_time":3.27219}
{"time":"August 23, 9:54 pm","ts":1661271895,"status":200,"resp_time":3.461502}
{"time":"August 23, 10:26 pm","ts":1661273789,"status":200,"resp_time":3.584379}
{"time":"August 23, 10:52 pm","ts":1661275353,"status":200,"resp_time":3.397979}
{"time":"August 23, 11:11 pm","ts":1661276519,"status":200,"resp_time":2.869457}
