{"time":"September 25, 6:13 pm","ts":1664109839,"status":200,"resp_time":2.881733}
{"time":"September 25, 6:52 pm","ts":1664112172,"status":200,"resp_time":2.76595}
{"time":"September 25, 7:22 pm","ts":1664113923,"status":200,"resp_time":3.138177}
{"time":"September 25, 7:46 pm","ts":1664115380,"status":200,"resp_time":2.978459}
{"time":"September 25, 8:04 pm","ts":1664116440,"status":200,"resp_time":3.159785}
{"time":"September 25, 8:17 pm","ts":1664117271,"status":200,"resp_time":3.029678}
{"time":"September 25, 8:28 pm","ts":1664117886,"status":200,"resp_time":2.959512}
{"time":"September 25, 8:57 pm","ts":1664119636,"status":200,"resp_time":2.668934}
{"time":"September 25, 9:17 pm","ts":1664120877,"status":200,"resp_time":2.796412}
{"time":"September 25, 9:28 pm","ts":1664121503,"status":200,"resp_time":2.706959}
{"time":"September 25, 10:06 pm","ts":1664123772,"status":200,"resp_time":2.897704}
{"time":"September 25, 10:32 pm","ts":1664125348,"status":200,"resp_time":3.104429}
{"time":"September 25, 11:02 pm","ts":1664127179,"status":200,"resp_time":2.878474}
{"time":"September 25, 11:20 pm","ts":1664128242,"status":200,"resp_time":2.760954}
{"time":"September 25, 11:53 pm","ts":1664130228,"status":200,"resp_time":2.844075}
{"time":"September 26, 12:20 am","ts":1664131811,"status":200,"resp_time":3.173266}
{"time":"September 26, 12:33 am","ts":1664132613,"status":200,"resp_time":2.810986}
{"time":"September 26, 12:55 am","ts":1664133924,"status":200,"resp_time":2.833166}
{"time":"September 26, 1:08 am","ts":1664134689,"status":200,"resp_time":2.967787}
{"time":"September 26, 1:18 am","ts":1664135305,"status":200,"resp_time":2.815344}
{"time":"September 26, 1:28 am","ts":1664135923,"status":200,"resp_time":3.045827}
{"time":"September 26, 1:58 am","ts":1664137687,"status":200,"resp_time":2.951812}
{"time":"September 26, 2:16 am","ts":1664138781,"status":200,"resp_time":3.105269}
{"time":"September 26, 2:26 am","ts":1664139401,"status":200,"resp_time":2.648288}
{"time":"September 26, 2:50 am","ts":1664140811,"status":200,"resp_time":2.689985}
{"time":"September 26, 3:07 am","ts":1664141854,"status":200,"resp_time":2.751406}
{"time":"September 26, 3:20 am","ts":1664142629,"status":200,"resp_time":3.18509}
{"time":"September 26, 3:48 am","ts":1664144312,"status":200,"resp_time":2.669345}
{"time":"September 26, 4:08 am","ts":1664145537,"status":200,"resp_time":2.749559}
{"time":"September 26, 4:21 am","ts":1664146319,"status":200,"resp_time":2.872033}
{"time":"September 26, 4:50 am","ts":1664148005,"status":200,"resp_time":3.042541}
{"time":"September 26, 5:11 am","ts":1664149283,"status":200,"resp_time":2.669344}
{"time":"September 26, 5:29 am","ts":1664150395,"status":200,"resp_time":2.724206}
{"time":"September 26, 8:24 am","ts":1664160840,"status":200,"resp_time":3.124068}
{"time":"September 26, 10:24 am","ts":1664168098,"status":200,"resp_time":2.74777}
{"time":"September 26, 11:39 am","ts":1664172561,"status":200,"resp_time":2.64503}
{"time":"September 26, 12:34 pm","ts":1664175880,"status":200,"resp_time":2.986355}
{"time":"September 26, 1:15 pm","ts":1664178311,"status":200,"resp_time":2.806505}
{"time":"September 26, 1:30 pm","ts":1664179226,"status":200,"resp_time":2.69958}
{"time":"September 26, 2:13 pm","ts":1664181819,"status":200,"resp_time":2.751604}
{"time":"September 26, 2:36 pm","ts":1664183161,"status":200,"resp_time":2.966696}
{"time":"September 26, 3:05 pm","ts":1664184954,"status":200,"resp_time":2.639879}
{"time":"September 26, 3:23 pm","ts":1664185985,"status":200,"resp_time":3.385504}
{"time":"September 26, 3:51 pm","ts":1664187706,"status":200,"resp_time":2.784735}
{"time":"September 26, 4:17 pm","ts":1664189234,"status":200,"resp_time":2.767448}
{"time":"September 26, 4:28 pm","ts":1664189887,"status":200,"resp_time":2.969498}
{"time":"September 26, 4:53 pm","ts":1664191421,"status":200,"resp_time":2.793698}
{"time":"September 26, 5:11 pm","ts":1664192482,"status":200,"resp_time":2.84262}
{"time":"September 26, 5:25 pm","ts":1664193337,"status":200,"resp_time":2.776075}
{"time":"September 26, 6:14 pm","ts":1664196252,"status":200,"resp_time":3.035917}
{"time":"September 26, 7:10 pm","ts":1664199628,"status":200,"resp_time":2.669158}
{"time":"September 26, 7:51 pm","ts":1664202113,"status":200,"resp_time":2.623896}
{"time":"September 26, 8:22 pm","ts":1664203942,"status":200,"resp_time":2.855568}
{"time":"September 26, 8:52 pm","ts":1664205726,"status":200,"resp_time":2.992167}
{"time":"September 26, 9:19 pm","ts":1664207394,"status":200,"resp_time":3.11361}
{"time":"September 26, 9:38 pm","ts":1664208491,"status":200,"resp_time":2.918415}
{"time":"September 26, 10:23 pm","ts":1664211191,"status":200,"resp_time":3.12999}
{"time":"September 26, 11:00 pm","ts":1664213444,"status":200,"resp_time":2.735155}
{"time":"September 26, 11:27 pm","ts":1664215021,"status":200,"resp_time":2.812746}
{"time":"September 27, 12:02 am","ts":1664217151,"status":200,"resp_time":2.798543}
{"time":"September 27, 12:28 am","ts":1664218731,"status":200,"resp_time":2.766736}
{"time":"September 27, 12:54 am","ts":1664220278,"status":200,"resp_time":2.819992}
{"time":"September 27, 1:10 am","ts":1664221201,"status":200,"resp_time":2.736811}
{"time":"September 27, 1:20 am","ts":1664221815,"status":200,"resp_time":2.705052}
{"time":"September 27, 1:36 am","ts":1664222809,"status":200,"resp_time":2.757877}
{"time":"September 27, 2:04 am","ts":1664224463,"status":200,"resp_time":2.874146}
{"time":"September 27, 2:21 am","ts":1664225509,"status":200,"resp_time":2.862231}
{"time":"September 27, 2:49 am","ts":1664227143,"status":200,"resp_time":2.671295}
{"time":"September 27, 3:12 am","ts":1664228554,"status":200,"resp_time":2.971422}
{"time":"September 27, 3:27 am","ts":1664229431,"status":200,"resp_time":2.666957}
{"time":"September 27, 3:55 am","ts":1664231155,"status":200,"resp_time":2.61771}
{"time":"September 27, 4:16 am","ts":1664232401,"status":200,"resp_time":2.75487}
{"time":"September 27, 4:27 am","ts":1664233064,"status":200,"resp_time":2.898359}
{"time":"September 27, 5:02 am","ts":1664235139,"status":200,"resp_time":4.383801}
{"time":"September 27, 5:28 am","ts":1664236723,"status":200,"resp_time":3.777612}
{"time":"September 27, 8:10 am","ts":1664246439,"status":200,"resp_time":3.098544}
{"time":"September 27, 9:55 am","ts":1664252705,"status":200,"resp_time":2.945993}
{"time":"September 27, 11:16 am","ts":1664257562,"status":200,"resp_time":3.137594}
{"time":"September 27, 12:06 pm","ts":1664260561,"status":200,"resp_time":2.9781}
{"time":"September 27, 12:56 pm","ts":1664263594,"status":200,"resp_time":2.657332}
{"time":"September 27, 1:32 pm","ts":1664265736,"status":200,"resp_time":2.793866}
{"time":"September 27, 2:20 pm","ts":1664268622,"status":200,"resp_time":2.995018}
{"time":"September 27, 2:58 pm","ts":1664270923,"status":200,"resp_time":2.866816}
{"time":"September 27, 3:25 pm","ts":1664272521,"status":200,"resp_time":2.857384}
{"time":"September 27, 3:54 pm","ts":1664274242,"status":200,"resp_time":3.0352}
{"time":"September 27, 4:19 pm","ts":1664275788,"status":200,"resp_time":2.674646}
{"time":"September 27, 4:32 pm","ts":1664276540,"status":200,"resp_time":3.072282}
{"time":"September 27, 5:00 pm","ts":1664278215,"status":200,"resp_time":2.914696}
{"time":"September 27, 5:16 pm","ts":1664279198,"status":200,"resp_time":2.975411}
{"time":"September 27, 5:26 pm","ts":1664279815,"status":200,"resp_time":3.131251}
{"time":"September 27, 6:23 pm","ts":1664283194,"status":200,"resp_time":2.638113}
{"time":"September 27, 7:25 pm","ts":1664286924,"status":200,"resp_time":2.88352}
{"time":"September 27, 8:02 pm","ts":1664289177,"status":200,"resp_time":2.936533}
{"time":"September 27, 8:27 pm","ts":1664290631,"status":200,"resp_time":2.932043}
{"time":"September 27, 8:59 pm","ts":1664292558,"status":200,"resp_time":2.717665}
{"time":"September 27, 9:24 pm","ts":1664294054,"status":200,