{"time":"August 5, 4:57 am","ts":1659655623,"status":200,"resp_time":3.21025}
{"time":"August 5, 5:11 am","ts":1659656482,"status":200,"resp_time":3.271884}
{"time":"August 5, 5:25 am","ts":1659657351,"status":200,"resp_time":2.987806}
{"time":"August 5, 7:21 am","ts":1659664287,"status":200,"resp_time":3.01136}
{"time":"August 5, 9:13 am","ts":1659671035,"status":200,"resp_time":3.205658}
{"time":"August 5, 10:01 am","ts":1659673897,"status":200,"resp_time":3.228769}
{"time":"August 5, 10:49 am","ts":1659676767,"status":200,"resp_time":2.884175}
{"time":"August 5, 11:16 am","ts":1659678372,"status":200,"resp_time":2.915455}
{"time":"August 5, 11:26 am","ts":1659678991,"status":200,"resp_time":2.833121}
{"time":"August 5, 11:55 am","ts":1659680755,"status":200,"resp_time":3.160459}
{"time":"August 5, 12:19 pm","ts":1659682141,"status":200,"resp_time":2.757039}
{"time":"August 5, 12:29 pm","ts":1659682763,"status":200,"resp_time":2.895203}
{"time":"August 5, 12:53 pm","ts":1659684188,"status":200,"resp_time":3.225627}
{"time":"August 5, 1:08 pm","ts":1659685090,"status":200,"resp_time":3.343981}
{"time":"August 5, 1:18 pm","ts":1659685718,"status":200,"resp_time":2.759994}
{"time":"August 5, 1:28 pm","ts":1659686330,"status":200,"resp_time":3.445329}
{"time":"August 5, 1:59 pm","ts":1659688193,"status":200,"resp_time":2.918546}
{"time":"August 5, 2:17 pm","ts":1659689265,"status":200,"resp_time":3.099973}
{"time":"August 5, 2:28 pm","ts":1659689887,"status":200,"resp_time":2.889779}
{"time":"August 5, 2:54 pm","ts":1659691442,"status":200,"resp_time":3.105065}
{"time":"August 5, 3:10 pm","ts":1659692439,"status":200,"resp_time":3.015696}
{"time":"August 5, 3:25 pm","ts":1659693344,"status":200,"resp_time":2.898169}
{"time":"August 5, 3:49 pm","ts":1659694790,"status":200,"resp_time":3.307324}
{"time":"August 5, 4:08 pm","ts":1659695897,"status":200,"resp_time":2.965628}
{"time":"August 5, 4:19 pm","ts":1659696586,"status":200,"resp_time":3.153182}
{"time":"August 5, 4:30 pm","ts":1659697202,"status":200,"resp_time":2.8202}
{"time":"August 5, 4:52 pm","ts":1659698533,"status":200,"resp_time":2.899842}
{"time":"August 5, 5:09 pm","ts":1659699551,"status":200,"resp_time":2.882236}
{"time":"August 5, 5:19 pm","ts":1659700177,"status":200,"resp_time":2.806412}
{"time":"August 5, 5:29 pm","ts":1659700793,"status":200,"resp_time":2.851979}
{"time":"August 5, 6:22 pm","ts":1659703972,"status":200,"resp_time":2.94562}
{"time":"August 5, 7:11 pm","ts":1659706869,"status":200,"resp_time":2.961009}
{"time":"August 5, 7:31 pm","ts":1659708094,"status":200,"resp_time":3.142364}
{"time":"August 5, 7:58 pm","ts":1659709717,"status":200,"resp_time":3.303127}
{"time":"August 5, 8:13 pm","ts":1659710594,"status":200,"resp_time":3.217647}
{"time":"August 5, 8:25 pm","ts":1659711341,"status":200,"resp_time":3.219093}
{"time":"August 5, 8:49 pm","ts":1659712778,"status":200,"resp_time":2.920079}
{"time":"August 5, 9:10 pm","ts":1659714026,"status":200,"resp_time":3.437925}
{"time":"August 5, 9:22 pm","ts":1659714769,"status":200,"resp_time":3.370273}
{"time":"August 5, 9:55 pm","ts":1659716749,"status":200,"resp_time":3.003804}
{"time":"August 5, 10:32 pm","ts":1659718938,"status":200,"resp_time":3.287338}
{"time":"August 5, 11:05 pm","ts":1659720917,"status":200,"resp_time":2.834049}
{"time":"August 5, 11:21 pm","ts":1659721897,"status":200,"resp_time":2.938794}
{"time":"August 5, 11:52 pm","ts":1659723734,"status":200,"resp_time":3.114087}
{"time":"August 6, 12:16 am","ts":1659725160,"status":200,"resp_time":2.867673}
{"time":"August 6, 12:27 am","ts":1659725847,"status":200,"resp_time":2.692624}
{"time":"August 6, 12:48 am","ts":1659727121,"status":200,"resp_time":2.882093}
{"time":"August 6, 1:01 am","ts":1659727861,"status":200,"resp_time":2.627311}
{"time":"August 6, 1:15 am","ts":1659728754,"status":200,"resp_time":2.819595}
{"time":"August 6, 1:26 am","ts":1659729368,"status":200,"resp_time":2.77282}
{"time":"August 6, 1:50 am","ts":1659730818,"status":200,"resp_time":2.772956}
{"time":"August 6, 2:10 am","ts":1659732058,"status":200,"resp_time":2.983062}
{"time":"August 6, 2:25 am","ts":1659732948,"status":200,"resp_time":2.779636}
{"time":"August 6, 2:46 am","ts":1659734168,"status":200,"resp_time":2.705176}
{"time":"August 6, 3:01 am","ts":1659735100,"status":200,"resp_time":2.59655}
{"time":"August 6, 3:15 am","ts":1659735930,"status":200,"resp_time":2.637176}
{"time":"August 6, 3:25 am","ts":1659736549,"status":200,"resp_time":2.714165}
{"time":"August 6, 3:47 am","ts":1659737864,"status":200,"resp_time":2.734557}
{"time":"August 6, 4:04 am","ts":1659738896,"status":200,"resp_time":2.532281}
{"time":"August 6, 4:16 am","ts":1659739575,"status":200,"resp_time":2.965305}
{"time":"August 6, 4:26 am","ts":1659740189,"status":200,"resp_time":2.751285}
{"time":"August 6, 4:49 am","ts":1659741574,"status":200,"resp_time":2.767076}
{"time":"August 6, 5:04 am","ts":1659742495,"status":200,"resp_time":2.806198}
{"time":"August 6, 5:16 am","ts":1659743184,"status":200,"resp_time":3.055229}
{"time":"August 6, 5:26 am","ts":1659743812,"status":200,"resp_time":2.917028}
{"time":"August 6, 7:30 am","ts":1659751231,"status":200,"resp_time":2.523405}
{"time":"August 6, 8:56 am","ts":1659756411,"status":200,"resp_time":2.690974}
{"time":"August 6, 9:29 am","ts":1659758364,"status":200,"resp_time":2.673108}
{"time":"August 6, 10:02 am","ts":1659760368,"status":200,"resp_time":2.608681}
{"time":"August 6, 10:23 am","ts":1659761636,"status":200,"resp_time":2.769529}
{"time":"August 6, 10:44 am","ts":1659762893,"status":200,"resp_time":2.77086}
{"time":"August 6, 11:00 am","ts":1659763822,"status":200,"resp_time":2.650017}
{"time":"August 6, 11:15 am","ts":1659764748,"status":200,"resp_time":2.718309}
{"time":"August 6, 11:26 am","ts":1659765363,"status":200,"resp_time":2.732734}
{"time":"August 6, 11:52 am","ts":1659766974,"status":200,"resp_time":2.752125}
{"time":"August 6, 12:15 pm","ts":1659768327,"status":200,"resp_time":2.672099}
{"time":"August 6, 12:25 pm","ts":1659768951,"status":200,"resp_time":2.784332}
{"time":"August 6, 12:46 pm","ts":1659770216,"status":200,"resp_time":2.689476}
{"time":"August 6, 1:01 pm","ts":1659771090,"status":200,"resp_time":2.779149}
{"time":"August 6, 1:15 pm","ts":1659771932,"status":200,"resp_time":2.97155}
{"time":"August 6, 1:26 pm","ts":1659772566,"status":200,"resp_time":2.737651}
{"time":"August 6, 1:52 pm","ts":1659774170,"status":200,"resp_time":3.210549}
{"time":"August 6, 2:13 pm","ts":1659775411,"status":200,"resp_time":2.512297}
{"time":"August 6, 2:25 pm","ts":1659776141,"status":200,"resp_time":3.039429}
{"time":"August 6, 2:46 pm","ts":1659777385,"status":200,"resp_time":2.786068}
{"time":"August 6, 3:02 pm","ts":1659778347,"status":200,"resp_time":3.022446}
{"time":"August 6, 3:15 pm","ts":1659779148,"status":200,"resp_time":2.593425}
{"time":"August 6, 3:26 pm","ts":1659779766,"status":200,"resp_time":2.360188}
{"time":"August 6, 3:49 pm","ts":1659781184,"status":200,"resp_time":2.613282}
{"time":"August 6, 4:06 pm","ts":1659782219,"status":200,"resp_time":2.95525}
{"time":"August 6, 4:17 pm","ts":1659782875,"status":200,"resp_time":2.707489}
{"time":"August 6, 4:28 pm","ts":1659783493,"status":200,"resp_time":2.869903}
{"time":"August 6, 4:49 pm","ts":1659784769,"status":200,"resp_time":2.821356}
{"time":"August 6, 5:02 pm","ts":1659785540,"status":200,"resp_time":2.817353}
{"time":"August 6, 5:16 pm","ts":1659786393,"status":200,"resp_time":2.906528}
{"time":"August 6, 5:27 pm","ts":1659787026,"status":200,"resp_time":2.733727}
{"time":"August 6, 6:06 pm","ts":1659789382,"status":200,"resp_time":2.945831}
{"time":"August 6, 6:35 pm","ts":1659791126,"status":200,"resp_time":2.772313}
