{"time":"August 12, 10:16 am","ts":1660279613,"status":200,"resp_time":2.819813}
{"time":"August 12, 10:34 am","ts":1660280687,"status":200,"resp_time":3.137236}
{"time":"August 12, 10:58 am","ts":1660282096,"status":200,"resp_time":2.884179}
{"time":"August 12, 11:12 am","ts":1660282936,"status":200,"resp_time":2.756413}
{"time":"August 12, 11:25 am","ts":1660283731,"status":200,"resp_time":2.812579}
{"time":"August 12, 11:53 am","ts":1660285386,"status":200,"resp_time":3.117662}
{"time":"August 12, 12:18 pm","ts":1660286921,"status":200,"resp_time":2.930869}
{"time":"August 12, 12:29 pm","ts":1660287547,"status":200,"resp_time":3.00169}
{"time":"August 12, 12:52 pm","ts":1660288969,"status":200,"resp_time":2.969776}
{"time":"August 12, 1:08 pm","ts":1660289884,"status":200,"resp_time":3.093269}
{"time":"August 12, 1:18 pm","ts":1660290502,"status":200,"resp_time":2.917083}
{"time":"August 12, 1:28 pm","ts":1660291130,"status":200,"resp_time":2.795886}
{"time":"August 12, 2:00 pm","ts":1660293015,"status":200,"resp_time":3.311235}
{"time":"August 12, 2:21 pm","ts":1660294272,"status":200,"resp_time":3.09144}
{"time":"August 12, 2:46 pm","ts":1660295793,"status":200,"resp_time":3.253508}
{"time":"August 12, 3:04 pm","ts":1660296844,"status":200,"resp_time":3.158926}
{"time":"August 12, 3:17 pm","ts":1660297620,"status":200,"resp_time":3.154355}
{"time":"August 12, 3:27 pm","ts":1660298246,"status":200,"resp_time":3.408468}
{"time":"August 12, 3:57 pm","ts":1660300070,"status":200,"resp_time":2.921591}
{"time":"August 12, 4:16 pm","ts":1660301201,"status":200,"resp_time":3.091588}
{"time":"August 12, 4:26 pm","ts":1660301813,"status":200,"resp_time":3.422527}
{"time":"August 12, 4:48 pm","ts":1660303083,"status":200,"resp_time":2.872368}
{"time":"August 12, 5:00 pm","ts":1660303822,"status":200,"resp_time":2.876894}
{"time":"August 12, 5:15 pm","ts":1660304739,"status":200,"resp_time":3.095439}
{"time":"August 12, 5:25 pm","ts":1660305358,"status":200,"resp_time":3.016022}
{"time":"August 12, 6:05 pm","ts":1660307730,"status":200,"resp_time":3.007169}
{"time":"August 12, 6:55 pm","ts":1660310727,"status":200,"resp_time":2.956343}
{"time":"August 12, 7:26 pm","ts":1660312587,"status":200,"resp_time":3.337905}
{"time":"August 12, 7:48 pm","ts":1660313902,"status":200,"resp_time":2.91986}
{"time":"August 12, 8:03 pm","ts":1660314809,"status":200,"resp_time":3.353725}
{"time":"August 12, 8:16 pm","ts":1660315604,"status":200,"resp_time":3.37918}
{"time":"August 12, 8:27 pm","ts":1660316240,"status":200,"resp_time":3.931701}
{"time":"August 12, 8:55 pm","ts":1660317926,"status":200,"resp_time":3.030376}
{"time":"August 12, 9:15 pm","ts":1660319142,"status":200,"resp_time":3.256274}
{"time":"August 12, 9:27 pm","ts":1660319822,"status":200,"resp_time":2.981273}
{"time":"August 12, 10:05 pm","ts":1660322145,"status":200,"resp_time":3.007653}
{"time":"August 12, 10:36 pm","ts":1660323963,"status":200,"resp_time":2.815782}
{"time":"August 12, 11:03 pm","ts":1660325615,"status":200,"resp_time":2.878261}
{"time":"August 12, 11:19 pm","ts":1660326548,"status":200,"resp_time":2.818124}
{"time":"August 12, 11:29 pm","ts":1660327166,"status":200,"resp_time":3.040839}
{"time":"August 13, 12:00 am","ts":1660329026,"status":200,"resp_time":2.968986}
{"time":"August 13, 12:22 am","ts":1660330370,"status":200,"resp_time":3.25313}
{"time":"August 13, 12:43 am","ts":1660331625,"status":200,"resp_time":2.827221}
{"time":"August 13, 12:57 am","ts":1660332447,"status":200,"resp_time":3.196342}
{"time":"August 13, 1:08 am","ts":1660333129,"status":200,"resp_time":3.259193}
{"time":"August 13, 1:19 am","ts":1660333753,"status":200,"resp_time":3.019783}
{"time":"August 13, 1:29 am","ts":1660334378,"status":200,"resp_time":3.251969}
{"time":"August 13, 1:55 am","ts":1660335919,"status":200,"resp_time":3.216451}
{"time":"August 13, 2:10 am","ts":1660336818,"status":200,"resp_time":3.330902}
{"time":"August 13, 2:25 am","ts":1660337730,"status":200,"resp_time":3.052974}
{"time":"August 13, 2:45 am","ts":1660338953,"status":200,"resp_time":2.963062}
{"time":"August 13, 3:01 am","ts":1660339905,"status":200,"resp_time":2.929467}
{"time":"August 13, 3:15 am","ts":1660340731,"status":200,"resp_time":2.846644}
{"time":"August 13, 3:25 am","ts":1660341353,"status":200,"resp_time":2.856827}
{"time":"August 13, 3:49 am","ts":1660342772,"status":200,"resp_time":2.628649}
{"time":"August 13, 4:07 am","ts":1660343830,"status":200,"resp_time":3.485482}
{"time":"August 13, 4:18 am","ts":1660344490,"status":200,"resp_time":2.982619}
{"time":"August 13, 4:28 am","ts":1660345110,"status":200,"resp_time":3.035982}
{"time":"August 13, 4:53 am","ts":1660346608,"status":200,"resp_time":3.20046}
{"time":"August 13, 5:09 am","ts":1660347564,"status":200,"resp_time":2.811504}
{"time":"August 13, 5:19 am","ts":1660348182,"status":200,"resp_time":2.914785}
{"time":"August 13, 5:30 am","ts":1660348811,"status":200,"resp_time":2.706202}
{"time":"August 13, 7:38 am","ts":1660356527,"status":200,"resp_time":2.941323}
{"time":"August 13, 9:00 am","ts":1660361412,"status":200,"resp_time":3.0003}
{"time":"August 13, 9:30 am","ts":1660363257,"status":200,"resp_time":3.003473}
{"time":"August 13, 10:08 am","ts":1660365520,"status":200,"resp_time":2.947473}
{"time":"August 13, 10:26 am","ts":1660366585,"status":200,"resp_time":3.164823}
{"time":"August 13, 10:47 am","ts":1660367829,"status":200,"resp_time":3.214663}
{"time":"August 13, 11:00 am","ts":1660368659,"status":200,"resp_time":3.545273}
{"time":"August 13, 11:15 am","ts":1660369531,"status":200,"resp_time":3.021272}
{"time":"August 13, 11:25 am","ts":1660370152,"status":200,"resp_time":3.23085}
{"time":"August 13, 11:52 am","ts":1660371750,"status":200,"resp_time":3.021621}
{"time":"August 13, 12:15 pm","ts":1660373152,"status":200,"resp_time":2.905921}
{"time":"August 13, 12:26 pm","ts":1660373775,"status":200,"resp_time":3.482095}
{"time":"August 13, 12:48 pm","ts":1660375097,"status":200,"resp_time":3.089308}
{"time":"August 13, 1:04 pm","ts":1660376063,"status":200,"resp_time":3.172808}
{"time":"August 13, 1:16 pm","ts":1660376800,"status":200,"resp_time":3.437646}
{"time":"August 13, 1:27 pm","ts":1660377421,"status":200,"resp_time":3.379376}
{"time":"August 13, 1:56 pm","ts":1660379185,"status":200,"resp_time":3.553993}
{"time":"August 13, 2:15 pm","ts":1660380313,"status":200,"resp_time":3.126313}
{"time":"August 13, 2:25 pm","ts":1660380931,"status":200,"resp_time":2.930565}
{"time":"August 13, 2:46 pm","ts":1660382182,"status":200,"resp_time":3.25072}
{"time":"August 13, 3:02 pm","ts":1660383146,"status":200,"resp_time":3.294689}
{"time":"August 13, 3:15 pm","ts":1660383940,"status":200,"resp_time":3.293466}
{"time":"August 13, 3:25 pm","ts":1660384557,"status":200,"resp_time":3.478927}
{"time":"August 13, 3:49 pm","ts":1660385996,"status":200,"resp_time":3.010631}
{"time":"August 13, 4:07 pm","ts":1660387053,"status":200,"resp_time":2.833264}
{"time":"August 13, 4:18 pm","ts":1660387735,"status":200,"resp_time":2.808207}
{"time":"August 13, 4:29 pm","ts":1660388354,"status":200,"resp_time":3.046212}
{"time":"August 13, 4:49 pm","ts":1660389595,"status":200,"resp_time":2.84153}
{"time":"August 13, 5:00 pm","ts":1660390246,"status":200,"resp_time":3.399957}
