{"time":"October 1, 2:56 pm","ts":1664616398,"status":200,"resp_time":3.155947}
{"time":"October 1, 3:18 pm","ts":1664617714,"status":200,"resp_time":3.127948}
{"time":"October 1, 3:28 pm","ts":1664618332,"status":200,"resp_time":3.158305}
{"time":"October 1, 4:00 pm","ts":1664620249,"status":200,"resp_time":5.968605}
{"time":"October 1, 4:23 pm","ts":1664621610,"status":200,"resp_time":3.47052}
{"time":"October 1, 4:46 pm","ts":1664622992,"status":200,"resp_time":3.033645}
{"time":"October 1, 5:05 pm","ts":1664624157,"status":200,"resp_time":3.354817}
{"time":"October 1, 5:18 pm","ts":1664624921,"status":200,"resp_time":3.589289}
{"time":"October 1, 5:29 pm","ts":1664625553,"status":200,"resp_time":3.299658}
{"time":"October 1, 6:23 pm","ts":1664628817,"status":200,"resp_time":2.887714}
{"time":"October 1, 7:11 pm","ts":1664631676,"status":200,"resp_time":3.07773}
{"time":"October 1, 7:35 pm","ts":1664633150,"status":200,"resp_time":3.198944}
{"time":"October 1, 8:02 pm","ts":1664634739,"status":200,"resp_time":2.952955}
{"time":"October 1, 8:20 pm","ts":1664635850,"status":200,"resp_time":3.223153}
{"time":"October 1, 8:50 pm","ts":1664637627,"status":200,"resp_time":3.1777}
{"time":"October 1, 9:17 pm","ts":1664639267,"status":200,"resp_time":3.303396}
{"time":"October 1, 9:29 pm","ts":1664639986,"status":200,"resp_time":3.149844}
{"time":"October 1, 10:10 pm","ts":1664642408,"status":200,"resp_time":3.679646}
{"time":"October 1, 10:40 pm","ts":1664644230,"status":200,"resp_time":3.154964}
{"time":"October 1, 11:13 pm","ts":1664646212,"status":200,"resp_time":2.951925}
{"time":"October 1, 11:27 pm","ts":1664647045,"status":200,"resp_time":2.988749}
{"time":"October 2, 12:01 am","ts":1664649100,"status":200,"resp_time":3.332413}
{"time":"October 2, 12:27 am","ts":1664650632,"status":200,"resp_time":3.785001}
{"time":"October 2, 12:51 am","ts":1664652089,"status":200,"resp_time":3.08227}
{"time":"October 2, 1:09 am","ts":1664653179,"status":200,"resp_time":3.571523}
{"time":"October 2, 1:19 am","ts":1664653799,"status":200,"resp_time":2.99065}
{"time":"October 2, 1:30 am","ts":1664654426,"status":200,"resp_time":3.622225}
{"time":"October 2, 2:04 am","ts":1664656445,"status":200,"resp_time":3.357158}
{"time":"October 2, 2:22 am","ts":1664657556,"status":200,"resp_time":2.871647}
{"time":"October 2, 2:47 am","ts":1664659042,"status":200,"resp_time":3.099371}
{"time":"October 2, 3:08 am","ts":1664660295,"status":200,"resp_time":2.869247}
{"time":"October 2, 3:22 am","ts":1664661137,"status":200,"resp_time":3.370781}
{"time":"October 2, 3:49 am","ts":1664662773,"status":200,"resp_time":3.417244}
{"time":"October 2, 4:11 am","ts":1664664090,"status":200,"resp_time":3.086708}
{"time":"October 2, 4:26 am","ts":1664664997,"status":200,"resp_time":3.107136}
{"time":"October 2, 4:57 am","ts":1664666854,"status":200,"resp_time":3.104454}
{"time":"October 2, 5:20 am","ts":1664668238,"status":200,"resp_time":3.546269}
{"time":"October 2, 7:35 am","ts":1664676347,"status":200,"resp_time":3.35916}
{"time":"October 2, 9:50 am","ts":1664684416,"status":200,"resp_time":2.970864}
{"time":"October 2, 11:02 am","ts":1664688732,"status":200,"resp_time":3.372131}
{"time":"October 2, 11:33 am","ts":1664690607,"status":200,"resp_time":2.865904}
{"time":"October 2, 12:16 pm","ts":1664693191,"status":200,"resp_time":3.855185}
{"time":"October 2, 12:39 pm","ts":1664694599,"status":200,"resp_time":3.513023}
{"time":"October 2, 1:05 pm","ts":1664696146,"status":200,"resp_time":3.322789}
{"time":"October 2, 1:20 pm","ts":1664697020,"status":200,"resp_time":3.212043}
{"time":"October 2, 1:54 pm","ts":1664699097,"status":200,"resp_time":3.322605}
{"time":"October 2, 2:22 pm","ts":1664700724,"status":200,"resp_time":2.941987}
{"time":"October 2, 2:51 pm","ts":1664702466,"status":200,"resp_time":3.298315}
{"time":"October 2, 3:16 pm","ts":1664704002,"status":200,"resp_time":3.150804}
{"time":"October 2, 3:27 pm","ts":1664704669,"status":200,"resp_time":3.38147}
{"time":"October 2, 3:59 pm","ts":1664706569,"status":200,"resp_time":3.217417}
{"time":"October 2, 4:19 pm","ts":1664707779,"status":200,"resp_time":3.01867}
{"time":"October 2, 4:30 pm","ts":1664708401,"status":200,"resp_time":2.949912}
{"time":"October 2, 4:54 pm","ts":1664709897,"status":200,"resp_time":3.269566}
{"time":"October 2, 5:11 pm","ts":1664710887,"status":200,"resp_time":3.000575}
{"time":"October 2, 5:25 pm","ts":1664711734,"status":200,"resp_time":3.29114}
{"time":"October 2, 6:08 pm","ts":1664714308,"status":200,"resp_time":3.265967}
{"time":"October 2, 6:53 pm","ts":1664717034,"status":200,"resp_time":3.619432}
{"time":"October 2, 7:26 pm","ts":1664718972,"status":200,"resp_time":3.538852}
{"time":"October 2, 7:51 pm","ts":1664720479,"status":200,"resp_time":3.15864}
{"time":"October 2, 8:13 pm","ts":1664721795,"status":200,"resp_time":2.919199}
{"time":"October 2, 8:25 pm","ts":1664722540,"status":200,"resp_time":3.01233}
{"time":"October 2, 8:51 pm","ts":1664724100,"status":200,"resp_time":3.293105}
{"time":"October 2, 9:17 pm","ts":1664725662,"status":200,"resp_time":3.161349}
{"time":"October 2, 9:30 pm","ts":1664726401,"status":200,"resp_time":3.205957}
{"time":"October 2, 10:10 pm","ts":1664728800,"status":200,"resp_time":3.483363}
{"time":"October 2, 10:39 pm","ts":1664730582,"status":200,"resp_time":3.766052}
{"time":"October 2, 11:10 pm","ts":1664732416,"status":200,"resp_time":3.254271}
{"time":"October 2, 11:27 pm","ts":1664733452,"status":200,"resp_time":3.217384}
{"time":"October 3, 12:02 am","ts":1664735547,"status":200,"resp_time":2.858827}
{"time":"October 3, 12:27 am","ts":1664737045,"status":200,"resp_time":3.339202}
{"time":"October 3, 12:51 am","ts":1664738519,"status":200,"resp_time":3.118609}
{"time":"October 3, 1:09 am","ts":1664739575,"status":200,"resp_time":2.879316}
{"time":"October 3, 1:19 am","ts":1664740192,"status":200,"resp_time":3.169824}
{"time":"October 3, 1:30 am","ts":1664740820,"status":200,"resp_time":3.231284}
{"time":"October 3, 2:03 am","ts":1664742818,"status":200,"resp_time":3.49688}
{"time":"October 3, 2:22 am","ts":1664743945,"status":200,"resp_time":3.299571}
{"time":"October 3, 2:47 am","ts":1664745469,"status":200,"resp_time":3.032196}
{"time":"October 3, 3:08 am","ts":1664746693,"status":200,"resp_time":3.060141}
{"time":"October 3, 3:22 am","ts":1664747528,"status":200,"resp_time":3.116185}
{"time":"October 3, 3:49 am","ts":1664749162,"status":200,"resp_time":3.375261}
{"time":"October 3, 4:11 am","ts":1664750470,"status":200,"resp_time":3.168525}
{"time":"October 3, 4:26 am","ts":1664751395,"status":200,"resp_time":3.176353}
{"time":"October 3, 4:57 am","ts":1664753230,"status":200,"resp_time":3.344337}
{"time":"October 3, 5:20 am","ts":1664754600,"status":200,"resp_time":3.504216}
{"time":"October 3, 6:05 am","ts":1664757328,"status":200,"resp_time":3.032592}
{"time":"October 3, 8:19 am","ts":1664765350,"status":200,"resp_time":2.896117}
{"time":"October 3, 9:22 am","ts":1664769127,"status":200,"resp_time":3.460125}
{"time":"October 3, 10:23 am","ts":1664772817,"status":200,"resp_time":3.396569}
{"time":"October 3, 11:11 am","ts":1664775704,"status":200,"resp_time":2.987785}
{"time":"October 3, 11:45 am","ts":1664777715,"status":200,"resp_time":3.658956}
{"time":"October 3, 12:29 pm","ts":1664780350,"status":200,"resp_time":3.307781}
{"time":"October 3, 1:05 pm","ts":1664782511,"status":200,"resp_time":2.977267}
{"time":"October 3, 1:23 pm","ts":1664783620,"status":200,"resp_time":3.575244}
{"time":"October 3, 1:57 pm","ts":1664785678,"status":200,"resp_time":3.260415}
{"time":"October 3, 2:28 pm","ts":1664787499,"status":200,"resp_time":3.395997}
