{"time":"August 16, 2:25 pm","ts":1660640142,"status":200,"resp_time":3.209364}
{"time":"August 16, 2:45 pm","ts":1660641331,"status":200,"resp_time":2.912335}
{"time":"August 16, 2:59 pm","ts":1660642144,"status":200,"resp_time":3.351637}
{"time":"August 16, 3:09 pm","ts":1660642762,"status":200,"resp_time":3.103855}
{"time":"August 16, 3:19 pm","ts":1660643381,"status":200,"resp_time":3.242427}
{"time":"August 16, 3:30 pm","ts":1660644001,"status":200,"resp_time":3.20555}
{"time":"August 16, 3:57 pm","ts":1660645627,"status":200,"resp_time":3.259539}
{"time":"August 16, 4:11 pm","ts":1660646473,"status":200,"resp_time":5.447659}
{"time":"August 16, 4:25 pm","ts":1660647336,"status":200,"resp_time":3.430489}
{"time":"August 16, 4:43 pm","ts":1660648431,"status":200,"resp_time":3.022903}
{"time":"August 16, 4:56 pm","ts":1660649196,"status":200,"resp_time":3.139753}
{"time":"August 16, 5:07 pm","ts":1660649865,"status":200,"resp_time":3.059182}
{"time":"August 16, 5:18 pm","ts":1660650491,"status":200,"resp_time":3.073697}
{"time":"August 16, 5:28 pm","ts":1660651119,"status":200,"resp_time":3.235493}
{"time":"August 16, 6:15 pm","ts":1660653934,"status":200,"resp_time":3.30172}
{"time":"August 16, 6:49 pm","ts":1660655983,"status":200,"resp_time":3.282155}
{"time":"August 16, 7:11 pm","ts":1660657295,"status":200,"resp_time":3.175324}
{"time":"August 16, 7:25 pm","ts":1660658132,"status":200,"resp_time":3.156169}
{"time":"August 16, 7:46 pm","ts":1660659410,"status":200,"resp_time":3.145386}
{"time":"August 16, 8:02 pm","ts":1660660334,"status":200,"resp_time":2.796424}
{"time":"August 16, 8:15 pm","ts":1660661132,"status":200,"resp_time":3.187786}
{"time":"August 16, 8:25 pm","ts":1660661757,"status":200,"resp_time":3.2074}
{"time":"August 16, 8:50 pm","ts":1660663226,"status":200,"resp_time":3.216879}
{"time":"August 16, 9:15 pm","ts":1660664720,"status":200,"resp_time":2.849537}
{"time":"August 16, 9:27 pm","ts":1660665435,"status":200,"resp_time":2.914391}
{"time":"August 16, 10:02 pm","ts":1660667552,"status":200,"resp_time":3.602106}
{"time":"August 16, 10:30 pm","ts":1660669255,"status":200,"resp_time":2.759894}
{"time":"August 16, 11:02 pm","ts":1660671122,"status":200,"resp_time":2.856092}
{"time":"August 16, 11:18 pm","ts":1660672123,"status":200,"resp_time":2.899304}
{"time":"August 16, 11:29 pm","ts":1660672740,"status":200,"resp_time":2.993273}
{"time":"August 17, 12:03 am","ts":1660674815,"status":200,"resp_time":3.482646}
{"time":"August 17, 12:23 am","ts":1660676020,"status":200,"resp_time":3.047857}
{"time":"August 17, 12:43 am","ts":1660677226,"status":200,"resp_time":3.041032}
{"time":"August 17, 12:57 am","ts":1660678062,"status":200,"resp_time":3.105416}
{"time":"August 17, 1:09 am","ts":1660678743,"status":200,"resp_time":3.274849}
{"time":"August 17, 1:19 am","ts":1660679361,"status":200,"resp_time":2.749616}
{"time":"August 17, 1:29 am","ts":1660679985,"status":200,"resp_time":2.95912}
{"time":"August 17, 1:55 am","ts":1660681525,"status":200,"resp_time":2.90525}
{"time":"August 17, 2:11 am","ts":1660682482,"status":200,"resp_time":2.79901}
{"time":"August 17, 2:25 am","ts":1660683336,"status":200,"resp_time":2.732152}
{"time":"August 17, 2:46 am","ts":1660684563,"status":200,"resp_time":3.199427}
{"time":"August 17, 3:02 am","ts":1660685540,"status":200,"resp_time":3.156225}
{"time":"August 17, 3:16 am","ts":1660686371,"status":200,"resp_time":2.868726}
{"time":"August 17, 3:26 am","ts":1660687004,"status":200,"resp_time":2.88864}
{"time":"August 17, 3:51 am","ts":1660688513,"status":200,"resp_time":3.050528}
{"time":"August 17, 4:11 am","ts":1660689718,"status":200,"resp_time":2.682043}
{"time":"August 17, 4:25 am","ts":1660690531,"status":200,"resp_time":3.209664}
{"time":"August 17, 4:46 am","ts":1660691793,"status":200,"resp_time":3.211494}
{"time":"August 17, 5:03 am","ts":1660692780,"status":200,"resp_time":3.008535}
{"time":"August 17, 5:16 am","ts":1660693609,"status":200,"resp_time":3.32431}
{"time":"August 17, 5:27 am","ts":1660694250,"status":200,"resp_time":3.466582}
{"time":"August 17, 7:58 am","ts":1660703333,"status":200,"resp_time":3.043758}
{"time":"August 17, 9:38 am","ts":1660709293,"status":200,"resp_time":2.968892}
{"time":"August 17, 10:48 am","ts":1660713529,"status":200,"resp_time":3.050446}
{"time":"August 17, 11:20 am","ts":1660715443,"status":200,"resp_time":3.083619}
{"time":"August 17, 11:54 am","ts":1660717442,"status":200,"resp_time":3.230003}
{"time":"August 17, 12:20 pm","ts":1660719034,"status":200,"resp_time":3.80399}
{"time":"August 17, 12:45 pm","ts":1660720525,"status":200,"resp_time":3.473335}
{"time":"August 17, 1:01 pm","ts":1660721484,"status":200,"resp_time":2.782799}
{"time":"August 17, 1:15 pm","ts":1660722332,"status":200,"resp_time":3.28968}
{"time":"August 17, 1:25 pm","ts":1660722948,"status":200,"resp_time":2.999638}
{"time":"August 17, 1:54 pm","ts":1660724682,"status":200,"resp_time":3.018822}
{"time":"August 17, 2:15 pm","ts":1660725946,"status":200,"resp_time":2.953981}
{"time":"August 17, 2:26 pm","ts":1660726600,"status":200,"resp_time":3.15577}
{"time":"August 17, 2:52 pm","ts":1660728120,"status":200,"resp_time":2.900475}
{"time":"August 17, 3:11 pm","ts":1660729307,"status":200,"resp_time":2.941323}
{"time":"August 17, 3:25 pm","ts":1660730135,"status":200,"resp_time":3.183047}
{"time":"August 17, 3:50 pm","ts":1660731632,"status":200,"resp_time":3.464283}
{"time":"August 17, 4:12 pm","ts":1660732954,"status":200,"resp_time":3.071211}
{"time":"August 17, 4:25 pm","ts":1660733735,"status":200,"resp_time":3.477107}
{"time":"August 17, 4:45 pm","ts":1660734913,"status":200,"resp_time":3.338844}
{"time":"August 17, 5:01 pm","ts":1660735875,"status":200,"resp_time":2.760884}
{"time":"August 17, 5:15 pm","ts":1660736750,"status":200,"resp_time":3.101787}
{"time":"August 17, 5:26 pm","ts":1660737384,"status":200,"resp_time":2.721392}
{"time":"August 17, 6:14 pm","ts":1660740286,"status":200,"resp_time":3.169779}
{"time":"August 17, 7:05 pm","ts":1660743314,"status":200,"resp_time":3.072763}
{"time":"August 17, 7:35 pm","ts":1660745143,"status":200,"resp_time":3.197969}
{"time":"August 17, 8:01 pm","ts":1660746689,"status":200,"resp_time":3.220678}
{"time":"August 17, 8:18 pm","ts":1660747690,"status":200,"resp_time":3.062948}
{"time":"August 17, 8:28 pm","ts":1660748316,"status":200,"resp_time":2.550262}
{"time":"August 17, 8:58 pm","ts":1660750099,"status":200,"resp_time":3.312703}
{"time":"August 17, 9:17 pm","ts":1660751252,"status":200,"resp_time":3.359457}
{"time":"August 17, 9:27 pm","ts":1660751874,"status":200,"resp_time":5.249463}
{"time":"August 17, 10:07 pm","ts":1660754255,"status":200,"resp_time":3.308194}
{"time":"August 17, 10:36 pm","ts":1660755961,"status":200,"resp_time":3.320229}
{"time":"August 17, 11:04 pm","ts":1660757685,"status":200,"resp_time":2.972201}
{"time":"August 17, 11:20 pm","ts":1660758607,"status":200,"resp_time":3.140756}
{"time":"August 17, 11:30 pm","ts":1660759237,"status":200,"resp_time":2.956298}
{"time":"August 18, 12:04 am","ts":1660761292,"status":200,"resp_time":3.200153}
{"time":"August 18, 12:24 am","ts":1660762484,"status":200,"resp_time":2.961498}
{"time":"August 18, 12:43 am","ts":1660763617,"status":200,"resp_time":3.435786}
{"time":"August 18, 12:56 am","ts":1660764412,"status":200,"resp_time":3.014124}
{"time":"August 18, 1:09 am","ts":1660765142,"status":200,"resp_time":3.01763}
{"time":"August 18, 1:19 am","ts":1660765784,"status":200,"resp_time":2.874698}
{"time":"August 18, 1:30 am","ts":1660766412,"status":200,"resp_time":2.971399}
{"time":"August 18, 1:56 am","ts":1660767988,"status":200,"resp_time":3.015388}
{"time":"August 18, 2:12 am","ts":1660768920,"status":200,"resp_time":2.899018}
{"time":"August 18, 2:25 am","ts":1660769741,"status":200,"resp_time":3.007893}
{"time":"August 18, 2:46 am","ts":1660771005,"status":200,"resp_time":3.409584}
