{"time":"October 24, 3:22 pm","ts":1666605132,"status":200,"resp_time":3.175537}
{"time":"October 24, 3:57 pm","ts":1666607225,"status":200,"resp_time":3.338084}
{"time":"October 24, 4:28 pm","ts":1666609137,"status":200,"resp_time":3.090219}
{"time":"October 24, 4:59 pm","ts":1666610956,"status":200,"resp_time":3.106296}
{"time":"October 24, 5:18 pm","ts":1666612085,"status":200,"resp_time":2.964298}
{"time":"October 24, 5:28 pm","ts":1666612713,"status":200,"resp_time":3.318852}
{"time":"October 24, 6:33 pm","ts":1666616586,"status":200,"resp_time":3.394858}
{"time":"October 24, 7:40 pm","ts":1666620640,"status":200,"resp_time":3.1612}
{"time":"October 24, 8:21 pm","ts":1666623063,"status":200,"resp_time":3.27779}
{"time":"October 24, 8:56 pm","ts":1666625163,"status":200,"resp_time":2.993103}
{"time":"October 24, 9:24 pm","ts":1666626891,"status":200,"resp_time":3.117442}
{"time":"October 24, 10:03 pm","ts":1666629213,"status":200,"resp_time":3.544353}
{"time":"October 24, 10:48 pm","ts":1666631902,"status":200,"resp_time":3.290865}
{"time":"October 24, 11:26 pm","ts":1666634189,"status":200,"resp_time":2.902243}
{"time":"October 25, 12:09 am","ts":1666636765,"status":200,"resp_time":3.440824}
{"time":"October 25, 12:43 am","ts":1666638830,"status":200,"resp_time":3.049544}
{"time":"October 25, 1:11 am","ts":1666640472,"status":200,"resp_time":3.493949}
{"time":"October 25, 1:27 am","ts":1666641431,"status":200,"resp_time":3.09789}
{"time":"October 25, 1:59 am","ts":1666643396,"status":200,"resp_time":3.182145}
{"time":"October 25, 2:22 am","ts":1666644765,"status":200,"resp_time":3.564801}
{"time":"October 25, 2:49 am","ts":1666646376,"status":200,"resp_time":2.897566}
{"time":"October 25, 3:11 am","ts":1666647682,"status":200,"resp_time":3.049579}
{"time":"October 25, 3:27 am","ts":1666648666,"status":200,"resp_time":3.503747}
{"time":"October 25, 3:59 am","ts":1666650557,"status":200,"resp_time":3.18271}
{"time":"October 25, 4:21 am","ts":1666651894,"status":200,"resp_time":3.432679}
{"time":"October 25, 4:54 am","ts":1666653880,"status":200,"resp_time":3.129718}
{"time":"October 25, 5:21 am","ts":1666655507,"status":200,"resp_time":3.531431}
{"time":"October 25, 7:38 am","ts":1666663694,"status":200,"resp_time":3.065982}
{"time":"October 25, 10:02 am","ts":1666672347,"status":200,"resp_time":3.392322}
{"time":"October 25, 11:32 am","ts":1666677753,"status":200,"resp_time":3.575247}
{"time":"October 25, 12:38 pm","ts":1666681731,"status":200,"resp_time":3.40716}
{"time":"October 25, 1:21 pm","ts":1666684302,"status":200,"resp_time":2.942717}
{"time":"October 25, 2:05 pm","ts":1666686923,"status":200,"resp_time":2.918691}
{"time":"October 25, 2:35 pm","ts":1666688720,"status":200,"resp_time":3.279265}
{"time":"October 25, 3:14 pm","ts":1666691094,"status":200,"resp_time":2.770382}
{"time":"October 25, 3:32 pm","ts":1666692144,"status":200,"resp_time":3.157819}
{"time":"October 25, 4:09 pm","ts":1666694394,"status":200,"resp_time":3.134489}
{"time":"October 25, 4:29 pm","ts":1666695591,"status":200,"resp_time":3.294921}
{"time":"October 25, 4:57 pm","ts":1666697264,"status":200,"resp_time":3.070051}
{"time":"October 25, 5:16 pm","ts":1666698370,"status":200,"resp_time":3.041873}
{"time":"October 25, 5:26 pm","ts":1666699013,"status":200,"resp_time":3.364887}
{"time":"October 25, 6:27 pm","ts":1666702636,"status":200,"resp_time":3.261435}
{"time":"October 25, 7:36 pm","ts":1666706802,"status":200,"resp_time":3.395016}
{"time":"October 25, 8:16 pm","ts":1666709187,"status":200,"resp_time":3.357688}
{"time":"October 25, 8:39 pm","ts":1666710578,"status":200,"resp_time":3.285202}
{"time":"October 25, 9:15 pm","ts":1666712738,"status":200,"resp_time":2.969499}
{"time":"October 25, 9:43 pm","ts":1666714390,"status":200,"resp_time":3.121593}
{"time":"October 25, 10:44 pm","ts":1666718081,"status":200,"resp_time":3.452004}
{"time":"October 25, 11:42 pm","ts":1666721548,"status":200,"resp_time":3.037301}
{"time":"October 26, 12:41 am","ts":1666725080,"status":200,"resp_time":3.527348}
{"time":"October 26, 1:21 am","ts":1666727490,"status":200,"resp_time":2.935429}
{"time":"October 26, 1:54 am","ts":1666729454,"status":200,"resp_time":3.281833}
{"time":"October 26, 2:19 am","ts":1666730993,"status":200,"resp_time":2.980819}
{"time":"October 26, 2:35 am","ts":1666731910,"status":200,"resp_time":3.313235}
{"time":"October 26, 3:02 am","ts":1666733548,"status":200,"resp_time":2.99988}
{"time":"October 26, 3:23 am","ts":1666734797,"status":200,"resp_time":2.96189}
{"time":"October 26, 3:51 am","ts":1666736505,"status":200,"resp_time":3.426604}
{"time":"October 26, 4:18 am","ts":1666738101,"status":200,"resp_time":4.04139}
{"time":"October 26, 4:28 am","ts":1666738722,"status":200,"resp_time":3.277516}
{"time":"October 26, 5:00 am","ts":1666740649,"status":200,"resp_time":3.163099}
{"time":"October 26, 5:22 am","ts":1666741923,"status":200,"resp_time":2.95539}
{"time":"October 26, 7:19 am","ts":1666748969,"status":200,"resp_time":2.831485}
{"time":"October 26, 9:11 am","ts":1666755711,"status":200,"resp_time":3.298008}
{"time":"October 26, 10:09 am","ts":1666759177,"status":200,"resp_time":3.029439}
{"time":"October 26, 10:48 am","ts":1666761523,"status":200,"resp_time":3.275843}
{"time":"October 26, 11:16 am","ts":1666763180,"status":200,"resp_time":2.926641}
{"time":"October 26, 11:27 am","ts":1666763861,"status":200,"resp_time":3.021442}
{"time":"October 26, 12:05 pm","ts":1666766124,"status":200,"resp_time":3.116308}
{"time":"October 26, 12:28 pm","ts":1666767510,"status":200,"resp_time":3.211332}
{"time":"October 26, 12:56 pm","ts":1666769210,"status":200,"resp_time":3.150354}
{"time":"October 26, 1:13 pm","ts":1666770195,"status":200,"resp_time":3.293375}
{"time":"October 26, 1:25 pm","ts":1666770952,"status":200,"resp_time":2.962146}
{"time":"October 26, 1:56 pm","ts":1666772760,"status":200,"resp_time":3.360104}
{"time":"October 26, 2:18 pm","ts":1666774125,"status":200,"resp_time":3.367392}
{"time":"October 26, 2:29 pm","ts":1666774769,"status":200,"resp_time":3.235082}
{"time":"October 26, 2:56 pm","ts":1666776410,"status":200,"resp_time":2.882164}
{"time":"October 26, 3:14 pm","ts":1666777497,"status":200,"resp_time":3.15121}
{"time":"October 26, 3:25 pm","ts":1666778130,"status":200,"resp_time":2.966298}
{"time":"October 26, 3:51 pm","ts":1666779665,"status":200,"resp_time":3.155303}
{"time":"October 26, 4:14 pm","ts":1666781095,"status":200,"resp_time":3.222799}
{"time":"October 26, 4:26 pm","ts":1666781764,"status":200,"resp_time":3.675503}
{"time":"October 26, 4:47 pm","ts":1666783067,"status":200,"resp_time":3.321911}
{"time":"October 26, 5:03 pm","ts":1666783994,"status":200,"resp_time":3.251149}
{"time":"October 26, 5:15 pm","ts":1666784744,"status":200,"resp_time":2.959132}
{"time":"October 26, 5:26 pm","ts":1666785360,"status":200,"resp_time":2.997386}
{"time":"October 26, 6:19 pm","ts":1666788567,"status":200,"resp_time":3.108782}
{"time":"October 26, 7:09 pm","ts":1666791577,"status":200,"resp_time":2.880325}
{"time":"October 26, 7:44 pm","ts":1666793666,"status":200,"resp_time":2.795683}
{"time":"October 26, 8:10 pm","ts":1666795259,"status":200,"resp_time":2.8965}
{"time":"October 26, 8:26 pm","ts":1666796178,"status":200,"resp_time":2.929347}
{"time":"October 26, 8:53 pm","ts":1666797809,"status":200,"resp_time":3.360382}
{"time":"October 26, 9:15 pm","ts":1666799134,"status":200,"resp_time":3.450783}
{"time":"October 26, 9:27 pm","ts":1666799824,"status":200,"resp_time":3.020571}
{"time":"October 26, 10:05 pm","ts":1666802121,"status":200,"resp_time":3.292556}
{"time":"October 26, 10:33 pm","ts":1666803823,"status":200,"resp_time":3.282108}
{"time":"October 26, 11:03 pm","ts":1666805613,"status":200,"resp_time":2.940366}
{"time":"October 26, 11:19 pm","ts":1666806592,"status":200,"resp_time":3.995122}
{"time":"October 26, 11:30 pm","ts":1666807208,"status":200,"resp_time":2.930044}
{"time":"October 27, 12:03 am","ts":1666809221,