{"time":"September 2, 9:25 pm","ts":1662134131,"status":200,"resp_time":3.220848}
{"time":"September 2, 9:55 pm","ts":1662135949,"status":200,"resp_time":2.980498}
{"time":"September 2, 10:29 pm","ts":1662137949,"status":200,"resp_time":2.967505}
{"time":"September 2, 10:57 pm","ts":1662139664,"status":200,"resp_time":3.140001}
{"time":"September 2, 11:14 pm","ts":1662140697,"status":200,"resp_time":2.981123}
{"time":"September 2, 11:25 pm","ts":1662141333,"status":200,"resp_time":3.2011}
{"time":"September 2, 11:53 pm","ts":1662143007,"status":200,"resp_time":3.310137}
{"time":"September 3, 12:17 am","ts":1662144466,"status":200,"resp_time":3.14643}
{"time":"September 3, 12:28 am","ts":1662145107,"status":200,"resp_time":3.902702}
{"time":"September 3, 12:48 am","ts":1662146333,"status":200,"resp_time":3.341751}
{"time":"September 3, 12:59 am","ts":1662146967,"status":200,"resp_time":3.351093}
{"time":"September 3, 1:10 am","ts":1662147609,"status":200,"resp_time":3.209867}
{"time":"September 3, 1:20 am","ts":1662148241,"status":200,"resp_time":3.084318}
{"time":"September 3, 1:48 am","ts":1662149930,"status":200,"resp_time":7.001554}
{"time":"September 3, 2:07 am","ts":1662151035,"status":200,"resp_time":3.213616}
{"time":"September 3, 2:19 am","ts":1662151762,"status":200,"resp_time":2.896087}
{"time":"September 3, 2:29 am","ts":1662152382,"status":301,"resp_time":7.365505}
{"time":"September 3, 2:50 am","ts":1662153658,"status":200,"resp_time":3.264343}
{"time":"September 3, 3:09 am","ts":1662154767,"status":200,"resp_time":2.968036}
{"time":"September 3, 3:30 am","ts":1662156024,"status":200,"resp_time":3.185553}
{"time":"September 3, 3:59 am","ts":1662157743,"status":200,"resp_time":3.35896}
{"time":"September 3, 4:15 am","ts":1662158703,"status":200,"resp_time":2.939985}
{"time":"September 3, 4:25 am","ts":1662159333,"status":200,"resp_time":2.852865}
{"time":"September 3, 4:48 am","ts":1662160714,"status":200,"resp_time":2.765889}
{"time":"September 3, 5:07 am","ts":1662161841,"status":200,"resp_time":3.081225}
{"time":"September 3, 5:20 am","ts":1662162657,"status":200,"resp_time":3.084794}
{"time":"September 3, 7:26 am","ts":1662170200,"status":200,"resp_time":3.280304}
{"time":"September 3, 9:34 am","ts":1662177897,"status":200,"resp_time":3.330877}
{"time":"September 3, 10:36 am","ts":1662181584,"status":200,"resp_time":3.371724}
{"time":"September 3, 11:09 am","ts":1662183597,"status":200,"resp_time":3.544743}
{"time":"September 3, 11:24 am","ts":1662184454,"status":200,"resp_time":3.035908}
{"time":"September 3, 11:51 am","ts":1662186073,"status":200,"resp_time":3.1301}
{"time":"September 3, 12:17 pm","ts":1662187637,"status":200,"resp_time":2.967772}
{"time":"September 3, 12:27 pm","ts":1662188277,"status":200,"resp_time":3.079753}
{"time":"September 3, 12:52 pm","ts":1662189729,"status":200,"resp_time":3.111534}
{"time":"September 3, 1:08 pm","ts":1662190701,"status":200,"resp_time":3.199242}
{"time":"September 3, 1:18 pm","ts":1662191318,"status":200,"resp_time":3.153314}
{"time":"September 3, 1:29 pm","ts":1662191942,"status":200,"resp_time":3.017219}
{"time":"September 3, 2:00 pm","ts":1662193820,"status":200,"resp_time":3.032562}
{"time":"September 3, 2:22 pm","ts":1662195139,"status":200,"resp_time":3.045001}
{"time":"September 3, 2:46 pm","ts":1662196605,"status":200,"resp_time":3.33835}
{"time":"September 3, 3:04 pm","ts":1662197660,"status":200,"resp_time":2.991525}
{"time":"September 3, 3:16 pm","ts":1662198417,"status":200,"resp_time":3.368131}
{"time":"September 3, 3:27 pm","ts":1662199045,"status":200,"resp_time":3.378593}
{"time":"September 3, 3:55 pm","ts":1662200710,"status":200,"resp_time":2.859205}
{"time":"September 3, 4:12 pm","ts":1662201739,"status":200,"resp_time":3.237539}
{"time":"September 3, 4:25 pm","ts":1662202529,"status":200,"resp_time":3.032627}
{"time":"September 3, 4:44 pm","ts":1662203688,"status":200,"resp_time":3.302167}
{"time":"September 3, 4:59 pm","ts":1662204588,"status":200,"resp_time":3.205316}
{"time":"September 3, 5:10 pm","ts":1662205247,"status":200,"resp_time":3.2662}
{"time":"September 3, 5:25 pm","ts":1662206128,"status":200,"resp_time":2.976504}
{"time":"September 3, 6:01 pm","ts":1662208304,"status":200,"resp_time":3.285499}
{"time":"September 3, 6:37 pm","ts":1662210466,"status":200,"resp_time":3.248307}
{"time":"September 3, 7:08 pm","ts":1662212323,"status":200,"resp_time":3.207881}
{"time":"September 3, 7:21 pm","ts":1662213077,"status":200,"resp_time":3.569784}
{"time":"September 3, 7:46 pm","ts":1662214562,"status":200,"resp_time":3.186967}
{"time":"September 3, 8:01 pm","ts":1662215519,"status":200,"resp_time":3.03408}
{"time":"September 3, 8:15 pm","ts":1662216340,"status":200,"resp_time":3.337242}
{"time":"September 3, 8:26 pm","ts":1662216970,"status":200,"resp_time":3.408221}
{"time":"September 3, 8:50 pm","ts":1662218427,"status":200,"resp_time":3.1457}
{"time":"September 3, 9:12 pm","ts":1662219744,"status":200,"resp_time":3.413148}
{"time":"September 3, 9:25 pm","ts":1662220531,"status":200,"resp_time":3.192935}
{"time":"September 3, 9:54 pm","ts":1662222251,"status":200,"resp_time":3.411618}
{"time":"September 3, 10:24 pm","ts":1662224063,"status":200,"resp_time":3.278761}
{"time":"September 3, 10:48 pm","ts":1662225503,"status":200,"resp_time":3.098314}
{"time":"September 3, 11:06 pm","ts":1662226569,"status":200,"resp_time":3.497015}
{"time":"September 3, 11:16 pm","ts":1662227215,"status":200,"resp_time":3.470804}
{"time":"September 3, 11:27 pm","ts":1662227840,"status":200,"resp_time":3.038068}
{"time":"September 3, 11:57 pm","ts":1662229636,"status":200,"resp_time":2.974037}
{"time":"September 4, 12:17 am","ts":1662230858,"status":200,"resp_time":3.643226}
{"time":"September 4, 12:27 am","ts":1662231470,"status":200,"resp_time":3.428029}
{"time":"September 4, 12:50 am","ts":1662232815,"status":200,"resp_time":2.997729}
{"time":"September 4, 1:00 am","ts":1662233444,"status":200,"resp_time":3.155455}
{"time":"September 4, 1:15 am","ts":1662234329,"status":200,"resp_time":3.023686}
{"time":"September 4, 1:26 am","ts":1662234965,"status":200,"resp_time":3.409171}
{"time":"September 4, 1:49 am","ts":1662236392,"status":200,"resp_time":2.874403}
{"time":"September 4, 2:06 am","ts":1662237399,"status":200,"resp_time":3.299581}
{"time":"September 4, 2:18 am","ts":1662238095,"status":200,"resp_time":3.008517}
{"time":"September 4, 2:28 am","ts":1662238725,"status":200,"resp_time":3.150173}
{"time":"September 4, 2:52 am","ts":1662240122,"status":200,"resp_time":3.185778}
{"time":"September 4, 3:09 am","ts":1662241166,"status":200,"resp_time":3.077402}
{"time":"September 4, 3:19 am","ts":1662241782,"status":200,"resp_time":3.363522}
{"time":"September 4, 3:30 am","ts":1662242413,"status":200,"resp_time":3.15849}
{"time":"September 4, 3:54 am","ts":1662243897,"status":200,"resp_time":3.065444}
{"time":"September 4, 4:10 am","ts":1662244835,"status":200,"resp_time":3.047274}
{"time":"September 4, 4:25 am","ts":1662245737,"status":200,"resp_time":3.069638}
{"time":"September 4, 4:47 am","ts":1662247073,"status":200,"resp_time":3.020674}
{"time":"September 4, 5:06 am","ts":1662248179,"status":200,"resp_time":3.26007}
{"time":"September 4, 5:20 am","ts":1662249002,"status":200,"resp_time":3.040991}
{"time":"September 4, 6:02 am","ts":1662251549,"status":200,"resp_time":3.091512}
{"time":"September 4, 8:50 am","ts":1662261609,"status":200,"resp_time":3.719482}
{"time":"September 4, 10:11 am","ts":1662266506,"status":200,"resp_time":3.057814}
