{"time":"July 22, 11:52 pm","ts":1658514155,"status":200,"resp_time":3.026608}
{"time":"July 23, 12:02 am","ts":1658514729,"status":200,"resp_time":2.795872}
{"time":"July 23, 12:18 am","ts":1658515697,"status":200,"resp_time":3.162579}
{"time":"July 23, 12:28 am","ts":1658516339,"status":200,"resp_time":2.710407}
{"time":"July 23, 12:50 am","ts":1658517610,"status":200,"resp_time":2.736678}
{"time":"July 23, 1:00 am","ts":1658518252,"status":200,"resp_time":2.953023}
{"time":"July 23, 1:15 am","ts":1658519128,"status":200,"resp_time":2.782094}
{"time":"July 23, 1:25 am","ts":1658519750,"status":200,"resp_time":2.796494}
