{"time":"August 4, 12:30 pm","ts":1659596408,"status":200,"resp_time":3.119693}
{"time":"August 4, 12:53 pm","ts":1659597795,"status":200,"resp_time":3.142319}
{"time":"August 4, 1:08 pm","ts":1659598713,"status":200,"resp_time":3.965928}
{"time":"August 4, 1:18 pm","ts":1659599333,"status":200,"resp_time":3.194295}
{"time":"August 4, 1:29 pm","ts":1659599955,"status":200,"resp_time":3.629151}
{"time":"August 4, 2:04 pm","ts":1659602085,"status":200,"resp_time":3.276738}
{"time":"August 4, 2:24 pm","ts":1659603287,"status":200,"resp_time":3.184277}
{"time":"August 4, 2:46 pm","ts":1659604561,"status":200,"resp_time":3.27263}
{"time":"August 4, 3:03 pm","ts":1659605612,"status":200,"resp_time":3.46833}
{"time":"August 4, 3:16 pm","ts":1659606406,"status":200,"resp_time":3.244119}
{"time":"August 4, 3:27 pm","ts":1659607025,"status":200,"resp_time":2.991641}
{"time":"August 4, 3:54 pm","ts":1659608694,"status":200,"resp_time":3.108035}
{"time":"August 4, 4:14 pm","ts":1659609849,"status":200,"resp_time":3.146988}
{"time":"August 4, 4:25 pm","ts":1659610534,"status":200,"resp_time":3.382408}
{"time":"August 4, 4:45 pm","ts":1659611712,"status":200,"resp_time":2.915733}
{"time":"August 4, 5:00 pm","ts":1659612600,"status":200,"resp_time":3.203216}
{"time":"August 4, 5:10 pm","ts":1659613251,"status":200,"resp_time":3.054349}
{"time":"August 4, 5:25 pm","ts":1659614131,"status":200,"resp_time":3.242391}
{"time":"August 4, 6:05 pm","ts":1659616550,"status":200,"resp_time":3.183031}
{"time":"August 4, 6:51 pm","ts":1659619304,"status":200,"resp_time":3.18251}
{"time":"August 4, 7:24 pm","ts":1659621244,"status":200,"resp_time":2.843542}
{"time":"August 4, 7:44 pm","ts":1659622493,"status":200,"resp_time":3.029062}
{"time":"August 4, 8:00 pm","ts":1659623450,"status":200,"resp_time":3.574133}
{"time":"August 4, 8:15 pm","ts":1659624332,"status":200,"resp_time":3.303584}
{"time":"August 4, 8:25 pm","ts":1659624950,"status":200,"resp_time":3.193573}
{"time":"August 4, 8:51 pm","ts":1659626516,"status":200,"resp_time":2.958734}
{"time":"August 4, 9:15 pm","ts":1659627904,"status":200,"resp_time":3.256943}
{"time":"August 4, 9:26 pm","ts":1659628564,"status":200,"resp_time":3.151337}
{"time":"August 4, 9:59 pm","ts":1659630597,"status":200,"resp_time":2.842581}
{"time":"August 4, 10:32 pm","ts":1659632567,"status":200,"resp_time":3.524757}
{"time":"August 4, 11:03 pm","ts":1659634414,"status":200,"resp_time":3.555096}
{"time":"August 4, 11:20 pm","ts":1659635447,"status":200,"resp_time":3.166286}
{"time":"August 4, 11:51 pm","ts":1659637262,"status":200,"resp_time":3.297895}
{"time":"August 5, 12:16 am","ts":1659638815,"status":200,"resp_time":3.062886}
{"time":"August 5, 12:27 am","ts":1659639448,"status":200,"resp_time":3.032668}
{"time":"August 5, 12:48 am","ts":1659640730,"status":200,"resp_time":3.084135}
{"time":"August 5, 1:00 am","ts":1659641451,"status":200,"resp_time":3.085569}
{"time":"August 5, 1:15 am","ts":1659642335,"status":200,"resp_time":2.754594}
{"time":"August 5, 1:25 am","ts":1659642957,"status":200,"resp_time":3.085756}
{"time":"August 5, 1:50 am","ts":1659644436,"status":200,"resp_time":2.96321}
{"time":"August 5, 2:10 am","ts":1659645649,"status":200,"resp_time":3.012711}
{"time":"August 5, 2:25 am","ts":1659646542,"status":200,"resp_time":3.314815}
{"time":"August 5, 2:46 am","ts":1659647780,"status":200,"resp_time":3.110014}
{"time":"August 5, 3:02 am","ts":1659648745,"status":200,"resp_time":3.057617}
{"time":"August 5, 3:17 am","ts":1659649628,"status":200,"resp_time":3.14713}
{"time":"August 5, 3:27 am","ts":1659650260,"status":200,"resp_time":3.012151}
{"time":"August 5, 3:52 am","ts":1659651752,"status":200,"resp_time":2.763245}
{"time":"August 5, 4:09 am","ts":1659652792,"status":200,"resp_time":2.829918}
{"time":"August 5, 4:20 am","ts":1659653411,"status":200,"resp_time":2.960856}
{"time":"August 5, 4:31 am","ts":1659654111,"status":200,"resp_time":2.905906}
{"time":"August 5, 4:57 am","ts":1659655623,"status":200,"resp_time":3.21025}
{"time":"August 5, 5:11 am","ts":1659656482,"status":200,"resp_time":3.271884}
{"time":"August 5, 5:25 am","ts":1659657351,"status":200,"resp_time":2.987806}
{"time":"August 5, 7:21 am","ts":1659664287,"status":200,"resp_time":3.01136}
{"time":"August 5, 9:13 am","ts":1659671035,"status":200,"resp_time":3.205658}
{"time":"August 5, 10:01 am","ts":1659673897,"status":200,"resp_time":3.228769}
{"time":"August 5, 10:49 am","ts":1659676767,"status":200,"resp_time":2.884175}
{"time":"August 5, 11:16 am","ts":1659678372,"status":200,"resp_time":2.915455}
{"time":"August 5, 11:26 am","ts":1659678991,"status":200,"resp_time":2.833121}
{"time":"August 5, 11:55 am","ts":1659680755,"status":200,"resp_time":3.160459}
{"time":"August 5, 12:19 pm","ts":1659682141,"status":200,"resp_time":2.757039}
{"time":"August 5, 12:29 pm","ts":1659682763,"status":200,"resp_time":2.895203}
{"time":"August 5, 12:53 pm","ts":1659684188,"status":200,"resp_time":3.225627}
{"time":"August 5, 1:08 pm","ts":1659685090,"status":200,"resp_time":3.343981}
{"time":"August 5, 1:18 pm","ts":1659685718,"status":200,"resp_time":2.759994}
{"time":"August 5, 1:28 pm","ts":1659686330,"status":200,"resp_time":3.445329}
{"time":"August 5, 1:59 pm","ts":1659688193,"status":200,"resp_time":2.918546}
{"time":"August 5, 2:17 pm","ts":1659689265,"status":200,"resp_time":3.099973}
{"time":"August 5, 2:28 pm","ts":1659689887,"status":200,"resp_time":2.889779}
{"time":"August 5, 2:54 pm","ts":1659691442,"status":200,"resp_time":3.105065}
{"time":"August 5, 3:10 pm","ts":1659692439,"status":200,"resp_time":3.015696}
{"time":"August 5, 3:25 pm","ts":1659693344,"status":200,"resp_time":2.898169}
{"time":"August 5, 3:49 pm","ts":1659694790,"status":200,"resp_time":3.307324}
{"time":"August 5, 4:08 pm","ts":1659695897,"status":200,"resp_time":2.965628}
{"time":"August 5, 4:19 pm","ts":1659696586,"status":200,"resp_time":3.153182}
{"time":"August 5, 4:30 pm","ts":1659697202,"status":200,"resp_time":2.8202}
{"time":"August 5, 4:52 pm","ts":1659698533,"status":200,"resp_time":2.899842}
{"time":"August 5, 5:09 pm","ts":1659699551,"status":200,"resp_time":2.882236}
{"time":"August 5, 5:19 pm","ts":1659700177,"status":200,"resp_time":2.806412}
{"time":"August 5, 5:29 pm","ts":1659700793,"status":200,"resp_time":2.851979}
{"time":"August 5, 6:22 pm","ts":1659703972,"status":200,"resp_time":2.94562}
{"time":"August 5, 7:11 pm","ts":1659706869,"status":200,"resp_time":2.961009}
{"time":"August 5, 7:31 pm","ts":1659708094,"status":200,"resp_time":3.142364}
{"time":"August 5, 7:58 pm","ts":1659709717,"status":200,"resp_time":3.303127}
{"time":"August 5, 8:13 pm","ts":1659710594,"status":200,"resp_time":3.217647}
{"time":"August 5, 8:25 pm","ts":1659711341,"status":200,"resp_time":3.219093}
{"time":"August 5, 8:49 pm","ts":1659712778,"status":200,"resp_time":2.920079}
{"time":"August 5, 9:10 pm","ts":1659714026,"status":200,"resp_time":3.437925}
{"time":"August 5, 9:22 pm","ts":1659714769,"status":200,"resp_time":3.370273}
{"time":"August 5, 9:55 pm","ts":1659716749,"status":200,"resp_time":3.003804}
{"time":"August 5, 10:32 pm","ts":1659718938,"status":200,"resp_time":3.287338}
{"time":"August 5, 11:05 pm","ts":1659720917,"status":200,"resp_time":2.834049}
{"time":"August 5, 11:21 pm","ts":1659721897,"status":200,"resp_time":2.938794}
{"time":"August 5, 11:52 pm","ts":1659723734,"status":200,"resp_time":3.114087}
{"time":"August 6, 12:16 am","ts":1659725160,"status":200,"resp_time":2.867673}
