{"time":"July 24, 6:11 pm","ts":1658666486,"status":200,"resp_time":2.85925}
{"time":"July 24, 6:46 pm","ts":1658668618,"status":200,"resp_time":3.064108}
{"time":"July 24, 7:12 pm","ts":1658670150,"status":200,"resp_time":2.685397}
{"time":"July 24, 7:25 pm","ts":1658670930,"status":200,"resp_time":2.779901}
{"time":"July 24, 7:45 pm","ts":1658672139,"status":200,"resp_time":2.613035}
{"time":"July 24, 8:01 pm","ts":1658673067,"status":200,"resp_time":2.730275}
{"time":"July 24, 8:15 pm","ts":1658673937,"status":200,"resp_time":2.818968}
{"time":"July 24, 8:25 pm","ts":1658674558,"status":200,"resp_time":3.015389}
{"time":"July 24, 8:49 pm","ts":1658675957,"status":200,"resp_time":2.958765}
{"time":"July 24, 9:08 pm","ts":1658677101,"status":200,"resp_time":2.724079}
{"time":"July 24, 9:21 pm","ts":1658677884,"status":200,"resp_time":2.926821}
{"time":"July 24, 9:53 pm","ts":1658679824,"status":200,"resp_time":2.848326}
{"time":"July 24, 10:25 pm","ts":1658681722,"status":200,"resp_time":2.591493}
{"time":"July 24, 10:48 pm","ts":1658683139,"status":200,"resp_time":2.78691}
{"time":"July 24, 11:07 pm","ts":1658684226,"status":200,"resp_time":2.908542}
{"time":"July 24, 11:18 pm","ts":1658684887,"status":200,"resp_time":2.927054}
{"time":"July 24, 11:28 pm","ts":1658685510,"status":200,"resp_time":2.938293}
{"time":"July 24, 11:59 pm","ts":1658687380,"status":200,"resp_time":3.132847}
{"time":"July 25, 12:19 am","ts":1658688542,"status":200,"resp_time":2.502426}
{"time":"July 25, 12:29 am","ts":1658689164,"status":200,"resp_time":2.747048}
{"time":"July 25, 12:50 am","ts":1658690407,"status":200,"resp_time":2.870359}
{"time":"July 25, 1:00 am","ts":1658691028,"status":200,"resp_time":2.637239}
{"time":"July 25, 1:15 am","ts":1658691930,"status":200,"resp_time":3.110235}
{"time":"July 25, 1:25 am","ts":1658692549,"status":200,"resp_time":2.83187}
{"time":"July 25, 1:49 am","ts":1658693957,"status":200,"resp_time":2.882497}
{"time":"July 25, 2:06 am","ts":1658694982,"status":200,"resp_time":2.969971}
{"time":"July 25, 2:17 am","ts":1658695669,"status":200,"resp_time":2.780601}
{"time":"July 25, 2:28 am","ts":1658696287,"status":200,"resp_time":2.783765}
{"time":"July 25, 2:50 am","ts":1658697648,"status":200,"resp_time":2.915705}
{"time":"July 25, 3:09 am","ts":1658698743,"status":200,"resp_time":3.000579}
{"time":"July 25, 3:19 am","ts":1658699365,"status":200,"resp_time":2.677002}
{"time":"July 25, 3:29 am","ts":1658699983,"status":200,"resp_time":2.348939}
{"time":"July 25, 3:54 am","ts":1658701454,"status":200,"resp_time":2.605814}
{"time":"July 25, 4:10 am","ts":1658702415,"status":200,"resp_time":3.042378}
{"time":"July 25, 4:20 am","ts":1658703026,"status":200,"resp_time":2.854226}
{"time":"July 25, 4:46 am","ts":1658704599,"status":200,"resp_time":3.067154}
{"time":"July 25, 5:03 am","ts":1658705639,"status":200,"resp_time":3.025833}
{"time":"July 25, 5:16 am","ts":1658706412,"status":200,"resp_time":2.73114}
{"time":"July 25, 5:27 am","ts":1658707050,"status":200,"resp_time":2.813912}
{"time":"July 25, 7:44 am","ts":1658715251,"status":200,"resp_time":2.803779}
{"time":"July 25, 9:25 am","ts":1658721302,"status":200,"resp_time":2.750989}
{"time":"July 25, 10:19 am","ts":1658724540,"status":200,"resp_time":2.970898}
{"time":"July 25, 10:48 am","ts":1658726320,"status":200,"resp_time":3.186004}
{"time":"July 25, 11:13 am","ts":1658727794,"status":200,"resp_time":2.88518}
{"time":"July 25, 11:25 am","ts":1658728530,"status":200,"resp_time":2.580682}
{"time":"July 25, 11:53 am","ts":1658730237,"status":200,"resp_time":2.823629}
{"time":"July 25, 12:19 pm","ts":1658731790,"status":200,"resp_time":2.85334}
{"time":"July 25, 12:30 pm","ts":1658732425,"status":200,"resp_time":2.790659}
{"time":"July 25, 12:57 pm","ts":1658734069,"status":200,"resp_time":2.7017}
{"time":"July 25, 1:11 pm","ts":1658734913,"status":200,"resp_time":2.7871}
{"time":"July 25, 1:25 pm","ts":1658735742,"status":200,"resp_time":2.448227}
{"time":"July 25, 1:56 pm","ts":1658737562,"status":200,"resp_time":2.275331}
{"time":"July 25, 2:18 pm","ts":1658738928,"status":200,"resp_time":2.963555}
{"time":"July 25, 2:29 pm","ts":1658739558,"status":200,"resp_time":2.824907}
{"time":"July 25, 2:55 pm","ts":1658741150,"status":200,"resp_time":2.672425}
{"time":"July 25, 3:12 pm","ts":1658742154,"status":200,"resp_time":2.657935}
{"time":"July 25, 3:25 pm","ts":1658742942,"status":200,"resp_time":3.03128}
{"time":"July 25, 3:51 pm","ts":1658744505,"status":200,"resp_time":2.577984}
{"time":"July 25, 4:14 pm","ts":1658745840,"status":200,"resp_time":2.784753}
{"time":"July 25, 4:25 pm","ts":1658746532,"status":200,"resp_time":2.912172}
{"time":"July 25, 4:46 pm","ts":1658747799,"status":200,"resp_time":2.704669}
{"time":"July 25, 5:02 pm","ts":1658748744,"status":200,"resp_time":2.755233}
{"time":"July 25, 5:15 pm","ts":1658749532,"status":200,"resp_time":3.102216}
{"time":"July 25, 5:26 pm","ts":1658750160,"status":200,"resp_time":2.75257}
{"time":"July 25, 6:11 pm","ts":1658752876,"status":200,"resp_time":2.700222}
{"time":"July 25, 6:57 pm","ts":1658755677,"status":200,"resp_time":2.911837}
{"time":"July 25, 7:29 pm","ts":1658757578,"status":200,"resp_time":2.722543}
{"time":"July 25, 7:54 pm","ts":1658759048,"status":200,"resp_time":3.217715}
{"time":"July 25, 8:09 pm","ts":1658759965,"status":200,"resp_time":2.837602}
{"time":"July 25, 8:19 pm","ts":1658760592,"status":200,"resp_time":3.271586}
{"time":"July 25, 8:30 pm","ts":1658761216,"status":200,"resp_time":2.986398}
{"time":"July 25, 8:58 pm","ts":1658762919,"status":200,"resp_time":3.073075}
{"time":"July 25, 9:17 pm","ts":1658764060,"status":200,"resp_time":2.621365}
{"time":"July 25, 9:28 pm","ts":1658764684,"status":200,"resp_time":3.01042}
{"time":"July 25, 10:04 pm","ts":1658766875,"status":200,"resp_time":2.872071}
{"time":"July 25, 10:32 pm","ts":1658768521,"status":200,"resp_time":2.869336}
{"time":"July 25, 11:04 pm","ts":1658770479,"status":200,"resp_time":2.639102}
{"time":"July 25, 11:19 pm","ts":1658771367,"status":200,"resp_time":2.860379}
{"time":"July 25, 11:29 pm","ts":1658771984,"status":200,"resp_time":3.021436}
{"time":"July 26, 12:01 am","ts":1658773909,"status":200,"resp_time":2.885352}
{"time":"July 26, 12:24 am","ts":1658775250,"status":200,"resp_time":2.929418}
{"time":"July 26, 12:43 am","ts":1658776419,"status":200,"resp_time":2.85726}
{"time":"July 26, 12:57 am","ts":1658777227,"status":200,"resp_time":2.875273}
{"time":"July 26, 1:10 am","ts":1658778039,"status":200,"resp_time":2.497472}
{"time":"July 26, 1:25 am","ts":1658778929,"status":200,"resp_time":3.182106}
{"time":"July 26, 1:48 am","ts":1658780280,"status":200,"resp_time":3.068182}
{"time":"July 26, 2:04 am","ts":1658781277,"status":200,"resp_time":2.753459}
{"time":"July 26, 2:16 am","ts":1658781968,"status":200,"resp_time":2.853084}
{"time":"July 26, 2:26 am","ts":1658782598,"status":200,"resp_time":2.872965}
{"time":"July 26, 2:47 am","ts":1658783872,"status":200,"resp_time":2.673973}
{"time":"July 26, 3:02 am","ts":1658784730,"status":200,"resp_time":3.133401}
{"time":"July 26, 3:15 am","ts":1658785541,"status":200,"resp_time":2.906526}
{"time":"July 26, 3:25 am","ts":1658786158,"status":200,"resp_time":2.757755}
{"time":"July 26, 3:47 am","ts":1658787465,"status":200,"resp_time":2.847902}
{"time":"July 26, 4:04 am","ts":1658788467,"status":200,"resp_time":3.078728}
{"time":"July 26, 4:15 am","ts":1658789136,"status":200,"resp_time":3.011722}
{"time":"July 26, 4:25 am","ts":1658789751,"status":200,"resp_time":2.798775}
