{"time":"August 18, 5:00 pm","ts":1660822257,"status":200,"resp_time":3.277946}
{"time":"August 18, 5:15 pm","ts":1660823129,"status":200,"resp_time":3.269367}
{"time":"August 18, 5:26 pm","ts":1660823762,"status":200,"resp_time":3.285915}
{"time":"August 18, 6:10 pm","ts":1660826456,"status":200,"resp_time":3.222145}
{"time":"August 18, 7:00 pm","ts":1660829451,"status":200,"resp_time":3.018538}
{"time":"August 18, 7:30 pm","ts":1660831234,"status":200,"resp_time":3.366498}
{"time":"August 18, 8:00 pm","ts":1660833050,"status":200,"resp_time":3.303406}
{"time":"August 18, 8:24 pm","ts":1660834454,"status":200,"resp_time":2.998004}
{"time":"August 18, 8:59 pm","ts":1660836586,"status":200,"resp_time":3.045402}
{"time":"August 18, 9:27 pm","ts":1660838244,"status":200,"resp_time":3.088415}
{"time":"August 18, 10:08 pm","ts":1660840689,"status":200,"resp_time":3.167632}
{"time":"August 18, 10:51 pm","ts":1660843284,"status":200,"resp_time":3.366192}
{"time":"August 18, 11:23 pm","ts":1660845204,"status":200,"resp_time":3.018461}
{"time":"August 18, 11:49 pm","ts":1660846797,"status":200,"resp_time":3.304981}
{"time":"August 19, 12:12 am","ts":1660848123,"status":200,"resp_time":3.196}
{"time":"August 19, 12:25 am","ts":1660848944,"status":200,"resp_time":3.140608}
{"time":"August 19, 12:45 am","ts":1660850123,"status":200,"resp_time":2.913912}
{"time":"August 19, 12:58 am","ts":1660850916,"status":200,"resp_time":3.362943}
{"time":"August 19, 1:10 am","ts":1660851610,"status":200,"resp_time":3.26354}
{"time":"August 19, 1:20 am","ts":1660852221,"status":200,"resp_time":2.959549}
{"time":"August 19, 1:50 am","ts":1660854007,"status":200,"resp_time":2.985646}
{"time":"August 19, 2:08 am","ts":1660855118,"status":200,"resp_time":2.861162}
{"time":"August 19, 2:20 am","ts":1660855833,"status":200,"resp_time":3.422163}
{"time":"August 19, 2:45 am","ts":1660857330,"status":200,"resp_time":3.347552}
{"time":"August 19, 3:01 am","ts":1660858316,"status":200,"resp_time":3.592369}
{"time":"August 19, 3:15 am","ts":1660859133,"status":200,"resp_time":2.980592}
{"time":"August 19, 3:25 am","ts":1660859751,"status":200,"resp_time":2.960441}
{"time":"August 19, 3:49 am","ts":1660861140,"status":200,"resp_time":2.968295}
{"time":"August 19, 4:07 am","ts":1660862222,"status":200,"resp_time":3.289907}
{"time":"August 19, 4:18 am","ts":1660862900,"status":200,"resp_time":3.267694}
{"time":"August 19, 4:28 am","ts":1660863518,"status":200,"resp_time":3.094664}
{"time":"August 19, 4:54 am","ts":1660865092,"status":200,"resp_time":2.932437}
{"time":"August 19, 5:09 am","ts":1660865977,"status":200,"resp_time":3.027835}
{"time":"August 19, 5:20 am","ts":1660866628,"status":200,"resp_time":3.254856}
{"time":"August 19, 7:20 am","ts":1660873820,"status":200,"resp_time":3.27592}
{"time":"August 19, 9:20 am","ts":1660881028,"status":200,"resp_time":3.377863}
{"time":"August 19, 10:20 am","ts":1660884643,"status":200,"resp_time":3.014927}
{"time":"August 19, 10:56 am","ts":1660886813,"status":200,"resp_time":2.891365}
{"time":"August 19, 11:16 am","ts":1660887968,"status":200,"resp_time":4.033035}
{"time":"August 19, 11:26 am","ts":1660888589,"status":200,"resp_time":3.298722}
{"time":"August 19, 11:58 am","ts":1660890534,"status":200,"resp_time":3.389365}
{"time":"August 19, 12:23 pm","ts":1660891988,"status":200,"resp_time":3.357926}
{"time":"August 19, 12:45 pm","ts":1660893356,"status":200,"resp_time":3.192149}
{"time":"August 19, 1:03 pm","ts":1660894383,"status":200,"resp_time":2.93104}
{"time":"August 19, 1:17 pm","ts":1660895263,"status":200,"resp_time":3.227578}
{"time":"August 19, 1:28 pm","ts":1660895895,"status":200,"resp_time":2.770415}
{"time":"August 19, 2:00 pm","ts":1660897822,"status":200,"resp_time":3.003718}
{"time":"August 19, 2:23 pm","ts":1660899183,"status":200,"resp_time":2.915839}
{"time":"August 19, 2:47 pm","ts":1660900656,"status":200,"resp_time":3.159749}
{"time":"August 19, 3:06 pm","ts":1660901799,"status":200,"resp_time":3.33264}
{"time":"August 19, 3:18 pm","ts":1660902526,"status":200,"resp_time":3.552878}
{"time":"August 19, 3:29 pm","ts":1660903152,"status":200,"resp_time":3.107989}
{"time":"August 19, 4:00 pm","ts":1660905015,"status":200,"resp_time":2.897001}
{"time":"August 19, 4:20 pm","ts":1660906250,"status":200,"resp_time":3.148268}
{"time":"August 19, 4:45 pm","ts":1660907709,"status":200,"resp_time":3.093654}
{"time":"August 19, 5:00 pm","ts":1660908650,"status":200,"resp_time":3.310516}
{"time":"August 19, 5:15 pm","ts":1660909533,"status":200,"resp_time":3.380221}
{"time":"August 19, 5:25 pm","ts":1660910149,"status":200,"resp_time":3.231836}
{"time":"August 19, 6:06 pm","ts":1660912587,"status":200,"resp_time":2.957431}
{"time":"August 19, 6:52 pm","ts":1660915338,"status":200,"resp_time":3.211179}
{"time":"August 19, 7:26 pm","ts":1660917380,"status":200,"resp_time":2.94027}
{"time":"August 19, 7:48 pm","ts":1660918720,"status":200,"resp_time":3.250963}
{"time":"August 19, 8:04 pm","ts":1660919645,"status":200,"resp_time":2.999818}
{"time":"August 19, 8:15 pm","ts":1660920348,"status":200,"resp_time":3.098967}
{"time":"August 19, 8:26 pm","ts":1660920969,"status":200,"resp_time":2.969963}
{"time":"August 19, 8:52 pm","ts":1660922575,"status":200,"resp_time":2.973354}
{"time":"August 19, 9:16 pm","ts":1660924019,"status":200,"resp_time":3.106997}
{"time":"August 19, 9:27 pm","ts":1660924659,"status":200,"resp_time":3.286347}
{"time":"August 19, 10:05 pm","ts":1660926957,"status":200,"resp_time":3.31709}
{"time":"August 19, 10:34 pm","ts":1660928680,"status":200,"resp_time":2.921204}
{"time":"August 19, 11:04 pm","ts":1660930462,"status":200,"resp_time":3.330736}
{"time":"August 19, 11:19 pm","ts":1660931384,"status":200,"resp_time":3.160396}
{"time":"August 19, 11:30 pm","ts":1660932012,"status":200,"resp_time":3.066888}
{"time":"August 20, 12:04 am","ts":1660934049,"status":200,"resp_time":3.244077}
{"time":"August 20, 12:25 am","ts":1660935324,"status":200,"resp_time":2.820148}
{"time":"August 20, 12:43 am","ts":1660936434,"status":200,"resp_time":2.9521}
{"time":"August 20, 12:57 am","ts":1660937271,"status":200,"resp_time":2.809949}
{"time":"August 20, 1:09 am","ts":1660937968,"status":200,"resp_time":2.782477}
{"time":"August 20, 1:19 am","ts":1660938579,"status":200,"resp_time":3.022166}
{"time":"August 20, 1:30 am","ts":1660939209,"status":200,"resp_time":3.26224}
{"time":"August 20, 1:56 am","ts":1660940818,"status":200,"resp_time":2.881001}
{"time":"August 20, 2:13 am","ts":1660941782,"status":200,"resp_time":3.050508}
{"time":"August 20, 2:25 am","ts":1660942536,"status":200,"resp_time":2.821533}
{"time":"August 20, 2:45 am","ts":1660943759,"status":200,"resp_time":3.114591}
{"time":"August 20, 3:02 am","ts":1660944723,"status":200,"resp_time":2.968529}
{"time":"August 20, 3:15 am","ts":1660945546,"status":200,"resp_time":2.915257}
{"time":"August 20, 3:26 am","ts":1660946165,"status":200,"resp_time":2.854848}
{"time":"August 20, 3:51 am","ts":1660947661,"status":200,"resp_time":3.037849}
{"time":"August 20, 4:11 am","ts":1660948914,"status":200,"resp_time":2.845182}
{"time":"August 20, 4:25 am","ts":1660949734,"status":200,"resp_time":2.868596}
{"time":"August 20, 4:47 am","ts":1660951061,"status":200,"resp_time":3.569824}
{"time":"August 20, 5:04 am","ts":1660952073,"status":200,"resp_time":3.257674}
{"time":"August 20, 5:16 am","ts":1660952786,"status":200,"resp_time":3.116238}
{"time":"August 20, 5:26 am","ts":1660953413,"status":200,"resp_time":2.739186}
{"time":"August 20, 7:40 am","ts":1660961454,"status":200,"resp_time":3.270567}
{"time":"August 20, 9:14 am","ts":1660967071,"status":200,"resp_time":3.033142}
{"time":"August 20, 9:47 am","ts":1660969068,"status":200,"resp_time":2.761649}
{"time":"August 20, 10:22 am","ts":1660971130,"status":200,"resp_time":3.41998}
{"time":"August 20, 10:48 am","ts":1660972681,"status":200,"resp_time":2.8413}
{"time":"August 20, 11:04 am","ts":1660973665,"status":200,