{"time":"September 11, 8:50 pm","ts":1662909601,"status":200,"resp_time":2.839204}
{"time":"September 11, 9:10 pm","ts":1662910857,"status":200,"resp_time":3.197735}
{"time":"September 11, 9:26 pm","ts":1662911812,"status":200,"resp_time":3.35397}
{"time":"September 11, 10:01 pm","ts":1662913877,"status":200,"resp_time":3.16551}
{"time":"September 11, 10:32 pm","ts":1662915733,"status":200,"resp_time":3.682637}
{"time":"September 11, 11:02 pm","ts":1662917557,"status":200,"resp_time":3.338912}
{"time":"September 11, 11:20 pm","ts":1662918613,"status":200,"resp_time":2.955159}
{"time":"September 11, 11:36 pm","ts":1662919573,"status":200,"resp_time":3.449287}
{"time":"September 12, 12:06 am","ts":1662921384,"status":200,"resp_time":2.901044}
{"time":"September 12, 12:25 am","ts":1662922512,"status":200,"resp_time":3.205495}
{"time":"September 12, 12:44 am","ts":1662923678,"status":200,"resp_time":3.125756}
{"time":"September 12, 12:59 am","ts":1662924564,"status":200,"resp_time":3.30004}
{"time":"September 12, 1:11 am","ts":1662925279,"status":200,"resp_time":3.794383}
{"time":"September 12, 1:25 am","ts":1662926134,"status":200,"resp_time":3.401678}
{"time":"September 12, 1:50 am","ts":1662927643,"status":200,"resp_time":3.085441}
{"time":"September 12, 2:15 am","ts":1662929104,"status":200,"resp_time":3.265701}
{"time":"September 12, 2:26 am","ts":1662929782,"status":200,"resp_time":3.282453}
{"time":"September 12, 2:49 am","ts":1662931153,"status":200,"resp_time":3.041284}
{"time":"September 12, 3:06 am","ts":1662932196,"status":200,"resp_time":3.137154}
{"time":"September 12, 3:19 am","ts":1662932953,"status":200,"resp_time":2.95484}
{"time":"September 12, 3:29 am","ts":1662933577,"status":200,"resp_time":3.082427}
{"time":"September 12, 3:57 am","ts":1662935230,"status":200,"resp_time":3.080214}
{"time":"September 12, 4:15 am","ts":1662936301,"status":200,"resp_time":3.405105}
{"time":"September 12, 4:25 am","ts":1662936931,"status":200,"resp_time":3.505844}
{"time":"September 12, 4:49 am","ts":1662938394,"status":200,"resp_time":3.468389}
{"time":"September 12, 5:09 am","ts":1662939581,"status":200,"resp_time":3.042177}
{"time":"September 12, 5:25 am","ts":1662940553,"status":200,"resp_time":3.412836}
{"time":"September 12, 7:51 am","ts":1662949273,"status":200,"resp_time":3.017987}
{"time":"September 12, 10:06 am","ts":1662957367,"status":200,"resp_time":3.506623}
{"time":"September 12, 11:34 am","ts":1662962661,"status":200,"resp_time":3.732088}
{"time":"September 12, 12:32 pm","ts":1662966155,"status":200,"resp_time":3.251364}
{"time":"September 12, 1:17 pm","ts":1662968853,"status":200,"resp_time":3.262111}
{"time":"September 12, 1:31 pm","ts":1662969684,"status":200,"resp_time":2.994271}
{"time":"September 12, 2:14 pm","ts":1662972267,"status":200,"resp_time":2.869094}
{"time":"September 12, 2:40 pm","ts":1662973831,"status":200,"resp_time":2.891245}
{"time":"September 12, 3:07 pm","ts":1662975443,"status":200,"resp_time":2.876526}
{"time":"September 12, 3:24 pm","ts":1662976443,"status":200,"resp_time":3.801575}
{"time":"September 12, 3:51 pm","ts":1662978094,"status":200,"resp_time":3.839424}
{"time":"September 12, 4:16 pm","ts":1662979593,"status":200,"resp_time":3.233064}
{"time":"September 12, 4:27 pm","ts":1662980253,"status":200,"resp_time":4.059076}
{"time":"September 12, 4:52 pm","ts":1662981721,"status":200,"resp_time":4.297287}
{"time":"September 12, 5:10 pm","ts":1662982819,"status":200,"resp_time":3.676649}
{"time":"September 12, 5:25 pm","ts":1662983747,"status":200,"resp_time":7.089342}
{"time":"September 12, 6:15 pm","ts":1662986717,"status":200,"resp_time":3.165874}
{"time":"September 12, 7:05 pm","ts":1662989709,"status":200,"resp_time":3.697369}
{"time":"September 12, 7:36 pm","ts":1662991593,"status":200,"resp_time":3.298552}
{"time":"September 12, 8:06 pm","ts":1662993360,"status":200,"resp_time":2.93084}
{"time":"September 12, 8:22 pm","ts":1662994354,"status":200,"resp_time":3.27307}
{"time":"September 12, 8:52 pm","ts":1662996122,"status":200,"resp_time":3.50298}
{"time":"September 12, 9:19 pm","ts":1662997787,"status":200,"resp_time":3.548584}
{"time":"September 12, 9:37 pm","ts":1662998877,"status":200,"resp_time":3.391257}
{"time":"September 12, 10:23 pm","ts":1663001584,"status":200,"resp_time":2.944396}
{"time":"September 12, 10:58 pm","ts":1663003702,"status":200,"resp_time":3.327935}
{"time":"September 12, 11:20 pm","ts":1663005020,"status":200,"resp_time":4.009102}
{"time":"September 12, 11:36 pm","ts":1663006017,"status":200,"resp_time":3.087543}
{"time":"September 13, 12:10 am","ts":1663008031,"status":200,"resp_time":3.809798}
{"time":"September 13, 12:31 am","ts":1663009294,"status":200,"resp_time":3.667453}
{"time":"September 13, 12:56 am","ts":1663010800,"status":200,"resp_time":5.360648}
{"time":"September 13, 1:10 am","ts":1663011625,"status":200,"resp_time":3.816847}
{"time":"September 13, 1:25 am","ts":1663012537,"status":200,"resp_time":3.836976}
{"time":"September 13, 1:51 am","ts":1663014104,"status":200,"resp_time":3.425315}
{"time":"September 13, 2:14 am","ts":1663015475,"status":200,"resp_time":3.395023}
{"time":"September 13, 2:26 am","ts":1663016177,"status":200,"resp_time":3.25606}
{"time":"September 13, 2:50 am","ts":1663017621,"status":200,"resp_time":3.371122}
{"time":"September 13, 3:12 am","ts":1663018963,"status":200,"resp_time":3.330805}
{"time":"September 13, 3:25 am","ts":1663019728,"status":200,"resp_time":3.367041}
{"time":"September 13, 3:49 am","ts":1663021168,"status":200,"resp_time":3.520972}
{"time":"September 13, 4:09 am","ts":1663022383,"status":200,"resp_time":3.668408}
{"time":"September 13, 4:22 am","ts":1663023151,"status":200,"resp_time":2.826846}
{"time":"September 13, 4:50 am","ts":1663024858,"status":200,"resp_time":3.558928}
{"time":"September 13, 5:16 am","ts":1663026379,"status":200,"resp_time":3.511949}
{"time":"September 13, 5:30 am","ts":1663027200,"status":200,"resp_time":2.873356}
{"time":"September 13, 8:20 am","ts":1663037428,"status":200,"resp_time":3.193398}
{"time":"September 13, 10:17 am","ts":1663044453,"status":200,"resp_time":3.081637}
{"time":"September 13, 11:35 am","ts":1663049141,"status":200,"resp_time":3.757064}
{"time":"September 13, 12:34 pm","ts":1663052651,"status":200,"resp_time":3.073496}
{"time":"September 13, 1:15 pm","ts":1663055145,"status":200,"resp_time":3.52216}
{"time":"September 13, 1:29 pm","ts":1663055999,"status":200,"resp_time":3.319025}
{"time":"September 13, 2:04 pm","ts":1663058078,"status":200,"resp_time":2.864174}
{"time":"September 13, 2:26 pm","ts":1663059375,"status":200,"resp_time":3.957771}
{"time":"September 13, 2:53 pm","ts":1663061001,"status":200,"resp_time":3.65968}
{"time":"September 13, 3:15 pm","ts":1663062342,"status":200,"resp_time":3.648989}
{"time":"September 13, 3:26 pm","ts":1663063004,"status":200,"resp_time":3.40357}
{"time":"September 13, 3:56 pm","ts":1663064787,"status":200,"resp_time":3.211969}
{"time":"September 13, 4:17 pm","ts":1663066048,"status":200,"resp_time":3.660557}
{"time":"September 13, 4:27 pm","ts":1663066678,"status":200,"resp_time":3.32487}
{"time":"September 13, 4:53 pm","ts":1663068183,"status":200,"resp_time":3.24633}
{"time":"September 13, 5:10 pm","ts":1663069225,"status":200,"resp_time":3.331258}
{"time":"September 13, 5:25 pm","ts":1663070150,"status":200,"resp_time":2.83703}
{"time":"September 13, 6:15 pm","ts":1663073126,"status":200,"resp_time":3.268059}
{"time":"September 13, 7:04 pm","ts":1663076087,"status":200,"resp_time":3.293019}
{"time":"September 13, 7:40 pm","ts":1663078214,"status":200,"resp_time":2.887338}
{"time":"September 13, 8:08 pm","ts":1663079903,"status":200,"resp_time":3.359092}
{"time":"September 13, 8:23 pm","ts":1663080836,"status":200,"resp_time":3.236439}
{"time":"September 13, 8:50 pm","ts":1663082422,"status":200,"resp_time":3.306195}
{"time":"September 13, 9:17 pm","ts":1663084039,"status":200,