{"time":"September 20, 12:57 am","ts":1663615654,"status":200,"resp_time":3.283371}
{"time":"September 20, 1:11 am","ts":1663616510,"status":200,"resp_time":3.394211}
{"time":"September 20, 1:25 am","ts":1663617332,"status":200,"resp_time":3.033285}
{"time":"September 20, 1:52 am","ts":1663618947,"status":200,"resp_time":3.104815}
{"time":"September 20, 2:15 am","ts":1663620337,"status":200,"resp_time":3.050303}
{"time":"September 20, 2:26 am","ts":1663621019,"status":200,"resp_time":3.039608}
{"time":"September 20, 2:52 am","ts":1663622567,"status":200,"resp_time":3.044456}
{"time":"September 20, 3:13 am","ts":1663623793,"status":200,"resp_time":3.626971}
{"time":"September 20, 3:25 am","ts":1663624534,"status":200,"resp_time":3.43943}
{"time":"September 20, 3:49 am","ts":1663625950,"status":200,"resp_time":2.918759}
{"time":"September 20, 4:09 am","ts":1663627176,"status":200,"resp_time":2.854495}
{"time":"September 20, 4:22 am","ts":1663627953,"status":200,"resp_time":2.936199}
{"time":"September 20, 4:52 am","ts":1663629766,"status":200,"resp_time":2.854008}
{"time":"September 20, 5:18 am","ts":1663631282,"status":200,"resp_time":3.169643}
{"time":"September 20, 6:03 am","ts":1663634033,"status":200,"resp_time":3.297413}
{"time":"September 20, 8:53 am","ts":1663644202,"status":200,"resp_time":3.437373}
{"time":"September 20, 10:37 am","ts":1663650468,"status":200,"resp_time":3.386484}
{"time":"September 20, 11:46 am","ts":1663654613,"status":200,"resp_time":2.925212}
{"time":"September 20, 12:31 pm","ts":1663657303,"status":200,"resp_time":3.302517}
{"time":"September 20, 1:06 pm","ts":1663659389,"status":200,"resp_time":3.395414}
{"time":"September 20, 1:23 pm","ts":1663660389,"status":200,"resp_time":3.213661}
{"time":"September 20, 1:58 pm","ts":1663662493,"status":200,"resp_time":3.621382}
{"time":"September 20, 2:28 pm","ts":1663664291,"status":200,"resp_time":3.26948}
{"time":"September 20, 2:59 pm","ts":1663666183,"status":200,"resp_time":3.297321}
{"time":"September 20, 3:20 pm","ts":1663667424,"status":200,"resp_time":3.10911}
{"time":"September 20, 3:51 pm","ts":1663669306,"status":200,"resp_time":3.489899}
{"time":"September 20, 4:17 pm","ts":1663670837,"status":200,"resp_time":3.210147}
{"time":"September 20, 4:28 pm","ts":1663671501,"status":200,"resp_time":3.309729}
{"time":"September 20, 4:54 pm","ts":1663673040,"status":200,"resp_time":3.004597}
{"time":"September 20, 5:11 pm","ts":1663674072,"status":200,"resp_time":3.232368}
{"time":"September 20, 5:25 pm","ts":1663674942,"status":200,"resp_time":3.268701}
{"time":"September 20, 6:11 pm","ts":1663677698,"status":200,"resp_time":2.876599}
{"time":"September 20, 7:06 pm","ts":1663681019,"status":200,"resp_time":3.279245}
{"time":"September 20, 7:46 pm","ts":1663683418,"status":200,"resp_time":3.544335}
{"time":"September 20, 8:16 pm","ts":1663685171,"status":200,"resp_time":3.95224}
{"time":"September 20, 8:29 pm","ts":1663685979,"status":200,"resp_time":3.745819}
{"time":"September 20, 9:00 pm","ts":1663687848,"status":200,"resp_time":3.69703}
{"time":"September 20, 9:25 pm","ts":1663689303,"status":200,"resp_time":3.407831}
{"time":"September 20, 9:57 pm","ts":1663691232,"status":200,"resp_time":3.55157}
{"time":"September 20, 10:33 pm","ts":1663693405,"status":200,"resp_time":2.970419}
{"time":"September 20, 11:07 pm","ts":1663695425,"status":200,"resp_time":3.305343}
{"time":"September 20, 11:23 pm","ts":1663696438,"status":200,"resp_time":3.116941}
{"time":"September 20, 11:54 pm","ts":1663698253,"status":200,"resp_time":3.229941}
{"time":"September 21, 12:21 am","ts":1663699917,"status":200,"resp_time":3.311344}
{"time":"September 21, 12:46 am","ts":1663701401,"status":200,"resp_time":3.14819}
{"time":"September 21, 1:02 am","ts":1663702338,"status":200,"resp_time":3.048959}
{"time":"September 21, 1:16 am","ts":1663703185,"status":200,"resp_time":3.459329}
{"time":"September 21, 1:26 am","ts":1663703797,"status":200,"resp_time":3.289662}
{"time":"September 21, 1:55 am","ts":1663705500,"status":200,"resp_time":3.348066}
{"time":"September 21, 2:15 am","ts":1663706708,"status":200,"resp_time":3.008015}
{"time":"September 21, 2:26 am","ts":1663707408,"status":200,"resp_time":2.933077}
{"time":"September 21, 2:51 am","ts":1663708910,"status":200,"resp_time":3.351469}
{"time":"September 21, 3:13 am","ts":1663710189,"status":200,"resp_time":3.09484}
{"time":"September 21, 3:25 am","ts":1663710934,"status":200,"resp_time":3.266489}
{"time":"September 21, 3:54 am","ts":1663712679,"status":200,"resp_time":3.195148}
{"time":"September 21, 4:17 am","ts":1663714046,"status":200,"resp_time":3.294099}
{"time":"September 21, 4:28 am","ts":1663714680,"status":200,"resp_time":3.190811}
{"time":"September 21, 5:00 am","ts":1663716657,"status":200,"resp_time":3.190675}
{"time":"September 21, 5:26 am","ts":1663718181,"status":200,"resp_time":3.973491}
{"time":"September 21, 8:00 am","ts":1663727415,"status":200,"resp_time":3.178284}
{"time":"September 21, 10:03 am","ts":1663734832,"status":200,"resp_time":3.239252}
{"time":"September 21, 11:24 am","ts":1663739698,"status":200,"resp_time":3.233376}
{"time":"September 21, 12:24 pm","ts":1663743282,"status":200,"resp_time":3.149366}
{"time":"September 21, 1:11 pm","ts":1663746073,"status":200,"resp_time":3.852776}
{"time":"September 21, 1:40 pm","ts":1663747834,"status":200,"resp_time":3.265084}
{"time":"September 21, 2:19 pm","ts":1663750178,"status":200,"resp_time":3.278482}
{"time":"September 21, 2:40 pm","ts":1663751404,"status":200,"resp_time":3.458467}
{"time":"September 21, 3:07 pm","ts":1663753060,"status":200,"resp_time":3.307744}
{"time":"September 21, 3:24 pm","ts":1663754074,"status":200,"resp_time":3.140101}
{"time":"September 21, 3:51 pm","ts":1663755692,"status":200,"resp_time":3.225519}
{"time":"September 21, 4:16 pm","ts":1663757204,"status":200,"resp_time":3.215694}
{"time":"September 21, 4:27 pm","ts":1663757861,"status":200,"resp_time":3.07704}
{"time":"September 21, 4:52 pm","ts":1663759372,"status":200,"resp_time":3.391343}
{"time":"September 21, 5:10 pm","ts":1663760441,"status":200,"resp_time":3.813636}
{"time":"September 21, 5:25 pm","ts":1663761336,"status":200,"resp_time":3.373811}
{"time":"September 21, 6:13 pm","ts":1663764185,"status":200,"resp_time":3.338028}
{"time":"September 21, 7:08 pm","ts":1663767521,"status":200,"resp_time":3.022007}
{"time":"September 21, 7:47 pm","ts":1663769863,"status":200,"resp_time":3.100168}
{"time":"September 21, 8:14 pm","ts":1663771495,"status":200,"resp_time":3.519771}
{"time":"September 21, 8:28 pm","ts":1663772287,"status":200,"resp_time":3.10709}
{"time":"September 21, 8:59 pm","ts":1663774141,"status":200,"resp_time":3.162212}
{"time":"September 21, 9:20 pm","ts":1663775425,"status":200,"resp_time":3.300556}
{"time":"September 21, 9:59 pm","ts":1663777786,"status":200,"resp_time":2.97722}
{"time":"September 21, 10:40 pm","ts":1663780239,"status":200,"resp_time":3.008988}
{"time":"September 21, 11:17 pm","ts":1663782420,"status":200,"resp_time":3.530232}
{"time":"September 21, 11:29 pm","ts":1663783189,"status":200,"resp_time":3.521368}
{"time":"September 22, 12:07 am","ts":1663785462,"status":301,"resp_time":7.11761}
{"time":"September 22, 12:30 am","ts":1663786848,"status":200,"resp_time":3.644625}
{"time":"September 22, 12:58 am","ts":1663788493,"status":200,"resp_time":4.387222}
{"time":"September 22, 1:13 am","ts":1663789380,"status":200,"resp_time":3.588246}
{"time":"September 22, 1:25 am","ts":1663790144,"status":200,"resp_time":3.154689}
{"time":"September 22, 1:51 am","ts":1663791716,"status":200,"resp_time":3.161371}
{"time":"September 22, 2:14 am","ts":1663793093,"status":200,"resp_time":3.075303}
{"time":"September 22, 2:26 am","ts":1663793792,"status":200,"resp_time":3.151861}
{"time":"September 22, 2:50 am","ts":1663795235,"status":200,"resp_time":3.148338}
{"time":"September 22, 3:12 am","ts":1663796560,"status":200,"resp_time":3.040006}
