{"time":"August 24, 5:17 am","ts":1661298460,"status":200,"resp_time":2.950102}
{"time":"August 24, 5:28 am","ts":1661299085,"status":200,"resp_time":3.251426}
{"time":"August 24, 8:03 am","ts":1661308391,"status":200,"resp_time":3.494294}
{"time":"August 24, 9:48 am","ts":1661314723,"status":200,"resp_time":3.15013}
{"time":"August 24, 10:58 am","ts":1661318910,"status":200,"resp_time":3.323397}
{"time":"August 24, 11:27 am","ts":1661320646,"status":200,"resp_time":3.748244}
{"time":"August 24, 12:00 pm","ts":1661322650,"status":200,"resp_time":3.474854}
{"time":"August 24, 12:25 pm","ts":1661324129,"status":200,"resp_time":3.38806}
{"time":"August 24, 12:46 pm","ts":1661325383,"status":200,"resp_time":2.800952}
{"time":"August 24, 1:02 pm","ts":1661326324,"status":200,"resp_time":3.29811}
{"time":"August 24, 1:15 pm","ts":1661327134,"status":200,"resp_time":2.841054}
{"time":"August 24, 1:25 pm","ts":1661327756,"status":200,"resp_time":3.340648}
{"time":"August 24, 1:55 pm","ts":1661329519,"status":200,"resp_time":3.098059}
{"time":"August 24, 2:16 pm","ts":1661330799,"status":200,"resp_time":2.984331}
{"time":"August 24, 2:27 pm","ts":1661331461,"status":200,"resp_time":3.315021}
{"time":"August 24, 2:53 pm","ts":1661332989,"status":200,"resp_time":2.969294}
{"time":"August 24, 3:11 pm","ts":1661334064,"status":200,"resp_time":3.49337}
{"time":"August 24, 3:25 pm","ts":1661334930,"status":200,"resp_time":3.231743}
{"time":"August 24, 3:51 pm","ts":1661336462,"status":200,"resp_time":3.708601}
{"time":"August 24, 4:13 pm","ts":1661337797,"status":200,"resp_time":3.49256}
{"time":"August 24, 4:25 pm","ts":1661338552,"status":200,"resp_time":3.237478}
{"time":"August 24, 4:46 pm","ts":1661339782,"status":200,"resp_time":3.496274}
{"time":"August 24, 5:01 pm","ts":1661340669,"status":200,"resp_time":3.261322}
{"time":"August 24, 5:16 pm","ts":1661341565,"status":200,"resp_time":3.173476}
{"time":"August 24, 5:25 pm","ts":1661342148,"status":200,"resp_time":3.460744}
{"time":"August 24, 6:07 pm","ts":1661344673,"status":200,"resp_time":3.754378}
{"time":"August 24, 6:51 pm","ts":1661347272,"status":200,"resp_time":3.919196}
{"time":"August 24, 7:23 pm","ts":1661349220,"status":200,"resp_time":3.040791}
{"time":"August 24, 7:45 pm","ts":1661350554,"status":200,"resp_time":3.864199}
{"time":"August 24, 8:02 pm","ts":1661351551,"status":200,"resp_time":3.167719}
{"time":"August 24, 8:16 pm","ts":1661352366,"status":200,"resp_time":3.12816}
{"time":"August 24, 8:26 pm","ts":1661352987,"status":200,"resp_time":3.327305}
{"time":"August 24, 8:51 pm","ts":1661354505,"status":200,"resp_time":3.016528}
{"time":"August 24, 9:12 pm","ts":1661355769,"status":200,"resp_time":2.960833}
{"time":"August 24, 9:25 pm","ts":1661356540,"status":200,"resp_time":3.328237}
{"time":"August 24, 9:55 pm","ts":1661358330,"status":200,"resp_time":3.27746}
{"time":"August 24, 10:24 pm","ts":1661360048,"status":200,"resp_time":2.998604}
{"time":"August 24, 10:48 pm","ts":1661361512,"status":200,"resp_time":3.118614}
{"time":"August 24, 11:06 pm","ts":1661362593,"status":200,"resp_time":3.267905}
{"time":"August 24, 11:18 pm","ts":1661363316,"status":200,"resp_time":3.287149}
{"time":"August 24, 11:28 pm","ts":1661363936,"status":200,"resp_time":2.933161}
{"time":"August 25, 12:09 am","ts":1661366356,"status":200,"resp_time":3.35762}
{"time":"August 25, 12:29 am","ts":1661367563,"status":200,"resp_time":3.35633}
{"time":"August 25, 12:51 am","ts":1661368863,"status":200,"resp_time":2.920582}
{"time":"August 25, 1:06 am","ts":1661369795,"status":200,"resp_time":3.294739}
{"time":"August 25, 1:16 am","ts":1661370415,"status":200,"resp_time":3.218191}
{"time":"August 25, 1:27 am","ts":1661371039,"status":200,"resp_time":2.910301}
{"time":"August 25, 1:53 am","ts":1661372618,"status":200,"resp_time":2.96713}
{"time":"August 25, 2:11 am","ts":1661373661,"status":200,"resp_time":3.146589}
{"time":"August 25, 2:25 am","ts":1661374526,"status":200,"resp_time":3.084451}
{"time":"August 25, 2:45 am","ts":1661375744,"status":200,"resp_time":3.045148}
{"time":"August 25, 3:01 am","ts":1661376716,"status":200,"resp_time":3.053898}
{"time":"August 25, 3:15 am","ts":1661377558,"status":200,"resp_time":3.126099}
{"time":"August 25, 3:26 am","ts":1661378185,"status":200,"resp_time":3.483262}
{"time":"August 25, 3:50 am","ts":1661379645,"status":200,"resp_time":3.380936}
{"time":"August 25, 4:11 am","ts":1661380869,"status":200,"resp_time":2.850208}
{"time":"August 25, 4:25 am","ts":1661381731,"status":200,"resp_time":3.03668}
{"time":"August 25, 4:49 am","ts":1661383146,"status":200,"resp_time":3.122374}
{"time":"August 25, 5:07 am","ts":1661384271,"status":200,"resp_time":2.912537}
{"time":"August 25, 5:20 am","ts":1661385019,"status":200,"resp_time":3.400292}
{"time":"August 25, 7:24 am","ts":1661392475,"status":200,"resp_time":3.067787}
{"time":"August 25, 9:40 am","ts":1661400651,"status":200,"resp_time":3.188796}
{"time":"August 25, 11:07 am","ts":1661405829,"status":200,"resp_time":3.563712}
{"time":"August 25, 11:45 am","ts":1661408114,"status":200,"resp_time":3.62635}
{"time":"August 25, 12:23 pm","ts":1661410434,"status":200,"resp_time":3.340447}
{"time":"August 25, 12:52 pm","ts":1661412169,"status":200,"resp_time":3.063845}
{"time":"August 25, 1:12 pm","ts":1661413324,"status":200,"resp_time":3.186463}
{"time":"August 25, 1:25 pm","ts":1661414132,"status":200,"resp_time":3.282543}
{"time":"August 25, 1:54 pm","ts":1661415899,"status":200,"resp_time":3.025311}
{"time":"August 25, 2:17 pm","ts":1661417279,"status":200,"resp_time":3.239451}
{"time":"August 25, 2:29 pm","ts":1661417954,"status":200,"resp_time":3.350827}
{"time":"August 25, 2:55 pm","ts":1661419528,"status":200,"resp_time":3.617782}
{"time":"August 25, 3:12 pm","ts":1661420521,"status":200,"resp_time":3.194463}
{"time":"August 25, 3:25 pm","ts":1661421333,"status":200,"resp_time":3.068265}
{"time":"August 25, 3:50 pm","ts":1661422853,"status":200,"resp_time":3.199487}
{"time":"August 25, 4:15 pm","ts":1661424305,"status":200,"resp_time":3.238212}
{"time":"August 25, 4:25 pm","ts":1661424945,"status":200,"resp_time":3.304001}
{"time":"August 25, 4:47 pm","ts":1661426231,"status":200,"resp_time":3.562631}
{"time":"August 25, 5:03 pm","ts":1661427234,"status":200,"resp_time":3.092188}
{"time":"August 25, 5:16 pm","ts":1661427962,"status":200,"resp_time":3.098139}
{"time":"August 25, 5:26 pm","ts":1661428581,"status":200,"resp_time":3.226842}
{"time":"August 25, 6:10 pm","ts":1661431238,"status":200,"resp_time":3.00751}
{"time":"August 25, 6:59 pm","ts":1661434148,"status":200,"resp_time":3.408152}
{"time":"August 25, 7:28 pm","ts":1661435923,"status":200,"resp_time":3.182466}
{"time":"August 25, 7:53 pm","ts":1661437382,"status":200,"resp_time":3.117852}
{"time":"August 25, 8:09 pm","ts":1661438368,"status":200,"resp_time":3.545326}
{"time":"August 25, 8:19 pm","ts":1661438983,"status":200,"resp_time":3.170966}
{"time":"August 25, 8:30 pm","ts":1661439602,"status":200,"resp_time":3.100259}
{"time":"August 25, 8:57 pm","ts":1661441258,"status":200,"resp_time":2.816774}
{"time":"August 25, 9:16 pm","ts":1661442373,"status":200,"resp_time":3.163891}
{"time":"August 25, 9:26 pm","ts":1661442988,"status":200,"resp_time":3.382486}
{"time":"August 25, 9:58 pm","ts":1661444916,"status":200,"resp_time":3.481158}
{"time":"August 25, 10:29 pm","ts":1661446766,"status":200,"resp_time":3.486908}
{"time":"August 25, 10:55 pm","ts":1661448358,"status":200,"resp_time":3.219832}
{"time":"August 25, 11:12 pm","ts":1661449354,"status":200,"resp_time":3.502143}
{"time":"August 25, 11:25 pm","ts":1661450130,"status":200,"resp_time":3.112996}
{"time":"August 25, 11:51 pm","ts":1661451708,"status":200,"resp_time":3.227353}
