{"time":"September 22, 4:56 am","ts":1663802816,"status":200,"resp_time":0.468439}
{"time":"September 22, 5:18 am","ts":1663804097,"status":200,"resp_time":0.024434}
{"time":"September 22, 6:00 am","ts":1663806659,"status":200,"resp_time":0.024263}
{"time":"September 22, 8:49 am","ts":1663816783,"status":200,"resp_time":0.025366}
{"time":"September 22, 10:29 am","ts":1663822778,"status":200,"resp_time":0.202954}
{"time":"September 22, 11:40 am","ts":1663827019,"status":200,"resp_time":0.226248}
{"time":"September 22, 12:33 pm","ts":1663830211,"status":200,"resp_time":0.175495}
{"time":"September 22, 1:15 pm","ts":1663832752,"status":200,"resp_time":0.369126}
{"time":"September 22, 1:30 pm","ts":1663833641,"status":200,"resp_time":0.171742}
{"time":"September 22, 2:10 pm","ts":1663836024,"status":200,"resp_time":0.190048}
{"time":"September 22, 2:32 pm","ts":1663837356,"status":200,"resp_time":0.378625}
{"time":"September 22, 3:05 pm","ts":1663839322,"status":200,"resp_time":0.401942}
{"time":"September 22, 3:23 pm","ts":1663840426,"status":200,"resp_time":0.176349}
{"time":"September 22, 3:51 pm","ts":1663842078,"status":200,"resp_time":0.144672}
{"time":"September 22, 4:16 pm","ts":1663843606,"status":200,"resp_time":0.057839}
{"time":"September 22, 4:27 pm","ts":1663844273,"status":200,"resp_time":0.045204}
{"time":"September 22, 4:53 pm","ts":1663845787,"status":200,"resp_time":0.404389}
{"time":"September 22, 5:10 pm","ts":1663846844,"status":200,"resp_time":0.024085}
{"time":"September 22, 5:25 pm","ts":1663847733,"status":200,"resp_time":0.333529}
{"time":"September 22, 6:10 pm","ts":1663850408,"status":200,"resp_time":0.196209}
{"time":"September 22, 7:02 pm","ts":1663853553,"status":200,"resp_time":0.043457}
{"time":"September 22, 7:38 pm","ts":1663855732,"status":200,"resp_time":0.183852}
{"time":"September 22, 8:08 pm","ts":1663857518,"status":200,"resp_time":0.026525}
{"time":"September 22, 8:24 pm","ts":1663858467,"status":200,"resp_time":0.035003}
{"time":"September 22, 8:50 pm","ts":1663860028,"status":200,"resp_time":0.041853}
{"time":"September 22, 9:18 pm","ts":1663861683,"status":200,"resp_time":0.050816}
{"time":"September 22, 9:29 pm","ts":1663862398,"status":200,"resp_time":0.042248}
{"time":"September 22, 10:11 pm","ts":1663864898,"status":200,"resp_time":0.023894}
{"time":"September 22, 10:49 pm","ts":1663867143,"status":200,"resp_time":0.042767}
{"time":"September 22, 11:17 pm","ts":1663868852,"status":200,"resp_time":0.468087}
{"time":"September 22, 11:29 pm","ts":1663869570,"status":200,"resp_time":0.378703}
{"time":"September 23, 12:04 am","ts":1663871640,"status":200,"resp_time":0.175445}
{"time":"September 23, 12:26 am","ts":1663873002,"status":200,"resp_time":0.0446}
{"time":"September 23, 12:49 am","ts":1663874384,"status":200,"resp_time":0.16898}
{"time":"September 23, 1:03 am","ts":1663875220,"status":200,"resp_time":0.199247}
{"time":"September 23, 1:16 am","ts":1663875970,"status":200,"resp_time":0.208666}
{"time":"September 23, 1:26 am","ts":1663876599,"status":200,"resp_time":0.240893}
{"time":"September 23, 1:55 am","ts":1663878327,"status":200,"resp_time":0.196447}
{"time":"September 23, 2:15 am","ts":1663879529,"status":200,"resp_time":0.194368}
{"time":"September 23, 2:27 am","ts":1663880225,"status":200,"resp_time":0.461721}
{"time":"September 23, 2:52 am","ts":1663881752,"status":200,"resp_time":0.024462}
{"time":"September 23, 3:13 am","ts":1663883002,"status":200,"resp_time":0.472925}
{"time":"September 23, 3:25 am","ts":1663883730,"status":200,"resp_time":0.024053}
{"time":"September 23, 3:51 am","ts":1663885270,"status":200,"resp_time":0.146944}
{"time":"September 23, 4:15 am","ts":1663886708,"status":200,"resp_time":0.167726}
{"time":"September 23, 4:26 am","ts":1663887387,"status":200,"resp_time":0.183471}
{"time":"September 23, 4:54 am","ts":1663889097,"status":200,"resp_time":0.020632}
{"time":"September 23, 5:16 am","ts":1663890360,"status":200,"resp_time":0.019663}
{"time":"September 23, 5:29 am","ts":1663891180,"status":200,"resp_time":0.175538}
{"time":"September 23, 8:20 am","ts":1663901453,"status":200,"resp_time":0.382037}
{"time":"September 23, 10:17 am","ts":1663908441,"status":200,"resp_time":0.04485}
{"time":"September 23, 11:24 am","ts":1663912447,"status":200,"resp_time":0.020323}
{"time":"September 23, 12:17 pm","ts":1663915621,"status":200,"resp_time":0.386138}
{"time":"September 23, 12:51 pm","ts":1663917687,"status":200,"resp_time":0.025327}
{"time":"September 23, 1:24 pm","ts":1663919655,"status":200,"resp_time":0.395664}
{"time":"September 23, 1:55 pm","ts":1663921536,"status":200,"resp_time":0.457953}
{"time":"September 23, 2:24 pm","ts":1663923260,"status":200,"resp_time":0.042025}
{"time":"September 23, 2:52 pm","ts":1663924934,"status":200,"resp_time":0.44712}
{"time":"September 23, 3:16 pm","ts":1663926401,"status":200,"resp_time":0.462193}
{"time":"September 23, 3:27 pm","ts":1663927069,"status":200,"resp_time":0.376938}
{"time":"September 23, 4:00 pm","ts":1663929003,"status":200,"resp_time":0.198854}
{"time":"September 23, 4:19 pm","ts":1663930197,"status":200,"resp_time":0.404441}
{"time":"September 23, 4:30 pm","ts":1663930817,"status":200,"resp_time":0.186325}
{"time":"September 23, 4:58 pm","ts":1663932518,"status":200,"resp_time":0.170381}
{"time":"September 23, 5:14 pm","ts":1663933472,"status":200,"resp_time":0.023041}
{"time":"September 23, 5:25 pm","ts":1663934133,"status":200,"resp_time":0.192179}
{"time":"September 23, 6:09 pm","ts":1663936768,"status":200,"resp_time":0.02665}
{"time":"September 23, 7:03 pm","ts":1663940005,"status":200,"resp_time":0.027876}
{"time":"September 23, 7:48 pm","ts":1663942705,"status":200,"resp_time":0.027136}
{"time":"September 23, 8:19 pm","ts":1663944582,"status":200,"resp_time":0.195351}
{"time":"September 23, 8:37 pm","ts":1663945641,"status":200,"resp_time":0.170132}
{"time":"September 23, 9:08 pm","ts":1663947488,"status":200,"resp_time":0.363805}
{"time":"September 23, 9:27 pm","ts":1663948621,"status":200,"resp_time":0.152616}
{"time":"September 23, 10:06 pm","ts":1663950996,"status":200,"resp_time":0.041433}
{"time":"September 23, 10:46 pm","ts":1663953385,"status":200,"resp_time":0.187244}
{"time":"September 23, 11:18 pm","ts":1663955321,"status":200,"resp_time":0.026158}
{"time":"September 23, 11:37 pm","ts":1663956452,"status":200,"resp_time":0.149793}
{"time":"September 24, 12:14 am","ts":1663958657,"status":200,"resp_time":0.405001}
{"time":"September 24, 12:34 am","ts":1663959859,"status":200,"resp_time":0.39596}
{"time":"September 24, 12:57 am","ts":1663961277,"status":200,"resp_time":0.20203}
{"time":"September 24, 1:12 am","ts":1663962161,"status":200,"resp_time":0.226115}
{"time":"September 24, 1:25 am","ts":1663962938,"status":200,"resp_time":0.189148}
{"time":"September 24, 1:51 am","ts":1663964508,"status":200,"resp_time":0.044303}
{"time":"September 24, 2:14 am","ts":1663965898,"status":200,"resp_time":0.044997}
{"time":"September 24, 2:26 am","ts":1663966600,"status":200,"resp_time":0.46394}
{"time":"September 24, 2:50 am","ts":1663968045,"status":200,"resp_time":0.143933}
{"time":"September 24, 3:12 am","ts":1663969371,"status":200,"resp_time":0.192361}
{"time":"September 24, 3:25 am","ts":1663970130,"status":200,"resp_time":0.173767}
{"time":"September 24, 3:54 am","ts":1663971856,"status":200,"resp_time":0.047287}
{"time":"September 24, 4:17 am","ts":1663973247,"status":200,"resp_time":0.024311}
{"time":"September 24, 4:28 am","ts":1663973892,"status":200,"resp_time":0.043639}
{"time":"September 24, 4:59 am","ts":1663975778,"status":200,"resp_time":0.042784}
