{"time":"August 20, 1:56 am","ts":1660940818,"status":200,"resp_time":0.049893}
{"time":"August 20, 2:13 am","ts":1660941782,"status":200,"resp_time":0.198641}
{"time":"August 20, 2:25 am","ts":1660942536,"status":200,"resp_time":0.405133}
{"time":"August 20, 2:45 am","ts":1660943759,"status":200,"resp_time":0.044019}
{"time":"August 20, 3:02 am","ts":1660944723,"status":200,"resp_time":0.02143}
{"time":"August 20, 3:15 am","ts":1660945546,"status":200,"resp_time":0.02328}
{"time":"August 20, 3:26 am","ts":1660946166,"status":200,"resp_time":0.373388}
{"time":"August 20, 3:51 am","ts":1660947661,"status":200,"resp_time":0.193577}
{"time":"August 20, 4:11 am","ts":1660948915,"status":200,"resp_time":0.376456}
{"time":"August 20, 4:25 am","ts":1660949734,"status":200,"resp_time":0.042944}
{"time":"August 20, 4:47 am","ts":1660951061,"status":200,"resp_time":0.192484}
{"time":"August 20, 5:04 am","ts":1660952073,"status":200,"resp_time":0.028089}
{"time":"August 20, 5:16 am","ts":1660952787,"status":200,"resp_time":0.190983}
{"time":"August 20, 5:26 am","ts":1660953413,"status":200,"resp_time":0.024814}
{"time":"August 20, 7:40 am","ts":1660961455,"status":200,"resp_time":0.196481}
{"time":"August 20, 9:14 am","ts":1660967071,"status":200,"resp_time":0.025419}
{"time":"August 20, 9:47 am","ts":1660969068,"status":200,"resp_time":0.399244}
{"time":"August 20, 10:22 am","ts":1660971130,"status":200,"resp_time":0.128542}
{"time":"August 20, 10:48 am","ts":1660972681,"status":200,"resp_time":0.021506}
{"time":"August 20, 11:04 am","ts":1660973665,"status":200,"resp_time":0.023369}
{"time":"August 20, 11:15 am","ts":1660974328,"status":200,"resp_time":0.042776}
{"time":"August 20, 11:25 am","ts":1660974955,"status":200,"resp_time":0.381648}
{"time":"August 20, 11:52 am","ts":1660976554,"status":200,"resp_time":0.024348}
{"time":"August 20, 12:16 pm","ts":1660977982,"status":200,"resp_time":0.041061}
{"time":"August 20, 12:26 pm","ts":1660978613,"status":200,"resp_time":0.217065}
{"time":"August 20, 12:49 pm","ts":1660979966,"status":200,"resp_time":0.378933}
{"time":"August 20, 1:02 pm","ts":1660980749,"status":200,"resp_time":0.040498}
{"time":"August 20, 1:15 pm","ts":1660981532,"status":200,"resp_time":0.302858}
{"time":"August 20, 1:25 pm","ts":1660982154,"status":200,"resp_time":0.201828}
{"time":"August 20, 1:54 pm","ts":1660983846,"status":200,"resp_time":0.184398}
{"time":"August 20, 2:15 pm","ts":1660985135,"status":200,"resp_time":0.222562}
{"time":"August 20, 2:26 pm","ts":1660985796,"status":200,"resp_time":0.394772}
{"time":"August 20, 2:49 pm","ts":1660987153,"status":200,"resp_time":0.126102}
{"time":"August 20, 3:04 pm","ts":1660988081,"status":200,"resp_time":0.021307}
{"time":"August 20, 3:16 pm","ts":1660988780,"status":200,"resp_time":0.40274}
{"time":"August 20, 3:26 pm","ts":1660989403,"status":200,"resp_time":0.303779}
{"time":"August 20, 3:52 pm","ts":1660990923,"status":200,"resp_time":0.156059}
{"time":"August 20, 4:11 pm","ts":1660992076,"status":200,"resp_time":0.031879}
{"time":"August 20, 4:25 pm","ts":1660992936,"status":200,"resp_time":0.19161}
{"time":"August 20, 4:44 pm","ts":1660994098,"status":200,"resp_time":0.048604}
{"time":"August 20, 4:59 pm","ts":1660994974,"status":200,"resp_time":0.043718}
{"time":"August 20, 5:10 pm","ts":1660995619,"status":200,"resp_time":0.029106}
{"time":"August 20, 5:25 pm","ts":1660996537,"status":200,"resp_time":0.296039}
{"time":"August 20, 6:01 pm","ts":1660998692,"status":200,"resp_time":0.025498}
{"time":"August 20, 6:36 pm","ts":1661000788,"status":200,"resp_time":0.034641}
{"time":"August 20, 7:05 pm","ts":1661002546,"status":200,"resp_time":0.033613}
{"time":"August 20, 7:18 pm","ts":1661003324,"status":200,"resp_time":0.024252}
{"time":"August 20, 7:29 pm","ts":1661003958,"status":200,"resp_time":0.396523}
{"time":"August 20, 7:51 pm","ts":1661005309,"status":200,"resp_time":0.045312}
{"time":"August 20, 8:08 pm","ts":1661006293,"status":200,"resp_time":0.293606}
{"time":"August 20, 8:18 pm","ts":1661006921,"status":200,"resp_time":0.057859}
{"time":"August 20, 8:28 pm","ts":1661007539,"status":200,"resp_time":0.030643}
{"time":"August 20, 8:55 pm","ts":1661009117,"status":200,"resp_time":0.124421}
{"time":"August 20, 9:11 pm","ts":1661010107,"status":200,"resp_time":0.127763}
{"time":"August 20, 9:25 pm","ts":1661010929,"status":200,"resp_time":0.159258}
{"time":"August 20, 9:53 pm","ts":1661012588,"status":200,"resp_time":0.178813}
{"time":"August 20, 10:23 pm","ts":1661014381,"status":200,"resp_time":0.403142}
{"time":"August 20, 10:47 pm","ts":1661015823,"status":200,"resp_time":0.0239}
{"time":"August 20, 11:04 pm","ts":1661016848,"status":200,"resp_time":0.296891}
{"time":"August 20, 11:15 pm","ts":1661017531,"status":200,"resp_time":0.041813}
{"time":"August 20, 11:25 pm","ts":1661018153,"status":200,"resp_time":0.022168}
{"time":"August 20, 11:52 pm","ts":1661019725,"status":200,"resp_time":0.145519}
{"time":"August 21, 12:14 am","ts":1661021084,"status":200,"resp_time":0.309721}
{"time":"August 21, 12:25 am","ts":1661021735,"status":200,"resp_time":0.400809}
{"time":"August 21, 12:44 am","ts":1661022847,"status":200,"resp_time":0.051919}
{"time":"August 21, 12:57 am","ts":1661023646,"status":200,"resp_time":0.188626}
{"time":"August 21, 1:08 am","ts":1661024324,"status":200,"resp_time":0.221476}
{"time":"August 21, 1:19 am","ts":1661024959,"status":200,"resp_time":0.37842}
{"time":"August 21, 1:29 am","ts":1661025578,"status":200,"resp_time":0.175123}
{"time":"August 21, 1:55 am","ts":1661027128,"status":200,"resp_time":0.390604}
{"time":"August 21, 2:10 am","ts":1661028039,"status":200,"resp_time":1.89941}
{"time":"August 21, 2:25 am","ts":1661028943,"status":200,"resp_time":0.303041}
{"time":"August 21, 2:46 am","ts":1661030201,"status":200,"resp_time":0.044979}
{"time":"August 21, 3:04 am","ts":1661031284,"status":200,"resp_time":0.025675}
{"time":"August 21, 3:20 am","ts":1661032231,"status":200,"resp_time":0.028131}
{"time":"August 21, 3:46 am","ts":1661033785,"status":200,"resp_time":0.307617}
{"time":"August 21, 4:04 am","ts":1661034860,"status":200,"resp_time":0.378828}
{"time":"August 21, 4:16 am","ts":1661035568,"status":200,"resp_time":0.043551}
{"time":"August 21, 4:26 am","ts":1661036190,"status":200,"resp_time":0.378588}
{"time":"August 21, 4:48 am","ts":1661037528,"status":200,"resp_time":0.051034}
{"time":"August 21, 5:03 am","ts":1661038431,"status":200,"resp_time":0.044515}
{"time":"August 21, 5:15 am","ts":1661039157,"status":200,"resp_time":0.040986}
{"time":"August 21, 5:26 am","ts":1661039775,"status":200,"resp_time":0.027708}
{"time":"August 21, 7:27 am","ts":1661047031,"status":200,"resp_time":0.060701}
{"time":"August 21, 9:13 am","ts":1661053429,"status":200,"resp_time":0.301184}
{"time":"August 21, 9:51 am","ts":1661055666,"status":200,"resp_time":0.188523}
{"time":"August 21, 10:23 am","ts":1661057625,"status":200,"resp_time":0.187845}
{"time":"August 21, 10:48 am","ts":1661059099,"status":200,"resp_time":0.202451}
{"time":"August 21, 11:05 am","ts":1661060102,"status":200,"resp_time":0.191816}
{"time":"August 21, 11:15 am","ts":1661060734,"status":200,"resp_time":0.171639}
{"time":"August 21, 11:25 am","ts":1661061358,"status":200,"resp_time":0.344223}
{"time":"August 21, 11:53 am","ts":1661062996,"status":200,"resp_time":0.179596}
{"time":"August 21, 12:16 pm","ts":1661064399,"status":200,"resp_time":0.041191}
{"time":"August 21, 12:27 pm","ts":1661065031,"status":200,"resp_time":0.02572}
{"time":"August 21, 12:49 pm","ts":1661066393,"status":200,"resp_time":0.022436}
{"time":"August 21, 1:02 pm","ts":1661067178,"status":200,"resp_time":0.046004}
{"time":"August 21, 1:15 pm","ts":1661067935,"status":200,"resp_time":0.410155}
{"time":"August 21, 1:26 pm","ts":1661068562,"status":200,"resp_time":0.025657}
{"time":"August 21, 1:53 pm","ts":1661070181,"status":200,"resp_time":0.027054}
