{"time":"November 16, 10:03 pm","ts":1668616429,"status":200,"resp_time":0.096962}
{"time":"November 16, 10:25 pm","ts":1668617751,"status":200,"resp_time":0.154634}
{"time":"November 16, 10:47 pm","ts":1668619025,"status":200,"resp_time":0.033813}
{"time":"November 16, 11:03 pm","ts":1668619989,"status":200,"resp_time":0.106653}
{"time":"November 16, 11:15 pm","ts":1668620731,"status":200,"resp_time":0.14738}
{"time":"November 16, 11:25 pm","ts":1668621354,"status":200,"resp_time":0.027011}
{"time":"November 16, 11:52 pm","ts":1668622974,"status":200,"resp_time":0.025202}
{"time":"November 17, 12:14 am","ts":1668624258,"status":200,"resp_time":0.025414}
{"time":"November 17, 12:25 am","ts":1668624931,"status":200,"resp_time":0.039865}
{"time":"November 17, 12:44 am","ts":1668626048,"status":200,"resp_time":0.168048}
{"time":"November 17, 12:56 am","ts":1668626800,"status":200,"resp_time":0.106341}
{"time":"November 17, 1:08 am","ts":1668627487,"status":200,"resp_time":0.17432}
{"time":"November 17, 1:18 am","ts":1668628122,"status":200,"resp_time":0.02574}
{"time":"November 17, 1:29 am","ts":1668628742,"status":200,"resp_time":0.098716}
{"time":"November 17, 1:55 am","ts":1668630301,"status":200,"resp_time":0.046599}
{"time":"November 17, 2:09 am","ts":1668631169,"status":200,"resp_time":0.040022}
{"time":"November 17, 2:19 am","ts":1668631793,"status":200,"resp_time":0.129187}
{"time":"November 17, 2:30 am","ts":1668632413,"status":200,"resp_time":0.041697}
{"time":"November 17, 2:54 am","ts":1668633863,"status":200,"resp_time":0.025262}
{"time":"November 17, 3:07 am","ts":1668634651,"status":200,"resp_time":0.145388}
{"time":"November 17, 3:18 am","ts":1668635284,"status":200,"resp_time":0.047503}
{"time":"November 17, 3:28 am","ts":1668635900,"status":200,"resp_time":0.042416}
{"time":"November 17, 3:52 am","ts":1668637362,"status":200,"resp_time":0.025179}
{"time":"November 17, 4:19 am","ts":1668638990,"status":200,"resp_time":0.022975}
{"time":"November 17, 4:30 am","ts":1668639618,"status":200,"resp_time":0.030063}
{"time":"November 17, 4:57 am","ts":1668641230,"status":200,"resp_time":0.027009}
{"time":"November 17, 5:11 am","ts":1668642086,"status":200,"resp_time":0.025341}
{"time":"November 17, 5:25 am","ts":1668642934,"status":200,"resp_time":0.19018}
{"time":"November 17, 7:09 am","ts":1668649152,"status":200,"resp_time":0.022751}
{"time":"November 17, 8:34 am","ts":1668654283,"status":200,"resp_time":0.163817}
{"time":"November 17, 9:17 am","ts":1668656845,"status":200,"resp_time":0.144045}
{"time":"November 17, 9:30 am","ts":1668657646,"status":200,"resp_time":0.047685}
{"time":"November 17, 10:03 am","ts":1668659632,"status":200,"resp_time":0.038011}
{"time":"November 17, 10:21 am","ts":1668660669,"status":200,"resp_time":0.119633}
{"time":"November 17, 10:46 am","ts":1668662176,"status":200,"resp_time":0.031041}
{"time":"November 17, 11:01 am","ts":1668663111,"status":200,"resp_time":0.038115}
{"time":"November 17, 11:15 am","ts":1668663932,"status":200,"resp_time":0.173158}
{"time":"November 17, 11:25 am","ts":1668664555,"status":200,"resp_time":0.14688}
{"time":"November 17, 11:53 am","ts":1668666182,"status":200,"resp_time":0.183298}
{"time":"November 17, 12:15 pm","ts":1668667513,"status":200,"resp_time":0.041629}
{"time":"November 17, 12:25 pm","ts":1668668136,"status":200,"resp_time":0.028109}
{"time":"November 17, 12:45 pm","ts":1668669353,"status":200,"resp_time":0.158587}
{"time":"November 17, 12:59 pm","ts":1668670169,"status":200,"resp_time":0.108177}
{"time":"November 17, 1:09 pm","ts":1668670785,"status":200,"resp_time":0.043771}
{"time":"November 17, 1:20 pm","ts":1668671405,"status":200,"resp_time":0.020712}
{"time":"November 17, 1:37 pm","ts":1668672456,"status":200,"resp_time":0.03738}
{"time":"November 17, 2:07 pm","ts":1668674231,"status":200,"resp_time":0.106726}
{"time":"November 17, 2:22 pm","ts":1668675147,"status":200,"resp_time":0.024224}
{"time":"November 17, 2:46 pm","ts":1668676587,"status":200,"resp_time":0.169403}
{"time":"November 17, 3:02 pm","ts":1668677531,"status":200,"resp_time":0.042082}
{"time":"November 17, 3:15 pm","ts":1668678336,"status":200,"resp_time":0.182856}
{"time":"November 17, 3:26 pm","ts":1668678960,"status":200,"resp_time":0.023363}
{"time":"November 17, 3:49 pm","ts":1668680399,"status":200,"resp_time":0.145646}
{"time":"November 17, 4:07 pm","ts":1668681461,"status":200,"resp_time":0.024321}
{"time":"November 17, 4:18 pm","ts":1668682132,"status":200,"resp_time":0.037671}
{"time":"November 17, 4:29 pm","ts":1668682758,"status":200,"resp_time":0.10894}
{"time":"November 17, 4:49 pm","ts":1668683976,"status":200,"resp_time":0.097179}
{"time":"November 17, 4:59 pm","ts":1668684590,"status":200,"resp_time":0.02785}
{"time":"November 17, 5:10 pm","ts":1668685204,"status":200,"resp_time":0.189254}
{"time":"November 17, 6:05 pm","ts":1668688545,"status":200,"resp_time":0.060675}
{"time":"November 17, 6:47 pm","ts":1668691022,"status":200,"resp_time":0.04778}
{"time":"November 17, 7:16 pm","ts":1668692813,"status":200,"resp_time":0.135875}
{"time":"November 17, 7:27 pm","ts":1668693430,"status":200,"resp_time":0.039401}
{"time":"November 17, 7:49 pm","ts":1668694778,"status":200,"resp_time":0.110332}
{"time":"November 17, 8:03 pm","ts":1668695624,"status":200,"resp_time":0.179732}
{"time":"November 17, 8:15 pm","ts":1668696343,"status":200,"resp_time":0.195976}
{"time":"November 17, 8:26 pm","ts":1668696966,"status":200,"resp_time":0.095392}
{"time":"November 17, 8:49 pm","ts":1668698393,"status":200,"resp_time":0.165958}
{"time":"November 17, 9:07 pm","ts":1668699445,"status":200,"resp_time":0.132494}
{"time":"November 17, 9:19 pm","ts":1668700145,"status":200,"resp_time":0.030156}
{"time":"November 17, 9:29 pm","ts":1668700762,"status":200,"resp_time":0.042613}
{"time":"November 17, 10:05 pm","ts":1668702912,"status":200,"resp_time":0.038414}
{"time":"November 17, 10:28 pm","ts":1668704306,"status":200,"resp_time":0.029424}
{"time":"November 17, 10:53 pm","ts":1668705799,"status":200,"resp_time":0.041742}
{"time":"November 17, 11:09 pm","ts":1668706779,"status":200,"resp_time":0.113163}
{"time":"November 17, 11:19 pm","ts":1668707396,"status":200,"resp_time":0.213745}
{"time":"November 17, 11:30 pm","ts":1668708013,"status":200,"resp_time":0.146426}
{"time":"November 17, 11:59 pm","ts":1668709786,"status":200,"resp_time":0.025669}
{"time":"November 18, 12:17 am","ts":1668710831,"status":200,"resp_time":0.04009}
{"time":"November 18, 12:27 am","ts":1668711472,"status":200,"resp_time":0.042725}
{"time":"November 18, 12:48 am","ts":1668712683,"status":200,"resp_time":0.042697}
{"time":"November 18, 12:58 am","ts":1668713304,"status":200,"resp_time":0.152495}
{"time":"November 18, 1:09 am","ts":1668713952,"status":200,"resp_time":0.039653}
{"time":"November 18, 1:19 am","ts":1668714578,"status":200,"resp_time":0.020499}
{"time":"November 18, 1:30 am","ts":1668715211,"status":200,"resp_time":0.057178}
{"time":"November 18, 1:55 am","ts":1668716740,"status":200,"resp_time":0.02367}
{"time":"November 18, 2:09 am","ts":1668717590,"status":200,"resp_time":0.037531}
{"time":"November 18, 2:20 am","ts":1668718208,"status":200,"resp_time":0.021635}
{"time":"November 18, 2:31 am","ts":1668718884,"status":200,"resp_time":0.042144}
{"time":"November 18, 2:54 am","ts":1668720288,"status":200,"resp_time":0.21699}
{"time":"November 18, 3:07 am","ts":1668721059,"status":200,"resp_time":0.03839}
{"time":"November 18, 3:18 am","ts":1668721681,"status":200,"resp_time":0.17773}
