{"time":"October 22, 2:26 pm","ts":1666428960,"status":200,"resp_time":0.026302}
{"time":"October 22, 2:54 pm","ts":1666430679,"status":200,"resp_time":0.127062}
{"time":"October 22, 3:18 pm","ts":1666432083,"status":200,"resp_time":0.110195}
{"time":"October 22, 3:29 pm","ts":1666432755,"status":200,"resp_time":0.025717}
{"time":"October 22, 4:01 pm","ts":1666434709,"status":200,"resp_time":0.028536}
{"time":"October 22, 4:24 pm","ts":1666436095,"status":200,"resp_time":0.234801}
{"time":"October 22, 4:46 pm","ts":1666437412,"status":200,"resp_time":0.109334}
{"time":"October 22, 5:05 pm","ts":1666438550,"status":200,"resp_time":0.273126}
{"time":"October 22, 5:18 pm","ts":1666439315,"status":200,"resp_time":0.043377}
{"time":"October 22, 5:28 pm","ts":1666439931,"status":200,"resp_time":0.218507}
{"time":"October 22, 6:24 pm","ts":1666443257,"status":200,"resp_time":0.1962}
{"time":"October 22, 7:10 pm","ts":1666446032,"status":200,"resp_time":0.13133}
{"time":"October 22, 7:35 pm","ts":1666447524,"status":200,"resp_time":0.206233}
{"time":"October 22, 8:03 pm","ts":1666449184,"status":200,"resp_time":0.108121}
{"time":"October 22, 8:22 pm","ts":1666450337,"status":200,"resp_time":0.029698}
{"time":"October 22, 8:51 pm","ts":1666452060,"status":200,"resp_time":0.13145}
{"time":"October 22, 9:18 pm","ts":1666453708,"status":200,"resp_time":0.026482}
{"time":"October 22, 9:30 pm","ts":1666454458,"status":200,"resp_time":0.043963}
{"time":"October 22, 10:19 pm","ts":1666457348,"status":200,"resp_time":0.126638}
{"time":"October 22, 10:47 pm","ts":1666459066,"status":200,"resp_time":0.193833}
{"time":"October 22, 11:17 pm","ts":1666460835,"status":200,"resp_time":0.190434}
{"time":"October 22, 11:29 pm","ts":1666461592,"status":200,"resp_time":0.026847}
{"time":"October 23, 12:06 am","ts":1666463765,"status":200,"resp_time":0.108379}
{"time":"October 23, 12:29 am","ts":1666465141,"status":200,"resp_time":0.027293}
{"time":"October 23, 12:55 am","ts":1666466707,"status":200,"resp_time":0.111538}
{"time":"October 23, 1:10 am","ts":1666467635,"status":200,"resp_time":0.117559}
{"time":"October 23, 1:25 am","ts":1666468530,"status":200,"resp_time":0.046025}
{"time":"October 23, 1:52 am","ts":1666470176,"status":200,"resp_time":0.202093}
{"time":"October 23, 2:17 am","ts":1666471631,"status":200,"resp_time":0.025554}
{"time":"October 23, 2:29 am","ts":1666472358,"status":200,"resp_time":0.190954}
{"time":"October 23, 2:57 am","ts":1666474025,"status":200,"resp_time":0.14266}
{"time":"October 23, 3:16 am","ts":1666475195,"status":200,"resp_time":0.046223}
{"time":"October 23, 3:27 am","ts":1666475823,"status":200,"resp_time":0.03731}
{"time":"October 23, 3:55 am","ts":1666477537,"status":200,"resp_time":0.203086}
{"time":"October 23, 4:17 am","ts":1666478840,"status":200,"resp_time":0.024594}
{"time":"October 23, 4:28 am","ts":1666479509,"status":200,"resp_time":0.215912}
{"time":"October 23, 5:03 am","ts":1666481635,"status":200,"resp_time":0.196516}
{"time":"October 23, 5:26 am","ts":1666482969,"status":200,"resp_time":0.027649}
{"time":"October 23, 7:50 am","ts":1666491616,"status":200,"resp_time":0.197346}
{"time":"October 23, 9:46 am","ts":1666498618,"status":200,"resp_time":0.043813}
{"time":"October 23, 10:54 am","ts":1666502698,"status":200,"resp_time":0.226682}
{"time":"October 23, 11:31 am","ts":1666504913,"status":200,"resp_time":0.191952}
{"time":"October 23, 12:16 pm","ts":1666507602,"status":200,"resp_time":0.025013}
{"time":"October 23, 12:41 pm","ts":1666509113,"status":200,"resp_time":0.189076}
{"time":"October 23, 1:11 pm","ts":1666510893,"status":200,"resp_time":0.041724}
{"time":"October 23, 1:26 pm","ts":1666511793,"status":200,"resp_time":0.206222}
{"time":"October 23, 2:00 pm","ts":1666513838,"status":200,"resp_time":0.02765}
{"time":"October 23, 2:27 pm","ts":1666515446,"status":200,"resp_time":0.024886}
{"time":"October 23, 2:58 pm","ts":1666517316,"status":200,"resp_time":0.220401}
{"time":"October 23, 3:20 pm","ts":1666518649,"status":200,"resp_time":0.02672}
{"time":"October 23, 3:51 pm","ts":1666520492,"status":200,"resp_time":0.049413}
{"time":"October 23, 4:18 pm","ts":1666522119,"status":200,"resp_time":0.025764}
{"time":"October 23, 4:30 pm","ts":1666522812,"status":200,"resp_time":0.206744}
{"time":"October 23, 4:55 pm","ts":1666524335,"status":200,"resp_time":0.214984}
{"time":"October 23, 5:12 pm","ts":1666525327,"status":200,"resp_time":0.13437}
{"time":"October 23, 5:25 pm","ts":1666526129,"status":200,"resp_time":0.045005}
{"time":"October 23, 6:10 pm","ts":1666528816,"status":200,"resp_time":0.217742}
{"time":"October 23, 7:01 pm","ts":1666531882,"status":200,"resp_time":0.196604}
{"time":"October 23, 7:33 pm","ts":1666533789,"status":200,"resp_time":0.027407}
{"time":"October 23, 8:03 pm","ts":1666535616,"status":200,"resp_time":0.185141}
{"time":"October 23, 8:22 pm","ts":1666536766,"status":200,"resp_time":0.202485}
{"time":"October 23, 8:50 pm","ts":1666538441,"status":200,"resp_time":0.126298}
{"time":"October 23, 9:18 pm","ts":1666540139,"status":200,"resp_time":0.1907}
{"time":"October 23, 9:37 pm","ts":1666541252,"status":200,"resp_time":0.20658}
{"time":"October 23, 10:21 pm","ts":1666543896,"status":200,"resp_time":0.031275}
{"time":"October 23, 10:57 pm","ts":1666546066,"status":200,"resp_time":0.119087}
{"time":"October 23, 11:23 pm","ts":1666547617,"status":200,"resp_time":0.044148}
{"time":"October 23, 11:55 pm","ts":1666549508,"status":200,"resp_time":0.180327}
{"time":"October 24, 12:23 am","ts":1666551207,"status":200,"resp_time":0.044651}
{"time":"October 24, 12:48 am","ts":1666552706,"status":200,"resp_time":0.041486}
{"time":"October 24, 1:06 am","ts":1666553760,"status":200,"resp_time":0.110257}
{"time":"October 24, 1:18 am","ts":1666554480,"status":200,"resp_time":0.030151}
{"time":"October 24, 1:28 am","ts":1666555100,"status":200,"resp_time":0.023971}
{"time":"October 24, 2:00 am","ts":1666557051,"status":200,"resp_time":0.044496}
{"time":"October 24, 2:23 am","ts":1666558432,"status":200,"resp_time":0.107899}
{"time":"October 24, 2:48 am","ts":1666559889,"status":200,"resp_time":0.029647}
{"time":"October 24, 3:09 am","ts":1666561154,"status":200,"resp_time":0.042687}
{"time":"October 24, 3:23 am","ts":1666562016,"status":200,"resp_time":0.049622}
{"time":"October 24, 3:49 am","ts":1666563598,"status":200,"resp_time":0.029995}
{"time":"October 24, 4:13 am","ts":1666564984,"status":200,"resp_time":0.02994}
{"time":"October 24, 4:28 am","ts":1666565880,"status":200,"resp_time":0.209213}
{"time":"October 24, 5:04 am","ts":1666568061,"status":200,"resp_time":0.186061}
{"time":"October 24, 5:26 am","ts":1666569402,"status":200,"resp_time":0.109683}
{"time":"October 24, 8:09 am","ts":1666579194,"status":200,"resp_time":0.127737}
{"time":"October 24, 10:19 am","ts":1666586980,"status":200,"resp_time":0.028035}
{"time":"October 24, 11:39 am","ts":1666591786,"status":200,"resp_time":0.201928}
{"time":"October 24, 12:46 pm","ts":1666595761,"status":200,"resp_time":0.0261}
{"time":"October 24, 1:29 pm","ts":1666598345,"status":200,"resp_time":0.18941}
{"time":"October 24, 2:17 pm","ts":1666601264,"status":200,"resp_time":0.045596}
{"time":"October 24, 2:48 pm","ts":1666603123,"status":200,"resp_time":0.231812}
{"time":"October 24, 3:22 pm","ts":1666605132,"status":200,"resp_time":0.046783}
{"time":"October 24, 3:57 pm","ts":1666607226,"status":200,"resp_time":0.217509}
{"time":"October 24, 4:28 pm","ts":1666609137,"status":200,"resp_time":0.044876}
{"time":"October 24, 4:59 pm","ts":1666610956,"status":200,"resp_time":0.028917}
{"time":"October 24, 5:18 pm","ts":1666612085,"status":200,"resp_time":0.022189}
{"time":"October 24, 5:28 pm","ts":1666612713,"status":200,"resp_time":0.205036}
{"time":"October 24, 6:33 pm","ts":1666616587,"status":200,"resp_time":0.224094}
{"time":"October 24, 7:40 pm","ts":1666620640,"status":200,"resp_time":0.048672}
{"time":"October 24, 8:21 pm","ts":1666623063,