{"time":"September 8, 4:08 am","ts":1662590306,"status":200,"resp_time":0.052667}
{"time":"September 8, 4:21 am","ts":1662591093,"status":200,"resp_time":0.170307}
{"time":"September 8, 4:52 am","ts":1662592926,"status":200,"resp_time":0.039544}
{"time":"September 8, 5:16 am","ts":1662594418,"status":200,"resp_time":0.381346}
{"time":"September 8, 5:31 am","ts":1662595267,"status":200,"resp_time":0.02656}
{"time":"September 8, 8:36 am","ts":1662606405,"status":200,"resp_time":0.02219}
{"time":"September 8, 10:18 am","ts":1662612485,"status":200,"resp_time":0.026018}
{"time":"September 8, 11:22 am","ts":1662616361,"status":200,"resp_time":0.022338}
{"time":"September 8, 12:14 pm","ts":1662619499,"status":200,"resp_time":0.140007}
{"time":"September 8, 12:49 pm","ts":1662621578,"status":200,"resp_time":0.0441}
{"time":"September 8, 1:17 pm","ts":1662623257,"status":200,"resp_time":0.44225}
{"time":"September 8, 1:28 pm","ts":1662623931,"status":200,"resp_time":0.20552}
{"time":"September 8, 2:02 pm","ts":1662625923,"status":200,"resp_time":0.044986}
{"time":"September 8, 2:25 pm","ts":1662627336,"status":200,"resp_time":0.40366}
{"time":"September 8, 2:50 pm","ts":1662628819,"status":200,"resp_time":0.184466}
{"time":"September 8, 3:14 pm","ts":1662630275,"status":200,"resp_time":0.041271}
{"time":"September 8, 3:26 pm","ts":1662630978,"status":200,"resp_time":0.021191}
{"time":"September 8, 3:54 pm","ts":1662632659,"status":200,"resp_time":0.399925}
{"time":"September 8, 4:15 pm","ts":1662633955,"status":200,"resp_time":0.392226}
{"time":"September 8, 4:27 pm","ts":1662634626,"status":200,"resp_time":0.020722}
{"time":"September 8, 4:50 pm","ts":1662636038,"status":200,"resp_time":0.172773}
{"time":"September 8, 5:10 pm","ts":1662637222,"status":200,"resp_time":0.151384}
{"time":"September 8, 5:25 pm","ts":1662638138,"status":200,"resp_time":0.385632}
{"time":"September 8, 6:08 pm","ts":1662640710,"status":200,"resp_time":0.40081}
{"time":"September 8, 6:52 pm","ts":1662643367,"status":200,"resp_time":0.449971}
{"time":"September 8, 7:19 pm","ts":1662644948,"status":200,"resp_time":0.025997}
{"time":"September 8, 7:29 pm","ts":1662645572,"status":200,"resp_time":0.392528}
{"time":"September 8, 7:54 pm","ts":1662647086,"status":200,"resp_time":0.05165}
{"time":"September 8, 8:08 pm","ts":1662647922,"status":200,"resp_time":0.159808}
{"time":"September 8, 8:19 pm","ts":1662648548,"status":200,"resp_time":0.173976}
{"time":"September 8, 8:29 pm","ts":1662649186,"status":200,"resp_time":0.17081}
{"time":"September 8, 8:59 pm","ts":1662650982,"status":200,"resp_time":0.051616}
{"time":"September 8, 9:20 pm","ts":1662652255,"status":200,"resp_time":0.396039}
{"time":"September 8, 9:56 pm","ts":1662654397,"status":200,"resp_time":0.380255}
{"time":"September 8, 10:36 pm","ts":1662656807,"status":200,"resp_time":0.401971}
{"time":"September 8, 11:10 pm","ts":1662658806,"status":200,"resp_time":0.048378}
{"time":"September 8, 11:25 pm","ts":1662659739,"status":200,"resp_time":0.02908}
{"time":"September 8, 11:53 pm","ts":1662661409,"status":200,"resp_time":0.126912}
{"time":"September 9, 12:20 am","ts":1662663050,"status":200,"resp_time":0.024123}
{"time":"September 9, 12:46 am","ts":1662664561,"status":200,"resp_time":0.022921}
{"time":"September 9, 1:01 am","ts":1662665474,"status":200,"resp_time":0.021254}
{"time":"September 9, 1:15 am","ts":1662666351,"status":200,"resp_time":0.161295}
{"time":"September 9, 1:26 am","ts":1662666978,"status":200,"resp_time":0.200325}
{"time":"September 9, 1:54 am","ts":1662668685,"status":200,"resp_time":0.045429}
{"time":"September 9, 2:15 am","ts":1662669904,"status":200,"resp_time":0.025424}
{"time":"September 9, 2:26 am","ts":1662670595,"status":200,"resp_time":0.042103}
{"time":"September 9, 2:50 am","ts":1662672025,"status":200,"resp_time":0.402504}
{"time":"September 9, 3:12 am","ts":1662673339,"status":200,"resp_time":0.385571}
{"time":"September 9, 3:25 am","ts":1662674129,"status":200,"resp_time":0.025917}
{"time":"September 9, 3:49 am","ts":1662675562,"status":200,"resp_time":0.045898}
{"time":"September 9, 4:09 am","ts":1662676778,"status":200,"resp_time":0.210815}
{"time":"September 9, 4:22 am","ts":1662677557,"status":200,"resp_time":0.175386}
{"time":"September 9, 4:50 am","ts":1662679240,"status":200,"resp_time":0.026535}
{"time":"September 9, 5:16 am","ts":1662680760,"status":200,"resp_time":0.446635}
{"time":"September 9, 5:29 am","ts":1662681556,"status":200,"resp_time":0.412152}
{"time":"September 9, 8:18 am","ts":1662691716,"status":200,"resp_time":0.157289}
{"time":"September 9, 9:48 am","ts":1662697101,"status":200,"resp_time":0.201058}
{"time":"September 9, 11:06 am","ts":1662701799,"status":200,"resp_time":0.376871}
{"time":"September 9, 11:47 am","ts":1662704259,"status":200,"resp_time":0.043987}
{"time":"September 9, 12:26 pm","ts":1662706600,"status":200,"resp_time":0.177927}
{"time":"September 9, 12:57 pm","ts":1662708422,"status":200,"resp_time":0.042508}
{"time":"September 9, 1:15 pm","ts":1662709554,"status":200,"resp_time":0.175741}
{"time":"September 9, 1:26 pm","ts":1662710175,"status":200,"resp_time":0.387026}
{"time":"September 9, 1:59 pm","ts":1662712199,"status":200,"resp_time":0.028208}
{"time":"September 9, 2:24 pm","ts":1662713688,"status":200,"resp_time":0.398647}
{"time":"September 9, 2:49 pm","ts":1662715196,"status":200,"resp_time":0.021607}
{"time":"September 9, 3:10 pm","ts":1662716435,"status":200,"resp_time":0.041639}
{"time":"September 9, 3:26 pm","ts":1662717362,"status":200,"resp_time":0.179783}
{"time":"September 9, 3:53 pm","ts":1662719024,"status":200,"resp_time":0.444446}
{"time":"September 9, 4:16 pm","ts":1662720399,"status":200,"resp_time":0.021876}
{"time":"September 9, 4:27 pm","ts":1662721059,"status":200,"resp_time":0.444829}
{"time":"September 9, 4:52 pm","ts":1662722523,"status":200,"resp_time":0.019813}
{"time":"September 9, 5:10 pm","ts":1662723618,"status":200,"resp_time":0.023636}
{"time":"September 9, 5:25 pm","ts":1662724543,"status":200,"resp_time":0.379451}
{"time":"September 9, 6:09 pm","ts":1662727175,"status":200,"resp_time":0.40799}
{"time":"September 9, 7:02 pm","ts":1662730371,"status":200,"resp_time":0.154528}
{"time":"September 9, 7:36 pm","ts":1662732384,"status":200,"resp_time":0.020964}
{"time":"September 9, 8:03 pm","ts":1662734014,"status":200,"resp_time":0.169817}
{"time":"September 9, 8:20 pm","ts":1662735049,"status":200,"resp_time":0.187471}
{"time":"September 9, 8:50 pm","ts":1662736821,"status":200,"resp_time":0.048061}
{"time":"September 9, 9:16 pm","ts":1662738387,"status":200,"resp_time":0.183585}
{"time":"September 9, 9:28 pm","ts":1662739109,"status":200,"resp_time":0.169906}
{"time":"September 9, 10:07 pm","ts":1662741461,"status":200,"resp_time":0.046068}
{"time":"September 9, 10:35 pm","ts":1662743151,"status":200,"resp_time":0.192143}
{"time":"September 9, 11:05 pm","ts":1662744959,"status":200,"resp_time":0.047646}
{"time":"September 9, 11:22 pm","ts":1662745951,"status":200,"resp_time":0.185889}
{"time":"September 9, 11:54 pm","ts":1662747842,"status":200,"resp_time":0.190824}
{"time":"September 10, 12:21 am","ts":1662749485,"status":200,"resp_time":0.401378}
{"time":"September 10, 12:46 am","ts":1662750968,"status":200,"resp_time":0.403363}
{"time":"September 10, 1:01 am","ts":1662751870,"status":200,"resp_time":0.050787}
{"time":"September 10, 1:15 am","ts":1662752730,"status":200,"resp_time":0.022708}
{"time":"September 10, 1:26 am","ts":1662753361,"status":200,"resp_time":0.022467}
{"time":"September 10, 1:52 am","ts":1662754956,"status":200,"resp_time":0.022597}
{"time":"September 10, 2:14 am","ts":1662756262,"status":200,"resp_time":0.467251}
{"time":"September 10, 2:26 am","ts":1662756969,"status":200,"resp_time":0.195447}
{"time":"September 10, 2:48 am","ts":1662758334,"status":200,"resp_time":0.191178}
