{"time":"October 3, 12:27 am","ts":1664737045,"status":200,"resp_time":0.212326}
{"time":"October 3, 12:51 am","ts":1664738519,"status":200,"resp_time":0.023472}
{"time":"October 3, 1:09 am","ts":1664739576,"status":200,"resp_time":0.379584}
{"time":"October 3, 1:19 am","ts":1664740193,"status":200,"resp_time":0.399596}
{"time":"October 3, 1:30 am","ts":1664740820,"status":200,"resp_time":0.041884}
{"time":"October 3, 2:03 am","ts":1664742818,"status":200,"resp_time":0.252713}
{"time":"October 3, 2:22 am","ts":1664743945,"status":200,"resp_time":0.400307}
{"time":"October 3, 2:47 am","ts":1664745469,"status":200,"resp_time":0.030336}
{"time":"October 3, 3:08 am","ts":1664746693,"status":200,"resp_time":0.043994}
{"time":"October 3, 3:22 am","ts":1664747528,"status":200,"resp_time":0.042197}
{"time":"October 3, 3:49 am","ts":1664749163,"status":200,"resp_time":0.02381}
{"time":"October 3, 4:11 am","ts":1664750471,"status":200,"resp_time":0.461095}
{"time":"October 3, 4:26 am","ts":1664751395,"status":200,"resp_time":0.031768}
{"time":"October 3, 4:57 am","ts":1664753230,"status":200,"resp_time":0.025554}
{"time":"October 3, 5:20 am","ts":1664754600,"status":200,"resp_time":0.160004}
{"time":"October 3, 6:05 am","ts":1664757328,"status":200,"resp_time":0.401957}
{"time":"October 3, 8:19 am","ts":1664765350,"status":200,"resp_time":0.407409}
{"time":"October 3, 9:22 am","ts":1664769127,"status":200,"resp_time":0.04158}
{"time":"October 3, 10:23 am","ts":1664772817,"status":200,"resp_time":0.173844}
{"time":"October 3, 11:11 am","ts":1664775704,"status":200,"resp_time":0.048435}
{"time":"October 3, 11:45 am","ts":1664777715,"status":200,"resp_time":0.054402}
{"time":"October 3, 12:29 pm","ts":1664780350,"status":200,"resp_time":0.155701}
{"time":"October 3, 1:05 pm","ts":1664782511,"status":200,"resp_time":0.02492}
{"time":"October 3, 1:23 pm","ts":1664783621,"status":200,"resp_time":0.192804}
{"time":"October 3, 1:57 pm","ts":1664785679,"status":200,"resp_time":0.389978}
{"time":"October 3, 2:28 pm","ts":1664787499,"status":200,"resp_time":0.042169}
{"time":"October 3, 3:04 pm","ts":1664789699,"status":200,"resp_time":0.019974}
{"time":"October 3, 3:26 pm","ts":1664790986,"status":200,"resp_time":0.045042}
{"time":"October 3, 3:57 pm","ts":1664792838,"status":200,"resp_time":0.188196}
{"time":"October 3, 4:20 pm","ts":1664794256,"status":200,"resp_time":0.042277}
{"time":"October 3, 4:47 pm","ts":1664795852,"status":200,"resp_time":0.025561}
{"time":"October 3, 5:08 pm","ts":1664797103,"status":200,"resp_time":0.021789}
{"time":"October 3, 5:21 pm","ts":1664797886,"status":200,"resp_time":0.043569}
{"time":"October 3, 6:12 pm","ts":1664800923,"status":200,"resp_time":0.450599}
{"time":"October 3, 7:11 pm","ts":1664804471,"status":200,"resp_time":0.405075}
{"time":"October 3, 7:57 pm","ts":1664807237,"status":200,"resp_time":0.031633}
{"time":"October 3, 8:26 pm","ts":1664809006,"status":200,"resp_time":0.054209}
{"time":"October 3, 8:59 pm","ts":1664810988,"status":200,"resp_time":0.02568}
{"time":"October 3, 9:27 pm","ts":1664812658,"status":200,"resp_time":0.389495}
{"time":"October 3, 10:14 pm","ts":1664815486,"status":200,"resp_time":0.403993}
{"time":"October 3, 10:56 pm","ts":1664817976,"status":200,"resp_time":0.043228}
{"time":"October 3, 11:31 pm","ts":1664820107,"status":200,"resp_time":0.044103}
{"time":"October 4, 12:16 am","ts":1664822774,"status":200,"resp_time":0.026145}
{"time":"October 4, 12:40 am","ts":1664824208,"status":200,"resp_time":0.162319}
{"time":"October 4, 1:03 am","ts":1664825581,"status":200,"resp_time":0.027129}
{"time":"October 4, 1:19 am","ts":1664826551,"status":200,"resp_time":0.172308}
{"time":"October 4, 1:29 am","ts":1664827167,"status":200,"resp_time":0.173822}
{"time":"October 4, 2:02 am","ts":1664829128,"status":200,"resp_time":0.044382}
{"time":"October 4, 2:23 am","ts":1664830439,"status":200,"resp_time":0.137374}
{"time":"October 4, 2:48 am","ts":1664831896,"status":200,"resp_time":0.027475}
{"time":"October 4, 3:10 am","ts":1664833201,"status":200,"resp_time":0.447218}
{"time":"October 4, 3:24 am","ts":1664834069,"status":200,"resp_time":0.040077}
{"time":"October 4, 3:50 am","ts":1664835651,"status":200,"resp_time":0.193667}
{"time":"October 4, 4:18 am","ts":1664837317,"status":200,"resp_time":0.043478}
{"time":"October 4, 4:30 am","ts":1664838017,"status":200,"resp_time":0.042837}
{"time":"October 4, 5:08 am","ts":1664840292,"status":200,"resp_time":0.042501}
{"time":"October 4, 5:29 am","ts":1664841559,"status":200,"resp_time":0.025514}
{"time":"October 4, 7:59 am","ts":1664850579,"status":200,"resp_time":0.043401}
{"time":"October 4, 9:27 am","ts":1664855863,"status":200,"resp_time":0.054998}
{"time":"October 4, 10:37 am","ts":1664860027,"status":200,"resp_time":0.046557}
{"time":"October 4, 11:25 am","ts":1664862955,"status":200,"resp_time":0.398529}
{"time":"October 4, 12:04 pm","ts":1664865254,"status":200,"resp_time":0.025454}
{"time":"October 4, 12:37 pm","ts":1664867244,"status":200,"resp_time":0.210015}
{"time":"October 4, 1:10 pm","ts":1664869246,"status":200,"resp_time":0.024982}
{"time":"October 4, 1:29 pm","ts":1664870349,"status":200,"resp_time":0.031349}
{"time":"October 4, 2:08 pm","ts":1664872718,"status":200,"resp_time":0.188929}
{"time":"October 4, 2:30 pm","ts":1664874047,"status":200,"resp_time":0.384714}
{"time":"October 4, 3:06 pm","ts":1664876186,"status":200,"resp_time":0.385134}
{"time":"October 4, 3:25 pm","ts":1664877357,"status":200,"resp_time":0.044764}
{"time":"October 4, 3:54 pm","ts":1664879091,"status":200,"resp_time":0.169011}
{"time":"October 4, 4:19 pm","ts":1664880559,"status":200,"resp_time":0.041255}
{"time":"October 4, 4:34 pm","ts":1664881458,"status":200,"resp_time":0.21769}
{"time":"October 4, 5:00 pm","ts":1664883004,"status":200,"resp_time":0.171891}
{"time":"October 4, 5:16 pm","ts":1664883985,"status":200,"resp_time":0.3687}
{"time":"October 4, 5:26 pm","ts":1664884602,"status":200,"resp_time":0.380797}
{"time":"October 4, 6:25 pm","ts":1664888101,"status":200,"resp_time":0.042597}
{"time":"October 4, 7:26 pm","ts":1664891776,"status":200,"resp_time":0.046119}
{"time":"October 4, 8:07 pm","ts":1664894261,"status":200,"resp_time":0.386}
{"time":"October 4, 8:31 pm","ts":1664895717,"status":200,"resp_time":0.042203}
{"time":"October 4, 9:08 pm","ts":1664897912,"status":200,"resp_time":0.023744}
{"time":"October 4, 9:29 pm","ts":1664899174,"status":200,"resp_time":0.029203}
{"time":"October 4, 10:17 pm","ts":1664902048,"status":200,"resp_time":0.37226}
{"time":"October 4, 10:57 pm","ts":1664904445,"status":200,"resp_time":0.14143}
{"time":"October 4, 11:32 pm","ts":1664906563,"status":200,"resp_time":0.446328}
{"time":"October 5, 12:18 am","ts":1664909301,"status":200,"resp_time":0.04287}
{"time":"October 5, 12:41 am","ts":1664910719,"status":200,"resp_time":0.031104}
{"time":"October 5, 1:07 am","ts":1664912237,"status":200,"resp_time":0.042269}
{"time":"October 5, 1:20 am","ts":1664913039,"status":200,"resp_time":0.197053}
{"time":"October 5, 1:54 am","ts":1664915090,"status":200,"resp_time":0.204203}
{"time":"October 5, 2:19 am","ts":1664916583,"status":200,"resp_time":0.227234}
{"time":"October 5, 2:34 am","ts":1664917493,"status":200,"resp_time":0.388812}
{"time":"October 5, 3:01 am","ts":1664919062,"status":200,"resp_time":0.027776}
{"time":"October 5, 3:21 am","ts":1664920295,"status":200,"resp_time":0.022387}
{"time":"October 5, 3:50 am","ts":1664922044,"status":200,"resp_time":0.380246}
