{"time":"October 29, 1:29 pm","ts":1667030355,"status":200,"resp_time":0.03656}
{"time":"October 29, 2:02 pm","ts":1667032365,"status":200,"resp_time":0.027601}
{"time":"October 29, 2:22 pm","ts":1667033569,"status":200,"resp_time":0.150131}
{"time":"October 29, 2:47 pm","ts":1667035049,"status":200,"resp_time":0.336843}
{"time":"October 29, 3:05 pm","ts":1667036143,"status":200,"resp_time":0.10503}
{"time":"October 29, 3:17 pm","ts":1667036878,"status":200,"resp_time":0.10575}
{"time":"October 29, 3:28 pm","ts":1667037507,"status":200,"resp_time":0.326451}
{"time":"October 29, 3:58 pm","ts":1667039310,"status":200,"resp_time":0.149961}
{"time":"October 29, 4:16 pm","ts":1667040375,"status":200,"resp_time":0.146607}
{"time":"October 29, 4:26 pm","ts":1667040994,"status":200,"resp_time":0.028661}
{"time":"October 29, 4:47 pm","ts":1667042268,"status":200,"resp_time":0.144856}
{"time":"October 29, 5:01 pm","ts":1667043098,"status":200,"resp_time":0.159087}
{"time":"October 29, 5:15 pm","ts":1667043948,"status":200,"resp_time":0.157033}
{"time":"October 29, 5:26 pm","ts":1667044575,"status":200,"resp_time":0.025829}
{"time":"October 29, 6:07 pm","ts":1667047074,"status":200,"resp_time":0.046883}
{"time":"October 29, 6:45 pm","ts":1667049350,"status":200,"resp_time":0.108044}
{"time":"October 29, 7:13 pm","ts":1667051021,"status":200,"resp_time":0.368108}
{"time":"October 29, 7:25 pm","ts":1667051733,"status":200,"resp_time":0.040197}
{"time":"October 29, 8:05 pm","ts":1667054141,"status":200,"resp_time":0.67714}
{"time":"October 29, 8:17 pm","ts":1667054832,"status":200,"resp_time":0.023468}
{"time":"October 29, 8:27 pm","ts":1667055456,"status":200,"resp_time":0.044516}
{"time":"October 29, 9:13 pm","ts":1667058229,"status":200,"resp_time":0.379745}
{"time":"October 29, 9:56 pm","ts":1667060764,"status":200,"resp_time":0.0243}
{"time":"October 29, 10:25 pm","ts":1667062550,"status":200,"resp_time":0.14432}
{"time":"October 29, 10:50 pm","ts":1667064021,"status":200,"resp_time":0.318758}
{"time":"October 29, 11:12 pm","ts":1667065320,"status":200,"resp_time":0.137694}
{"time":"October 29, 11:25 pm","ts":1667066136,"status":200,"resp_time":0.040081}
{"time":"October 29, 11:53 pm","ts":1667067786,"status":200,"resp_time":0.137223}
{"time":"October 30, 12:16 am","ts":1667069203,"status":200,"resp_time":0.131405}
{"time":"October 30, 12:27 am","ts":1667069852,"status":200,"resp_time":0.038566}
{"time":"October 30, 12:48 am","ts":1667071133,"status":200,"resp_time":0.326773}
{"time":"October 30, 12:59 am","ts":1667071790,"status":200,"resp_time":0.166629}
{"time":"October 30, 1:10 am","ts":1667072433,"status":200,"resp_time":0.039522}
{"time":"October 30, 1:25 am","ts":1667073347,"status":200,"resp_time":0.367175}
{"time":"October 30, 1:50 am","ts":1667074810,"status":200,"resp_time":0.361201}
{"time":"October 30, 2:07 am","ts":1667075859,"status":200,"resp_time":0.195947}
{"time":"October 30, 2:19 am","ts":1667076589,"status":200,"resp_time":0.027204}
{"time":"October 30, 2:30 am","ts":1667077203,"status":200,"resp_time":0.024359}
{"time":"October 30, 2:54 am","ts":1667078644,"status":200,"resp_time":0.037247}
{"time":"October 30, 3:10 am","ts":1667079618,"status":200,"resp_time":0.163746}
{"time":"October 30, 3:25 am","ts":1667080541,"status":200,"resp_time":0.150912}
{"time":"October 30, 3:48 am","ts":1667081888,"status":200,"resp_time":0.03829}
{"time":"October 30, 4:07 am","ts":1667083027,"status":200,"resp_time":0.323527}
{"time":"October 30, 4:19 am","ts":1667083755,"status":200,"resp_time":0.326186}
{"time":"October 30, 4:29 am","ts":1667084371,"status":200,"resp_time":0.320033}
{"time":"October 30, 5:27 am","ts":1667087845,"status":200,"resp_time":0.159357}
{"time":"October 30, 9:30 am","ts":1667102430,"status":200,"resp_time":0.036803}
{"time":"October 30, 10:25 am","ts":1667105748,"status":200,"resp_time":0.150641}
{"time":"October 30, 10:55 am","ts":1667107533,"status":200,"resp_time":0.155971}
{"time":"October 30, 11:14 am","ts":1667108680,"status":200,"resp_time":0.328424}
{"time":"October 30, 11:25 am","ts":1667109334,"status":200,"resp_time":0.043377}
{"time":"October 30, 11:53 am","ts":1667111022,"status":200,"resp_time":0.036251}
{"time":"October 30, 12:18 pm","ts":1667112509,"status":200,"resp_time":0.197017}
{"time":"October 30, 12:28 pm","ts":1667113134,"status":200,"resp_time":0.0446}
{"time":"October 30, 12:53 pm","ts":1667114606,"status":200,"resp_time":0.139721}
{"time":"October 30, 1:08 pm","ts":1667115524,"status":200,"resp_time":0.3233}
{"time":"October 30, 1:19 pm","ts":1667116156,"status":200,"resp_time":0.325753}
{"time":"October 30, 1:29 pm","ts":1667116788,"status":200,"resp_time":0.133336}
{"time":"October 30, 2:01 pm","ts":1667118679,"status":200,"resp_time":0.020134}
{"time":"October 30, 2:21 pm","ts":1667119908,"status":200,"resp_time":0.02613}
{"time":"October 30, 2:47 pm","ts":1667121461,"status":200,"resp_time":0.1483}
{"time":"October 30, 3:05 pm","ts":1667122551,"status":200,"resp_time":0.132849}
{"time":"October 30, 3:18 pm","ts":1667123310,"status":200,"resp_time":0.147188}
{"time":"October 30, 3:28 pm","ts":1667123929,"status":200,"resp_time":0.038726}
{"time":"October 30, 3:57 pm","ts":1667125657,"status":200,"resp_time":0.16829}
{"time":"October 30, 4:15 pm","ts":1667126708,"status":200,"resp_time":0.335752}
{"time":"October 30, 4:25 pm","ts":1667127331,"status":200,"resp_time":0.199681}
{"time":"October 30, 4:45 pm","ts":1667128529,"status":200,"resp_time":0.023342}
{"time":"October 30, 5:00 pm","ts":1667129436,"status":200,"resp_time":0.151331}
{"time":"October 30, 5:15 pm","ts":1667130336,"status":200,"resp_time":0.178228}
{"time":"October 30, 5:26 pm","ts":1667130964,"status":200,"resp_time":0.025361}
{"time":"October 30, 6:08 pm","ts":1667133538,"status":200,"resp_time":0.135761}
{"time":"October 30, 6:48 pm","ts":1667135898,"status":200,"resp_time":0.371469}
{"time":"October 30, 7:15 pm","ts":1667137551,"status":200,"resp_time":0.132797}
{"time":"October 30, 7:26 pm","ts":1667138175,"status":200,"resp_time":0.143843}
{"time":"October 30, 8:04 pm","ts":1667140447,"status":200,"resp_time":0.153412}
{"time":"October 30, 8:26 pm","ts":1667141809,"status":200,"resp_time":0.151689}
{"time":"October 30, 8:53 pm","ts":1667143380,"status":200,"resp_time":0.038508}
{"time":"October 30, 9:13 pm","ts":1667144589,"status":200,"resp_time":0.02573}
{"time":"October 30, 9:25 pm","ts":1667145337,"status":200,"resp_time":0.020836}
{"time":"October 30, 9:56 pm","ts":1667147188,"status":200,"resp_time":0.370121}
{"time":"October 30, 10:26 pm","ts":1667148975,"status":200,"resp_time":0.02344}
{"time":"October 30, 10:51 pm","ts":1667150479,"status":200,"resp_time":0.167697}
{"time":"October 30, 11:12 pm","ts":1667151742,"status":200,"resp_time":0.387402}
{"time":"October 30, 11:25 pm","ts":1667152528,"status":200,"resp_time":0.038395}
{"time":"October 30, 11:54 pm","ts":1667154245,"status":200,"resp_time":0.13796}
{"time":"October 31, 12:17 am","ts":1667155666,"status":200,"resp_time":0.038017}
{"time":"October 31, 12:28 am","ts":1667156297,"status":200,"resp_time":0.316266}
{"time":"October 31, 12:50 am","ts":1667157614,"status":200,"resp_time":0.18484}
{"time":"October 31, 1:00 am","ts":1667158238,"status":200,"resp_time":0.038759}
{"time":"October 31, 1:15 am","ts":1667159133,"status":200,"resp_time":0.324036}
{"time":"October 31, 1:25 am","ts":1667159754,"status":200,"resp_time":0.11988}
{"time":"October 31, 1:50 am","ts":1667161250,"status":200,"resp_time":0.042417}
{"time":"October 31, 2:11 am","ts":1667162513,"status":200,"resp_time":0.162162}
{"time":"October 31, 2:25 am","ts":1667163341,"status":200,"resp_time":0.03828}
