{"time":"July 29, 4:56 am","ts":1659050807,"status":200,"resp_time":0.17871}
{"time":"July 29, 5:11 am","ts":1659051717,"status":200,"resp_time":0.044681}
{"time":"July 29, 5:25 am","ts":1659052530,"status":200,"resp_time":0.025486}
{"time":"July 29, 7:27 am","ts":1659059826,"status":200,"resp_time":0.174432}
{"time":"July 29, 9:23 am","ts":1659066788,"status":200,"resp_time":0.188631}
{"time":"July 29, 10:20 am","ts":1659070200,"status":200,"resp_time":0.301955}
{"time":"July 29, 10:49 am","ts":1659071980,"status":200,"resp_time":0.043538}
{"time":"July 29, 11:13 am","ts":1659073401,"status":200,"resp_time":0.044326}
{"time":"July 29, 11:25 am","ts":1659074128,"status":200,"resp_time":0.052117}
{"time":"July 29, 11:53 am","ts":1659075830,"status":200,"resp_time":0.054471}
{"time":"July 29, 12:18 pm","ts":1659077329,"status":200,"resp_time":0.377695}
{"time":"July 29, 12:28 pm","ts":1659077938,"status":200,"resp_time":0.050376}
{"time":"July 29, 12:52 pm","ts":1659079351,"status":200,"resp_time":0.40124}
{"time":"July 29, 1:07 pm","ts":1659080260,"status":200,"resp_time":0.179841}
{"time":"July 29, 1:18 pm","ts":1659080886,"status":200,"resp_time":0.045097}
{"time":"July 29, 1:28 pm","ts":1659081510,"status":200,"resp_time":0.027787}
{"time":"July 29, 2:00 pm","ts":1659083407,"status":200,"resp_time":0.024365}
{"time":"July 29, 2:18 pm","ts":1659084505,"status":200,"resp_time":0.168449}
{"time":"July 29, 2:28 pm","ts":1659085121,"status":200,"resp_time":0.044705}
{"time":"July 29, 2:54 pm","ts":1659086678,"status":200,"resp_time":0.176229}
{"time":"July 29, 3:11 pm","ts":1659087681,"status":200,"resp_time":0.044668}
{"time":"July 29, 3:25 pm","ts":1659088529,"status":200,"resp_time":0.28204}
{"time":"July 29, 3:50 pm","ts":1659090050,"status":200,"resp_time":0.044505}
{"time":"July 29, 4:14 pm","ts":1659091494,"status":200,"resp_time":0.02122}
{"time":"July 29, 4:25 pm","ts":1659092134,"status":200,"resp_time":0.372568}
{"time":"July 29, 4:45 pm","ts":1659093302,"status":200,"resp_time":0.382514}
{"time":"July 29, 4:59 pm","ts":1659094189,"status":200,"resp_time":0.3983}
{"time":"July 29, 5:10 pm","ts":1659094827,"status":200,"resp_time":0.26806}
{"time":"July 29, 5:25 pm","ts":1659095750,"status":200,"resp_time":0.023371}
{"time":"July 29, 6:09 pm","ts":1659098350,"status":200,"resp_time":0.175827}
{"time":"July 29, 6:54 pm","ts":1659101090,"status":200,"resp_time":0.390472}
{"time":"July 29, 7:25 pm","ts":1659102926,"status":200,"resp_time":0.177504}
{"time":"July 29, 7:45 pm","ts":1659104113,"status":200,"resp_time":0.280642}
{"time":"July 29, 8:00 pm","ts":1659105043,"status":200,"resp_time":0.172772}
{"time":"July 29, 8:15 pm","ts":1659105935,"status":200,"resp_time":0.270331}
{"time":"July 29, 8:26 pm","ts":1659106572,"status":200,"resp_time":0.396628}
{"time":"July 29, 8:54 pm","ts":1659108264,"status":200,"resp_time":0.163135}
{"time":"July 29, 9:16 pm","ts":1659109593,"status":200,"resp_time":0.024326}
{"time":"July 29, 9:27 pm","ts":1659110224,"status":200,"resp_time":0.03014}
{"time":"July 29, 10:02 pm","ts":1659112348,"status":200,"resp_time":0.024253}
{"time":"July 29, 10:30 pm","ts":1659114053,"status":200,"resp_time":0.034092}
{"time":"July 29, 11:01 pm","ts":1659115917,"status":200,"resp_time":0.024611}
{"time":"July 29, 11:17 pm","ts":1659116879,"status":200,"resp_time":0.214054}
{"time":"July 29, 11:28 pm","ts":1659117499,"status":200,"resp_time":0.335946}
{"time":"July 30, 12:01 am","ts":1659119477,"status":200,"resp_time":0.178652}
{"time":"July 30, 12:23 am","ts":1659120808,"status":200,"resp_time":0.376239}
{"time":"July 30, 12:43 am","ts":1659122035,"status":200,"resp_time":0.177244}
{"time":"July 30, 12:57 am","ts":1659122840,"status":200,"resp_time":0.043923}
{"time":"July 30, 1:08 am","ts":1659123512,"status":200,"resp_time":0.231077}
{"time":"July 30, 1:18 am","ts":1659124125,"status":200,"resp_time":0.043148}
{"time":"July 30, 1:29 am","ts":1659124753,"status":200,"resp_time":0.392143}
{"time":"July 30, 1:57 am","ts":1659126456,"status":200,"resp_time":0.392956}
{"time":"July 30, 2:13 am","ts":1659127410,"status":200,"resp_time":0.190286}
{"time":"July 30, 2:25 am","ts":1659128138,"status":200,"resp_time":0.401982}
{"time":"July 30, 2:45 am","ts":1659129344,"status":200,"resp_time":0.301622}
{"time":"July 30, 3:01 am","ts":1659130289,"status":200,"resp_time":0.046231}
{"time":"July 30, 3:15 am","ts":1659131135,"status":200,"resp_time":0.198326}
{"time":"July 30, 3:26 am","ts":1659131762,"status":200,"resp_time":0.055366}
{"time":"July 30, 3:48 am","ts":1659133131,"status":200,"resp_time":0.177212}
{"time":"July 30, 4:05 am","ts":1659134152,"status":200,"resp_time":0.281299}
{"time":"July 30, 4:16 am","ts":1659134791,"status":200,"resp_time":0.190855}
{"time":"July 30, 4:26 am","ts":1659135416,"status":200,"resp_time":0.022636}
{"time":"July 30, 4:50 am","ts":1659136851,"status":200,"resp_time":0.172556}
{"time":"July 30, 5:11 am","ts":1659138075,"status":200,"resp_time":0.042451}
{"time":"July 30, 5:25 am","ts":1659138948,"status":200,"resp_time":0.401711}
{"time":"July 30, 7:21 am","ts":1659145882,"status":200,"resp_time":0.181421}
{"time":"July 30, 9:17 am","ts":1659152844,"status":200,"resp_time":0.027936}
{"time":"July 30, 9:55 am","ts":1659155141,"status":200,"resp_time":0.04403}
{"time":"July 30, 10:29 am","ts":1659157196,"status":200,"resp_time":0.028676}
{"time":"July 30, 10:55 am","ts":1659158757,"status":200,"resp_time":0.222453}
{"time":"July 30, 11:10 am","ts":1659159625,"status":200,"resp_time":0.39736}
{"time":"July 30, 11:25 am","ts":1659160532,"status":200,"resp_time":0.042492}
{"time":"July 30, 11:50 am","ts":1659162052,"status":200,"resp_time":0.043311}
{"time":"July 30, 12:15 pm","ts":1659163509,"status":200,"resp_time":0.025102}
{"time":"July 30, 12:25 pm","ts":1659164132,"status":200,"resp_time":0.040797}
{"time":"July 30, 12:46 pm","ts":1659165366,"status":200,"resp_time":0.180978}
{"time":"July 30, 1:00 pm","ts":1659166231,"status":200,"resp_time":0.024038}
{"time":"July 30, 1:15 pm","ts":1659167147,"status":200,"resp_time":0.168747}
{"time":"July 30, 1:26 pm","ts":1659167783,"status":200,"resp_time":0.14007}
{"time":"July 30, 1:53 pm","ts":1659169428,"status":200,"resp_time":0.18508}
{"time":"July 30, 2:13 pm","ts":1659170620,"status":200,"resp_time":0.405309}
{"time":"July 30, 2:25 pm","ts":1659171328,"status":200,"resp_time":0.043889}
{"time":"July 30, 2:46 pm","ts":1659172562,"status":200,"resp_time":0.029308}
{"time":"July 30, 3:02 pm","ts":1659173524,"status":200,"resp_time":0.020932}
{"time":"July 30, 3:15 pm","ts":1659174329,"status":200,"resp_time":0.043706}
{"time":"July 30, 3:25 pm","ts":1659174959,"status":200,"resp_time":0.397775}
{"time":"July 30, 3:49 pm","ts":1659176356,"status":200,"resp_time":0.044427}
{"time":"July 30, 4:06 pm","ts":1659177404,"status":200,"resp_time":0.177011}
{"time":"July 30, 4:17 pm","ts":1659178059,"status":200,"resp_time":0.183905}
{"time":"July 30, 4:28 pm","ts":1659178681,"status":200,"resp_time":0.1844}
{"time":"July 30, 4:51 pm","ts":1659180099,"status":200,"resp_time":0.176724}
{"time":"July 30, 5:07 pm","ts":1659181040,"status":200,"resp_time":0.179229}
{"time":"July 30, 5:17 pm","ts":1659181664,"status":200,"resp_time":0.050529}
{"time":"July 30, 5:28 pm","ts":1659182295,"status":200,"resp_time":0.376384}
{"time":"July 30, 6:09 pm","ts":1659184790,"status":200,"resp_time":0.04343}
{"time":"July 30, 6:38 pm","ts":1659186485,"status":200,"resp_time":0.178822}
{"time":"July 30, 7:04 pm","ts":1659188072,"status":200,"resp_time":0.397171}
{"time":"July 30, 7:17 pm","ts":1659188845,"status":200,"resp_time":0.284572}
{"time":"July 30, 7:27 pm","ts":1659189463,"status":200,"resp_time":0.043107}
{"time":"July 30, 7:50 pm","ts":1659190820,"status":200,"resp_time":0.373027}
