{"time":"July 27, 5:15 am","ts":1658879154,"status":200,"resp_time":0.182294}
{"time":"July 27, 5:26 am","ts":1658879790,"status":200,"resp_time":0.023591}
{"time":"July 27, 7:34 am","ts":1658887492,"status":200,"resp_time":0.250556}
{"time":"July 27, 9:24 am","ts":1658894044,"status":200,"resp_time":0.052787}
{"time":"July 27, 10:23 am","ts":1658897592,"status":200,"resp_time":0.190691}
{"time":"July 27, 11:01 am","ts":1658899910,"status":200,"resp_time":0.052636}
{"time":"July 27, 11:21 am","ts":1658901101,"status":200,"resp_time":0.276488}
{"time":"July 27, 11:52 am","ts":1658902936,"status":200,"resp_time":0.048607}
{"time":"July 27, 12:17 pm","ts":1658904473,"status":200,"resp_time":0.192684}
{"time":"July 27, 12:28 pm","ts":1658905093,"status":200,"resp_time":0.444077}
{"time":"July 27, 12:53 pm","ts":1658906633,"status":200,"resp_time":0.026767}
{"time":"July 27, 1:10 pm","ts":1658907623,"status":200,"resp_time":0.434439}
{"time":"July 27, 1:25 pm","ts":1658908539,"status":200,"resp_time":0.172498}
{"time":"July 27, 1:53 pm","ts":1658910235,"status":200,"resp_time":0.027708}
{"time":"July 27, 2:16 pm","ts":1658911570,"status":200,"resp_time":0.193328}
{"time":"July 27, 2:26 pm","ts":1658912212,"status":200,"resp_time":0.185624}
{"time":"July 27, 2:50 pm","ts":1658913623,"status":200,"resp_time":0.400174}
{"time":"July 27, 3:10 pm","ts":1658914816,"status":200,"resp_time":0.397143}
{"time":"July 27, 3:20 pm","ts":1658915427,"status":200,"resp_time":0.025986}
{"time":"July 27, 3:51 pm","ts":1658917267,"status":200,"resp_time":0.200867}
{"time":"July 27, 4:14 pm","ts":1658918664,"status":200,"resp_time":0.021168}
{"time":"July 27, 4:25 pm","ts":1658919334,"status":200,"resp_time":0.243841}
{"time":"July 27, 4:45 pm","ts":1658920509,"status":200,"resp_time":0.172911}
{"time":"July 27, 4:59 pm","ts":1658921389,"status":200,"resp_time":0.045557}
{"time":"July 27, 5:10 pm","ts":1658922044,"status":200,"resp_time":0.03029}
{"time":"July 27, 5:25 pm","ts":1658922953,"status":200,"resp_time":0.398037}
{"time":"July 27, 6:12 pm","ts":1658925734,"status":200,"resp_time":0.400086}
{"time":"July 27, 7:01 pm","ts":1658928707,"status":200,"resp_time":0.368099}
{"time":"July 27, 7:31 pm","ts":1658930506,"status":200,"resp_time":0.169849}
{"time":"July 27, 7:57 pm","ts":1658932031,"status":200,"resp_time":0.021677}
{"time":"July 27, 8:11 pm","ts":1658932878,"status":200,"resp_time":0.36758}
{"time":"July 27, 8:25 pm","ts":1658933746,"status":200,"resp_time":0.397238}
{"time":"July 27, 8:50 pm","ts":1658935215,"status":200,"resp_time":0.275824}
{"time":"July 27, 9:09 pm","ts":1658936379,"status":200,"resp_time":0.401149}
{"time":"July 27, 9:22 pm","ts":1658937124,"status":200,"resp_time":0.042464}
{"time":"July 27, 9:55 pm","ts":1658939154,"status":200,"resp_time":0.045762}
{"time":"July 27, 10:31 pm","ts":1658941311,"status":200,"resp_time":0.02474}
{"time":"July 27, 11:04 pm","ts":1658943260,"status":200,"resp_time":0.401226}
{"time":"July 27, 11:21 pm","ts":1658944284,"status":200,"resp_time":0.042734}
{"time":"July 27, 11:50 pm","ts":1658946025,"status":200,"resp_time":0.030845}
{"time":"July 28, 12:15 am","ts":1658947523,"status":200,"resp_time":0.021953}
{"time":"July 28, 12:25 am","ts":1658948136,"status":200,"resp_time":0.044047}
{"time":"July 28, 12:46 am","ts":1658949404,"status":200,"resp_time":0.03399}
{"time":"July 28, 1:00 am","ts":1658950212,"status":200,"resp_time":0.304445}
{"time":"July 28, 1:13 am","ts":1658951003,"status":200,"resp_time":0.185772}
{"time":"July 28, 1:25 am","ts":1658951747,"status":200,"resp_time":0.204617}
{"time":"July 28, 1:48 am","ts":1658953122,"status":200,"resp_time":0.195437}
{"time":"July 28, 2:04 am","ts":1658954085,"status":200,"resp_time":0.026166}
{"time":"July 28, 2:16 am","ts":1658954773,"status":200,"resp_time":0.025724}
{"time":"July 28, 2:26 am","ts":1658955390,"status":200,"resp_time":0.390092}
{"time":"July 28, 2:47 am","ts":1658956647,"status":200,"resp_time":0.22364}
{"time":"July 28, 3:02 am","ts":1658957521,"status":200,"resp_time":0.042976}
{"time":"July 28, 3:15 am","ts":1658958340,"status":200,"resp_time":0.283773}
{"time":"July 28, 3:26 am","ts":1658958980,"status":200,"resp_time":0.189314}
{"time":"July 28, 3:49 am","ts":1658960377,"status":200,"resp_time":0.397605}
{"time":"July 28, 4:08 am","ts":1658961492,"status":200,"resp_time":0.046052}
{"time":"July 28, 4:19 am","ts":1658962176,"status":200,"resp_time":0.181603}
{"time":"July 28, 4:30 am","ts":1658962803,"status":200,"resp_time":0.043463}
{"time":"July 28, 4:54 am","ts":1658964267,"status":200,"resp_time":0.190039}
{"time":"July 28, 5:09 am","ts":1658965159,"status":200,"resp_time":0.198292}
{"time":"July 28, 5:19 am","ts":1658965775,"status":200,"resp_time":0.026855}
{"time":"July 28, 5:29 am","ts":1658966398,"status":200,"resp_time":0.202452}
{"time":"July 28, 7:55 am","ts":1658975108,"status":200,"resp_time":0.193493}
{"time":"July 28, 9:22 am","ts":1658980358,"status":200,"resp_time":0.047823}
{"time":"July 28, 10:12 am","ts":1658983379,"status":200,"resp_time":0.393465}
{"time":"July 28, 10:45 am","ts":1658985327,"status":200,"resp_time":0.028096}
{"time":"July 28, 11:09 am","ts":1658986791,"status":200,"resp_time":0.05765}
{"time":"July 28, 11:20 am","ts":1658987454,"status":200,"resp_time":0.38801}
{"time":"July 28, 11:51 am","ts":1658989305,"status":200,"resp_time":0.08665}
{"time":"July 28, 12:18 pm","ts":1658990898,"status":200,"resp_time":0.025025}
{"time":"July 28, 12:28 pm","ts":1658991521,"status":200,"resp_time":0.233709}
{"time":"July 28, 12:52 pm","ts":1658992971,"status":200,"resp_time":0.05157}
{"time":"July 28, 1:08 pm","ts":1658993888,"status":200,"resp_time":0.173772}
{"time":"July 28, 1:18 pm","ts":1658994519,"status":200,"resp_time":0.398142}
{"time":"July 28, 1:29 pm","ts":1658995149,"status":200,"resp_time":0.045559}
{"time":"July 28, 2:02 pm","ts":1658997121,"status":200,"resp_time":0.177568}
{"time":"July 28, 2:21 pm","ts":1658998296,"status":200,"resp_time":0.053457}
{"time":"July 28, 2:47 pm","ts":1658999828,"status":200,"resp_time":0.201098}
{"time":"July 28, 3:04 pm","ts":1659000899,"status":200,"resp_time":0.178595}
{"time":"July 28, 3:17 pm","ts":1659001645,"status":200,"resp_time":0.174113}
{"time":"July 28, 3:27 pm","ts":1659002265,"status":200,"resp_time":0.046306}
{"time":"July 28, 3:57 pm","ts":1659004061,"status":200,"resp_time":0.174521}
{"time":"July 28, 4:15 pm","ts":1659005152,"status":200,"resp_time":0.027089}
{"time":"July 28, 4:26 pm","ts":1659005776,"status":200,"resp_time":0.023104}
{"time":"July 28, 4:47 pm","ts":1659007049,"status":200,"resp_time":0.16964}
{"time":"July 28, 5:01 pm","ts":1659007876,"status":200,"resp_time":0.037801}
{"time":"July 28, 5:15 pm","ts":1659008727,"status":200,"resp_time":0.053281}
{"time":"July 28, 5:25 pm","ts":1659009348,"status":200,"resp_time":0.023694}
{"time":"July 28, 6:12 pm","ts":1659012142,"status":200,"resp_time":0.40646}
{"time":"July 28, 6:59 pm","ts":1659014994,"status":200,"resp_time":0.400884}
{"time":"July 28, 7:30 pm","ts":1659016801,"status":200,"resp_time":0.261967}
