{"time":"November 1, 12:59 am","ts":1667244565,"status":200,"resp_time":0.175335}
{"time":"November 1, 1:11 am","ts":1667245260,"status":200,"resp_time":0.039634}
{"time":"November 1, 1:25 am","ts":1667246145,"status":200,"resp_time":0.038568}
{"time":"November 1, 1:52 am","ts":1667247745,"status":200,"resp_time":0.039709}
{"time":"November 1, 2:25 am","ts":1667249730,"status":200,"resp_time":0.156981}
{"time":"November 1, 3:18 am","ts":1667252920,"status":200,"resp_time":0.383872}
{"time":"November 1, 3:29 am","ts":1667253546,"status":200,"resp_time":0.020358}
{"time":"November 1, 3:58 am","ts":1667255283,"status":200,"resp_time":0.155365}
{"time":"November 1, 4:16 am","ts":1667256383,"status":200,"resp_time":0.153246}
{"time":"November 1, 4:26 am","ts":1667256986,"status":200,"resp_time":0.033831}
{"time":"November 1, 4:55 am","ts":1667258751,"status":200,"resp_time":0.037735}
{"time":"November 1, 5:17 am","ts":1667260030,"status":200,"resp_time":0.3708}
{"time":"November 1, 5:27 am","ts":1667260666,"status":200,"resp_time":0.326622}
{"time":"November 1, 8:10 am","ts":1667270408,"status":200,"resp_time":0.153216}
{"time":"November 1, 9:52 am","ts":1667276544,"status":200,"resp_time":0.18361}
{"time":"November 1, 11:04 am","ts":1667280871,"status":200,"resp_time":0.332002}
{"time":"November 1, 11:34 am","ts":1667282644,"status":200,"resp_time":0.055057}
{"time":"November 1, 12:14 pm","ts":1667285081,"status":200,"resp_time":0.172357}
{"time":"November 1, 12:34 pm","ts":1667286291,"status":200,"resp_time":0.200864}
{"time":"November 1, 1:00 pm","ts":1667287846,"status":200,"resp_time":0.020645}
{"time":"November 1, 1:17 pm","ts":1667288863,"status":200,"resp_time":0.022432}
{"time":"November 1, 1:27 pm","ts":1667289464,"status":200,"resp_time":0.354374}
{"time":"November 1, 2:02 pm","ts":1667291534,"status":200,"resp_time":0.02109}
{"time":"November 1, 2:23 pm","ts":1667292782,"status":200,"resp_time":0.027047}
{"time":"November 1, 2:51 pm","ts":1667294498,"status":200,"resp_time":0.335234}
{"time":"November 1, 3:17 pm","ts":1667296022,"status":200,"resp_time":0.142941}
{"time":"November 1, 3:27 pm","ts":1667296646,"status":200,"resp_time":0.039126}
{"time":"November 1, 3:58 pm","ts":1667298500,"status":200,"resp_time":0.024076}
{"time":"November 1, 4:18 pm","ts":1667299704,"status":200,"resp_time":0.172962}
{"time":"November 1, 4:28 pm","ts":1667300328,"status":200,"resp_time":0.028148}
{"time":"November 1, 4:52 pm","ts":1667301766,"status":200,"resp_time":0.02116}
{"time":"November 1, 5:09 pm","ts":1667302771,"status":200,"resp_time":0.043724}
{"time":"November 1, 5:19 pm","ts":1667303398,"status":200,"resp_time":0.02638}
{"time":"November 1, 5:30 pm","ts":1667304042,"status":200,"resp_time":0.380431}
{"time":"November 1, 6:38 pm","ts":1667308102,"status":200,"resp_time":0.17791}
{"time":"November 1, 7:26 pm","ts":1667310970,"status":200,"resp_time":0.024791}
{"time":"November 1, 7:58 pm","ts":1667312890,"status":200,"resp_time":0.038127}
{"time":"November 1, 8:21 pm","ts":1667314291,"status":200,"resp_time":0.037757}
{"time":"November 1, 8:50 pm","ts":1667316039,"status":200,"resp_time":0.023307}
{"time":"November 1, 9:16 pm","ts":1667317612,"status":200,"resp_time":0.389336}
{"time":"November 1, 9:28 pm","ts":1667318285,"status":200,"resp_time":0.1491}
{"time":"November 1, 10:10 pm","ts":1667320804,"status":200,"resp_time":0.024885}
{"time":"November 1, 10:41 pm","ts":1667322705,"status":200,"resp_time":0.392859}
{"time":"November 1, 11:15 pm","ts":1667324708,"status":200,"resp_time":0.373963}
{"time":"November 1, 11:27 pm","ts":1667325433,"status":200,"resp_time":0.173933}
{"time":"November 2, 12:01 am","ts":1667327504,"status":200,"resp_time":0.037073}
{"time":"November 2, 12:26 am","ts":1667328967,"status":200,"resp_time":0.039734}
{"time":"November 2, 12:47 am","ts":1667330258,"status":200,"resp_time":0.165414}
{"time":"November 2, 1:00 am","ts":1667331051,"status":200,"resp_time":0.138773}
{"time":"November 2, 1:15 am","ts":1667331936,"status":200,"resp_time":0.19786}
{"time":"November 2, 1:26 am","ts":1667332562,"status":200,"resp_time":0.037336}
{"time":"November 2, 1:53 am","ts":1667334199,"status":200,"resp_time":0.353593}
{"time":"November 2, 2:14 am","ts":1667335451,"status":200,"resp_time":0.02436}
{"time":"November 2, 2:25 am","ts":1667336147,"status":200,"resp_time":0.135291}
{"time":"November 2, 2:48 am","ts":1667337536,"status":200,"resp_time":0.037898}
{"time":"November 2, 3:07 am","ts":1667338627,"status":200,"resp_time":0.137114}
{"time":"November 2, 3:19 am","ts":1667339379,"status":200,"resp_time":0.021186}
{"time":"November 2, 3:29 am","ts":1667339996,"status":200,"resp_time":0.153115}
{"time":"November 2, 4:01 am","ts":1667341898,"status":200,"resp_time":0.132976}
{"time":"November 2, 4:22 am","ts":1667343179,"status":200,"resp_time":0.023826}
{"time":"November 2, 4:51 am","ts":1667344870,"status":200,"resp_time":0.024693}
{"time":"November 2, 5:15 am","ts":1667346305,"status":200,"resp_time":0.025114}
{"time":"November 2, 5:26 am","ts":1667346980,"status":200,"resp_time":0.024833}
{"time":"November 2, 7:39 am","ts":1667354974,"status":200,"resp_time":0.019441}
{"time":"November 2, 9:33 am","ts":1667361820,"status":200,"resp_time":0.154227}
{"time":"November 2, 10:42 am","ts":1667365938,"status":200,"resp_time":0.039336}
{"time":"November 2, 11:24 am","ts":1667368464,"status":200,"resp_time":0.145881}
{"time":"November 2, 11:58 am","ts":1667370487,"status":200,"resp_time":0.039652}
{"time":"November 2, 12:25 pm","ts":1667372151,"status":200,"resp_time":0.037741}
{"time":"November 2, 12:49 pm","ts":1667373577,"status":200,"resp_time":0.039142}
{"time":"November 2, 1:06 pm","ts":1667374611,"status":200,"resp_time":0.181688}
{"time":"November 2, 1:17 pm","ts":1667375258,"status":200,"resp_time":0.20979}
{"time":"November 2, 1:28 pm","ts":1667375885,"status":200,"resp_time":0.038334}
{"time":"November 2, 2:03 pm","ts":1667377986,"status":200,"resp_time":0.028174}
{"time":"November 2, 2:23 pm","ts":1667379222,"status":200,"resp_time":0.024789}
{"time":"November 2, 2:48 pm","ts":1667380697,"status":200,"resp_time":0.037668}
{"time":"November 2, 3:08 pm","ts":1667381919,"status":200,"resp_time":0.043737}
{"time":"November 2, 3:21 pm","ts":1667382678,"status":200,"resp_time":0.335487}
{"time":"November 2, 3:51 pm","ts":1667384464,"status":200,"resp_time":0.191841}
{"time":"November 2, 4:15 pm","ts":1667385935,"status":200,"resp_time":0.346586}
{"time":"November 2, 4:26 pm","ts":1667386588,"status":200,"resp_time":0.247529}
{"time":"November 2, 4:49 pm","ts":1667387984,"status":200,"resp_time":0.153017}
{"time":"November 2, 5:05 pm","ts":1667388927,"status":200,"resp_time":0.021766}
{"time":"November 2, 5:16 pm","ts":1667389588,"status":200,"resp_time":0.371025}
{"time":"November 2, 5:27 pm","ts":1667390226,"status":200,"resp_time":0.362418}
{"time":"November 2, 6:23 pm","ts":1667393590,"status":200,"resp_time":0.020722}
{"time":"November 2, 7:21 pm","ts":1667397108,"status":200,"resp_time":0.188967}
{"time":"November 2, 7:54 pm","ts":1667399052,"status":200,"resp_time":0.170228}
{"time":"November 2, 8:16 pm","ts":1667400373,"status":200,"resp_time":0.108098}
{"time":"November 2, 8:26 pm","ts":1667401013,"status":200,"resp_time":0.174241}
{"time":"November 2, 8:55 pm","ts":1667402727,"status":200,"resp_time":0.172564}
{"time":"November 2, 9:16 pm","ts":1667403968,"status":200,"resp_time":0.190844}
{"time":"November 2, 9:27 pm","ts":1667404657,"status":200,"resp_time":0.034015}
{"time":"November 2, 10:09 pm","ts":1667407186,"status":200,"resp_time":0.161557}
{"time":"November 2, 10:46 pm","ts":1667409409,"status":200,"resp_time":0.02388}
{"time":"November 2, 11:20 pm","ts":1667411416,"status":200,"resp_time":0.128027}
{"time":"November 2, 11:38 pm","ts":1667412518,"status":200,"resp_time":0.190655}
{"time":"November 3, 12:09 am","ts":1667414355,"status":200,"resp_time":0.145526}
{"time":"November 3, 12:25 am","ts":1667415310,