{"time":"July 26, 8:15 pm","ts":1658846731,"status":200,"resp_time":0.026804}
{"time":"July 26, 8:25 pm","ts":1658847354,"status":200,"resp_time":0.211693}
{"time":"July 26, 8:51 pm","ts":1658848877,"status":200,"resp_time":0.028121}
{"time":"July 26, 9:15 pm","ts":1658850359,"status":200,"resp_time":0.348994}
{"time":"July 26, 9:26 pm","ts":1658850997,"status":200,"resp_time":0.031698}
{"time":"July 26, 10:00 pm","ts":1658853003,"status":200,"resp_time":0.047905}
{"time":"July 26, 10:28 pm","ts":1658854721,"status":200,"resp_time":0.02129}
{"time":"July 26, 10:56 pm","ts":1658856407,"status":200,"resp_time":0.029063}
{"time":"July 26, 11:14 pm","ts":1658857440,"status":200,"resp_time":0.193911}
{"time":"July 26, 11:25 pm","ts":1658858146,"status":200,"resp_time":0.189578}
{"time":"July 26, 11:52 pm","ts":1658859747,"status":200,"resp_time":0.387381}
{"time":"July 27, 12:17 am","ts":1658861240,"status":200,"resp_time":0.046981}
{"time":"July 27, 12:28 am","ts":1658861906,"status":200,"resp_time":0.024803}
{"time":"July 27, 12:49 am","ts":1658863196,"status":200,"resp_time":0.152376}
{"time":"July 27, 1:00 am","ts":1658863824,"status":200,"resp_time":0.042734}
{"time":"July 27, 1:15 am","ts":1658864731,"status":200,"resp_time":0.185198}
{"time":"July 27, 1:26 am","ts":1658865365,"status":200,"resp_time":0.388558}
{"time":"July 27, 1:50 am","ts":1658866801,"status":200,"resp_time":0.050325}
{"time":"July 27, 2:05 am","ts":1658867726,"status":200,"resp_time":0.152973}
{"time":"July 27, 2:17 am","ts":1658868422,"status":200,"resp_time":0.406975}
{"time":"July 27, 2:27 am","ts":1658869042,"status":200,"resp_time":0.182262}
{"time":"July 27, 2:49 am","ts":1658870345,"status":200,"resp_time":0.052159}
{"time":"July 27, 3:02 am","ts":1658871176,"status":200,"resp_time":0.380134}
{"time":"July 27, 3:15 am","ts":1658871930,"status":200,"resp_time":0.042734}
{"time":"July 27, 3:26 am","ts":1658872562,"status":200,"resp_time":0.045478}
{"time":"July 27, 3:50 am","ts":1658874030,"status":200,"resp_time":0.381141}
{"time":"July 27, 4:11 am","ts":1658875269,"status":200,"resp_time":0.272981}
{"time":"July 27, 4:25 am","ts":1658876137,"status":200,"resp_time":0.411697}
{"time":"July 27, 4:47 am","ts":1658877428,"status":200,"resp_time":0.278842}
{"time":"July 27, 5:03 am","ts":1658878398,"status":200,"resp_time":0.168277}
{"time":"July 27, 5:15 am","ts":1658879154,"status":200,"resp_time":0.182294}
{"time":"July 27, 5:26 am","ts":1658879790,"status":200,"resp_time":0.023591}
{"time":"July 27, 7:34 am","ts":1658887492,"status":200,"resp_time":0.250556}
{"time":"July 27, 9:24 am","ts":1658894044,"status":200,"resp_time":0.052787}
{"time":"July 27, 10:23 am","ts":1658897592,"status":200,"resp_time":0.190691}
{"time":"July 27, 11:01 am","ts":1658899910,"status":200,"resp_time":0.052636}
{"time":"July 27, 11:21 am","ts":1658901101,"status":200,"resp_time":0.276488}
{"time":"July 27, 11:52 am","ts":1658902936,"status":200,"resp_time":0.048607}
{"time":"July 27, 12:17 pm","ts":1658904473,"status":200,"resp_time":0.192684}
{"time":"July 27, 12:28 pm","ts":1658905093,"status":200,"resp_time":0.444077}
{"time":"July 27, 12:53 pm","ts":1658906633,"status":200,"resp_time":0.026767}
{"time":"July 27, 1:10 pm","ts":1658907623,"status":200,"resp_time":0.434439}
{"time":"July 27, 1:25 pm","ts":1658908539,"status":200,"resp_time":0.172498}
{"time":"July 27, 1:53 pm","ts":1658910235,"status":200,"resp_time":0.027708}
{"time":"July 27, 2:16 pm","ts":1658911570,"status":200,"resp_time":0.193328}
{"time":"July 27, 2:26 pm","ts":1658912212,"status":200,"resp_time":0.185624}
{"time":"July 27, 2:50 pm","ts":1658913623,"status":200,"resp_time":0.400174}
{"time":"July 27, 3:10 pm","ts":1658914816,"status":200,"resp_time":0.397143}
{"time":"July 27, 3:20 pm","ts":1658915427,"status":200,"resp_time":0.025986}
{"time":"July 27, 3:51 pm","ts":1658917267,"status":200,"resp_time":0.200867}
{"time":"July 27, 4:14 pm","ts":1658918664,"status":200,"resp_time":0.021168}
{"time":"July 27, 4:25 pm","ts":1658919334,"status":200,"resp_time":0.243841}
{"time":"July 27, 4:45 pm","ts":1658920509,"status":200,"resp_time":0.172911}
{"time":"July 27, 4:59 pm","ts":1658921389,"status":200,"resp_time":0.045557}
{"time":"July 27, 5:10 pm","ts":1658922044,"status":200,"resp_time":0.03029}
{"time":"July 27, 5:25 pm","ts":1658922953,"status":200,"resp_time":0.398037}
{"time":"July 27, 6:12 pm","ts":1658925734,"status":200,"resp_time":0.400086}
{"time":"July 27, 7:01 pm","ts":1658928707,"status":200,"resp_time":0.368099}
{"time":"July 27, 7:31 pm","ts":1658930506,"status":200,"resp_time":0.169849}
{"time":"July 27, 7:57 pm","ts":1658932031,"status":200,"resp_time":0.021677}
{"time":"July 27, 8:11 pm","ts":1658932878,"status":200,"resp_time":0.36758}
{"time":"July 27, 8:25 pm","ts":1658933746,"status":200,"resp_time":0.397238}
{"time":"July 27, 8:50 pm","ts":1658935215,"status":200,"resp_time":0.275824}
{"time":"July 27, 9:09 pm","ts":1658936379,"status":200,"resp_time":0.401149}
{"time":"July 27, 9:22 pm","ts":1658937124,"status":200,"resp_time":0.042464}
{"time":"July 27, 9:55 pm","ts":1658939154,"status":200,"resp_time":0.045762}
{"time":"July 27, 10:31 pm","ts":1658941311,"status":200,"resp_time":0.02474}
{"time":"July 27, 11:04 pm","ts":1658943260,"status":200,"resp_time":0.401226}
{"time":"July 27, 11:21 pm","ts":1658944284,"status":200,"resp_time":0.042734}
{"time":"July 27, 11:50 pm","ts":1658946025,"status":200,"resp_time":0.030845}
{"time":"July 28, 12:15 am","ts":1658947523,"status":200,"resp_time":0.021953}
{"time":"July 28, 12:25 am","ts":1658948136,"status":200,"resp_time":0.044047}
{"time":"July 28, 12:46 am","ts":1658949404,"status":200,"resp_time":0.03399}
{"time":"July 28, 1:00 am","ts":1658950212,"status":200,"resp_time":0.304445}
{"time":"July 28, 1:13 am","ts":1658951003,"status":200,"resp_time":0.185772}
{"time":"July 28, 1:25 am","ts":1658951747,"status":200,"resp_time":0.204617}
{"time":"July 28, 1:48 am","ts":1658953122,"status":200,"resp_time":0.195437}
{"time":"July 28, 2:04 am","ts":1658954085,"status":200,"resp_time":0.026166}
{"time":"July 28, 2:16 am","ts":1658954773,"status":200,"resp_time":0.025724}
{"time":"July 28, 2:26 am","ts":1658955390,"status":200,"resp_time":0.390092}
{"time":"July 28, 2:47 am","ts":1658956647,"status":200,"resp_time":0.22364}
{"time":"July 28, 3:02 am","ts":1658957521,"status":200,"resp_time":0.042976}
{"time":"July 28, 3:15 am","ts":1658958340,"status":200,"resp_time":0.283773}
{"time":"July 28, 3:26 am","ts":1658958980,"status":200,"resp_time":0.189314}
{"time":"July 28, 3:49 am","ts":1658960377,"status":200,"resp_time":0.397605}
{"time":"July 28, 4:08 am","ts":1658961492,"status":200,"resp_time":0.046052}
{"time":"July 28, 4:19 am","ts":1658962176,"status":200,"resp_time":0.181603}
{"time":"July 28, 4:30 am","ts":1658962803,"status":200,"resp_time":0.043463}
{"time":"July 28, 4:54 am","ts":1658964267,"status":200,"resp_time":0.190039}
{"time":"July 28, 5:09 am","ts":1658965159,"status":200,"resp_time":0.198292}
{"time":"July 28, 5:19 am","ts":1658965775,"status":200,"resp_time":0.026855}
{"time":"July 28, 5:29 am","ts":1658966398,"status":200,"resp_time":0.202452}
{"time":"July 28, 7:55 am","ts":1658975108,"status":200,"resp_time":0.193493}
{"time":"July 28, 9:22 am","ts":1658980358,"status":200,"resp_time":0.047823}
{"time":"July 28, 10:12 am","ts":1658983379,"status":200,"resp_time":0.393465}
