{"time":"July 23, 5:17 am","ts":1658533642,"status":200,"resp_time":0.183435}
{"time":"July 23, 5:27 am","ts":1658534256,"status":200,"resp_time":0.258573}
{"time":"July 23, 7:49 am","ts":1658542789,"status":200,"resp_time":0.181652}
{"time":"July 23, 9:12 am","ts":1658547743,"status":200,"resp_time":0.050417}
{"time":"July 23, 9:47 am","ts":1658549827,"status":200,"resp_time":0.16976}
{"time":"July 23, 10:21 am","ts":1658551906,"status":200,"resp_time":0.181978}
{"time":"July 23, 10:48 am","ts":1658553491,"status":200,"resp_time":0.197838}
{"time":"July 23, 11:05 am","ts":1658554505,"status":200,"resp_time":0.400819}
{"time":"July 23, 11:15 am","ts":1658555152,"status":200,"resp_time":0.022887}
{"time":"July 23, 11:26 am","ts":1658555773,"status":200,"resp_time":0.041867}
{"time":"July 23, 11:54 am","ts":1658557444,"status":200,"resp_time":0.047052}
{"time":"July 23, 12:17 pm","ts":1658558821,"status":200,"resp_time":0.024286}
{"time":"July 23, 12:27 pm","ts":1658559454,"status":200,"resp_time":0.024157}
{"time":"July 23, 12:51 pm","ts":1658560867,"status":200,"resp_time":0.179788}
{"time":"July 23, 1:07 pm","ts":1658561877,"status":200,"resp_time":0.024245}
{"time":"July 23, 1:18 pm","ts":1658562507,"status":200,"resp_time":0.023117}
{"time":"July 23, 1:28 pm","ts":1658563122,"status":200,"resp_time":0.038022}
{"time":"July 23, 2:00 pm","ts":1658565038,"status":200,"resp_time":0.27786}
{"time":"July 23, 2:21 pm","ts":1658566295,"status":200,"resp_time":0.065911}
{"time":"July 23, 2:46 pm","ts":1658567781,"status":200,"resp_time":0.192893}
{"time":"July 23, 3:03 pm","ts":1658568837,"status":200,"resp_time":0.401083}
{"time":"July 23, 3:16 pm","ts":1658569616,"status":200,"resp_time":0.397899}
{"time":"July 23, 3:27 pm","ts":1658570239,"status":200,"resp_time":0.169723}
{"time":"July 23, 3:54 pm","ts":1658571841,"status":200,"resp_time":0.172203}
{"time":"July 23, 4:11 pm","ts":1658572903,"status":200,"resp_time":0.280486}
{"time":"July 23, 4:25 pm","ts":1658573737,"status":200,"resp_time":0.279346}
{"time":"July 23, 4:45 pm","ts":1658574928,"status":200,"resp_time":0.151928}
{"time":"July 23, 5:00 pm","ts":1658575808,"status":200,"resp_time":0.02927}
{"time":"July 23, 5:11 pm","ts":1658576462,"status":200,"resp_time":0.043228}
{"time":"July 23, 5:25 pm","ts":1658577332,"status":200,"resp_time":0.041795}
{"time":"July 23, 6:01 pm","ts":1658579491,"status":200,"resp_time":0.067268}
{"time":"July 23, 6:37 pm","ts":1658581643,"status":200,"resp_time":0.190914}
{"time":"July 23, 7:06 pm","ts":1658583387,"status":200,"resp_time":0.158418}
{"time":"July 23, 7:19 pm","ts":1658584167,"status":200,"resp_time":0.053128}
{"time":"July 23, 7:29 pm","ts":1658584786,"status":200,"resp_time":0.043286}
{"time":"July 23, 7:52 pm","ts":1658586134,"status":200,"resp_time":0.024766}
{"time":"July 23, 8:08 pm","ts":1658587109,"status":200,"resp_time":0.203914}
{"time":"July 23, 8:19 pm","ts":1658587743,"status":200,"resp_time":0.38138}
{"time":"July 23, 8:29 pm","ts":1658588357,"status":200,"resp_time":0.187329}
{"time":"July 23, 8:55 pm","ts":1658589939,"status":200,"resp_time":0.406894}
{"time":"July 23, 9:12 pm","ts":1658590956,"status":200,"resp_time":0.170705}
{"time":"July 23, 9:25 pm","ts":1658591739,"status":200,"resp_time":0.1549}
{"time":"July 23, 9:54 pm","ts":1658593484,"status":200,"resp_time":0.42115}
{"time":"July 23, 10:24 pm","ts":1658595279,"status":200,"resp_time":0.282747}
{"time":"July 23, 10:48 pm","ts":1658596701,"status":200,"resp_time":0.044891}
{"time":"July 23, 11:06 pm","ts":1658597773,"status":200,"resp_time":0.024464}
{"time":"July 23, 11:17 pm","ts":1658598423,"status":200,"resp_time":0.182316}
{"time":"July 23, 11:27 pm","ts":1658599046,"status":200,"resp_time":0.026457}
{"time":"July 23, 11:56 pm","ts":1658600802,"status":200,"resp_time":0.201298}
{"time":"July 24, 12:16 am","ts":1658602000,"status":200,"resp_time":0.442488}
{"time":"July 24, 12:26 am","ts":1658602614,"status":200,"resp_time":0.170438}
{"time":"July 24, 12:47 am","ts":1658603827,"status":200,"resp_time":0.039431}
{"time":"July 24, 12:58 am","ts":1658604521,"status":200,"resp_time":0.19126}
{"time":"July 24, 1:09 am","ts":1658605186,"status":200,"resp_time":0.169559}
{"time":"July 24, 1:20 am","ts":1658605814,"status":200,"resp_time":0.397763}
{"time":"July 24, 1:31 am","ts":1658606496,"status":200,"resp_time":0.151826}
{"time":"July 24, 1:58 am","ts":1658608119,"status":200,"resp_time":0.039282}
{"time":"July 24, 2:14 am","ts":1658609044,"status":200,"resp_time":0.171942}
{"time":"July 24, 2:25 am","ts":1658609748,"status":200,"resp_time":0.153613}
{"time":"July 24, 2:45 am","ts":1658610950,"status":200,"resp_time":0.035867}
{"time":"July 24, 3:01 am","ts":1658611904,"status":200,"resp_time":0.042687}
{"time":"July 24, 3:15 am","ts":1658612741,"status":200,"resp_time":0.046498}
{"time":"July 24, 3:25 am","ts":1658613359,"status":200,"resp_time":0.051429}
{"time":"July 24, 3:47 am","ts":1658614669,"status":200,"resp_time":0.023373}
{"time":"July 24, 4:04 am","ts":1658615696,"status":200,"resp_time":0.120564}
{"time":"July 24, 4:16 am","ts":1658616378,"status":200,"resp_time":0.039999}
{"time":"July 24, 4:26 am","ts":1658616998,"status":200,"resp_time":0.410942}
{"time":"July 24, 4:49 am","ts":1658618384,"status":200,"resp_time":0.046413}
{"time":"July 24, 5:04 am","ts":1658619291,"status":200,"resp_time":0.047901}
{"time":"July 24, 5:16 am","ts":1658619989,"status":200,"resp_time":0.041035}
{"time":"July 24, 5:26 am","ts":1658620605,"status":200,"resp_time":0.026335}
{"time":"July 24, 7:41 am","ts":1658628694,"status":200,"resp_time":0.044797}
{"time":"July 24, 9:14 am","ts":1658634275,"status":200,"resp_time":0.173895}
{"time":"July 24, 9:48 am","ts":1658636337,"status":200,"resp_time":0.19379}
{"time":"July 24, 10:23 am","ts":1658638429,"status":200,"resp_time":0.171996}
{"time":"July 24, 10:49 am","ts":1658639948,"status":200,"resp_time":0.026566}
{"time":"July 24, 11:06 am","ts":1658640987,"status":200,"resp_time":0.048308}
{"time":"July 24, 11:17 am","ts":1658641621,"status":200,"resp_time":0.206065}
{"time":"July 24, 11:27 am","ts":1658642250,"status":200,"resp_time":0.050403}
{"time":"July 24, 11:57 am","ts":1658644072,"status":200,"resp_time":0.184839}
{"time":"July 24, 12:19 pm","ts":1658645371,"status":200,"resp_time":0.169897}
{"time":"July 24, 12:29 pm","ts":1658645987,"status":200,"resp_time":0.275193}
{"time":"July 24, 12:53 pm","ts":1658647388,"status":200,"resp_time":0.172168}
{"time":"July 24, 1:08 pm","ts":1658648287,"status":200,"resp_time":0.152439}
{"time":"July 24, 1:18 pm","ts":1658648907,"status":200,"resp_time":0.042462}
{"time":"July 24, 1:28 pm","ts":1658649529,"status":200,"resp_time":0.027365}
{"time":"July 24, 1:59 pm","ts":1658651353,"status":200,"resp_time":0.401894}
{"time":"July 24, 2:17 pm","ts":1658652429,"status":200,"resp_time":0.044971}
{"time":"July 24, 2:27 pm","ts":1658653051,"status":200,"resp_time":0.192963}
{"time":"July 24, 2:51 pm","ts":1658654499,"status":200,"resp_time":0.025472}
{"time":"July 24, 3:10 pm","ts":1658655627,"status":200,"resp_time":0.142742}
{"time":"July 24, 3:25 pm","ts":1658656540,"status":200,"resp_time":0.414041}
{"time":"July 24, 3:49 pm","ts":1658657950,"status":200,"resp_time":0.434469}
{"time":"July 24, 4:08 pm","ts":1658659091,"status":200,"resp_time":0.404597}
{"time":"July 24, 4:19 pm","ts":1658659792,"status":200,"resp_time":0.196427}
{"time":"July 24, 4:30 pm","ts":1658660406,"status":200,"resp_time":0.1531}
{"time":"July 24, 4:50 pm","ts":1658661650,"status":200,"resp_time":0.041661}
{"time":"July 24, 5:07 pm","ts":1658662630,"status":200,"resp_time":0.172122}
{"time":"July 24, 5:17 pm","ts":1658663245,"status":200,"resp_time":0.029686}
