{"time":"November 3, 12:57 am","ts":1667417275,"status":200,"resp_time":0.039489}
{"time":"November 3, 1:09 am","ts":1667417957,"status":200,"resp_time":0.108763}
{"time":"November 3, 1:19 am","ts":1667418594,"status":200,"resp_time":0.163053}
{"time":"November 3, 1:30 am","ts":1667419216,"status":200,"resp_time":0.132337}
{"time":"November 3, 1:59 am","ts":1667420949,"status":200,"resp_time":0.164653}
{"time":"November 3, 2:14 am","ts":1667421857,"status":200,"resp_time":0.11655}
{"time":"November 3, 2:25 am","ts":1667422544,"status":200,"resp_time":0.15392}
{"time":"November 3, 2:49 am","ts":1667423990,"status":200,"resp_time":0.039491}
{"time":"November 3, 3:06 am","ts":1667424988,"status":200,"resp_time":0.113256}
{"time":"November 3, 3:17 am","ts":1667425656,"status":200,"resp_time":0.10606}
{"time":"November 3, 3:27 am","ts":1667426272,"status":200,"resp_time":0.026641}
{"time":"November 3, 3:54 am","ts":1667427851,"status":200,"resp_time":0.161552}
{"time":"November 3, 4:10 am","ts":1667428848,"status":200,"resp_time":0.045223}
{"time":"November 3, 4:25 am","ts":1667429733,"status":200,"resp_time":0.040199}
{"time":"November 3, 4:50 am","ts":1667431244,"status":200,"resp_time":0.145419}
{"time":"November 3, 5:13 am","ts":1667432637,"status":200,"resp_time":0.119977}
{"time":"November 3, 5:25 am","ts":1667433333,"status":200,"resp_time":0.124717}
{"time":"November 3, 7:16 am","ts":1667440014,"status":200,"resp_time":0.183064}
{"time":"November 3, 8:51 am","ts":1667445704,"status":200,"resp_time":0.132014}
{"time":"November 3, 9:39 am","ts":1667448599,"status":200,"resp_time":0.038643}
{"time":"November 3, 10:25 am","ts":1667451320,"status":200,"resp_time":0.039272}
{"time":"November 3, 10:52 am","ts":1667452966,"status":200,"resp_time":0.025207}
{"time":"November 3, 11:12 am","ts":1667454130,"status":200,"resp_time":0.026414}
{"time":"November 3, 11:25 am","ts":1667454931,"status":200,"resp_time":0.156243}
{"time":"November 3, 11:54 am","ts":1667456666,"status":200,"resp_time":0.131261}
{"time":"November 3, 12:19 pm","ts":1667458177,"status":200,"resp_time":0.113238}
{"time":"November 3, 12:29 pm","ts":1667458797,"status":200,"resp_time":0.021816}
{"time":"November 3, 12:54 pm","ts":1667460240,"status":200,"resp_time":0.190723}
{"time":"November 3, 1:08 pm","ts":1667461092,"status":200,"resp_time":0.15609}
{"time":"November 3, 1:18 pm","ts":1667461711,"status":200,"resp_time":0.092479}
{"time":"November 3, 1:28 pm","ts":1667462326,"status":200,"resp_time":0.143534}
{"time":"November 3, 2:04 pm","ts":1667464453,"status":200,"resp_time":0.122423}
{"time":"November 3, 2:23 pm","ts":1667465587,"status":200,"resp_time":0.040901}
{"time":"November 3, 2:47 pm","ts":1667467067,"status":200,"resp_time":0.024289}
{"time":"November 3, 3:05 pm","ts":1667468140,"status":200,"resp_time":0.037599}
{"time":"November 3, 3:17 pm","ts":1667468848,"status":200,"resp_time":0.135094}
{"time":"November 3, 3:27 pm","ts":1667469473,"status":200,"resp_time":0.020214}
{"time":"November 3, 3:57 pm","ts":1667471264,"status":200,"resp_time":0.107169}
{"time":"November 3, 4:18 pm","ts":1667472531,"status":200,"resp_time":0.106402}
{"time":"November 3, 4:29 pm","ts":1667473164,"status":200,"resp_time":0.15772}
{"time":"November 3, 4:51 pm","ts":1667474469,"status":200,"resp_time":0.144378}
{"time":"November 3, 5:07 pm","ts":1667475430,"status":200,"resp_time":0.109544}
{"time":"November 3, 5:17 pm","ts":1667476051,"status":200,"resp_time":0.03866}
{"time":"November 3, 5:27 pm","ts":1667476677,"status":200,"resp_time":0.158854}
{"time":"November 3, 6:25 pm","ts":1667480132,"status":200,"resp_time":0.121735}
{"time":"November 3, 7:13 pm","ts":1667483039,"status":200,"resp_time":0.020618}
{"time":"November 3, 7:39 pm","ts":1667484575,"status":200,"resp_time":0.105835}
{"time":"November 3, 8:02 pm","ts":1667485950,"status":200,"resp_time":0.188863}
{"time":"November 3, 8:16 pm","ts":1667486789,"status":200,"resp_time":0.021973}
{"time":"November 3, 8:26 pm","ts":1667487410,"status":200,"resp_time":0.041143}
{"time":"November 3, 9:00 pm","ts":1667489415,"status":200,"resp_time":0.022605}
{"time":"November 3, 9:30 pm","ts":1667491208,"status":200,"resp_time":0.09768}
{"time":"November 3, 10:09 pm","ts":1667493563,"status":200,"resp_time":0.104569}
{"time":"November 3, 10:32 pm","ts":1667494977,"status":200,"resp_time":0.034123}
{"time":"November 3, 11:01 pm","ts":1667496715,"status":200,"resp_time":0.144753}
{"time":"November 3, 11:18 pm","ts":1667497680,"status":200,"resp_time":0.029337}
{"time":"November 3, 11:28 pm","ts":1667498318,"status":200,"resp_time":0.024164}
{"time":"November 4, 12:06 am","ts":1667500617,"status":200,"resp_time":0.022862}
{"time":"November 4, 12:26 am","ts":1667501790,"status":200,"resp_time":0.168236}
{"time":"November 4, 12:46 am","ts":1667502976,"status":200,"resp_time":0.020325}
{"time":"November 4, 12:58 am","ts":1667503702,"status":200,"resp_time":0.02843}
{"time":"November 4, 1:10 am","ts":1667504401,"status":200,"resp_time":0.188824}
{"time":"November 4, 1:20 am","ts":1667505024,"status":200,"resp_time":0.147258}
{"time":"November 4, 1:45 am","ts":1667506523,"status":200,"resp_time":0.024898}
{"time":"November 4, 2:09 am","ts":1667507990,"status":200,"resp_time":0.037626}
{"time":"November 4, 2:20 am","ts":1667508609,"status":200,"resp_time":0.176252}
{"time":"November 4, 2:31 am","ts":1667509269,"status":200,"resp_time":0.165279}
{"time":"November 4, 2:53 am","ts":1667510587,"status":200,"resp_time":0.148928}
{"time":"November 4, 3:05 am","ts":1667511359,"status":200,"resp_time":0.024273}
{"time":"November 4, 3:16 am","ts":1667511992,"status":200,"resp_time":0.158727}
{"time":"November 4, 3:26 am","ts":1667512615,"status":200,"resp_time":0.03953}
{"time":"November 4, 3:49 am","ts":1667513943,"status":200,"resp_time":0.148762}
{"time":"November 4, 4:03 am","ts":1667514835,"status":200,"resp_time":0.03974}
{"time":"November 4, 4:15 am","ts":1667515531,"status":200,"resp_time":0.036253}
{"time":"November 4, 4:25 am","ts":1667516148,"status":200,"resp_time":0.022603}
{"time":"November 4, 4:51 am","ts":1667517679,"status":200,"resp_time":0.143624}
{"time":"November 4, 5:11 am","ts":1667518904,"status":200,"resp_time":0.191895}
{"time":"November 4, 5:25 am","ts":1667519741,"status":200,"resp_time":0.197556}
{"time":"November 4, 7:26 am","ts":1667526985,"status":200,"resp_time":0.111636}
{"time":"November 4, 9:14 am","ts":1667533491,"status":200,"resp_time":0.024428}
{"time":"November 4, 9:59 am","ts":1667536144,"status":200,"resp_time":0.106382}
{"time":"November 4, 10:35 am","ts":1667538334,"status":200,"resp_time":0.025569}
{"time":"November 4, 11:03 am","ts":1667539989,"status":200,"resp_time":0.22333}
{"time":"November 4, 11:17 am","ts":1667540857,"status":200,"resp_time":0.024517}
{"time":"November 4, 11:27 am","ts":1667541475,"status":200,"resp_time":0.147701}
{"time":"November 4, 12:03 pm","ts":1667543605,"status":200,"resp_time":0.108273}
{"time":"November 4, 12:23 pm","ts":1667544812,"status":200,"resp_time":0.171555}
{"time":"November 4, 12:46 pm","ts":1667546180,"status":200,"resp_time":0.038003}
{"time":"November 4, 1:01 pm","ts":1667547073,"status":200,"resp_time":0.096749}
{"time":"November 4, 1:15 pm","ts":1667547932,"status":200,"resp_time":0.021666}
{"time":"November 4, 1:26 pm","ts":1667548564,"status":200,"resp_time":0.142187}
{"time":"November 4, 1:58 pm","ts":1667550530,"status":200,"resp_time":0.035844}
{"time":"November 4, 2:21 pm","ts":1667551909,"status":200,"resp_time":0.147178}
{"time":"November 4, 2:46 pm","ts":1667553395,"status":200,"resp_time":0.02653}
{"time":"November 4, 3:03 pm","ts":1667554415,"status":200,"resp_time":0.095305}
{"time":"November 4, 3:16 pm","ts":1667555188,"status":200,"resp_time":0.048547}
{"time":"November 4, 3:26 pm","ts":1667555809,"status":200,"resp_time":0.028854}
{"time":"November 4, 3:54 pm","ts":1667557448,"status":200,"resp_time":0.039677}
