{"time":"October 18, 9:30 pm","ts":1666108826,"status":200,"resp_time":0.047808}
{"time":"October 18, 10:26 pm","ts":1666112171,"status":200,"resp_time":0.043565}
{"time":"October 18, 11:09 pm","ts":1666114784,"status":200,"resp_time":0.239502}
{"time":"October 18, 11:35 pm","ts":1666116300,"status":200,"resp_time":0.045698}
{"time":"October 19, 12:21 am","ts":1666119063,"status":200,"resp_time":0.174188}
{"time":"October 19, 12:54 am","ts":1666121062,"status":200,"resp_time":0.027894}
{"time":"October 19, 1:14 am","ts":1666122294,"status":200,"resp_time":0.18051}
{"time":"October 19, 1:26 am","ts":1666123009,"status":200,"resp_time":0.467248}
{"time":"October 19, 1:58 am","ts":1666124911,"status":200,"resp_time":0.02722}
{"time":"October 19, 2:21 am","ts":1666126310,"status":200,"resp_time":0.04302}
{"time":"October 19, 2:48 am","ts":1666127931,"status":200,"resp_time":0.184151}
{"time":"October 19, 3:10 am","ts":1666129258,"status":200,"resp_time":0.193627}
{"time":"October 19, 3:26 am","ts":1666130213,"status":200,"resp_time":0.157348}
{"time":"October 19, 3:56 am","ts":1666132008,"status":200,"resp_time":0.045853}
{"time":"October 19, 4:20 am","ts":1666133416,"status":200,"resp_time":0.446164}
{"time":"October 19, 4:55 am","ts":1666135538,"status":200,"resp_time":0.181715}
{"time":"October 19, 5:22 am","ts":1666137149,"status":200,"resp_time":0.381772}
{"time":"October 19, 7:30 am","ts":1666144836,"status":200,"resp_time":0.38646}
{"time":"October 19, 9:58 am","ts":1666153688,"status":200,"resp_time":0.172233}
{"time":"October 19, 11:26 am","ts":1666159004,"status":200,"resp_time":0.401111}
{"time":"October 19, 12:33 pm","ts":1666163028,"status":200,"resp_time":0.025869}
{"time":"October 19, 1:22 pm","ts":1666165973,"status":200,"resp_time":0.041553}
{"time":"October 19, 2:06 pm","ts":1666168592,"status":200,"resp_time":0.044746}
{"time":"October 19, 2:36 pm","ts":1666170401,"status":200,"resp_time":0.180601}
{"time":"October 19, 3:13 pm","ts":1666172619,"status":200,"resp_time":0.184749}
{"time":"October 19, 3:32 pm","ts":1666173754,"status":200,"resp_time":0.463391}
{"time":"October 19, 4:13 pm","ts":1666176214,"status":200,"resp_time":0.051323}
{"time":"October 19, 4:32 pm","ts":1666177338,"status":200,"resp_time":0.387459}
{"time":"October 19, 5:02 pm","ts":1666179132,"status":200,"resp_time":0.178587}
{"time":"October 19, 5:20 pm","ts":1666180255,"status":200,"resp_time":0.037303}
{"time":"October 19, 6:14 pm","ts":1666183485,"status":200,"resp_time":0.023629}
{"time":"October 19, 7:12 pm","ts":1666186977,"status":200,"resp_time":0.208908}
{"time":"October 19, 7:54 pm","ts":1666189497,"status":200,"resp_time":0.176761}
{"time":"October 19, 8:25 pm","ts":1666191331,"status":200,"resp_time":0.180762}
{"time":"October 19, 8:56 pm","ts":1666193174,"status":200,"resp_time":0.033813}
{"time":"October 19, 9:24 pm","ts":1666194867,"status":200,"resp_time":0.180048}
{"time":"October 19, 10:05 pm","ts":1666197325,"status":200,"resp_time":0.176455}
{"time":"October 19, 10:59 pm","ts":1666200581,"status":200,"resp_time":0.031323}
{"time":"October 19, 11:37 pm","ts":1666202860,"status":200,"resp_time":0.041829}
{"time":"October 20, 12:24 am","ts":1666205645,"status":200,"resp_time":0.057505}
{"time":"October 20, 12:56 am","ts":1666207566,"status":200,"resp_time":0.044456}
{"time":"October 20, 1:16 am","ts":1666208817,"status":200,"resp_time":0.170122}
{"time":"October 20, 1:27 am","ts":1666209455,"status":200,"resp_time":0.175066}
{"time":"October 20, 2:00 am","ts":1666211437,"status":200,"resp_time":0.201633}
{"time":"October 20, 2:24 am","ts":1666212893,"status":200,"resp_time":0.17493}
{"time":"October 20, 2:49 am","ts":1666214372,"status":200,"resp_time":0.406485}
{"time":"October 20, 3:11 am","ts":1666215673,"status":200,"resp_time":0.37333}
{"time":"October 20, 3:27 am","ts":1666216640,"status":200,"resp_time":0.022238}
{"time":"October 20, 4:00 am","ts":1666218630,"status":200,"resp_time":0.043746}
{"time":"October 20, 4:26 am","ts":1666220164,"status":200,"resp_time":0.041058}
{"time":"October 20, 4:58 am","ts":1666222108,"status":200,"resp_time":0.396169}
{"time":"October 20, 5:24 am","ts":1666223642,"status":200,"resp_time":0.028132}
{"time":"October 20, 7:30 am","ts":1666231227,"status":200,"resp_time":0.045556}
{"time":"October 20, 9:38 am","ts":1666238887,"status":200,"resp_time":0.468622}
{"time":"October 20, 10:42 am","ts":1666242754,"status":200,"resp_time":0.026869}
{"time":"October 20, 11:25 am","ts":1666245303,"status":200,"resp_time":0.045564}
{"time":"October 20, 12:04 pm","ts":1666247677,"status":200,"resp_time":0.194503}
{"time":"October 20, 12:44 pm","ts":1666250058,"status":200,"resp_time":0.044479}
{"time":"October 20, 1:14 pm","ts":1666251894,"status":200,"resp_time":0.447323}
{"time":"October 20, 1:29 pm","ts":1666252742,"status":200,"resp_time":0.02734}
{"time":"October 20, 2:08 pm","ts":1666255091,"status":200,"resp_time":0.199108}
{"time":"October 20, 2:33 pm","ts":1666256580,"status":200,"resp_time":0.044214}
{"time":"October 20, 3:08 pm","ts":1666258737,"status":200,"resp_time":0.220387}
{"time":"October 20, 3:28 pm","ts":1666259925,"status":200,"resp_time":0.372997}
{"time":"October 20, 4:04 pm","ts":1666262071,"status":200,"resp_time":0.020896}
{"time":"October 20, 4:27 pm","ts":1666263458,"status":200,"resp_time":0.413171}
{"time":"October 20, 4:55 pm","ts":1666265141,"status":200,"resp_time":0.441698}
{"time":"October 20, 5:14 pm","ts":1666266283,"status":200,"resp_time":0.175282}
{"time":"October 20, 5:26 pm","ts":1666266990,"status":200,"resp_time":0.035057}
{"time":"October 20, 6:23 pm","ts":1666270409,"status":200,"resp_time":0.045882}
{"time":"October 20, 7:28 pm","ts":1666274313,"status":200,"resp_time":0.401351}
{"time":"October 20, 8:07 pm","ts":1666276668,"status":200,"resp_time":0.156017}
{"time":"October 20, 8:29 pm","ts":1666277984,"status":200,"resp_time":0.173039}
{"time":"October 20, 9:04 pm","ts":1666280099,"status":200,"resp_time":0.405329}
{"time":"October 20, 9:29 pm","ts":1666281540,"status":200,"resp_time":0.044227}
{"time":"October 20, 10:18 pm","ts":1666284480,"status":200,"resp_time":0.394085}
{"time":"October 20, 10:58 pm","ts":1666286895,"status":200,"resp_time":0.187934}
{"time":"October 20, 11:38 pm","ts":1666289332,"status":200,"resp_time":0.193571}
{"time":"October 21, 12:26 am","ts":1666292194,"status":200,"resp_time":0.400903}
{"time":"October 21, 12:58 am","ts":1666294113,"status":200,"resp_time":0.024411}
{"time":"October 21, 1:18 am","ts":1666295310,"status":200,"resp_time":0.044615}
{"time":"October 21, 1:28 am","ts":1666295934,"status":200,"resp_time":0.174991}
{"time":"October 21, 2:02 am","ts":1666297959,"status":200,"resp_time":0.043764}
{"time":"October 21, 2:23 am","ts":1666299223,"status":200,"resp_time":0.175205}
{"time":"October 21, 2:49 am","ts":1666300784,"status":200,"resp_time":0.020033}
{"time":"October 21, 3:11 am","ts":1666302082,"status":200,"resp_time":0.21645}
{"time":"October 21, 3:27 am","ts":1666303042,"status":200,"resp_time":0.027814}
{"time":"October 21, 3:58 am","ts":1666304902,"status":200,"resp_time":0.173977}
{"time":"October 21, 4:21 am","ts":1666306304,"status":200,"resp_time":0.044422}
{"time":"October 21, 4:56 am","ts":1666308385,"status":200,"resp_time":0.026529}
{"time":"October 21, 5:23 am","ts":1666310037,"status":200,"resp_time":0.44369}
{"time":"October 21, 7:14 am","ts":1666316672,"status":200,"resp_time":0.195118}
{"time":"October 21, 8:58 am","ts":1666322932,"status":200,"resp_time":0.368722}
{"time":"October 21, 10:19 am","ts":1666327767,"status":200,"resp_time":0.201117}
{"time":"October 21, 11:11 am","ts":1666330890,"status":200,"resp_time":0.046328}
