{"time":"July 30, 8:07 pm","ts":1659191860,"status":200,"resp_time":0.042977}
{"time":"July 30, 8:17 pm","ts":1659192478,"status":200,"resp_time":0.154711}
{"time":"July 30, 8:28 pm","ts":1659193095,"status":200,"resp_time":0.045946}
{"time":"July 30, 8:53 pm","ts":1659194631,"status":200,"resp_time":0.179355}
{"time":"July 30, 9:10 pm","ts":1659195650,"status":200,"resp_time":0.028975}
{"time":"July 30, 9:25 pm","ts":1659196533,"status":200,"resp_time":0.18975}
{"time":"July 30, 9:53 pm","ts":1659198216,"status":200,"resp_time":0.028065}
{"time":"July 30, 10:22 pm","ts":1659199951,"status":200,"resp_time":0.046729}
{"time":"July 30, 10:46 pm","ts":1659201380,"status":200,"resp_time":0.400548}
{"time":"July 30, 11:02 pm","ts":1659202350,"status":200,"resp_time":0.042707}
{"time":"July 30, 11:15 pm","ts":1659203134,"status":200,"resp_time":0.398891}
{"time":"July 30, 11:25 pm","ts":1659203754,"status":200,"resp_time":0.047755}
{"time":"July 30, 11:51 pm","ts":1659205281,"status":200,"resp_time":0.046458}
{"time":"July 31, 12:13 am","ts":1659206621,"status":200,"resp_time":0.024697}
{"time":"July 31, 12:25 am","ts":1659207343,"status":200,"resp_time":0.15676}
{"time":"July 31, 12:43 am","ts":1659208435,"status":200,"resp_time":0.042054}
{"time":"July 31, 12:56 am","ts":1659209213,"status":200,"resp_time":0.407766}
{"time":"July 31, 1:07 am","ts":1659209877,"status":200,"resp_time":0.024666}
{"time":"July 31, 1:18 am","ts":1659210497,"status":200,"resp_time":0.316523}
{"time":"July 31, 1:28 am","ts":1659211111,"status":200,"resp_time":0.025666}
{"time":"July 31, 1:53 am","ts":1659212623,"status":200,"resp_time":0.40057}
{"time":"July 31, 2:09 am","ts":1659213544,"status":200,"resp_time":0.171135}
{"time":"July 31, 2:19 am","ts":1659214155,"status":200,"resp_time":0.401356}
{"time":"July 31, 2:29 am","ts":1659214771,"status":200,"resp_time":0.160522}
{"time":"July 31, 2:50 am","ts":1659216053,"status":200,"resp_time":0.391434}
{"time":"July 31, 3:07 am","ts":1659217065,"status":200,"resp_time":0.040491}
{"time":"July 31, 3:18 am","ts":1659217686,"status":200,"resp_time":0.397096}
{"time":"July 31, 3:28 am","ts":1659218305,"status":200,"resp_time":0.042634}
{"time":"July 31, 3:52 am","ts":1659219725,"status":200,"resp_time":0.025195}
{"time":"July 31, 4:08 am","ts":1659220721,"status":200,"resp_time":0.023879}
{"time":"July 31, 4:19 am","ts":1659221347,"status":200,"resp_time":0.043383}
{"time":"July 31, 4:29 am","ts":1659221979,"status":200,"resp_time":0.028881}
{"time":"July 31, 4:53 am","ts":1659223397,"status":200,"resp_time":0.023351}
{"time":"July 31, 5:08 am","ts":1659224320,"status":200,"resp_time":0.176163}
{"time":"July 31, 5:18 am","ts":1659224934,"status":200,"resp_time":0.182694}
{"time":"July 31, 5:29 am","ts":1659225561,"status":200,"resp_time":0.194871}
{"time":"July 31, 8:06 am","ts":1659235006,"status":200,"resp_time":0.178713}
{"time":"July 31, 9:21 am","ts":1659239464,"status":200,"resp_time":0.188587}
{"time":"July 31, 10:03 am","ts":1659242004,"status":200,"resp_time":0.049208}
{"time":"July 31, 10:30 am","ts":1659243608,"status":200,"resp_time":0.026779}
{"time":"July 31, 10:54 am","ts":1659245079,"status":200,"resp_time":0.178352}
{"time":"July 31, 11:08 am","ts":1659245933,"status":200,"resp_time":0.378567}
{"time":"July 31, 11:19 am","ts":1659246546,"status":200,"resp_time":0.025785}
{"time":"July 31, 11:29 am","ts":1659247168,"status":200,"resp_time":0.176465}
{"time":"July 31, 11:59 am","ts":1659248949,"status":200,"resp_time":0.024771}
{"time":"July 31, 12:18 pm","ts":1659250106,"status":200,"resp_time":0.042809}
{"time":"July 31, 12:28 pm","ts":1659250726,"status":200,"resp_time":0.176879}
{"time":"July 31, 12:51 pm","ts":1659252099,"status":200,"resp_time":0.041748}
{"time":"July 31, 1:06 pm","ts":1659253013,"status":200,"resp_time":0.176852}
{"time":"July 31, 1:17 pm","ts":1659253640,"status":200,"resp_time":0.173584}
{"time":"July 31, 1:27 pm","ts":1659254269,"status":200,"resp_time":0.284645}
{"time":"July 31, 1:56 pm","ts":1659256012,"status":200,"resp_time":0.261011}
{"time":"July 31, 2:13 pm","ts":1659257030,"status":200,"resp_time":0.026206}
{"time":"July 31, 2:25 pm","ts":1659257739,"status":200,"resp_time":0.374132}
{"time":"July 31, 2:46 pm","ts":1659258983,"status":200,"resp_time":0.024569}
{"time":"July 31, 3:02 pm","ts":1659259943,"status":200,"resp_time":0.178361}
{"time":"July 31, 3:16 pm","ts":1659260762,"status":200,"resp_time":0.183266}
{"time":"July 31, 3:26 pm","ts":1659261384,"status":200,"resp_time":0.02382}
{"time":"July 31, 3:51 pm","ts":1659262865,"status":200,"resp_time":0.026074}
{"time":"July 31, 4:10 pm","ts":1659264036,"status":200,"resp_time":0.180168}
{"time":"July 31, 4:25 pm","ts":1659264936,"status":200,"resp_time":0.04843}
{"time":"July 31, 4:44 pm","ts":1659266082,"status":200,"resp_time":0.023326}
{"time":"July 31, 5:00 pm","ts":1659267037,"status":200,"resp_time":0.375568}
{"time":"July 31, 5:15 pm","ts":1659267933,"status":200,"resp_time":0.04745}
{"time":"July 31, 5:26 pm","ts":1659268561,"status":200,"resp_time":0.173782}
{"time":"July 31, 6:04 pm","ts":1659270866,"status":200,"resp_time":0.043347}
{"time":"July 31, 6:37 pm","ts":1659272823,"status":200,"resp_time":0.395872}
{"time":"July 31, 7:05 pm","ts":1659274528,"status":200,"resp_time":0.047085}
{"time":"July 31, 7:18 pm","ts":1659275288,"status":200,"resp_time":0.179401}
{"time":"July 31, 7:28 pm","ts":1659275903,"status":200,"resp_time":0.025376}
{"time":"July 31, 7:51 pm","ts":1659277268,"status":200,"resp_time":0.259116}
{"time":"July 31, 8:07 pm","ts":1659278246,"status":200,"resp_time":0.044454}
{"time":"July 31, 8:17 pm","ts":1659278878,"status":200,"resp_time":0.378313}
{"time":"July 31, 8:28 pm","ts":1659279509,"status":200,"resp_time":0.191501}
{"time":"July 31, 8:54 pm","ts":1659281060,"status":200,"resp_time":0.158079}
{"time":"July 31, 9:11 pm","ts":1659282076,"status":200,"resp_time":0.184147}
{"time":"July 31, 9:25 pm","ts":1659282941,"status":200,"resp_time":0.394122}
{"time":"July 31, 9:53 pm","ts":1659284606,"status":200,"resp_time":0.030048}
{"time":"July 31, 10:22 pm","ts":1659286334,"status":200,"resp_time":0.02827}
{"time":"July 31, 10:46 pm","ts":1659287776,"status":200,"resp_time":0.024346}
{"time":"July 31, 11:02 pm","ts":1659288761,"status":200,"resp_time":0.378433}
{"time":"July 31, 11:15 pm","ts":1659289531,"status":200,"resp_time":0.024799}
{"time":"July 31, 11:25 pm","ts":1659290148,"status":200,"resp_time":0.041478}
{"time":"July 31, 11:51 pm","ts":1659291669,"status":200,"resp_time":0.175564}
{"time":"August 1, 12:13 am","ts":1659293022,"status":200,"resp_time":0.024825}
{"time":"August 1, 12:25 am","ts":1659293729,"status":200,"resp_time":0.192667}
{"time":"August 1, 12:44 am","ts":1659294864,"status":200,"resp_time":0.027565}
{"time":"August 1, 12:57 am","ts":1659295639,"status":200,"resp_time":0.174343}
{"time":"August 1, 1:09 am","ts":1659296360,"status":200,"resp_time":0.027154}
{"time":"August 1, 1:19 am","ts":1659296976,"status":200,"resp_time":0.1963}
{"time":"August 1, 1:29 am","ts":1659297585,"status":200,"resp_time":0.023773}
{"time":"August 1, 1:55 am","ts":1659299118,"status":200,"resp_time":0.181246}
{"time":"August 1, 2:09 am","ts":1659299994,"status":200,"resp_time":0.369693}
{"time":"August 1, 2:20 am","ts":1659300611,"status":200,"resp_time":0.190091}
{"time":"August 1, 2:31 am","ts":1659301267,"status":200,"resp_time":0.044551}
{"time":"August 1, 2:54 am","ts":1659302677,"status":200,"resp_time":0.049763}
{"time":"August 1, 3:07 am","ts":1659303476,"status":200,"resp_time":0.025536}
{"time":"August 1, 3:18 am","ts":1659304095,"status":200,"resp_time":0.158431}
{"time":"August 1, 3:28 am","ts":1659304721,"status":200,"resp_time":0.401902}
