{"time":"October 17, 3:15 am","ts":1665956709,"status":200,"resp_time":0.470532}
{"time":"October 17, 3:26 am","ts":1665957374,"status":200,"resp_time":0.1842}
{"time":"October 17, 3:52 am","ts":1665958946,"status":200,"resp_time":0.027713}
{"time":"October 17, 4:16 am","ts":1665960391,"status":200,"resp_time":0.394991}
{"time":"October 17, 4:27 am","ts":1665961078,"status":200,"resp_time":0.043224}
{"time":"October 17, 5:03 am","ts":1665963205,"status":200,"resp_time":0.043855}
{"time":"October 17, 5:25 am","ts":1665964558,"status":200,"resp_time":0.043743}
{"time":"October 17, 7:59 am","ts":1665973792,"status":200,"resp_time":0.367433}
{"time":"October 17, 10:19 am","ts":1665982151,"status":200,"resp_time":0.050146}
{"time":"October 17, 11:38 am","ts":1665986890,"status":200,"resp_time":0.242364}
{"time":"October 17, 12:37 pm","ts":1665990474,"status":200,"resp_time":0.181292}
{"time":"October 17, 1:26 pm","ts":1665993387,"status":200,"resp_time":0.028031}
{"time":"October 17, 2:09 pm","ts":1665995994,"status":200,"resp_time":0.174403}
{"time":"October 17, 2:46 pm","ts":1665998166,"status":200,"resp_time":0.042835}
{"time":"October 17, 3:22 pm","ts":1666000366,"status":200,"resp_time":0.043673}
{"time":"October 17, 3:56 pm","ts":1666002408,"status":200,"resp_time":0.027885}
{"time":"October 17, 4:26 pm","ts":1666004198,"status":200,"resp_time":0.182729}
{"time":"October 17, 4:53 pm","ts":1666005812,"status":200,"resp_time":0.020895}
{"time":"October 17, 5:14 pm","ts":1666007062,"status":200,"resp_time":0.027859}
{"time":"October 17, 5:26 pm","ts":1666007780,"status":200,"resp_time":0.040792}
{"time":"October 17, 6:24 pm","ts":1666011264,"status":200,"resp_time":0.371373}
{"time":"October 17, 7:30 pm","ts":1666015244,"status":200,"resp_time":0.021278}
{"time":"October 17, 8:14 pm","ts":1666017872,"status":200,"resp_time":0.028032}
{"time":"October 17, 8:31 pm","ts":1666018902,"status":200,"resp_time":0.211273}
{"time":"October 17, 9:12 pm","ts":1666021343,"status":200,"resp_time":0.03725}
{"time":"October 17, 9:43 pm","ts":1666023192,"status":200,"resp_time":0.46543}
{"time":"October 17, 10:40 pm","ts":1666026613,"status":200,"resp_time":0.148594}
{"time":"October 17, 11:30 pm","ts":1666029605,"status":200,"resp_time":0.056216}
{"time":"October 18, 12:20 am","ts":1666032651,"status":200,"resp_time":0.027641}
{"time":"October 18, 1:00 am","ts":1666035033,"status":200,"resp_time":0.026453}
{"time":"October 18, 1:22 am","ts":1666036377,"status":200,"resp_time":0.024298}
{"time":"October 18, 1:52 am","ts":1666038167,"status":200,"resp_time":0.044795}
{"time":"October 18, 2:18 am","ts":1666039715,"status":200,"resp_time":0.402852}
{"time":"October 18, 2:30 am","ts":1666040428,"status":200,"resp_time":0.153044}
{"time":"October 18, 3:00 am","ts":1666042258,"status":200,"resp_time":0.198}
{"time":"October 18, 3:22 am","ts":1666043530,"status":200,"resp_time":0.181582}
{"time":"October 18, 3:51 am","ts":1666045307,"status":200,"resp_time":0.403681}
{"time":"October 18, 4:18 am","ts":1666046923,"status":200,"resp_time":0.037473}
{"time":"October 18, 4:30 am","ts":1666047619,"status":200,"resp_time":0.423801}
{"time":"October 18, 5:05 am","ts":1666049754,"status":200,"resp_time":0.39579}
{"time":"October 18, 5:27 am","ts":1666051055,"status":200,"resp_time":0.152438}
{"time":"October 18, 8:12 am","ts":1666060966,"status":200,"resp_time":0.02458}
{"time":"October 18, 10:11 am","ts":1666068106,"status":200,"resp_time":0.023186}
{"time":"October 18, 11:31 am","ts":1666072879,"status":200,"resp_time":0.028926}
{"time":"October 18, 12:36 pm","ts":1666076775,"status":200,"resp_time":0.024794}
{"time":"October 18, 1:20 pm","ts":1666079402,"status":200,"resp_time":0.043722}
{"time":"October 18, 1:44 pm","ts":1666080844,"status":200,"resp_time":0.030036}
{"time":"October 18, 2:27 pm","ts":1666083438,"status":200,"resp_time":0.396542}
{"time":"October 18, 3:05 pm","ts":1666085709,"status":200,"resp_time":0.043514}
{"time":"October 18, 3:28 pm","ts":1666087119,"status":200,"resp_time":0.401799}
{"time":"October 18, 4:04 pm","ts":1666089291,"status":200,"resp_time":0.02945}
{"time":"October 18, 4:28 pm","ts":1666090734,"status":200,"resp_time":0.044268}
{"time":"October 18, 4:56 pm","ts":1666092378,"status":200,"resp_time":0.045071}
{"time":"October 18, 5:14 pm","ts":1666093464,"status":200,"resp_time":0.154655}
{"time":"October 18, 5:26 pm","ts":1666094167,"status":200,"resp_time":0.408008}
{"time":"October 18, 6:20 pm","ts":1666097429,"status":200,"resp_time":0.214537}
{"time":"October 18, 7:28 pm","ts":1666101490,"status":200,"resp_time":0.049753}
{"time":"October 18, 8:06 pm","ts":1666103781,"status":200,"resp_time":0.050648}
{"time":"October 18, 8:27 pm","ts":1666105021,"status":200,"resp_time":0.044682}
{"time":"October 18, 9:02 pm","ts":1666107126,"status":200,"resp_time":0.164108}
{"time":"October 18, 9:30 pm","ts":1666108826,"status":200,"resp_time":0.047808}
{"time":"October 18, 10:26 pm","ts":1666112171,"status":200,"resp_time":0.043565}
{"time":"October 18, 11:09 pm","ts":1666114784,"status":200,"resp_time":0.239502}
{"time":"October 18, 11:35 pm","ts":1666116300,"status":200,"resp_time":0.045698}
{"time":"October 19, 12:21 am","ts":1666119063,"status":200,"resp_time":0.174188}
{"time":"October 19, 12:54 am","ts":1666121062,"status":200,"resp_time":0.027894}
{"time":"October 19, 1:14 am","ts":1666122294,"status":200,"resp_time":0.18051}
{"time":"October 19, 1:26 am","ts":1666123009,"status":200,"resp_time":0.467248}
{"time":"October 19, 1:58 am","ts":1666124911,"status":200,"resp_time":0.02722}
{"time":"October 19, 2:21 am","ts":1666126310,"status":200,"resp_time":0.04302}
{"time":"October 19, 2:48 am","ts":1666127931,"status":200,"resp_time":0.184151}
{"time":"October 19, 3:10 am","ts":1666129258,"status":200,"resp_time":0.193627}
{"time":"October 19, 3:26 am","ts":1666130213,"status":200,"resp_time":0.157348}
{"time":"October 19, 3:56 am","ts":1666132008,"status":200,"resp_time":0.045853}
{"time":"October 19, 4:20 am","ts":1666133416,"status":200,"resp_time":0.446164}
{"time":"October 19, 4:55 am","ts":1666135538,"status":200,"resp_time":0.181715}
{"time":"October 19, 5:22 am","ts":1666137149,"status":200,"resp_time":0.381772}
{"time":"October 19, 7:30 am","ts":1666144836,"status":200,"resp_time":0.38646}
{"time":"October 19, 9:58 am","ts":1666153688,"status":200,"resp_time":0.172233}
{"time":"October 19, 11:26 am","ts":1666159004,"status":200,"resp_time":0.401111}
{"time":"October 19, 12:33 pm","ts":1666163028,"status":200,"resp_time":0.025869}
{"time":"October 19, 1:22 pm","ts":1666165973,"status":200,"resp_time":0.041553}
{"time":"October 19, 2:06 pm","ts":1666168592,"status":200,"resp_time":0.044746}
{"time":"October 19, 2:36 pm","ts":1666170401,"status":200,"resp_time":0.180601}
{"time":"October 19, 3:13 pm","ts":1666172619,"status":200,"resp_time":0.184749}
{"time":"October 19, 3:32 pm","ts":1666173754,"status":200,"resp_time":0.463391}
{"time":"October 19, 4:13 pm","ts":1666176214,"status":200,"resp_time":0.051323}
{"time":"October 19, 4:32 pm","ts":1666177338,"status":200,"resp_time":0.387459}
{"time":"October 19, 5:02 pm","ts":1666179132,"status":200,"resp_time":0.178587}
{"time":"October 19, 5:20 pm","ts":1666180255,"status":200,"resp_time":0.037303}
{"time":"October 19, 6:14 pm","ts":1666183485,"status":200,"resp_time":0.023629}
{"time":"October 19, 7:12 pm","ts":1666186977,"status":200,"resp_time":0.208908}
{"time":"October 19, 7:54 pm","ts":1666189497,"status":200,"resp_time":0.176761}
{"time":"October 19, 8:25 pm","ts":1666191331,"status":200,"resp_time":0.180762}
{"time":"October 19, 8:56 pm","ts":1666193174,"status":200,"resp_time":0.033813}
{"time":"October 19, 9:24 pm","ts":1666194867,"status":200,"resp_time":0.180048}
