{"time":"August 23, 5:05 am","ts":1661211352,"status":200,"resp_time":0.146099}
{"time":"August 23, 5:17 am","ts":1661212057,"status":200,"resp_time":0.045068}
{"time":"August 23, 5:28 am","ts":1661212684,"status":200,"resp_time":0.381693}
{"time":"August 23, 8:06 am","ts":1661222175,"status":200,"resp_time":0.374374}
{"time":"August 23, 10:00 am","ts":1661229000,"status":200,"resp_time":0.380695}
{"time":"August 23, 11:12 am","ts":1661233349,"status":200,"resp_time":0.17521}
{"time":"August 23, 11:48 am","ts":1661235483,"status":200,"resp_time":0.396668}
{"time":"August 23, 12:22 pm","ts":1661237541,"status":200,"resp_time":0.354754}
{"time":"August 23, 12:49 pm","ts":1661239199,"status":200,"resp_time":0.217583}
{"time":"August 23, 1:08 pm","ts":1661240280,"status":200,"resp_time":0.300684}
{"time":"August 23, 1:18 pm","ts":1661240918,"status":200,"resp_time":0.296377}
{"time":"August 23, 1:29 pm","ts":1661241549,"status":200,"resp_time":0.395074}
{"time":"August 23, 2:00 pm","ts":1661243438,"status":200,"resp_time":0.045798}
{"time":"August 23, 2:22 pm","ts":1661244731,"status":200,"resp_time":0.230297}
{"time":"August 23, 2:47 pm","ts":1661246231,"status":200,"resp_time":0.157889}
{"time":"August 23, 3:05 pm","ts":1661247323,"status":200,"resp_time":0.034333}
{"time":"August 23, 3:17 pm","ts":1661248052,"status":200,"resp_time":0.157326}
{"time":"August 23, 3:27 pm","ts":1661248673,"status":200,"resp_time":0.045746}
{"time":"August 23, 3:56 pm","ts":1661250416,"status":200,"resp_time":0.402772}
{"time":"August 23, 4:13 pm","ts":1661251439,"status":200,"resp_time":0.222437}
{"time":"August 23, 4:25 pm","ts":1661252129,"status":200,"resp_time":0.145968}
{"time":"August 23, 4:45 pm","ts":1661253325,"status":200,"resp_time":0.043172}
{"time":"August 23, 5:00 pm","ts":1661254236,"status":200,"resp_time":0.198644}
{"time":"August 23, 5:15 pm","ts":1661255135,"status":200,"resp_time":0.043688}
{"time":"August 23, 5:25 pm","ts":1661255752,"status":200,"resp_time":0.025219}
{"time":"August 23, 6:06 pm","ts":1661258205,"status":200,"resp_time":0.180688}
{"time":"August 23, 6:51 pm","ts":1661260876,"status":200,"resp_time":0.024418}
{"time":"August 23, 7:25 pm","ts":1661262906,"status":200,"resp_time":0.40253}
{"time":"August 23, 7:46 pm","ts":1661264176,"status":200,"resp_time":0.030352}
{"time":"August 23, 8:02 pm","ts":1661265147,"status":200,"resp_time":0.023875}
{"time":"August 23, 8:15 pm","ts":1661265950,"status":200,"resp_time":0.349507}
{"time":"August 23, 8:26 pm","ts":1661266566,"status":200,"resp_time":0.051313}
{"time":"August 23, 8:50 pm","ts":1661268014,"status":200,"resp_time":0.285108}
{"time":"August 23, 9:13 pm","ts":1661269386,"status":200,"resp_time":0.04532}
{"time":"August 23, 9:26 pm","ts":1661270166,"status":200,"resp_time":0.398608}
{"time":"August 23, 9:54 pm","ts":1661271896,"status":200,"resp_time":0.220318}
{"time":"August 23, 10:26 pm","ts":1661273789,"status":200,"resp_time":0.137944}
{"time":"August 23, 10:52 pm","ts":1661275353,"status":200,"resp_time":0.198475}
{"time":"August 23, 11:11 pm","ts":1661276519,"status":200,"resp_time":0.030259}
{"time":"August 23, 11:25 pm","ts":1661277335,"status":200,"resp_time":0.404516}
{"time":"August 23, 11:51 pm","ts":1661278918,"status":200,"resp_time":0.174883}
{"time":"August 24, 12:16 am","ts":1661280390,"status":200,"resp_time":0.1751}
{"time":"August 24, 12:27 am","ts":1661281036,"status":200,"resp_time":0.027939}
{"time":"August 24, 12:48 am","ts":1661282290,"status":200,"resp_time":0.413356}
{"time":"August 24, 1:00 am","ts":1661283047,"status":200,"resp_time":0.180199}
{"time":"August 24, 1:09 am","ts":1661283591,"status":200,"resp_time":0.031093}
{"time":"August 24, 1:20 am","ts":1661284215,"status":200,"resp_time":0.030108}
{"time":"August 24, 1:48 am","ts":1661285889,"status":200,"resp_time":0.219531}
{"time":"August 24, 2:06 am","ts":1661286965,"status":200,"resp_time":0.173028}
{"time":"August 24, 2:17 am","ts":1661287658,"status":200,"resp_time":0.176473}
{"time":"August 24, 2:28 am","ts":1661288285,"status":200,"resp_time":0.372013}
{"time":"August 24, 2:51 am","ts":1661289679,"status":200,"resp_time":0.158165}
{"time":"August 24, 3:09 am","ts":1661290772,"status":200,"resp_time":0.378531}
{"time":"August 24, 3:19 am","ts":1661291387,"status":200,"resp_time":0.162384}
{"time":"August 24, 3:30 am","ts":1661292011,"status":200,"resp_time":0.188541}
{"time":"August 24, 3:55 am","ts":1661293516,"status":200,"resp_time":0.199055}
{"time":"August 24, 4:10 am","ts":1661294437,"status":200,"resp_time":0.197606}
{"time":"August 24, 4:25 am","ts":1661295330,"status":200,"resp_time":0.328165}
{"time":"August 24, 4:48 am","ts":1661296681,"status":200,"resp_time":0.193952}
{"time":"August 24, 5:04 am","ts":1661297668,"status":200,"resp_time":0.025608}
{"time":"August 24, 5:17 am","ts":1661298460,"status":200,"resp_time":0.020985}
{"time":"August 24, 5:28 am","ts":1661299085,"status":200,"resp_time":0.198653}
{"time":"August 24, 8:03 am","ts":1661308391,"status":200,"resp_time":0.045696}
{"time":"August 24, 9:48 am","ts":1661314723,"status":200,"resp_time":0.049053}
{"time":"August 24, 10:58 am","ts":1661318910,"status":200,"resp_time":0.042393}
{"time":"August 24, 11:27 am","ts":1661320646,"status":200,"resp_time":0.039523}
{"time":"August 24, 12:00 pm","ts":1661322650,"status":200,"resp_time":0.050644}
{"time":"August 24, 12:25 pm","ts":1661324129,"status":200,"resp_time":0.023186}
{"time":"August 24, 12:46 pm","ts":1661325383,"status":200,"resp_time":0.35453}
{"time":"August 24, 1:02 pm","ts":1661326324,"status":200,"resp_time":0.148934}
{"time":"August 24, 1:15 pm","ts":1661327135,"status":200,"resp_time":0.46432}
{"time":"August 24, 1:25 pm","ts":1661327756,"status":200,"resp_time":0.039758}
{"time":"August 24, 1:55 pm","ts":1661329519,"status":200,"resp_time":0.200538}
{"time":"August 24, 2:16 pm","ts":1661330799,"status":200,"resp_time":0.358495}
{"time":"August 24, 2:27 pm","ts":1661331461,"status":200,"resp_time":0.043494}
{"time":"August 24, 2:53 pm","ts":1661332990,"status":200,"resp_time":0.406686}
{"time":"August 24, 3:11 pm","ts":1661334064,"status":200,"resp_time":0.0291}
{"time":"August 24, 3:25 pm","ts":1661334930,"status":200,"resp_time":0.026287}
{"time":"August 24, 3:51 pm","ts":1661336462,"status":200,"resp_time":0.053386}
{"time":"August 24, 4:13 pm","ts":1661337797,"status":200,"resp_time":0.18875}
{"time":"August 24, 4:25 pm","ts":1661338552,"status":200,"resp_time":0.205208}
{"time":"August 24, 4:46 pm","ts":1661339783,"status":200,"resp_time":0.218392}
{"time":"August 24, 5:01 pm","ts":1661340669,"status":200,"resp_time":0.044756}
{"time":"August 24, 5:16 pm","ts":1661341566,"status":200,"resp_time":0.227564}
{"time":"August 24, 5:25 pm","ts":1661342148,"status":200,"resp_time":0.025921}
{"time":"August 24, 6:07 pm","ts":1661344673,"status":200,"resp_time":0.216866}
{"time":"August 24, 6:51 pm","ts":1661347272,"status":200,"resp_time":0.029214}
{"time":"August 24, 7:23 pm","ts":1661349221,"status":200,"resp_time":0.305323}
{"time":"August 24, 7:45 pm","ts":1661350554,"status":200,"resp_time":0.161837}
{"time":"August 24, 8:02 pm","ts":1661351551,"status":200,"resp_time":0.042412}
{"time":"August 24, 8:16 pm","ts":1661352366,"status":200,"resp_time":0.210861}
{"time":"August 24, 8:26 pm","ts":1661352987,"status":200,"resp_time":0.140356}
{"time":"August 24, 8:51 pm","ts":1661354505,"status":200,"resp_time":0.022525}
{"time":"August 24, 9:12 pm","ts":1661355769,"status":200,"resp_time":0.403623}
