{"time":"October 1, 5:27 am","ts":1664582279,"status":200,"resp_time":0.042091}
{"time":"October 1, 8:37 am","ts":1664593644,"status":200,"resp_time":0.050484}
{"time":"October 1, 10:28 am","ts":1664600332,"status":200,"resp_time":0.025751}
{"time":"October 1, 11:34 am","ts":1664604295,"status":200,"resp_time":0.168912}
{"time":"October 1, 12:19 pm","ts":1664606974,"status":200,"resp_time":0.183397}
{"time":"October 1, 12:44 pm","ts":1664608465,"status":200,"resp_time":0.025948}
{"time":"October 1, 1:11 pm","ts":1664610084,"status":200,"resp_time":0.197216}
{"time":"October 1, 1:26 pm","ts":1664610975,"status":200,"resp_time":0.025529}
{"time":"October 1, 1:59 pm","ts":1664612990,"status":200,"resp_time":0.049103}
{"time":"October 1, 2:26 pm","ts":1664614605,"status":200,"resp_time":0.179939}
{"time":"October 1, 2:56 pm","ts":1664616399,"status":200,"resp_time":0.401689}
{"time":"October 1, 3:18 pm","ts":1664617715,"status":200,"resp_time":0.042986}
{"time":"October 1, 3:28 pm","ts":1664618332,"status":200,"resp_time":0.026533}
{"time":"October 1, 4:00 pm","ts":1664620249,"status":200,"resp_time":0.390301}
{"time":"October 1, 4:23 pm","ts":1664621610,"status":200,"resp_time":0.187257}
{"time":"October 1, 4:46 pm","ts":1664622992,"status":200,"resp_time":0.044202}
{"time":"October 1, 5:05 pm","ts":1664624157,"status":200,"resp_time":0.175991}
{"time":"October 1, 5:18 pm","ts":1664624921,"status":200,"resp_time":0.185002}
{"time":"October 1, 5:29 pm","ts":1664625553,"status":200,"resp_time":0.195809}
{"time":"October 1, 6:23 pm","ts":1664628818,"status":200,"resp_time":0.384602}
{"time":"October 1, 7:11 pm","ts":1664631677,"status":200,"resp_time":0.467333}
{"time":"October 1, 7:35 pm","ts":1664633150,"status":200,"resp_time":0.026892}
{"time":"October 1, 8:02 pm","ts":1664634739,"status":200,"resp_time":0.370438}
{"time":"October 1, 8:20 pm","ts":1664635850,"status":200,"resp_time":0.042788}
{"time":"October 1, 8:50 pm","ts":1664637627,"status":200,"resp_time":0.04169}
{"time":"October 1, 9:17 pm","ts":1664639267,"status":200,"resp_time":0.170137}
{"time":"October 1, 9:29 pm","ts":1664639986,"status":200,"resp_time":0.024012}
{"time":"October 1, 10:10 pm","ts":1664642408,"status":200,"resp_time":0.180152}
{"time":"October 1, 10:40 pm","ts":1664644231,"status":200,"resp_time":0.400872}
{"time":"October 1, 11:13 pm","ts":1664646213,"status":200,"resp_time":0.395007}
{"time":"October 1, 11:27 pm","ts":1664647045,"status":200,"resp_time":0.028081}
{"time":"October 2, 12:01 am","ts":1664649100,"status":200,"resp_time":0.049641}
{"time":"October 2, 12:27 am","ts":1664650632,"status":200,"resp_time":0.175359}
{"time":"October 2, 12:51 am","ts":1664652089,"status":200,"resp_time":0.019774}
{"time":"October 2, 1:09 am","ts":1664653179,"status":200,"resp_time":0.057864}
{"time":"October 2, 1:19 am","ts":1664653799,"status":200,"resp_time":0.383441}
{"time":"October 2, 1:30 am","ts":1664654426,"status":200,"resp_time":0.188556}
{"time":"October 2, 2:04 am","ts":1664656446,"status":200,"resp_time":0.19735}
{"time":"October 2, 2:22 am","ts":1664657556,"status":200,"resp_time":0.366361}
{"time":"October 2, 2:47 am","ts":1664659042,"status":200,"resp_time":0.02066}
{"time":"October 2, 3:08 am","ts":1664660296,"status":200,"resp_time":0.405465}
{"time":"October 2, 3:22 am","ts":1664661138,"status":200,"resp_time":0.173648}
{"time":"October 2, 3:49 am","ts":1664662774,"status":200,"resp_time":0.173153}
{"time":"October 2, 4:11 am","ts":1664664090,"status":200,"resp_time":0.030016}
{"time":"October 2, 4:26 am","ts":1664664997,"status":200,"resp_time":0.024609}
{"time":"October 2, 4:57 am","ts":1664666854,"status":200,"resp_time":0.044902}
{"time":"October 2, 5:20 am","ts":1664668238,"status":200,"resp_time":0.024821}
{"time":"October 2, 7:35 am","ts":1664676347,"status":200,"resp_time":0.204648}
{"time":"October 2, 9:50 am","ts":1664684416,"status":200,"resp_time":0.38132}
{"time":"October 2, 11:02 am","ts":1664688732,"status":200,"resp_time":0.041375}
{"time":"October 2, 11:33 am","ts":1664690608,"status":200,"resp_time":0.395018}
{"time":"October 2, 12:16 pm","ts":1664693191,"status":200,"resp_time":0.173962}
{"time":"October 2, 12:40 pm","ts":1664694600,"status":200,"resp_time":0.454953}
{"time":"October 2, 1:05 pm","ts":1664696146,"status":200,"resp_time":0.190295}
{"time":"October 2, 1:20 pm","ts":1664697020,"status":200,"resp_time":0.053025}
{"time":"October 2, 1:54 pm","ts":1664699097,"status":200,"resp_time":0.043231}
{"time":"October 2, 2:22 pm","ts":1664700724,"status":200,"resp_time":0.397601}
{"time":"October 2, 2:51 pm","ts":1664702466,"status":200,"resp_time":0.240422}
{"time":"October 2, 3:16 pm","ts":1664704002,"status":200,"resp_time":0.023381}
{"time":"October 2, 3:27 pm","ts":1664704669,"status":200,"resp_time":0.396697}
{"time":"October 2, 3:59 pm","ts":1664706569,"status":200,"resp_time":0.054439}
{"time":"October 2, 4:19 pm","ts":1664707780,"status":200,"resp_time":0.043397}
{"time":"October 2, 4:30 pm","ts":1664708401,"status":200,"resp_time":0.408925}
{"time":"October 2, 4:54 pm","ts":1664709898,"status":200,"resp_time":0.171486}
{"time":"October 2, 5:11 pm","ts":1664710887,"status":200,"resp_time":0.045511}
{"time":"October 2, 5:25 pm","ts":1664711734,"status":200,"resp_time":0.171623}
{"time":"October 2, 6:08 pm","ts":1664714308,"status":200,"resp_time":0.020081}
{"time":"October 2, 6:53 pm","ts":1664717034,"status":200,"resp_time":0.197686}
{"time":"October 2, 7:26 pm","ts":1664718972,"status":200,"resp_time":0.140957}
{"time":"October 2, 7:51 pm","ts":1664720479,"status":200,"resp_time":0.0227}
{"time":"October 2, 8:13 pm","ts":1664721796,"status":200,"resp_time":0.464916}
{"time":"October 2, 8:25 pm","ts":1664722540,"status":200,"resp_time":0.042173}
{"time":"October 2, 8:51 pm","ts":1664724100,"status":200,"resp_time":0.192962}
{"time":"October 2, 9:17 pm","ts":1664725662,"status":200,"resp_time":0.043735}
{"time":"October 2, 9:30 pm","ts":1664726402,"status":200,"resp_time":0.022608}
{"time":"October 2, 10:10 pm","ts":1664728800,"status":200,"resp_time":0.189295}
{"time":"October 2, 10:39 pm","ts":1664730582,"status":200,"resp_time":0.152968}
{"time":"October 2, 11:10 pm","ts":1664732416,"status":200,"resp_time":0.177086}
{"time":"October 2, 11:27 pm","ts":1664733452,"status":200,"resp_time":0.044582}
{"time":"October 3, 12:02 am","ts":1664735547,"status":200,"resp_time":0.043559}
{"time":"October 3, 12:27 am","ts":1664737045,"status":200,"resp_time":0.212326}
{"time":"October 3, 12:51 am","ts":1664738519,"status":200,"resp_time":0.023472}
{"time":"October 3, 1:09 am","ts":1664739576,"status":200,"resp_time":0.379584}
{"time":"October 3, 1:19 am","ts":1664740193,"status":200,"resp_time":0.399596}
{"time":"October 3, 1:30 am","ts":1664740820,"status":200,"resp_time":0.041884}
{"time":"October 3, 2:03 am","ts":1664742818,"status":200,"resp_time":0.252713}
{"time":"October 3, 2:22 am","ts":1664743945,"status":200,"resp_time":0.400307}
{"time":"October 3, 2:47 am","ts":1664745469,"status":200,"resp_time":0.030336}
{"time":"October 3, 3:08 am","ts":1664746693,"status":200,"resp_time":0.043994}
{"time":"October 3, 3:22 am","ts":1664747528,"status":200,"resp_time":0.042197}
{"time":"October 3, 3:49 am","ts":1664749163,"status":200,"resp_time":0.02381}
{"time":"October 3, 4:11 am","ts":1664750471,"status":200,"resp_time":0.461095}
{"time":"October 3, 4:26 am","ts":1664751395,"status":200,"resp_time":0.031768}
{"time":"October 3, 4:57 am","ts":1664753230,"status":200,"resp_time":0.025554}
{"time":"October 3, 5:20 am","ts":1664754600,"status":200,"resp_time":0.160004}
{"time":"October 3, 6:05 am","ts":1664757328,"status":200,"resp_time":0.401957}
{"time":"October 3, 8:19 am","ts":1664765350,"status":200,"resp_time":0.407409}
