{"time":"October 9, 2:22 pm","ts":1665305553,"status":200,"resp_time":0.466121}
{"time":"October 9, 2:50 pm","ts":1665307254,"status":200,"resp_time":0.22128}
{"time":"October 9, 3:16 pm","ts":1665308792,"status":200,"resp_time":0.191851}
{"time":"October 9, 3:27 pm","ts":1665309475,"status":200,"resp_time":0.390676}
{"time":"October 9, 4:00 pm","ts":1665311435,"status":200,"resp_time":0.123228}
{"time":"October 9, 4:24 pm","ts":1665312843,"status":200,"resp_time":0.393128}
{"time":"October 9, 4:46 pm","ts":1665314183,"status":200,"resp_time":0.402098}
{"time":"October 9, 5:04 pm","ts":1665315278,"status":200,"resp_time":0.059387}
{"time":"October 9, 5:17 pm","ts":1665316054,"status":200,"resp_time":0.043868}
{"time":"October 9, 5:27 pm","ts":1665316679,"status":200,"resp_time":0.383707}
{"time":"October 9, 6:21 pm","ts":1665319877,"status":200,"resp_time":0.122591}
{"time":"October 9, 7:09 pm","ts":1665322754,"status":200,"resp_time":0.398374}
{"time":"October 9, 7:30 pm","ts":1665324036,"status":200,"resp_time":0.468358}
{"time":"October 9, 8:01 pm","ts":1665325865,"status":200,"resp_time":0.370686}
{"time":"October 9, 8:20 pm","ts":1665327039,"status":200,"resp_time":0.383052}
{"time":"October 9, 8:51 pm","ts":1665328898,"status":200,"resp_time":0.395181}
{"time":"October 9, 9:18 pm","ts":1665330524,"status":200,"resp_time":0.022597}
{"time":"October 9, 9:31 pm","ts":1665331293,"status":200,"resp_time":0.027802}
{"time":"October 9, 10:17 pm","ts":1665334058,"status":200,"resp_time":0.20518}
{"time":"October 9, 10:45 pm","ts":1665335746,"status":200,"resp_time":0.02748}
{"time":"October 9, 11:15 pm","ts":1665337504,"status":200,"resp_time":0.040376}
{"time":"October 9, 11:29 pm","ts":1665338349,"status":200,"resp_time":0.238149}
{"time":"October 10, 12:04 am","ts":1665340451,"status":200,"resp_time":0.043753}
{"time":"October 10, 12:27 am","ts":1665341827,"status":200,"resp_time":0.175959}
{"time":"October 10, 12:51 am","ts":1665343288,"status":200,"resp_time":0.025811}
{"time":"October 10, 1:09 am","ts":1665344395,"status":200,"resp_time":0.029432}
{"time":"October 10, 1:20 am","ts":1665345011,"status":200,"resp_time":0.13898}
{"time":"October 10, 1:36 am","ts":1665345992,"status":200,"resp_time":0.230457}
{"time":"October 10, 2:04 am","ts":1665347695,"status":200,"resp_time":0.17116}
{"time":"October 10, 2:22 am","ts":1665348769,"status":200,"resp_time":0.392233}
{"time":"October 10, 2:47 am","ts":1665350264,"status":200,"resp_time":0.197874}
{"time":"October 10, 3:08 am","ts":1665351498,"status":200,"resp_time":0.193704}
{"time":"October 10, 3:22 am","ts":1665352343,"status":200,"resp_time":0.043138}
{"time":"October 10, 3:49 am","ts":1665353986,"status":200,"resp_time":0.400058}
{"time":"October 10, 4:12 am","ts":1665355335,"status":200,"resp_time":0.024898}
{"time":"October 10, 4:27 am","ts":1665356273,"status":200,"resp_time":0.04445}
{"time":"October 10, 5:02 am","ts":1665358359,"status":200,"resp_time":0.040296}
{"time":"October 10, 5:25 am","ts":1665359734,"status":200,"resp_time":0.195282}
{"time":"October 10, 7:35 am","ts":1665367536,"status":200,"resp_time":0.197152}
{"time":"October 10, 9:50 am","ts":1665375650,"status":200,"resp_time":0.042694}
{"time":"October 10, 11:19 am","ts":1665380987,"status":200,"resp_time":0.178554}
{"time":"October 10, 12:04 pm","ts":1665383661,"status":200,"resp_time":0.043426}
{"time":"October 10, 12:52 pm","ts":1665386530,"status":200,"resp_time":0.256241}
{"time":"October 10, 1:28 pm","ts":1665388703,"status":200,"resp_time":0.043244}
{"time":"October 10, 2:10 pm","ts":1665391235,"status":200,"resp_time":0.027917}
{"time":"October 10, 2:40 pm","ts":1665393037,"status":200,"resp_time":0.376943}
{"time":"October 10, 3:15 pm","ts":1665395107,"status":200,"resp_time":0.024992}
{"time":"October 10, 3:29 pm","ts":1665395987,"status":200,"resp_time":0.199339}
{"time":"October 10, 4:02 pm","ts":1665397955,"status":200,"resp_time":0.227446}
{"time":"October 10, 4:25 pm","ts":1665399309,"status":200,"resp_time":0.025707}
{"time":"October 10, 4:47 pm","ts":1665400678,"status":200,"resp_time":0.044322}
{"time":"October 10, 5:08 pm","ts":1665401883,"status":200,"resp_time":0.025883}
{"time":"October 10, 5:20 pm","ts":1665402657,"status":200,"resp_time":0.200475}
{"time":"October 10, 6:16 pm","ts":1665405990,"status":200,"resp_time":0.171917}
{"time":"October 10, 7:14 pm","ts":1665409498,"status":200,"resp_time":0.201545}
{"time":"October 10, 7:59 pm","ts":1665412176,"status":200,"resp_time":0.05964}
{"time":"October 10, 8:30 pm","ts":1665414055,"status":200,"resp_time":0.045905}
{"time":"October 10, 9:09 pm","ts":1665416352,"status":200,"resp_time":0.201574}
{"time":"October 10, 9:29 pm","ts":1665417594,"status":200,"resp_time":0.02688}
{"time":"October 10, 10:16 pm","ts":1665420381,"status":200,"resp_time":0.397512}
{"time":"October 10, 10:57 pm","ts":1665422822,"status":200,"resp_time":0.393236}
{"time":"October 10, 11:31 pm","ts":1665424899,"status":200,"resp_time":0.024071}
{"time":"October 11, 12:20 am","ts":1665427811,"status":200,"resp_time":0.380034}
{"time":"October 11, 12:45 am","ts":1665429352,"status":200,"resp_time":0.364505}
{"time":"October 11, 1:11 am","ts":1665430879,"status":200,"resp_time":0.184162}
{"time":"October 11, 1:26 am","ts":1665431788,"status":200,"resp_time":0.044125}
{"time":"October 11, 1:56 am","ts":1665433616,"status":200,"resp_time":0.466379}
{"time":"October 11, 2:19 am","ts":1665434965,"status":200,"resp_time":0.381119}
{"time":"October 11, 2:30 am","ts":1665435625,"status":200,"resp_time":0.172852}
{"time":"October 11, 3:01 am","ts":1665437479,"status":200,"resp_time":0.215604}
{"time":"October 11, 3:22 am","ts":1665438734,"status":200,"resp_time":0.151958}
{"time":"October 11, 3:51 am","ts":1665440512,"status":200,"resp_time":0.401318}
{"time":"October 11, 4:18 am","ts":1665442103,"status":200,"resp_time":0.382153}
{"time":"October 11, 4:29 am","ts":1665442774,"status":200,"resp_time":0.19565}
{"time":"October 11, 5:05 am","ts":1665444932,"status":200,"resp_time":0.021845}
{"time":"October 11, 5:27 am","ts":1665446246,"status":200,"resp_time":0.177365}
{"time":"October 11, 8:01 am","ts":1665455473,"status":200,"resp_time":0.041943}
{"time":"October 11, 9:56 am","ts":1665462380,"status":200,"resp_time":0.024605}
{"time":"October 11, 11:17 am","ts":1665467263,"status":200,"resp_time":0.025695}
{"time":"October 11, 12:00 pm","ts":1665469835,"status":200,"resp_time":0.186202}
{"time":"October 11, 12:52 pm","ts":1665472940,"status":200,"resp_time":0.024223}
{"time":"October 11, 1:30 pm","ts":1665475222,"status":200,"resp_time":0.040381}
{"time":"October 11, 2:15 pm","ts":1665477910,"status":200,"resp_time":0.04159}
{"time":"October 11, 2:40 pm","ts":1665479414,"status":200,"resp_time":0.025674}
{"time":"October 11, 3:14 pm","ts":1665481485,"status":200,"resp_time":0.041725}
{"time":"October 11, 3:29 pm","ts":1665482393,"status":200,"resp_time":0.396806}
{"time":"October 11, 4:03 pm","ts":1665484411,"status":200,"resp_time":0.025116}
{"time":"October 11, 4:25 pm","ts":1665485740,"status":200,"resp_time":0.185037}
{"time":"October 11, 4:48 pm","ts":1665487123,"status":200,"resp_time":0.206251}
{"time":"October 11, 5:08 pm","ts":1665488289,"status":200,"resp_time":0.047728}
{"time":"October 11, 5:21 pm","ts":1665489071,"status":200,"resp_time":0.044199}
{"time":"October 11, 6:12 pm","ts":1665492151,"status":200,"resp_time":0.184704}
{"time":"October 11, 7:12 pm","ts":1665495758,"status":200,"resp_time":0.024592}
{"time":"October 11, 7:51 pm","ts":1665498118,"status":200,"resp_time":0.059047}
{"time":"October 11, 8:23 pm","ts":1665499998,"status":200,"resp_time":0.389376}
{"time":"October 11, 8:53 pm","ts":1665501839,"status":200,"resp_time":0.175321}
{"time":"October 11, 9:22 pm","ts":1665503532,"status":200,"resp_time":0.023232}
{"time":"October 11, 10:01 pm","ts":1665505917,"status":200,"resp_time":0.020398}
{"time":"October 11, 10:44 pm","ts":1665508492,"status":200,