{"time":"September 11, 7:30 am","ts":1662861612,"status":200,"resp_time":0.043688}
{"time":"September 11, 9:40 am","ts":1662869426,"status":200,"resp_time":0.37567}
{"time":"September 11, 10:45 am","ts":1662873304,"status":200,"resp_time":0.172237}
{"time":"September 11, 11:21 am","ts":1662875467,"status":200,"resp_time":0.024043}
{"time":"September 11, 11:54 am","ts":1662877459,"status":200,"resp_time":0.446562}
{"time":"September 11, 12:21 pm","ts":1662879079,"status":200,"resp_time":0.045054}
{"time":"September 11, 12:47 pm","ts":1662880634,"status":200,"resp_time":0.024859}
{"time":"September 11, 1:04 pm","ts":1662881687,"status":200,"resp_time":0.158532}
{"time":"September 11, 1:16 pm","ts":1662882387,"status":200,"resp_time":0.384491}
{"time":"September 11, 1:26 pm","ts":1662882999,"status":200,"resp_time":0.023594}
{"time":"September 11, 1:56 pm","ts":1662884796,"status":200,"resp_time":0.38753}
{"time":"September 11, 2:18 pm","ts":1662886105,"status":200,"resp_time":0.379202}
{"time":"September 11, 2:29 pm","ts":1662886763,"status":200,"resp_time":0.026506}
{"time":"September 11, 2:56 pm","ts":1662888364,"status":200,"resp_time":0.403747}
{"time":"September 11, 3:13 pm","ts":1662889410,"status":200,"resp_time":0.385292}
{"time":"September 11, 3:25 pm","ts":1662890133,"status":200,"resp_time":0.194712}
{"time":"September 11, 3:50 pm","ts":1662891641,"status":200,"resp_time":0.218087}
{"time":"September 11, 4:14 pm","ts":1662893043,"status":200,"resp_time":0.045158}
{"time":"September 11, 4:25 pm","ts":1662893744,"status":200,"resp_time":0.397775}
{"time":"September 11, 4:46 pm","ts":1662894993,"status":200,"resp_time":0.028837}
{"time":"September 11, 5:02 pm","ts":1662895942,"status":200,"resp_time":0.412877}
{"time":"September 11, 5:15 pm","ts":1662896736,"status":200,"resp_time":0.179592}
{"time":"September 11, 5:25 pm","ts":1662897351,"status":200,"resp_time":0.026828}
{"time":"September 11, 6:06 pm","ts":1662899799,"status":200,"resp_time":0.027867}
{"time":"September 11, 6:47 pm","ts":1662902244,"status":200,"resp_time":0.452527}
{"time":"September 11, 7:16 pm","ts":1662903998,"status":200,"resp_time":0.189386}
{"time":"September 11, 7:27 pm","ts":1662904666,"status":200,"resp_time":0.168241}
{"time":"September 11, 7:52 pm","ts":1662906156,"status":200,"resp_time":0.04516}
{"time":"September 11, 8:10 pm","ts":1662907230,"status":200,"resp_time":0.025672}
{"time":"September 11, 8:25 pm","ts":1662908136,"status":200,"resp_time":0.045422}
{"time":"September 11, 8:50 pm","ts":1662909601,"status":200,"resp_time":0.37913}
{"time":"September 11, 9:10 pm","ts":1662910857,"status":200,"resp_time":0.199158}
{"time":"September 11, 9:26 pm","ts":1662911812,"status":200,"resp_time":0.02196}
{"time":"September 11, 10:01 pm","ts":1662913877,"status":200,"resp_time":0.027927}
{"time":"September 11, 10:32 pm","ts":1662915734,"status":200,"resp_time":0.176433}
{"time":"September 11, 11:02 pm","ts":1662917558,"status":200,"resp_time":0.184577}
{"time":"September 11, 11:20 pm","ts":1662918613,"status":200,"resp_time":0.37993}
{"time":"September 11, 11:36 pm","ts":1662919573,"status":200,"resp_time":0.176646}
{"time":"September 12, 12:06 am","ts":1662921384,"status":200,"resp_time":0.021522}
{"time":"September 12, 12:25 am","ts":1662922512,"status":200,"resp_time":0.045932}
{"time":"September 12, 12:44 am","ts":1662923678,"status":200,"resp_time":0.407851}
{"time":"September 12, 12:59 am","ts":1662924565,"status":200,"resp_time":0.02407}
{"time":"September 12, 1:11 am","ts":1662925279,"status":200,"resp_time":0.050629}
{"time":"September 12, 1:25 am","ts":1662926134,"status":200,"resp_time":0.173201}
{"time":"September 12, 1:50 am","ts":1662927643,"status":200,"resp_time":0.39466}
{"time":"September 12, 2:15 am","ts":1662929104,"status":200,"resp_time":0.382476}
{"time":"September 12, 2:26 am","ts":1662929783,"status":200,"resp_time":0.175393}
{"time":"September 12, 2:49 am","ts":1662931153,"status":200,"resp_time":0.022525}
{"time":"September 12, 3:06 am","ts":1662932196,"status":200,"resp_time":0.040007}
{"time":"September 12, 3:19 am","ts":1662932953,"status":200,"resp_time":0.376432}
{"time":"September 12, 3:29 am","ts":1662933577,"status":200,"resp_time":0.024039}
{"time":"September 12, 3:57 am","ts":1662935231,"status":200,"resp_time":0.398783}
{"time":"September 12, 4:15 am","ts":1662936301,"status":200,"resp_time":0.026728}
{"time":"September 12, 4:25 am","ts":1662936931,"status":200,"resp_time":0.169793}
{"time":"September 12, 4:49 am","ts":1662938394,"status":200,"resp_time":0.196564}
{"time":"September 12, 5:09 am","ts":1662939582,"status":200,"resp_time":0.374014}
{"time":"September 12, 5:25 am","ts":1662940554,"status":200,"resp_time":0.199826}
{"time":"September 12, 7:51 am","ts":1662949273,"status":200,"resp_time":0.028448}
{"time":"September 12, 10:06 am","ts":1662957367,"status":200,"resp_time":0.152781}
{"time":"September 12, 11:34 am","ts":1662962661,"status":200,"resp_time":0.046399}
{"time":"September 12, 12:32 pm","ts":1662966155,"status":200,"resp_time":0.026132}
{"time":"September 12, 1:17 pm","ts":1662968853,"status":200,"resp_time":0.039209}
{"time":"September 12, 1:31 pm","ts":1662969684,"status":200,"resp_time":0.045024}
{"time":"September 12, 2:14 pm","ts":1662972267,"status":200,"resp_time":0.408653}
{"time":"September 12, 2:40 pm","ts":1662973832,"status":200,"resp_time":0.468311}
{"time":"September 12, 3:07 pm","ts":1662975443,"status":200,"resp_time":0.461978}
{"time":"September 12, 3:24 pm","ts":1662976443,"status":200,"resp_time":0.026993}
{"time":"September 12, 3:51 pm","ts":1662978094,"status":200,"resp_time":0.025026}
{"time":"September 12, 4:16 pm","ts":1662979593,"status":200,"resp_time":0.381722}
{"time":"September 12, 4:27 pm","ts":1662980253,"status":200,"resp_time":0.168856}
{"time":"September 12, 4:52 pm","ts":1662981721,"status":200,"resp_time":0.044284}
{"time":"September 12, 5:10 pm","ts":1662982819,"status":200,"resp_time":0.174163}
{"time":"September 12, 5:25 pm","ts":1662983747,"status":0,"resp_time":0.008447}
{"time":"September 12, 6:15 pm","ts":1662986718,"status":200,"resp_time":0.414695}
{"time":"September 12, 7:05 pm","ts":1662989709,"status":200,"resp_time":0.053628}
{"time":"September 12, 7:36 pm","ts":1662991593,"status":200,"resp_time":0.179873}
{"time":"September 12, 8:06 pm","ts":1662993361,"status":200,"resp_time":0.39545}
{"time":"September 12, 8:22 pm","ts":1662994354,"status":200,"resp_time":0.025113}
{"time":"September 12, 8:52 pm","ts":1662996122,"status":200,"resp_time":0.045967}
{"time":"September 12, 9:19 pm","ts":1662997787,"status":200,"resp_time":0.195557}
{"time":"September 12, 9:37 pm","ts":1662998877,"status":200,"resp_time":0.027287}
{"time":"September 12, 10:23 pm","ts":1663001584,"status":200,"resp_time":0.401462}
{"time":"September 12, 10:58 pm","ts":1663003702,"status":200,"resp_time":0.033925}
{"time":"September 12, 11:20 pm","ts":1663005020,"status":200,"resp_time":0.15358}
{"time":"September 12, 11:36 pm","ts":1663006017,"status":200,"resp_time":0.378897}
{"time":"September 13, 12:10 am","ts":1663008032,"status":200,"resp_time":0.173632}
{"time":"September 13, 12:31 am","ts":1663009294,"status":200,"resp_time":0.045232}
{"time":"September 13, 12:56 am","ts":1663010800,"status":200,"resp_time":0.23289}
{"time":"September 13, 1:10 am","ts":1663011625,"status":200,"resp_time":0.022812}
{"time":"September 13, 1:25 am","ts":1663012537,"status":200,"resp_time":0.045305}
{"time":"September 13, 1:51 am","ts":1663014104,"status":200,"resp_time":0.051404}
{"time":"September 13, 2:14 am","ts":1663015475,"status":200,"resp_time":0.169721}
