{"time":"July 31, 4:25 pm","ts":1659264936,"status":200,"resp_time":0.04843}
{"time":"July 31, 4:44 pm","ts":1659266082,"status":200,"resp_time":0.023326}
{"time":"July 31, 5:00 pm","ts":1659267037,"status":200,"resp_time":0.375568}
{"time":"July 31, 5:15 pm","ts":1659267933,"status":200,"resp_time":0.04745}
{"time":"July 31, 5:26 pm","ts":1659268561,"status":200,"resp_time":0.173782}
{"time":"July 31, 6:04 pm","ts":1659270866,"status":200,"resp_time":0.043347}
{"time":"July 31, 6:37 pm","ts":1659272823,"status":200,"resp_time":0.395872}
{"time":"July 31, 7:05 pm","ts":1659274528,"status":200,"resp_time":0.047085}
{"time":"July 31, 7:18 pm","ts":1659275288,"status":200,"resp_time":0.179401}
{"time":"July 31, 7:28 pm","ts":1659275903,"status":200,"resp_time":0.025376}
{"time":"July 31, 7:51 pm","ts":1659277268,"status":200,"resp_time":0.259116}
{"time":"July 31, 8:07 pm","ts":1659278246,"status":200,"resp_time":0.044454}
{"time":"July 31, 8:17 pm","ts":1659278878,"status":200,"resp_time":0.378313}
{"time":"July 31, 8:28 pm","ts":1659279509,"status":200,"resp_time":0.191501}
{"time":"July 31, 8:54 pm","ts":1659281060,"status":200,"resp_time":0.158079}
{"time":"July 31, 9:11 pm","ts":1659282076,"status":200,"resp_time":0.184147}
{"time":"July 31, 9:25 pm","ts":1659282941,"status":200,"resp_time":0.394122}
{"time":"July 31, 9:53 pm","ts":1659284606,"status":200,"resp_time":0.030048}
{"time":"July 31, 10:22 pm","ts":1659286334,"status":200,"resp_time":0.02827}
{"time":"July 31, 10:46 pm","ts":1659287776,"status":200,"resp_time":0.024346}
{"time":"July 31, 11:02 pm","ts":1659288761,"status":200,"resp_time":0.378433}
{"time":"July 31, 11:15 pm","ts":1659289531,"status":200,"resp_time":0.024799}
{"time":"July 31, 11:25 pm","ts":1659290148,"status":200,"resp_time":0.041478}
{"time":"July 31, 11:51 pm","ts":1659291669,"status":200,"resp_time":0.175564}
{"time":"August 1, 12:13 am","ts":1659293022,"status":200,"resp_time":0.024825}
{"time":"August 1, 12:25 am","ts":1659293729,"status":200,"resp_time":0.192667}
{"time":"August 1, 12:44 am","ts":1659294864,"status":200,"resp_time":0.027565}
{"time":"August 1, 12:57 am","ts":1659295639,"status":200,"resp_time":0.174343}
{"time":"August 1, 1:09 am","ts":1659296360,"status":200,"resp_time":0.027154}
{"time":"August 1, 1:19 am","ts":1659296976,"status":200,"resp_time":0.1963}
{"time":"August 1, 1:29 am","ts":1659297585,"status":200,"resp_time":0.023773}
{"time":"August 1, 1:55 am","ts":1659299118,"status":200,"resp_time":0.181246}
{"time":"August 1, 2:09 am","ts":1659299994,"status":200,"resp_time":0.369693}
{"time":"August 1, 2:20 am","ts":1659300611,"status":200,"resp_time":0.190091}
{"time":"August 1, 2:31 am","ts":1659301267,"status":200,"resp_time":0.044551}
{"time":"August 1, 2:54 am","ts":1659302677,"status":200,"resp_time":0.049763}
{"time":"August 1, 3:07 am","ts":1659303476,"status":200,"resp_time":0.025536}
{"time":"August 1, 3:18 am","ts":1659304095,"status":200,"resp_time":0.158431}
{"time":"August 1, 3:28 am","ts":1659304721,"status":200,"resp_time":0.401902}
{"time":"August 1, 3:52 am","ts":1659306156,"status":200,"resp_time":0.041469}
{"time":"August 1, 4:09 am","ts":1659307146,"status":200,"resp_time":0.393801}
{"time":"August 1, 4:19 am","ts":1659307772,"status":200,"resp_time":0.403012}
{"time":"August 1, 4:30 am","ts":1659308401,"status":200,"resp_time":0.042758}
{"time":"August 1, 4:54 am","ts":1659309881,"status":200,"resp_time":0.029319}
{"time":"August 1, 5:09 am","ts":1659310763,"status":200,"resp_time":0.406138}
{"time":"August 1, 5:19 am","ts":1659311380,"status":200,"resp_time":0.045317}
{"time":"August 1, 5:30 am","ts":1659312012,"status":200,"resp_time":0.400712}
{"time":"August 1, 8:09 am","ts":1659321598,"status":200,"resp_time":0.025002}
{"time":"August 1, 9:49 am","ts":1659327551,"status":200,"resp_time":0.024774}
{"time":"August 1, 11:07 am","ts":1659332258,"status":200,"resp_time":0.262901}
{"time":"August 1, 11:45 am","ts":1659334552,"status":200,"resp_time":0.376712}
{"time":"August 1, 12:24 pm","ts":1659336848,"status":200,"resp_time":0.373193}
{"time":"August 1, 12:51 pm","ts":1659338468,"status":200,"resp_time":0.043792}
{"time":"August 1, 1:11 pm","ts":1659339707,"status":200,"resp_time":0.392768}
{"time":"August 1, 1:25 pm","ts":1659340544,"status":200,"resp_time":0.378526}
{"time":"August 1, 1:54 pm","ts":1659342266,"status":200,"resp_time":0.297575}
{"time":"August 1, 2:17 pm","ts":1659343647,"status":200,"resp_time":0.056605}
{"time":"August 1, 2:28 pm","ts":1659344290,"status":200,"resp_time":0.39917}
{"time":"August 1, 2:56 pm","ts":1659345988,"status":200,"resp_time":0.401413}
{"time":"August 1, 3:12 pm","ts":1659346973,"status":200,"resp_time":0.192834}
{"time":"August 1, 3:25 pm","ts":1659347732,"status":200,"resp_time":0.189793}
{"time":"August 1, 3:52 pm","ts":1659349329,"status":200,"resp_time":0.396337}
{"time":"August 1, 4:15 pm","ts":1659350706,"status":200,"resp_time":0.043014}
{"time":"August 1, 4:25 pm","ts":1659351330,"status":200,"resp_time":0.160155}
{"time":"August 1, 4:45 pm","ts":1659352544,"status":200,"resp_time":0.043517}
{"time":"August 1, 5:00 pm","ts":1659353455,"status":200,"resp_time":0.027387}
{"time":"August 1, 5:15 pm","ts":1659354331,"status":200,"resp_time":0.170041}
{"time":"August 1, 5:25 pm","ts":1659354956,"status":200,"resp_time":0.046056}
{"time":"August 1, 6:09 pm","ts":1659357545,"status":200,"resp_time":0.282891}
{"time":"August 1, 6:58 pm","ts":1659360502,"status":200,"resp_time":0.041001}
{"time":"August 1, 7:30 pm","ts":1659362443,"status":200,"resp_time":0.398374}
{"time":"August 1, 7:57 pm","ts":1659364076,"status":200,"resp_time":0.046055}
{"time":"August 1, 8:12 pm","ts":1659364956,"status":200,"resp_time":0.177056}
{"time":"August 1, 8:25 pm","ts":1659365735,"status":200,"resp_time":0.259006}
{"time":"August 1, 8:52 pm","ts":1659367337,"status":200,"resp_time":0.044993}
{"time":"August 1, 9:16 pm","ts":1659368786,"status":200,"resp_time":0.196151}
{"time":"August 1, 9:27 pm","ts":1659369453,"status":200,"resp_time":0.154016}
{"time":"August 1, 10:05 pm","ts":1659371748,"status":200,"resp_time":0.052348}
{"time":"August 1, 10:34 pm","ts":1659373482,"status":200,"resp_time":0.176119}
{"time":"August 1, 11:04 pm","ts":1659375297,"status":200,"resp_time":0.407266}
{"time":"August 1, 11:20 pm","ts":1659376212,"status":200,"resp_time":0.196189}
{"time":"August 1, 11:33 pm","ts":1659377027,"status":200,"resp_time":0.048472}
{"time":"August 2, 12:09 am","ts":1659379150,"status":200,"resp_time":0.179599}
{"time":"August 2, 12:27 am","ts":1659380233,"status":200,"resp_time":0.194786}
{"time":"August 2, 12:47 am","ts":1659381426,"status":200,"resp_time":0.394415}
{"time":"August 2, 12:58 am","ts":1659382095,"status":200,"resp_time":0.025934}
{"time":"August 2, 1:09 am","ts":1659382768,"status":200,"resp_time":0.279942}
{"time":"August 2, 1:19 am","ts":1659383391,"status":200,"resp_time":0.40801}
{"time":"August 2, 1:30 am","ts":1659384012,"status":200,"resp_time":0.057628}
{"time":"August 2, 1:59 am","ts":1659385786,"status":200,"resp_time":0.04611}
{"time":"August 2, 2:15 am","ts":1659386752,"status":200,"resp_time":0.12326}
{"time":"August 2, 2:26 am","ts":1659387368,"status":200,"resp_time":0.052598}
{"time":"August 2, 2:47 am","ts":1659388640,"status":200,"resp_time":0.219825}
{"time":"August 2, 3:05 am","ts":1659389723,"status":200,"resp_time":0.283404}
{"time":"August 2, 3:18 am","ts":1659390517,"status":200,"resp_time":0.213338}
{"time":"August 2, 3:29 am","ts":1659391145,"status":200,"resp_time":0.237424}
{"time":"August 2, 3:56 am","ts":1659392787,"status":200,"resp_time":0.174107}
{"time":"August 2, 4:12 am","ts":1659393756,"status":200,"resp_time":0.044211}
{"time":"August 2, 4:25 am","ts":1659394530,"status":200,"resp_time":0.044902}
{"time":"August 2, 4:50 am","ts":1659396021,"status":200,"resp_time":0.177784}
