{"time":"October 14, 7:56 pm","ts":1665757599,"status":200,"resp_time":0.043596}
{"time":"October 14, 8:26 pm","ts":1665759382,"status":200,"resp_time":0.051078}
{"time":"October 14, 8:57 pm","ts":1665761274,"status":200,"resp_time":0.042485}
{"time":"October 14, 9:24 pm","ts":1665762876,"status":200,"resp_time":0.044231}
{"time":"October 14, 10:01 pm","ts":1665765061,"status":200,"resp_time":0.139918}
{"time":"October 14, 10:45 pm","ts":1665767718,"status":200,"resp_time":0.188003}
{"time":"October 14, 11:18 pm","ts":1665769689,"status":200,"resp_time":0.045934}
{"time":"October 14, 11:38 pm","ts":1665770920,"status":200,"resp_time":0.17014}
{"time":"October 15, 12:15 am","ts":1665773137,"status":200,"resp_time":0.153586}
{"time":"October 15, 12:39 am","ts":1665774540,"status":200,"resp_time":0.395895}
{"time":"October 15, 1:02 am","ts":1665775929,"status":200,"resp_time":0.176401}
{"time":"October 15, 1:18 am","ts":1665776909,"status":200,"resp_time":0.182459}
{"time":"October 15, 1:28 am","ts":1665777536,"status":200,"resp_time":0.168155}
{"time":"October 15, 2:05 am","ts":1665779706,"status":200,"resp_time":0.153772}
{"time":"October 15, 2:25 am","ts":1665780950,"status":200,"resp_time":0.046919}
{"time":"October 15, 2:51 am","ts":1665782482,"status":200,"resp_time":0.169963}
{"time":"October 15, 3:15 am","ts":1665783939,"status":200,"resp_time":0.158477}
{"time":"October 15, 3:27 am","ts":1665784651,"status":200,"resp_time":0.400679}
{"time":"October 15, 3:57 am","ts":1665786463,"status":200,"resp_time":0.02728}
{"time":"October 15, 4:20 am","ts":1665787806,"status":200,"resp_time":0.421937}
{"time":"October 15, 4:31 am","ts":1665788462,"status":200,"resp_time":0.043632}
{"time":"October 15, 5:07 am","ts":1665790624,"status":200,"resp_time":0.024747}
{"time":"October 15, 5:27 am","ts":1665791835,"status":200,"resp_time":0.172949}
{"time":"October 15, 8:09 am","ts":1665801568,"status":200,"resp_time":0.043711}
{"time":"October 15, 9:55 am","ts":1665807935,"status":200,"resp_time":0.0489}
{"time":"October 15, 11:03 am","ts":1665812026,"status":200,"resp_time":0.196672}
{"time":"October 15, 11:36 am","ts":1665813983,"status":200,"resp_time":0.367116}
{"time":"October 15, 12:18 pm","ts":1665816486,"status":200,"resp_time":0.026016}
{"time":"October 15, 12:42 pm","ts":1665817935,"status":200,"resp_time":0.214248}
{"time":"October 15, 1:10 pm","ts":1665819642,"status":200,"resp_time":0.048748}
{"time":"October 15, 1:26 pm","ts":1665820579,"status":200,"resp_time":0.023832}
{"time":"October 15, 2:01 pm","ts":1665822662,"status":200,"resp_time":0.030634}
{"time":"October 15, 2:28 pm","ts":1665824324,"status":200,"resp_time":0.062852}
{"time":"October 15, 3:00 pm","ts":1665826229,"status":200,"resp_time":0.450517}
{"time":"October 15, 3:23 pm","ts":1665827607,"status":200,"resp_time":0.376873}
{"time":"October 15, 3:51 pm","ts":1665829280,"status":200,"resp_time":0.174965}
{"time":"October 15, 4:18 pm","ts":1665830899,"status":200,"resp_time":0.180291}
{"time":"October 15, 4:29 pm","ts":1665831582,"status":200,"resp_time":0.180478}
{"time":"October 15, 4:54 pm","ts":1665833076,"status":200,"resp_time":0.238387}
{"time":"October 15, 5:11 pm","ts":1665834073,"status":200,"resp_time":0.046147}
{"time":"October 15, 5:25 pm","ts":1665834936,"status":200,"resp_time":0.188561}
{"time":"October 15, 6:09 pm","ts":1665837560,"status":200,"resp_time":0.029383}
{"time":"October 15, 6:55 pm","ts":1665840341,"status":200,"resp_time":0.043589}
{"time":"October 15, 7:28 pm","ts":1665842306,"status":200,"resp_time":0.375762}
{"time":"October 15, 7:57 pm","ts":1665844022,"status":200,"resp_time":0.466943}
{"time":"October 15, 8:16 pm","ts":1665845179,"status":200,"resp_time":0.040926}
{"time":"October 15, 8:27 pm","ts":1665845829,"status":200,"resp_time":0.170801}
{"time":"October 15, 8:57 pm","ts":1665847628,"status":200,"resp_time":0.024231}
{"time":"October 15, 9:20 pm","ts":1665849007,"status":200,"resp_time":0.184697}
{"time":"October 15, 9:37 pm","ts":1665850072,"status":200,"resp_time":0.198442}
{"time":"October 15, 10:20 pm","ts":1665852645,"status":200,"resp_time":0.041816}
{"time":"October 15, 10:56 pm","ts":1665854801,"status":200,"resp_time":0.203532}
{"time":"October 15, 11:21 pm","ts":1665856289,"status":200,"resp_time":0.168776}
{"time":"October 15, 11:54 pm","ts":1665858240,"status":200,"resp_time":0.028265}
{"time":"October 16, 12:22 am","ts":1665859933,"status":200,"resp_time":0.024582}
{"time":"October 16, 12:47 am","ts":1665861433,"status":200,"resp_time":0.043052}
{"time":"October 16, 1:03 am","ts":1665862425,"status":200,"resp_time":0.044191}
{"time":"October 16, 1:17 am","ts":1665863229,"status":200,"resp_time":0.394515}
{"time":"October 16, 1:27 am","ts":1665863857,"status":200,"resp_time":0.162511}
{"time":"October 16, 1:58 am","ts":1665865727,"status":200,"resp_time":0.390813}
{"time":"October 16, 2:19 am","ts":1665866956,"status":200,"resp_time":0.400918}
{"time":"October 16, 2:29 am","ts":1665867573,"status":200,"resp_time":0.464117}
{"time":"October 16, 2:56 am","ts":1665869201,"status":200,"resp_time":0.041847}
{"time":"October 16, 3:15 am","ts":1665870336,"status":200,"resp_time":0.227259}
{"time":"October 16, 3:26 am","ts":1665870977,"status":200,"resp_time":0.170263}
{"time":"October 16, 3:53 am","ts":1665872584,"status":200,"resp_time":0.04233}
{"time":"October 16, 4:16 am","ts":1665873982,"status":200,"resp_time":0.035338}
{"time":"October 16, 4:27 am","ts":1665874673,"status":200,"resp_time":0.041603}
{"time":"October 16, 5:02 am","ts":1665876772,"status":200,"resp_time":0.153274}
{"time":"October 16, 5:25 am","ts":1665878139,"status":200,"resp_time":0.37116}
{"time":"October 16, 7:52 am","ts":1665886923,"status":200,"resp_time":0.04287}
{"time":"October 16, 9:52 am","ts":1665894178,"status":200,"resp_time":0.024788}
{"time":"October 16, 11:00 am","ts":1665898232,"status":200,"resp_time":0.027472}
{"time":"October 16, 11:34 am","ts":1665900242,"status":200,"resp_time":0.447354}
{"time":"October 16, 12:15 pm","ts":1665902731,"status":200,"resp_time":0.186664}
{"time":"October 16, 12:39 pm","ts":1665904187,"status":200,"resp_time":0.40905}
{"time":"October 16, 1:06 pm","ts":1665905780,"status":200,"resp_time":0.197331}
{"time":"October 16, 1:21 pm","ts":1665906680,"status":200,"resp_time":0.026719}
{"time":"October 16, 1:55 pm","ts":1665908753,"status":200,"resp_time":0.052033}
{"time":"October 16, 2:22 pm","ts":1665910375,"status":200,"resp_time":0.212791}
{"time":"October 16, 2:51 pm","ts":1665912073,"status":200,"resp_time":0.025311}
{"time":"October 16, 3:17 pm","ts":1665913639,"status":200,"resp_time":0.221436}
{"time":"October 16, 3:28 pm","ts":1665914315,"status":200,"resp_time":0.172854}
{"time":"October 16, 4:01 pm","ts":1665916269,"status":200,"resp_time":0.199611}
{"time":"October 16, 4:24 pm","ts":1665917646,"status":200,"resp_time":0.17892}
{"time":"October 16, 4:46 pm","ts":1665918985,"status":200,"resp_time":0.046246}
{"time":"October 16, 5:05 pm","ts":1665920108,"status":200,"resp_time":0.177881}
{"time":"October 16, 5:18 pm","ts":1665920880,"status":200,"resp_time":0.150725}
{"time":"October 16, 5:28 pm","ts":1665921498,"status":200,"resp_time":0.041594}
{"time":"October 16, 6:23 pm","ts":1665924810,"status":200,"resp_time":0.045064}
{"time":"October 16, 7:09 pm","ts":1665927551,"status":200,"resp_time":0.041971}
{"time":"October 16, 7:30 pm","ts":1665928857,"status":200,"resp_time":0.396957}
{"time":"October 16, 8:01 pm","ts":1665930718,"status":200,"resp_time":0.042346}
{"time":"October 16, 8:21 pm","ts":1665931889,"status":200,"resp_time":0.394055}
