{"time":"September 28, 2:08 pm","ts":1664354326,"status":200,"resp_time":0.200015}
{"time":"September 28, 2:33 pm","ts":1664355780,"status":200,"resp_time":0.175929}
{"time":"September 28, 3:07 pm","ts":1664357842,"status":200,"resp_time":0.168996}
{"time":"September 28, 3:26 pm","ts":1664358999,"status":200,"resp_time":0.190639}
{"time":"September 28, 3:58 pm","ts":1664360893,"status":200,"resp_time":0.021044}
{"time":"September 28, 4:23 pm","ts":1664362388,"status":200,"resp_time":0.030548}
{"time":"September 28, 4:47 pm","ts":1664363860,"status":200,"resp_time":0.042536}
{"time":"September 28, 5:08 pm","ts":1664365108,"status":200,"resp_time":0.410334}
{"time":"September 28, 5:21 pm","ts":1664365898,"status":200,"resp_time":0.477352}
{"time":"September 28, 6:09 pm","ts":1664368760,"status":200,"resp_time":0.398751}
{"time":"September 28, 7:05 pm","ts":1664372148,"status":200,"resp_time":0.203356}
{"time":"September 28, 7:51 pm","ts":1664374875,"status":200,"resp_time":0.041152}
{"time":"September 28, 8:27 pm","ts":1664377026,"status":200,"resp_time":0.027399}
{"time":"September 28, 9:00 pm","ts":1664379058,"status":200,"resp_time":0.191808}
{"time":"September 28, 9:29 pm","ts":1664380776,"status":200,"resp_time":0.047063}
{"time":"September 28, 10:19 pm","ts":1664383746,"status":200,"resp_time":0.240334}
{"time":"September 28, 10:57 pm","ts":1664386036,"status":200,"resp_time":0.046838}
{"time":"September 28, 11:31 pm","ts":1664388086,"status":200,"resp_time":0.399614}
{"time":"September 29, 12:15 am","ts":1664390758,"status":200,"resp_time":0.170969}
{"time":"September 29, 12:39 am","ts":1664392186,"status":200,"resp_time":0.396159}
{"time":"September 29, 1:02 am","ts":1664393578,"status":200,"resp_time":0.408271}
{"time":"September 29, 1:18 am","ts":1664394508,"status":200,"resp_time":0.030042}
{"time":"September 29, 1:28 am","ts":1664395135,"status":200,"resp_time":0.466598}
{"time":"September 29, 2:00 am","ts":1664397044,"status":200,"resp_time":0.025386}
{"time":"September 29, 2:23 am","ts":1664398401,"status":200,"resp_time":0.042738}
{"time":"September 29, 2:48 am","ts":1664399914,"status":200,"resp_time":0.171571}
{"time":"September 29, 3:09 am","ts":1664401163,"status":200,"resp_time":0.172597}
{"time":"September 29, 3:23 am","ts":1664402013,"status":200,"resp_time":0.022171}
{"time":"September 29, 3:51 am","ts":1664403664,"status":200,"resp_time":0.020933}
{"time":"September 29, 4:16 am","ts":1664405199,"status":200,"resp_time":0.024956}
{"time":"September 29, 4:28 am","ts":1664405880,"status":200,"resp_time":0.023101}
{"time":"September 29, 5:02 am","ts":1664407923,"status":200,"resp_time":0.208374}
{"time":"September 29, 5:28 am","ts":1664409503,"status":200,"resp_time":0.404594}
{"time":"September 29, 8:19 am","ts":1664419782,"status":200,"resp_time":0.404668}
{"time":"September 29, 10:11 am","ts":1664426475,"status":200,"resp_time":0.140612}
{"time":"September 29, 11:30 am","ts":1664431229,"status":200,"resp_time":0.176161}
{"time":"September 29, 12:33 pm","ts":1664435035,"status":200,"resp_time":0.045141}
{"time":"September 29, 1:16 pm","ts":1664437592,"status":200,"resp_time":0.403884}
{"time":"September 29, 1:31 pm","ts":1664438500,"status":200,"resp_time":0.387886}
{"time":"September 29, 2:15 pm","ts":1664441147,"status":200,"resp_time":0.402959}
{"time":"September 29, 2:41 pm","ts":1664442672,"status":200,"resp_time":0.192021}
{"time":"September 29, 3:15 pm","ts":1664444718,"status":200,"resp_time":0.472494}
{"time":"September 29, 3:29 pm","ts":1664445599,"status":200,"resp_time":0.46031}
{"time":"September 29, 4:02 pm","ts":1664447561,"status":200,"resp_time":0.472197}
{"time":"September 29, 4:24 pm","ts":1664448864,"status":200,"resp_time":0.46181}
{"time":"September 29, 4:47 pm","ts":1664450229,"status":200,"resp_time":0.180335}
{"time":"September 29, 5:08 pm","ts":1664451488,"status":200,"resp_time":0.043796}
{"time":"September 29, 5:21 pm","ts":1664452264,"status":200,"resp_time":0.168179}
{"time":"September 29, 6:09 pm","ts":1664455180,"status":200,"resp_time":0.023327}
{"time":"September 29, 7:06 pm","ts":1664458598,"status":200,"resp_time":0.051665}
{"time":"September 29, 7:46 pm","ts":1664460991,"status":200,"resp_time":0.175412}
{"time":"September 29, 8:15 pm","ts":1664462732,"status":200,"resp_time":0.04243}
{"time":"September 29, 8:29 pm","ts":1664463591,"status":200,"resp_time":0.171493}
{"time":"September 29, 9:03 pm","ts":1664465602,"status":200,"resp_time":0.17401}
{"time":"September 29, 9:27 pm","ts":1664467059,"status":200,"resp_time":0.198216}
{"time":"September 29, 10:11 pm","ts":1664469696,"status":200,"resp_time":0.043512}
{"time":"September 29, 10:54 pm","ts":1664472276,"status":200,"resp_time":0.044425}
{"time":"September 29, 11:27 pm","ts":1664474250,"status":200,"resp_time":0.180878}
{"time":"September 30, 12:05 am","ts":1664476513,"status":200,"resp_time":0.484345}
{"time":"September 30, 12:30 am","ts":1664478021,"status":200,"resp_time":0.383115}
{"time":"September 30, 1:00 am","ts":1664479821,"status":200,"resp_time":0.173778}
{"time":"September 30, 1:18 am","ts":1664480905,"status":200,"resp_time":0.024638}
{"time":"September 30, 1:28 am","ts":1664481524,"status":200,"resp_time":0.176161}
{"time":"September 30, 2:01 am","ts":1664483513,"status":200,"resp_time":0.050015}
{"time":"September 30, 2:24 am","ts":1664484852,"status":200,"resp_time":0.366995}
{"time":"September 30, 2:49 am","ts":1664486349,"status":200,"resp_time":0.04126}
{"time":"September 30, 3:11 am","ts":1664487671,"status":200,"resp_time":0.046134}
{"time":"September 30, 3:27 am","ts":1664488640,"status":200,"resp_time":0.024369}
{"time":"September 30, 3:57 am","ts":1664490452,"status":200,"resp_time":0.19398}
{"time":"September 30, 4:18 am","ts":1664491721,"status":200,"resp_time":0.054779}
{"time":"September 30, 4:29 am","ts":1664492341,"status":200,"resp_time":0.041406}
{"time":"September 30, 5:07 am","ts":1664494650,"status":200,"resp_time":0.369371}
{"time":"September 30, 5:31 am","ts":1664496074,"status":200,"resp_time":0.01986}
{"time":"September 30, 8:53 am","ts":1664508211,"status":200,"resp_time":0.040772}
{"time":"September 30, 10:39 am","ts":1664514543,"status":200,"resp_time":0.02551}
{"time":"September 30, 12:01 pm","ts":1664519484,"status":200,"resp_time":0.379508}
{"time":"September 30, 12:54 pm","ts":1664522696,"status":200,"resp_time":0.172094}
{"time":"September 30, 1:29 pm","ts":1664524747,"status":200,"resp_time":0.042473}
{"time":"September 30, 2:13 pm","ts":1664527389,"status":200,"resp_time":0.464197}
{"time":"September 30, 2:44 pm","ts":1664529260,"status":200,"resp_time":0.02655}
{"time":"September 30, 3:16 pm","ts":1664531169,"status":200,"resp_time":0.144832}
{"time":"September 30, 3:30 pm","ts":1664532057,"status":200,"resp_time":0.022375}
{"time":"September 30, 4:06 pm","ts":1664534213,"status":200,"resp_time":0.403884}
{"time":"September 30, 4:25 pm","ts":1664535343,"status":200,"resp_time":0.383348}
{"time":"September 30, 4:48 pm","ts":1664536700,"status":200,"resp_time":0.398127}
{"time":"September 30, 5:08 pm","ts":1664537900,"status":200,"resp_time":0.158287}
{"time":"September 30, 5:21 pm","ts":1664538663,"status":200,"resp_time":0.197848}
{"time":"September 30, 6:12 pm","ts":1664541725,"status":200,"resp_time":0.190281}
{"time":"September 30, 7:12 pm","ts":1664545350,"status":200,"resp_time":0.185911}
{"time":"September 30, 7:54 pm","ts":1664547854,"status":200,"resp_time":0.174232}
{"time":"September 30, 8:25 pm","ts":1664549754,"status":200,"resp_time":0.031167}
{"time":"September 30, 8:55 pm","ts":1664551551,"status":200,"resp_time":0.374392}
