{"time":"August 13, 11:25 pm","ts":1660413353,"status":200,"resp_time":0.216949}
{"time":"August 13, 11:51 pm","ts":1660414903,"status":200,"resp_time":0.031893}
{"time":"August 14, 12:14 am","ts":1660416260,"status":200,"resp_time":0.399251}
{"time":"August 14, 12:25 am","ts":1660416937,"status":200,"resp_time":0.263241}
{"time":"August 14, 12:43 am","ts":1660418031,"status":200,"resp_time":0.035968}
{"time":"August 14, 12:56 am","ts":1660418819,"status":200,"resp_time":0.398988}
{"time":"August 14, 1:08 am","ts":1660419485,"status":200,"resp_time":0.026262}
{"time":"August 14, 1:18 am","ts":1660420109,"status":200,"resp_time":0.3562}
{"time":"August 14, 1:29 am","ts":1660420741,"status":200,"resp_time":0.223445}
{"time":"August 14, 1:54 am","ts":1660422291,"status":200,"resp_time":0.049183}
{"time":"August 14, 2:09 am","ts":1660423187,"status":200,"resp_time":0.198888}
{"time":"August 14, 2:20 am","ts":1660423803,"status":200,"resp_time":0.036419}
{"time":"August 14, 2:30 am","ts":1660424431,"status":200,"resp_time":0.304583}
{"time":"August 14, 2:54 am","ts":1660425890,"status":200,"resp_time":0.156332}
{"time":"August 14, 3:08 am","ts":1660426689,"status":200,"resp_time":0.213332}
{"time":"August 14, 3:18 am","ts":1660427308,"status":200,"resp_time":0.296394}
{"time":"August 14, 3:28 am","ts":1660427935,"status":200,"resp_time":0.300993}
{"time":"August 14, 3:53 am","ts":1660429422,"status":200,"resp_time":0.400872}
{"time":"August 14, 4:09 am","ts":1660430378,"status":200,"resp_time":0.208874}
{"time":"August 14, 4:19 am","ts":1660430996,"status":200,"resp_time":0.024237}
{"time":"August 14, 4:30 am","ts":1660431628,"status":200,"resp_time":0.30087}
{"time":"August 14, 4:56 am","ts":1660433204,"status":200,"resp_time":0.376603}
{"time":"August 14, 5:10 am","ts":1660434034,"status":200,"resp_time":0.200445}
{"time":"August 14, 5:25 am","ts":1660434946,"status":200,"resp_time":0.026417}
{"time":"August 14, 7:24 am","ts":1660442096,"status":200,"resp_time":0.021612}
{"time":"August 14, 9:04 am","ts":1660448094,"status":200,"resp_time":0.260636}
{"time":"August 14, 9:37 am","ts":1660450052,"status":200,"resp_time":0.18984}
{"time":"August 14, 10:12 am","ts":1660452174,"status":200,"resp_time":0.261822}
{"time":"August 14, 10:30 am","ts":1660453240,"status":200,"resp_time":0.300003}
{"time":"August 14, 10:56 am","ts":1660454777,"status":200,"resp_time":0.360511}
{"time":"August 14, 11:09 am","ts":1660455548,"status":200,"resp_time":0.302716}
{"time":"August 14, 11:19 am","ts":1660456171,"status":200,"resp_time":0.018942}
{"time":"August 14, 11:30 am","ts":1660456805,"status":0,"resp_time":7.001318}
{"time":"August 14, 12:00 pm","ts":1660458631,"status":200,"resp_time":0.409067}
{"time":"August 14, 12:22 pm","ts":1660459938,"status":200,"resp_time":0.335785}
{"time":"August 14, 12:45 pm","ts":1660461326,"status":200,"resp_time":0.041773}
{"time":"August 14, 1:00 pm","ts":1660462244,"status":200,"resp_time":0.047529}
{"time":"August 14, 1:15 pm","ts":1660463131,"status":200,"resp_time":0.408642}
{"time":"August 14, 1:26 pm","ts":1660463760,"status":200,"resp_time":0.027776}
{"time":"August 14, 1:51 pm","ts":1660465311,"status":200,"resp_time":0.124985}
{"time":"August 14, 2:12 pm","ts":1660466567,"status":200,"resp_time":0.230815}
{"time":"August 14, 2:25 pm","ts":1660467342,"status":200,"resp_time":0.158342}
{"time":"August 14, 2:47 pm","ts":1660468625,"status":200,"resp_time":0.033978}
{"time":"August 14, 3:03 pm","ts":1660469616,"status":200,"resp_time":0.040773}
{"time":"August 14, 3:16 pm","ts":1660470388,"status":200,"resp_time":0.042544}
{"time":"August 14, 3:26 pm","ts":1660471011,"status":200,"resp_time":0.044413}
{"time":"August 14, 3:52 pm","ts":1660472535,"status":200,"resp_time":0.395709}
{"time":"August 14, 4:10 pm","ts":1660473654,"status":200,"resp_time":0.146721}
{"time":"August 14, 4:25 pm","ts":1660474534,"status":200,"resp_time":0.400773}
{"time":"August 14, 4:44 pm","ts":1660475695,"status":200,"resp_time":0.218999}
{"time":"August 14, 4:59 pm","ts":1660476561,"status":200,"resp_time":0.026553}
{"time":"August 14, 5:10 pm","ts":1660477206,"status":200,"resp_time":0.217805}
{"time":"August 14, 5:20 pm","ts":1660477837,"status":200,"resp_time":0.300404}
{"time":"August 14, 6:00 pm","ts":1660480205,"status":200,"resp_time":0.401839}
{"time":"August 14, 6:34 pm","ts":1660482293,"status":200,"resp_time":0.216551}
{"time":"August 14, 7:06 pm","ts":1660484214,"status":200,"resp_time":0.214069}
{"time":"August 14, 7:19 pm","ts":1660484987,"status":200,"resp_time":0.30259}
{"time":"August 14, 7:30 pm","ts":1660485615,"status":200,"resp_time":0.028}
{"time":"August 14, 7:55 pm","ts":1660487124,"status":200,"resp_time":0.297724}
{"time":"August 14, 8:08 pm","ts":1660487914,"status":200,"resp_time":0.191164}
{"time":"August 14, 8:18 pm","ts":1660488531,"status":200,"resp_time":0.217182}
{"time":"August 14, 8:29 pm","ts":1660489148,"status":200,"resp_time":0.024799}
{"time":"August 14, 8:55 pm","ts":1660490716,"status":200,"resp_time":0.299727}
{"time":"August 14, 9:11 pm","ts":1660491707,"status":200,"resp_time":0.302812}
{"time":"August 14, 9:25 pm","ts":1660492532,"status":200,"resp_time":0.212012}
{"time":"August 14, 9:53 pm","ts":1660494188,"status":200,"resp_time":0.218412}
{"time":"August 14, 10:22 pm","ts":1660495958,"status":200,"resp_time":0.230473}
{"time":"August 14, 10:46 pm","ts":1660497401,"status":200,"resp_time":0.403922}
{"time":"August 14, 11:03 pm","ts":1660498404,"status":200,"resp_time":0.398226}
{"time":"August 14, 11:15 pm","ts":1660499133,"status":200,"resp_time":0.224136}
{"time":"August 14, 11:25 pm","ts":1660499749,"status":200,"resp_time":0.027371}
{"time":"August 14, 11:51 pm","ts":1660501284,"status":200,"resp_time":0.299096}
{"time":"August 15, 12:14 am","ts":1660502660,"status":200,"resp_time":0.403553}
{"time":"August 15, 12:25 am","ts":1660503333,"status":200,"resp_time":0.222175}
{"time":"August 15, 12:44 am","ts":1660504446,"status":200,"resp_time":0.025778}
{"time":"August 15, 12:57 am","ts":1660505230,"status":200,"resp_time":0.399072}
{"time":"August 15, 1:08 am","ts":1660505911,"status":200,"resp_time":0.189409}
{"time":"August 15, 1:18 am","ts":1660506520,"status":200,"resp_time":0.393772}
{"time":"August 15, 1:29 am","ts":1660507145,"status":200,"resp_time":0.219226}
{"time":"August 15, 1:54 am","ts":1660508670,"status":200,"resp_time":0.042452}
{"time":"August 15, 2:09 am","ts":1660509582,"status":200,"resp_time":0.228549}
{"time":"August 15, 2:20 am","ts":1660510200,"status":200,"resp_time":0.302579}
{"time":"August 15, 2:30 am","ts":1660510814,"status":200,"resp_time":0.260816}
{"time":"August 15, 2:55 am","ts":1660512307,"status":200,"resp_time":0.305133}
{"time":"August 15, 3:08 am","ts":1660513100,"status":200,"resp_time":0.022528}
{"time":"August 15, 3:18 am","ts":1660513719,"status":200,"resp_time":0.161087}
{"time":"August 15, 3:28 am","ts":1660514331,"status":200,"resp_time":0.041564}
{"time":"August 15, 3:53 am","ts":1660515824,"status":200,"resp_time":0.303151}
{"time":"August 15, 4:09 am","ts":1660516789,"status":200,"resp_time":0.220467}
{"time":"August 15, 4:20 am","ts":1660517410,"status":200,"resp_time":0.395147}
{"time":"August 15, 4:31 am","ts":1660518075,"status":200,"resp_time":0.218119}
