{"time":"August 29, 2:02 pm","ts":1661761948,"status":200,"resp_time":0.046958}
{"time":"August 29, 2:24 pm","ts":1661763277,"status":200,"resp_time":0.154739}
{"time":"August 29, 2:47 pm","ts":1661764655,"status":200,"resp_time":0.064402}
{"time":"August 29, 3:06 pm","ts":1661765807,"status":200,"resp_time":0.187302}
{"time":"August 29, 3:19 pm","ts":1661766548,"status":200,"resp_time":0.322137}
{"time":"August 29, 3:29 pm","ts":1661767164,"status":200,"resp_time":0.373065}
{"time":"August 29, 3:59 pm","ts":1661768947,"status":200,"resp_time":0.050333}
{"time":"August 29, 4:18 pm","ts":1661770087,"status":200,"resp_time":0.410024}
{"time":"August 29, 4:28 pm","ts":1661770688,"status":200,"resp_time":0.043706}
{"time":"August 29, 4:52 pm","ts":1661772124,"status":200,"resp_time":0.38444}
{"time":"August 29, 5:08 pm","ts":1661773110,"status":200,"resp_time":0.152942}
{"time":"August 29, 5:18 pm","ts":1661773722,"status":200,"resp_time":0.393518}
{"time":"August 29, 5:29 pm","ts":1661774351,"status":200,"resp_time":0.403427}
{"time":"August 29, 6:22 pm","ts":1661777562,"status":200,"resp_time":0.025702}
{"time":"August 29, 7:11 pm","ts":1661780484,"status":200,"resp_time":0.169233}
{"time":"August 29, 7:31 pm","ts":1661781662,"status":200,"resp_time":0.380736}
{"time":"August 29, 7:58 pm","ts":1661783298,"status":200,"resp_time":0.212277}
{"time":"August 29, 8:13 pm","ts":1661784197,"status":200,"resp_time":0.047376}
{"time":"August 29, 8:25 pm","ts":1661784931,"status":200,"resp_time":0.042912}
{"time":"August 29, 8:49 pm","ts":1661786372,"status":200,"resp_time":0.171378}
{"time":"August 29, 9:09 pm","ts":1661787593,"status":200,"resp_time":0.403534}
{"time":"August 29, 9:23 pm","ts":1661788389,"status":200,"resp_time":0.027245}
{"time":"August 29, 9:54 pm","ts":1661790270,"status":200,"resp_time":0.044394}
{"time":"August 29, 10:28 pm","ts":1661792280,"status":200,"resp_time":0.464719}
{"time":"August 29, 10:57 pm","ts":1661794047,"status":200,"resp_time":0.029311}
{"time":"August 29, 11:15 pm","ts":1661795100,"status":200,"resp_time":0.021504}
{"time":"August 29, 11:25 pm","ts":1661795732,"status":200,"resp_time":0.172011}
{"time":"August 29, 11:52 pm","ts":1661797362,"status":200,"resp_time":0.393147}
{"time":"August 30, 12:17 am","ts":1661798868,"status":200,"resp_time":0.185542}
{"time":"August 30, 12:28 am","ts":1661799506,"status":200,"resp_time":0.154199}
{"time":"August 30, 12:50 am","ts":1661800802,"status":200,"resp_time":0.381056}
{"time":"August 30, 1:00 am","ts":1661801429,"status":200,"resp_time":0.170739}
{"time":"August 30, 1:15 am","ts":1661802338,"status":200,"resp_time":0.045084}
{"time":"August 30, 1:25 am","ts":1661802953,"status":200,"resp_time":0.044361}
{"time":"August 30, 1:50 am","ts":1661804447,"status":200,"resp_time":0.12452}
{"time":"August 30, 2:11 am","ts":1661805706,"status":200,"resp_time":0.030054}
{"time":"August 30, 2:25 am","ts":1661806535,"status":200,"resp_time":0.168424}
{"time":"August 30, 2:46 am","ts":1661807792,"status":200,"resp_time":0.041793}
{"time":"August 30, 3:03 am","ts":1661808804,"status":200,"resp_time":0.142592}
{"time":"August 30, 3:16 am","ts":1661809607,"status":200,"resp_time":0.396782}
{"time":"August 30, 3:27 am","ts":1661810220,"status":200,"resp_time":0.025786}
{"time":"August 30, 3:52 am","ts":1661811724,"status":200,"resp_time":0.184455}
{"time":"August 30, 4:11 am","ts":1661812879,"status":200,"resp_time":0.043175}
{"time":"August 30, 4:25 am","ts":1661813741,"status":200,"resp_time":0.019697}
{"time":"August 30, 4:49 am","ts":1661815174,"status":200,"resp_time":0.1917}
{"time":"August 30, 5:08 am","ts":1661816324,"status":200,"resp_time":0.040768}
{"time":"August 30, 5:22 am","ts":1661817139,"status":200,"resp_time":0.161602}
{"time":"August 30, 7:36 am","ts":1661825194,"status":200,"resp_time":0.040388}
{"time":"August 30, 9:55 am","ts":1661833519,"status":200,"resp_time":0.051064}
{"time":"August 30, 11:27 am","ts":1661839036,"status":200,"resp_time":0.401995}
{"time":"August 30, 12:24 pm","ts":1661842476,"status":200,"resp_time":0.021111}
{"time":"August 30, 12:55 pm","ts":1661844319,"status":200,"resp_time":0.171774}
{"time":"August 30, 1:13 pm","ts":1661845415,"status":200,"resp_time":0.023192}
{"time":"August 30, 1:25 pm","ts":1661846137,"status":200,"resp_time":0.389393}
{"time":"August 30, 1:54 pm","ts":1661847877,"status":200,"resp_time":0.215796}
{"time":"August 30, 2:17 pm","ts":1661849231,"status":200,"resp_time":0.376255}
{"time":"August 30, 2:28 pm","ts":1661849891,"status":200,"resp_time":0.052784}
{"time":"August 30, 2:54 pm","ts":1661851475,"status":200,"resp_time":0.023381}
{"time":"August 30, 3:11 pm","ts":1661852489,"status":200,"resp_time":0.121912}
{"time":"August 30, 3:25 pm","ts":1661853338,"status":200,"resp_time":0.174603}
{"time":"August 30, 3:50 pm","ts":1661854808,"status":200,"resp_time":0.043458}
{"time":"August 30, 4:09 pm","ts":1661855962,"status":200,"resp_time":0.050374}
{"time":"August 30, 4:21 pm","ts":1661856680,"status":200,"resp_time":0.046894}
{"time":"August 30, 4:45 pm","ts":1661858140,"status":200,"resp_time":0.020921}
{"time":"August 30, 5:02 pm","ts":1661859123,"status":200,"resp_time":0.168799}
{"time":"August 30, 5:15 pm","ts":1661859928,"status":200,"resp_time":0.124964}
{"time":"August 30, 5:26 pm","ts":1661860564,"status":200,"resp_time":0.190505}
{"time":"August 30, 6:12 pm","ts":1661863348,"status":200,"resp_time":0.467852}
{"time":"August 30, 7:00 pm","ts":1661866254,"status":200,"resp_time":0.211029}
{"time":"August 30, 7:30 pm","ts":1661868032,"status":200,"resp_time":0.045504}
{"time":"August 30, 7:58 pm","ts":1661869696,"status":200,"resp_time":0.027535}
{"time":"August 30, 8:13 pm","ts":1661870605,"status":200,"resp_time":0.21834}
{"time":"August 30, 8:25 pm","ts":1661871336,"status":200,"resp_time":0.173902}
{"time":"August 30, 8:49 pm","ts":1661872744,"status":200,"resp_time":0.027132}
{"time":"August 30, 9:11 pm","ts":1661874069,"status":200,"resp_time":0.025729}
{"time":"August 30, 9:26 pm","ts":1661874974,"status":200,"resp_time":0.172768}
{"time":"August 30, 10:00 pm","ts":1661877019,"status":200,"resp_time":0.064365}
{"time":"August 30, 10:34 pm","ts":1661879054,"status":200,"resp_time":0.443282}
{"time":"August 30, 11:03 pm","ts":1661880800,"status":200,"resp_time":0.379372}
{"time":"August 30, 11:18 pm","ts":1661881714,"status":200,"resp_time":0.045384}
{"time":"August 30, 11:29 pm","ts":1661882345,"status":200,"resp_time":0.042628}
{"time":"August 30, 11:59 pm","ts":1661884184,"status":200,"resp_time":0.381733}
{"time":"August 31, 12:19 am","ts":1661885378,"status":200,"resp_time":0.024046}
{"time":"August 31, 12:30 am","ts":1661886000,"status":200,"resp_time":0.033836}
{"time":"August 31, 12:50 am","ts":1661887254,"status":200,"resp_time":0.169168}
{"time":"August 31, 1:06 am","ts":1661888185,"status":200,"resp_time":0.159588}
{"time":"August 31, 1:16 am","ts":1661888815,"status":200,"resp_time":0.472027}
{"time":"August 31, 1:27 am","ts":1661889443,"status":200,"resp_time":0.463545}
{"time":"August 31, 1:54 am","ts":1661891052,"status":200,"resp_time":0.191407}
{"time":"August 31, 2:11 am","ts":1661892090,"status":200,"resp_time":0.039815}
{"time":"August 31, 2:25 am","ts":1661892928,"status":200,"resp_time":0.022245}
{"time":"August 31, 2:46 am","ts":1661894196,"status":200,"resp_time":0.184609}
{"time":"August 31, 3:02 am","ts":1661895164,"status":200,"resp_time":0.188426}
{"time":"August 31, 3:16 am","ts":1661896017,"status":200,"resp_time":0.390603}
{"time":"August 31, 3:27 am","ts":1661896629,"status":200,"resp_time":0.043792}
{"time":"August 31, 3:52 am","ts":1661898176,"status":200,"resp_time":0.258746}
{"time":"August 31, 4:10 am","ts":1661899232,"status":200,"resp_time":0.188035}
{"time":"August 31, 4:25 am","ts":1661900130,"status":200,"resp_time":0.042645}
