{"time":"July 22, 11:52 pm","ts":1658514155,"status":200,"resp_time":0.293472}
{"time":"July 23, 12:02 am","ts":1658514729,"status":200,"resp_time":0.397038}
{"time":"July 23, 12:18 am","ts":1658515697,"status":200,"resp_time":0.168805}
{"time":"July 23, 12:28 am","ts":1658516339,"status":200,"resp_time":0.035921}
{"time":"July 23, 12:50 am","ts":1658517610,"status":200,"resp_time":0.043122}
{"time":"July 23, 1:00 am","ts":1658518253,"status":200,"resp_time":0.192029}
{"time":"July 23, 1:15 am","ts":1658519128,"status":200,"resp_time":0.257537}
{"time":"July 23, 1:25 am","ts":1658519750,"status":200,"resp_time":0.02265}
{"time":"July 23, 1:50 am","ts":1658521225,"status":200,"resp_time":0.191686}
{"time":"July 23, 2:11 am","ts":1658522492,"status":200,"resp_time":0.278818}
{"time":"July 23, 2:25 am","ts":1658523347,"status":200,"resp_time":0.396851}
{"time":"July 23, 2:46 am","ts":1658524592,"status":200,"resp_time":0.169972}
{"time":"July 23, 3:02 am","ts":1658525579,"status":200,"resp_time":0.380882}
{"time":"July 23, 3:16 am","ts":1658526385,"status":200,"resp_time":0.189529}
{"time":"July 23, 3:26 am","ts":1658526999,"status":200,"resp_time":0.024459}
{"time":"July 23, 3:50 am","ts":1658528449,"status":200,"resp_time":0.170394}
{"time":"July 23, 4:10 am","ts":1658529652,"status":200,"resp_time":0.038274}
{"time":"July 23, 4:25 am","ts":1658530531,"status":200,"resp_time":0.379493}
{"time":"July 23, 4:47 am","ts":1658531858,"status":200,"resp_time":0.257718}
{"time":"July 23, 5:05 am","ts":1658532911,"status":200,"resp_time":0.175055}
{"time":"July 23, 5:17 am","ts":1658533642,"status":200,"resp_time":0.183435}
{"time":"July 23, 5:27 am","ts":1658534256,"status":200,"resp_time":0.258573}
{"time":"July 23, 7:49 am","ts":1658542789,"status":200,"resp_time":0.181652}
{"time":"July 23, 9:12 am","ts":1658547743,"status":200,"resp_time":0.050417}
{"time":"July 23, 9:47 am","ts":1658549827,"status":200,"resp_time":0.16976}
{"time":"July 23, 10:21 am","ts":1658551906,"status":200,"resp_time":0.181978}
{"time":"July 23, 10:48 am","ts":1658553491,"status":200,"resp_time":0.197838}
{"time":"July 23, 11:05 am","ts":1658554505,"status":200,"resp_time":0.400819}
{"time":"July 23, 11:15 am","ts":1658555152,"status":200,"resp_time":0.022887}
{"time":"July 23, 11:26 am","ts":1658555773,"status":200,"resp_time":0.041867}
{"time":"July 23, 11:54 am","ts":1658557444,"status":200,"resp_time":0.047052}
{"time":"July 23, 12:17 pm","ts":1658558821,"status":200,"resp_time":0.024286}
{"time":"July 23, 12:27 pm","ts":1658559454,"status":200,"resp_time":0.024157}
{"time":"July 23, 12:51 pm","ts":1658560867,"status":200,"resp_time":0.179788}
{"time":"July 23, 1:07 pm","ts":1658561877,"status":200,"resp_time":0.024245}
{"time":"July 23, 1:18 pm","ts":1658562507,"status":200,"resp_time":0.023117}
{"time":"July 23, 1:28 pm","ts":1658563122,"status":200,"resp_time":0.038022}
{"time":"July 23, 2:00 pm","ts":1658565038,"status":200,"resp_time":0.27786}
{"time":"July 23, 2:21 pm","ts":1658566295,"status":200,"resp_time":0.065911}
{"time":"July 23, 2:46 pm","ts":1658567781,"status":200,"resp_time":0.192893}
{"time":"July 23, 3:03 pm","ts":1658568837,"status":200,"resp_time":0.401083}
{"time":"July 23, 3:16 pm","ts":1658569616,"status":200,"resp_time":0.397899}
{"time":"July 23, 3:27 pm","ts":1658570239,"status":200,"resp_time":0.169723}
{"time":"July 23, 3:54 pm","ts":1658571841,"status":200,"resp_time":0.172203}
{"time":"July 23, 4:11 pm","ts":1658572903,"status":200,"resp_time":0.280486}
{"time":"July 23, 4:25 pm","ts":1658573737,"status":200,"resp_time":0.279346}
{"time":"July 23, 4:45 pm","ts":1658574928,"status":200,"resp_time":0.151928}
{"time":"July 23, 5:00 pm","ts":1658575808,"status":200,"resp_time":0.02927}
{"time":"July 23, 5:11 pm","ts":1658576462,"status":200,"resp_time":0.043228}
{"time":"July 23, 5:25 pm","ts":1658577332,"status":200,"resp_time":0.041795}
{"time":"July 23, 6:01 pm","ts":1658579491,"status":200,"resp_time":0.067268}
{"time":"July 23, 6:37 pm","ts":1658581643,"status":200,"resp_time":0.190914}
{"time":"July 23, 7:06 pm","ts":1658583387,"status":200,"resp_time":0.158418}
{"time":"July 23, 7:19 pm","ts":1658584167,"status":200,"resp_time":0.053128}
{"time":"July 23, 7:29 pm","ts":1658584786,"status":200,"resp_time":0.043286}
{"time":"July 23, 7:52 pm","ts":1658586134,"status":200,"resp_time":0.024766}
{"time":"July 23, 8:08 pm","ts":1658587109,"status":200,"resp_time":0.203914}
{"time":"July 23, 8:19 pm","ts":1658587743,"status":200,"resp_time":0.38138}
{"time":"July 23, 8:29 pm","ts":1658588357,"status":200,"resp_time":0.187329}
{"time":"July 23, 8:55 pm","ts":1658589939,"status":200,"resp_time":0.406894}
{"time":"July 23, 9:12 pm","ts":1658590956,"status":200,"resp_time":0.170705}
{"time":"July 23, 9:25 pm","ts":1658591739,"status":200,"resp_time":0.1549}
{"time":"July 23, 9:54 pm","ts":1658593484,"status":200,"resp_time":0.42115}
{"time":"July 23, 10:24 pm","ts":1658595279,"status":200,"resp_time":0.282747}
{"time":"July 23, 10:48 pm","ts":1658596701,"status":200,"resp_time":0.044891}
{"time":"July 23, 11:06 pm","ts":1658597773,"status":200,"resp_time":0.024464}
{"time":"July 23, 11:17 pm","ts":1658598423,"status":200,"resp_time":0.182316}
{"time":"July 23, 11:27 pm","ts":1658599046,"status":200,"resp_time":0.026457}
{"time":"July 23, 11:56 pm","ts":1658600802,"status":200,"resp_time":0.201298}
{"time":"July 24, 12:16 am","ts":1658602000,"status":200,"resp_time":0.442488}
{"time":"July 24, 12:26 am","ts":1658602614,"status":200,"resp_time":0.170438}
{"time":"July 24, 12:47 am","ts":1658603827,"status":200,"resp_time":0.039431}
{"time":"July 24, 12:58 am","ts":1658604521,"status":200,"resp_time":0.19126}
