{"time":"August 21, 2:10 am","ts":1661028039,"status":200,"resp_time":1.89941}
{"time":"August 21, 2:25 am","ts":1661028943,"status":200,"resp_time":0.303041}
{"time":"August 21, 2:46 am","ts":1661030201,"status":200,"resp_time":0.044979}
{"time":"August 21, 3:04 am","ts":1661031284,"status":200,"resp_time":0.025675}
{"time":"August 21, 3:20 am","ts":1661032231,"status":200,"resp_time":0.028131}
{"time":"August 21, 3:46 am","ts":1661033785,"status":200,"resp_time":0.307617}
{"time":"August 21, 4:04 am","ts":1661034860,"status":200,"resp_time":0.378828}
{"time":"August 21, 4:16 am","ts":1661035568,"status":200,"resp_time":0.043551}
{"time":"August 21, 4:26 am","ts":1661036190,"status":200,"resp_time":0.378588}
{"time":"August 21, 4:48 am","ts":1661037528,"status":200,"resp_time":0.051034}
{"time":"August 21, 5:03 am","ts":1661038431,"status":200,"resp_time":0.044515}
{"time":"August 21, 5:15 am","ts":1661039157,"status":200,"resp_time":0.040986}
{"time":"August 21, 5:26 am","ts":1661039775,"status":200,"resp_time":0.027708}
{"time":"August 21, 7:27 am","ts":1661047031,"status":200,"resp_time":0.060701}
{"time":"August 21, 9:13 am","ts":1661053429,"status":200,"resp_time":0.301184}
{"time":"August 21, 9:51 am","ts":1661055666,"status":200,"resp_time":0.188523}
{"time":"August 21, 10:23 am","ts":1661057625,"status":200,"resp_time":0.187845}
{"time":"August 21, 10:48 am","ts":1661059099,"status":200,"resp_time":0.202451}
{"time":"August 21, 11:05 am","ts":1661060102,"status":200,"resp_time":0.191816}
{"time":"August 21, 11:15 am","ts":1661060734,"status":200,"resp_time":0.171639}
{"time":"August 21, 11:25 am","ts":1661061358,"status":200,"resp_time":0.344223}
{"time":"August 21, 11:53 am","ts":1661062996,"status":200,"resp_time":0.179596}
{"time":"August 21, 12:16 pm","ts":1661064399,"status":200,"resp_time":0.041191}
{"time":"August 21, 12:27 pm","ts":1661065031,"status":200,"resp_time":0.02572}
{"time":"August 21, 12:49 pm","ts":1661066393,"status":200,"resp_time":0.022436}
{"time":"August 21, 1:02 pm","ts":1661067178,"status":200,"resp_time":0.046004}
{"time":"August 21, 1:15 pm","ts":1661067935,"status":200,"resp_time":0.410155}
{"time":"August 21, 1:26 pm","ts":1661068562,"status":200,"resp_time":0.025657}
{"time":"August 21, 1:53 pm","ts":1661070181,"status":200,"resp_time":0.027054}
{"time":"August 21, 2:14 pm","ts":1661071448,"status":200,"resp_time":0.235912}
{"time":"August 21, 2:25 pm","ts":1661072136,"status":200,"resp_time":0.373964}
{"time":"August 21, 2:46 pm","ts":1661073413,"status":200,"resp_time":0.042978}
{"time":"August 21, 3:03 pm","ts":1661074412,"status":200,"resp_time":0.297493}
{"time":"August 21, 3:16 pm","ts":1661075214,"status":200,"resp_time":0.399986}
{"time":"August 21, 3:27 pm","ts":1661075833,"status":200,"resp_time":0.037314}
{"time":"August 21, 3:53 pm","ts":1661077419,"status":200,"resp_time":0.302324}
{"time":"August 21, 4:11 pm","ts":1661078475,"status":200,"resp_time":0.191316}
{"time":"August 21, 4:25 pm","ts":1661079329,"status":200,"resp_time":0.027824}
{"time":"August 21, 4:44 pm","ts":1661080486,"status":200,"resp_time":0.02822}
{"time":"August 21, 4:59 pm","ts":1661081376,"status":200,"resp_time":0.381291}
{"time":"August 21, 5:10 pm","ts":1661082021,"status":200,"resp_time":0.041949}
{"time":"August 21, 5:25 pm","ts":1661082941,"status":200,"resp_time":0.197606}
{"time":"August 21, 6:01 pm","ts":1661085079,"status":200,"resp_time":0.054057}
{"time":"August 21, 6:36 pm","ts":1661087195,"status":200,"resp_time":0.156991}
{"time":"August 21, 7:06 pm","ts":1661088970,"status":200,"resp_time":0.191984}
{"time":"August 21, 7:19 pm","ts":1661089750,"status":200,"resp_time":0.397749}
{"time":"August 21, 7:29 pm","ts":1661090370,"status":200,"resp_time":0.190095}
{"time":"August 21, 7:51 pm","ts":1661091708,"status":200,"resp_time":0.042709}
{"time":"August 21, 8:08 pm","ts":1661092685,"status":200,"resp_time":0.175461}
{"time":"August 21, 8:18 pm","ts":1661093303,"status":200,"resp_time":0.024073}
{"time":"August 21, 8:28 pm","ts":1661093930,"status":200,"resp_time":0.397848}
{"time":"August 21, 8:54 pm","ts":1661095488,"status":200,"resp_time":0.302915}
{"time":"August 21, 9:11 pm","ts":1661096514,"status":200,"resp_time":0.390657}
{"time":"August 21, 9:25 pm","ts":1661097329,"status":200,"resp_time":0.042319}
{"time":"August 21, 9:54 pm","ts":1661099054,"status":200,"resp_time":0.381497}
{"time":"August 21, 10:23 pm","ts":1661100830,"status":200,"resp_time":0.382257}
{"time":"August 21, 10:47 pm","ts":1661102245,"status":200,"resp_time":0.300549}
{"time":"August 21, 11:04 pm","ts":1661103270,"status":200,"resp_time":0.186921}
{"time":"August 21, 11:15 pm","ts":1661103941,"status":200,"resp_time":0.023947}
{"time":"August 21, 11:26 pm","ts":1661104572,"status":200,"resp_time":0.043855}
{"time":"August 21, 11:53 pm","ts":1661106188,"status":200,"resp_time":0.043192}
{"time":"August 22, 12:14 am","ts":1661107496,"status":200,"resp_time":0.390235}
{"time":"August 22, 12:25 am","ts":1661108142,"status":200,"resp_time":0.193859}
{"time":"August 22, 12:44 am","ts":1661109279,"status":200,"resp_time":0.213558}
{"time":"August 22, 12:57 am","ts":1661110051,"status":200,"resp_time":0.197548}
{"time":"August 22, 1:08 am","ts":1661110728,"status":200,"resp_time":0.131332}
{"time":"August 22, 1:19 am","ts":1661111353,"status":200,"resp_time":0.318151}
{"time":"August 22, 1:29 am","ts":1661111969,"status":200,"resp_time":0.022822}
{"time":"August 22, 1:55 am","ts":1661113540,"status":200,"resp_time":0.194667}
{"time":"August 22, 2:10 am","ts":1661114458,"status":200,"resp_time":0.044508}
{"time":"August 22, 2:25 am","ts":1661115336,"status":200,"resp_time":0.027461}
{"time":"August 22, 2:45 am","ts":1661116530,"status":200,"resp_time":0.387913}
{"time":"August 22, 3:01 am","ts":1661117460,"status":200,"resp_time":0.299902}
{"time":"August 22, 3:15 am","ts":1661118335,"status":200,"resp_time":0.219231}
{"time":"August 22, 3:25 am","ts":1661118951,"status":200,"resp_time":0.299375}
{"time":"August 22, 3:48 am","ts":1661120282,"status":200,"resp_time":0.047529}
{"time":"August 22, 4:05 am","ts":1661121316,"status":200,"resp_time":0.043723}
{"time":"August 22, 4:16 am","ts":1661121980,"status":200,"resp_time":0.302235}
{"time":"August 22, 4:26 am","ts":1661122593,"status":200,"resp_time":0.043657}
{"time":"August 22, 4:49 am","ts":1661123985,"status":200,"resp_time":0.032445}
{"time":"August 22, 5:04 am","ts":1661124891,"status":200,"resp_time":0.158195}
{"time":"August 22, 5:16 am","ts":1661125575,"status":200,"resp_time":0.04402}
{"time":"August 22, 5:26 am","ts":1661126201,"status":200,"resp_time":0.38209}
{"time":"August 22, 7:36 am","ts":1661133966,"status":200,"resp_time":0.187565}
{"time":"August 22, 9:35 am","ts":1661141150,"status":200,"resp_time":0.031569}
{"time":"August 22, 10:48 am","ts":1661145500,"status":200,"resp_time":0.397263}
{"time":"August 22, 11:22 am","ts":1661147553,"status":200,"resp_time":0.021633}
{"time":"August 22, 11:56 am","ts":1661149568,"status":200,"resp_time":0.175642}
{"time":"August 22, 12:22 pm","ts":1661151127,"status":200,"resp_time":0.042406}
{"time":"August 22, 12:45 pm","ts":1661152531,"status":200,"resp_time":0.02503}
{"time":"August 22, 1:01 pm","ts":1661153499,"status":200,"resp_time":0.21862}
{"time":"August 22, 1:15 pm","ts":1661154339,"status":200,"resp_time":0.02913}
{"time":"August 22, 1:26 pm","ts":1661154962,"status":200,"resp_time":0.044478}
{"time":"August 22, 1:54 pm","ts":1661156695,"status":200,"resp_time":0.151001}
{"time":"August 22, 2:18 pm","ts":1661158113,"status":200,"resp_time":0.031759}
{"time":"August 22, 2:29 pm","ts":1661158788,"status":200,"resp_time":0.176284}
{"time":"August 22, 2:55 pm","ts":1661160313,"status":200,"resp_time":0.026388}
{"time":"August 22, 3:11 pm","ts":1661161272,"status":200,"resp_time":0.137334}
{"time":"August 22, 3:25 pm","ts":1661162130,"status":200,"resp_time":0.12749}
