{"time":"August 8, 4:12 pm","ts":1659955365,"status":200,"resp_time":0.047833}
{"time":"August 8, 4:25 pm","ts":1659956131,"status":200,"resp_time":0.39924}
{"time":"August 8, 4:44 pm","ts":1659957288,"status":200,"resp_time":0.398052}
{"time":"August 8, 4:59 pm","ts":1659958196,"status":200,"resp_time":0.379362}
{"time":"August 8, 5:10 pm","ts":1659958847,"status":200,"resp_time":0.173146}
{"time":"August 8, 5:25 pm","ts":1659959739,"status":200,"resp_time":0.032788}
{"time":"August 8, 6:06 pm","ts":1659962216,"status":200,"resp_time":0.256949}
{"time":"August 8, 6:56 pm","ts":1659965186,"status":200,"resp_time":0.399641}
{"time":"August 8, 7:28 pm","ts":1659967105,"status":200,"resp_time":0.399228}
{"time":"August 8, 7:54 pm","ts":1659968699,"status":200,"resp_time":0.39424}
{"time":"August 8, 8:09 pm","ts":1659969560,"status":200,"resp_time":0.30297}
{"time":"August 8, 8:19 pm","ts":1659970192,"status":200,"resp_time":0.20307}
{"time":"August 8, 8:30 pm","ts":1659970819,"status":200,"resp_time":0.208532}
{"time":"August 8, 9:03 pm","ts":1659972785,"status":200,"resp_time":0.179905}
{"time":"August 8, 9:21 pm","ts":1659973905,"status":200,"resp_time":0.026938}
{"time":"August 8, 9:55 pm","ts":1659975925,"status":200,"resp_time":0.177926}
{"time":"August 8, 10:27 pm","ts":1659977875,"status":200,"resp_time":0.026711}
{"time":"August 8, 10:57 pm","ts":1659979643,"status":200,"resp_time":0.046368}
{"time":"August 8, 11:14 pm","ts":1659980690,"status":200,"resp_time":0.17933}
{"time":"August 8, 11:25 pm","ts":1659981336,"status":200,"resp_time":0.197265}
{"time":"August 8, 11:52 pm","ts":1659982977,"status":200,"resp_time":0.204882}
{"time":"August 9, 12:16 am","ts":1659984413,"status":200,"resp_time":0.045614}
{"time":"August 9, 12:27 am","ts":1659985042,"status":200,"resp_time":0.022643}
{"time":"August 9, 12:48 am","ts":1659986305,"status":200,"resp_time":0.166765}
{"time":"August 9, 12:59 am","ts":1659986984,"status":200,"resp_time":0.197184}
{"time":"August 9, 1:11 am","ts":1659987715,"status":200,"resp_time":0.043629}
{"time":"August 9, 1:25 am","ts":1659988548,"status":200,"resp_time":0.027168}
{"time":"August 9, 1:50 am","ts":1659990014,"status":200,"resp_time":0.043737}
{"time":"August 9, 2:11 am","ts":1659991269,"status":200,"resp_time":0.210452}
{"time":"August 9, 2:26 am","ts":1659992160,"status":200,"resp_time":0.277467}
{"time":"August 9, 2:46 am","ts":1659993411,"status":200,"resp_time":0.027744}
{"time":"August 9, 3:01 am","ts":1659994296,"status":200,"resp_time":0.029032}
{"time":"August 9, 3:15 am","ts":1659995132,"status":200,"resp_time":0.394097}
{"time":"August 9, 3:25 am","ts":1659995750,"status":200,"resp_time":0.045582}
{"time":"August 9, 3:50 am","ts":1659997249,"status":0,"resp_time":7.001412}
{"time":"August 9, 4:11 am","ts":1659998488,"status":200,"resp_time":0.181224}
{"time":"August 9, 4:25 am","ts":1659999341,"status":200,"resp_time":0.398377}
{"time":"August 9, 4:49 am","ts":1660000777,"status":200,"resp_time":0.18144}
{"time":"August 9, 5:06 am","ts":1660001807,"status":200,"resp_time":0.171294}
{"time":"August 9, 5:18 am","ts":1660002518,"status":200,"resp_time":0.021083}
{"time":"August 9, 5:29 am","ts":1660003144,"status":200,"resp_time":0.158619}
{"time":"August 9, 7:58 am","ts":1660012084,"status":200,"resp_time":0.163222}
{"time":"August 9, 9:22 am","ts":1660017124,"status":200,"resp_time":0.379592}
{"time":"August 9, 10:10 am","ts":1660020034,"status":200,"resp_time":0.041723}
{"time":"August 9, 10:44 am","ts":1660022046,"status":200,"resp_time":0.038028}
{"time":"August 9, 11:08 am","ts":1660023500,"status":200,"resp_time":0.216322}
{"time":"August 9, 11:19 am","ts":1660024162,"status":200,"resp_time":0.400674}
{"time":"August 9, 11:29 am","ts":1660024781,"status":200,"resp_time":0.156305}
{"time":"August 9, 12:02 pm","ts":1660026751,"status":200,"resp_time":0.050598}
{"time":"August 9, 12:24 pm","ts":1660028052,"status":200,"resp_time":0.028314}
{"time":"August 9, 12:45 pm","ts":1660029349,"status":200,"resp_time":0.150388}
{"time":"August 9, 1:01 pm","ts":1660030292,"status":200,"resp_time":0.15513}
{"time":"August 9, 1:15 pm","ts":1660031133,"status":200,"resp_time":0.375626}
{"time":"August 9, 1:25 pm","ts":1660031759,"status":200,"resp_time":0.025591}
{"time":"August 9, 1:53 pm","ts":1660033430,"status":200,"resp_time":0.266859}
{"time":"August 9, 2:14 pm","ts":1660034666,"status":200,"resp_time":0.047951}
{"time":"August 9, 2:25 pm","ts":1660035354,"status":200,"resp_time":0.020207}
{"time":"August 9, 2:48 pm","ts":1660036739,"status":200,"resp_time":0.39112}
{"time":"August 9, 3:07 pm","ts":1660037820,"status":200,"resp_time":0.146403}
{"time":"August 9, 3:18 pm","ts":1660038538,"status":200,"resp_time":0.399486}
{"time":"August 9, 3:29 pm","ts":1660039145,"status":200,"resp_time":0.020002}
{"time":"August 9, 3:58 pm","ts":1660040938,"status":200,"resp_time":0.035663}
{"time":"August 9, 4:15 pm","ts":1660041944,"status":200,"resp_time":0.026606}
{"time":"August 9, 4:26 pm","ts":1660042561,"status":200,"resp_time":0.043713}
{"time":"August 9, 4:45 pm","ts":1660043759,"status":200,"resp_time":0.373539}
{"time":"August 9, 5:00 pm","ts":1660044611,"status":200,"resp_time":0.026248}
{"time":"August 9, 5:10 pm","ts":1660045255,"status":200,"resp_time":0.377525}
{"time":"August 9, 5:25 pm","ts":1660046129,"status":200,"resp_time":0.375636}
{"time":"August 9, 6:10 pm","ts":1660048813,"status":200,"resp_time":0.043301}
{"time":"August 9, 7:01 pm","ts":1660051913,"status":200,"resp_time":0.17914}
{"time":"August 9, 7:34 pm","ts":1660053872,"status":200,"resp_time":0.175678}
{"time":"August 9, 7:59 pm","ts":1660055358,"status":200,"resp_time":0.200905}
{"time":"August 9, 8:12 pm","ts":1660056168,"status":200,"resp_time":0.395066}
{"time":"August 9, 8:25 pm","ts":1660056930,"status":200,"resp_time":0.029514}
{"time":"August 9, 8:50 pm","ts":1660058426,"status":200,"resp_time":0.262065}
{"time":"August 9, 9:15 pm","ts":1660059907,"status":200,"resp_time":0.024516}
{"time":"August 9, 9:26 pm","ts":1660060569,"status":200,"resp_time":0.198853}
{"time":"August 9, 9:57 pm","ts":1660062456,"status":200,"resp_time":0.275294}
{"time":"August 9, 10:28 pm","ts":1660064290,"status":200,"resp_time":0.280091}
{"time":"August 9, 10:55 pm","ts":1660065931,"status":200,"resp_time":0.045591}
{"time":"August 9, 11:11 pm","ts":1660066895,"status":200,"resp_time":0.159779}
{"time":"August 9, 11:25 pm","ts":1660067739,"status":200,"resp_time":0.045477}
{"time":"August 9, 11:51 pm","ts":1660069315,"status":200,"resp_time":0.292259}
{"time":"August 10, 12:16 am","ts":1660070779,"status":200,"resp_time":0.184939}
{"time":"August 10, 12:26 am","ts":1660071406,"status":200,"resp_time":0.043063}
{"time":"August 10, 12:51 am","ts":1660072894,"status":200,"resp_time":0.043997}
{"time":"August 10, 1:09 am","ts":1660073940,"status":200,"resp_time":0.045044}
{"time":"August 10, 1:19 am","ts":1660074576,"status":200,"resp_time":0.026108}
{"time":"August 10, 1:30 am","ts":1660075211,"status":200,"resp_time":0.022899}
{"time":"August 10, 1:57 am","ts":1660076826,"status":200,"resp_time":0.27748}
{"time":"August 10, 2:12 am","ts":1660077765,"status":200,"resp_time":0.024376}
{"time":"August 10, 2:25 am","ts":1660078549,"status":200,"resp_time":0.261525}
{"time":"August 10, 2:46 am","ts":1660079784,"status":200,"resp_time":0.216618}
