{"time":"August 17, 5:27 am","ts":1660694250,"status":200,"resp_time":0.171635}
{"time":"August 17, 7:58 am","ts":1660703333,"status":200,"resp_time":0.206054}
{"time":"August 17, 9:38 am","ts":1660709293,"status":200,"resp_time":0.176919}
{"time":"August 17, 10:48 am","ts":1660713530,"status":200,"resp_time":0.169848}
{"time":"August 17, 11:20 am","ts":1660715444,"status":200,"resp_time":0.386971}
{"time":"August 17, 11:54 am","ts":1660717443,"status":200,"resp_time":0.236019}
{"time":"August 17, 12:20 pm","ts":1660719034,"status":200,"resp_time":0.278841}
{"time":"August 17, 12:45 pm","ts":1660720525,"status":200,"resp_time":0.156902}
{"time":"August 17, 1:01 pm","ts":1660721485,"status":200,"resp_time":0.25869}
{"time":"August 17, 1:15 pm","ts":1660722332,"status":200,"resp_time":0.184368}
{"time":"August 17, 1:25 pm","ts":1660722948,"status":200,"resp_time":0.025482}
{"time":"August 17, 1:54 pm","ts":1660724682,"status":200,"resp_time":0.043976}
{"time":"August 17, 2:15 pm","ts":1660725946,"status":200,"resp_time":0.026948}
{"time":"August 17, 2:26 pm","ts":1660726600,"status":200,"resp_time":0.175797}
{"time":"August 17, 2:52 pm","ts":1660728121,"status":200,"resp_time":0.383384}
{"time":"August 17, 3:11 pm","ts":1660729308,"status":200,"resp_time":0.045964}
{"time":"August 17, 3:25 pm","ts":1660730135,"status":200,"resp_time":0.026393}
{"time":"August 17, 3:50 pm","ts":1660731632,"status":200,"resp_time":0.176452}
{"time":"August 17, 4:12 pm","ts":1660732954,"status":200,"resp_time":0.257359}
{"time":"August 17, 4:25 pm","ts":1660733735,"status":200,"resp_time":0.380248}
{"time":"August 17, 4:45 pm","ts":1660734913,"status":200,"resp_time":0.18471}
{"time":"August 17, 5:01 pm","ts":1660735875,"status":200,"resp_time":0.034769}
{"time":"August 17, 5:15 pm","ts":1660736750,"status":200,"resp_time":0.058282}
{"time":"August 17, 5:26 pm","ts":1660737384,"status":200,"resp_time":0.024896}
{"time":"August 17, 6:14 pm","ts":1660740287,"status":200,"resp_time":0.386847}
{"time":"August 17, 7:05 pm","ts":1660743315,"status":200,"resp_time":0.286226}
{"time":"August 17, 7:35 pm","ts":1660745143,"status":200,"resp_time":0.050045}
{"time":"August 17, 8:01 pm","ts":1660746689,"status":200,"resp_time":0.044557}
{"time":"August 17, 8:18 pm","ts":1660747690,"status":200,"resp_time":0.179358}
{"time":"August 17, 8:28 pm","ts":1660748317,"status":200,"resp_time":0.177488}
{"time":"August 17, 8:58 pm","ts":1660750100,"status":200,"resp_time":0.196964}
{"time":"August 17, 9:17 pm","ts":1660751252,"status":200,"resp_time":0.178381}
{"time":"August 17, 9:27 pm","ts":1660751875,"status":200,"resp_time":0.35841}
{"time":"August 17, 10:07 pm","ts":1660754255,"status":200,"resp_time":0.025127}
{"time":"August 17, 10:36 pm","ts":1660755962,"status":200,"resp_time":0.176495}
{"time":"August 17, 11:04 pm","ts":1660757685,"status":200,"resp_time":0.049578}
{"time":"August 17, 11:20 pm","ts":1660758608,"status":200,"resp_time":0.223917}
{"time":"August 17, 11:30 pm","ts":1660759237,"status":200,"resp_time":0.026218}
{"time":"August 18, 12:04 am","ts":1660761292,"status":200,"resp_time":0.138696}
{"time":"August 18, 12:24 am","ts":1660762484,"status":200,"resp_time":0.330473}
{"time":"August 18, 12:43 am","ts":1660763617,"status":200,"resp_time":0.146429}
{"time":"August 18, 12:56 am","ts":1660764412,"status":200,"resp_time":0.177241}
{"time":"August 18, 1:09 am","ts":1660765142,"status":200,"resp_time":0.024764}
{"time":"August 18, 1:19 am","ts":1660765784,"status":200,"resp_time":0.045402}
{"time":"August 18, 1:30 am","ts":1660766412,"status":200,"resp_time":0.041235}
{"time":"August 18, 1:56 am","ts":1660767988,"status":200,"resp_time":0.026309}
{"time":"August 18, 2:12 am","ts":1660768920,"status":200,"resp_time":0.022186}
{"time":"August 18, 2:25 am","ts":1660769741,"status":200,"resp_time":0.045513}
{"time":"August 18, 2:46 am","ts":1660771005,"status":200,"resp_time":0.146894}
{"time":"August 18, 3:04 am","ts":1660772065,"status":200,"resp_time":0.398309}
{"time":"August 18, 3:17 am","ts":1660772844,"status":200,"resp_time":0.405109}
{"time":"August 18, 3:27 am","ts":1660773463,"status":200,"resp_time":0.144714}
{"time":"August 18, 3:53 am","ts":1660774981,"status":200,"resp_time":0.04232}
{"time":"August 18, 4:10 am","ts":1660776019,"status":200,"resp_time":0.028912}
{"time":"August 18, 4:25 am","ts":1660776940,"status":200,"resp_time":0.025594}
{"time":"August 18, 4:48 am","ts":1660778338,"status":200,"resp_time":0.04413}
{"time":"August 18, 5:04 am","ts":1660779265,"status":200,"resp_time":0.041936}
{"time":"August 18, 5:17 am","ts":1660780031,"status":200,"resp_time":0.304273}
{"time":"August 18, 5:27 am","ts":1660780657,"status":200,"resp_time":0.201807}
{"time":"August 18, 8:03 am","ts":1660790020,"status":200,"resp_time":0.40344}
{"time":"August 18, 9:41 am","ts":1660795895,"status":200,"resp_time":0.301303}
{"time":"August 18, 10:42 am","ts":1660799577,"status":200,"resp_time":0.128988}
{"time":"August 18, 11:15 am","ts":1660801558,"status":200,"resp_time":0.029516}
{"time":"August 18, 11:27 am","ts":1660802241,"status":200,"resp_time":0.304535}
{"time":"August 18, 11:58 am","ts":1660804132,"status":200,"resp_time":0.044109}
{"time":"August 18, 12:23 pm","ts":1660805586,"status":200,"resp_time":0.196364}
{"time":"August 18, 12:45 pm","ts":1660806953,"status":200,"resp_time":0.298803}
{"time":"August 18, 1:01 pm","ts":1660807914,"status":200,"resp_time":0.041791}
{"time":"August 18, 1:15 pm","ts":1660808738,"status":200,"resp_time":0.023107}
{"time":"August 18, 1:26 pm","ts":1660809366,"status":200,"resp_time":0.144194}
{"time":"August 18, 1:53 pm","ts":1660811032,"status":200,"resp_time":0.297763}
{"time":"August 18, 2:16 pm","ts":1660812381,"status":200,"resp_time":0.048352}
{"time":"August 18, 2:27 pm","ts":1660813046,"status":200,"resp_time":0.328602}
{"time":"August 18, 2:53 pm","ts":1660814636,"status":200,"resp_time":0.169735}
{"time":"August 18, 3:11 pm","ts":1660815664,"status":200,"resp_time":0.044953}
{"time":"August 18, 3:25 pm","ts":1660816538,"status":200,"resp_time":0.048797}
{"time":"August 18, 3:51 pm","ts":1660818083,"status":200,"resp_time":0.176966}
{"time":"August 18, 4:14 pm","ts":1660819448,"status":200,"resp_time":0.027604}
{"time":"August 18, 4:25 pm","ts":1660820137,"status":200,"resp_time":0.044786}
{"time":"August 18, 4:46 pm","ts":1660821360,"status":200,"resp_time":0.14405}
{"time":"August 18, 5:00 pm","ts":1660822257,"status":200,"resp_time":0.262916}
{"time":"August 18, 5:15 pm","ts":1660823129,"status":200,"resp_time":0.03824}
{"time":"August 18, 5:26 pm","ts":1660823762,"status":200,"resp_time":0.200366}
{"time":"August 18, 6:10 pm","ts":1660826457,"status":200,"resp_time":0.205565}
{"time":"August 18, 7:00 pm","ts":1660829451,"status":200,"resp_time":0.026857}
{"time":"August 18, 7:30 pm","ts":1660831234,"status":200,"resp_time":0.02457}
{"time":"August 18, 8:00 pm","ts":1660833050,"status":200,"resp_time":0.025715}
{"time":"August 18, 8:24 pm","ts":1660834454,"status":200,"resp_time":0.384828}
{"time":"August 18, 8:59 pm","ts":1660836586,"status":200,"resp_time":0.047214}
{"time":"August 18, 9:27 pm","ts":1660838245,"status":200,"resp_time":0.376695}
{"time":"August 18, 10:08 pm","ts":1660840689,"status":200,"resp_time":0.021445}
{"time":"August 18, 10:51 pm","ts":1660843285,"status":200,"resp_time":0.043948}
{"time":"August 18, 11:23 pm","ts":1660845204,"status":200,"resp_time":0.398768}
{"time":"August 18, 11:49 pm","ts":1660846797,"status":200,"resp_time":0.02957}
{"time":"August 19, 12:12 am","ts":1660848123,"status":200,"resp_time":0.192812}
{"time":"August 19, 12:25 am","ts":1660848944,"status":200,"resp_time":0.042518}
{"time":"August 19, 12:45 am","ts":1660850123,"status":200,"resp_time":0.397565}
{"time":"August 19, 12:58 am","ts":1660850916,"status":200,"resp_time":0.176534}
