{"time":"October 21, 1:18 am","ts":1666295310,"status":200,"resp_time":0.044615}
{"time":"October 21, 1:28 am","ts":1666295934,"status":200,"resp_time":0.174991}
{"time":"October 21, 2:02 am","ts":1666297959,"status":200,"resp_time":0.043764}
{"time":"October 21, 2:23 am","ts":1666299223,"status":200,"resp_time":0.175205}
{"time":"October 21, 2:49 am","ts":1666300784,"status":200,"resp_time":0.020033}
{"time":"October 21, 3:11 am","ts":1666302082,"status":200,"resp_time":0.21645}
{"time":"October 21, 3:27 am","ts":1666303042,"status":200,"resp_time":0.027814}
{"time":"October 21, 3:58 am","ts":1666304902,"status":200,"resp_time":0.173977}
{"time":"October 21, 4:21 am","ts":1666306304,"status":200,"resp_time":0.044422}
{"time":"October 21, 4:56 am","ts":1666308385,"status":200,"resp_time":0.026529}
{"time":"October 21, 5:23 am","ts":1666310037,"status":200,"resp_time":0.44369}
{"time":"October 21, 7:14 am","ts":1666316672,"status":200,"resp_time":0.195118}
{"time":"October 21, 8:58 am","ts":1666322932,"status":200,"resp_time":0.368722}
{"time":"October 21, 10:19 am","ts":1666327767,"status":200,"resp_time":0.201117}
{"time":"October 21, 11:11 am","ts":1666330890,"status":200,"resp_time":0.046328}
{"time":"October 21, 11:49 am","ts":1666333187,"status":200,"resp_time":0.390784}
{"time":"October 21, 12:31 pm","ts":1666335682,"status":200,"resp_time":0.380292}
{"time":"October 21, 1:11 pm","ts":1666338066,"status":200,"resp_time":0.445095}
{"time":"October 21, 1:27 pm","ts":1666339022,"status":200,"resp_time":0.130703}
{"time":"October 21, 2:06 pm","ts":1666341376,"status":200,"resp_time":0.10543}
{"time":"October 21, 2:32 pm","ts":1666342926,"status":200,"resp_time":0.046593}
{"time":"October 21, 3:08 pm","ts":1666345133,"status":200,"resp_time":0.113476}
{"time":"October 21, 3:28 pm","ts":1666346337,"status":200,"resp_time":0.131056}
{"time":"October 21, 4:03 pm","ts":1666348429,"status":200,"resp_time":0.130241}
{"time":"October 21, 4:26 pm","ts":1666349787,"status":200,"resp_time":0.183696}
{"time":"October 21, 4:51 pm","ts":1666351310,"status":200,"resp_time":0.20169}
{"time":"October 21, 5:13 pm","ts":1666352634,"status":200,"resp_time":0.1169}
{"time":"October 21, 5:26 pm","ts":1666353389,"status":200,"resp_time":0.194245}
{"time":"October 21, 6:21 pm","ts":1666356701,"status":200,"resp_time":0.044235}
{"time":"October 21, 7:27 pm","ts":1666360626,"status":200,"resp_time":0.115337}
{"time":"October 21, 8:09 pm","ts":1666363160,"status":200,"resp_time":0.040967}
{"time":"October 21, 8:33 pm","ts":1666364618,"status":200,"resp_time":0.224621}
{"time":"October 21, 9:13 pm","ts":1666367018,"status":200,"resp_time":0.047488}
{"time":"October 21, 9:41 pm","ts":1666368684,"status":200,"resp_time":0.095716}
{"time":"October 21, 10:32 pm","ts":1666371743,"status":200,"resp_time":0.208858}
{"time":"October 21, 11:15 pm","ts":1666374301,"status":200,"resp_time":0.125197}
{"time":"October 21, 11:31 pm","ts":1666375313,"status":200,"resp_time":0.047817}
{"time":"October 22, 12:16 am","ts":1666377975,"status":200,"resp_time":0.035371}
{"time":"October 22, 12:41 am","ts":1666379484,"status":200,"resp_time":0.111989}
{"time":"October 22, 1:07 am","ts":1666381072,"status":200,"resp_time":0.201487}
{"time":"October 22, 1:21 am","ts":1666381898,"status":200,"resp_time":0.045747}
{"time":"October 22, 1:53 am","ts":1666383789,"status":200,"resp_time":0.130065}
{"time":"October 22, 2:17 am","ts":1666385260,"status":200,"resp_time":0.030689}
{"time":"October 22, 2:29 am","ts":1666385979,"status":200,"resp_time":0.024687}
{"time":"October 22, 2:57 am","ts":1666387658,"status":200,"resp_time":0.206407}
{"time":"October 22, 3:17 am","ts":1666388879,"status":200,"resp_time":0.041569}
{"time":"October 22, 3:28 am","ts":1666389494,"status":200,"resp_time":0.025262}
{"time":"October 22, 4:00 am","ts":1666391401,"status":200,"resp_time":0.045467}
{"time":"October 22, 4:21 am","ts":1666392718,"status":200,"resp_time":0.178183}
{"time":"October 22, 4:53 am","ts":1666394636,"status":200,"resp_time":0.031827}
{"time":"October 22, 5:21 am","ts":1666396269,"status":200,"resp_time":0.126529}
{"time":"October 22, 7:23 am","ts":1666403614,"status":200,"resp_time":0.045713}
{"time":"October 22, 9:28 am","ts":1666411117,"status":200,"resp_time":0.196802}
{"time":"October 22, 10:40 am","ts":1666415447,"status":200,"resp_time":0.128511}
{"time":"October 22, 11:24 am","ts":1666418078,"status":200,"resp_time":0.04402}
{"time":"October 22, 11:59 am","ts":1666420183,"status":200,"resp_time":0.291385}
{"time":"October 22, 12:30 pm","ts":1666422056,"status":200,"resp_time":0.110263}
{"time":"October 22, 1:03 pm","ts":1666424029,"status":200,"resp_time":0.048453}
{"time":"October 22, 1:21 pm","ts":1666425065,"status":200,"resp_time":0.219307}
{"time":"October 22, 1:57 pm","ts":1666427239,"status":200,"resp_time":0.224074}
{"time":"October 22, 2:26 pm","ts":1666428960,"status":200,"resp_time":0.026302}
{"time":"October 22, 2:54 pm","ts":1666430679,"status":200,"resp_time":0.127062}
{"time":"October 22, 3:18 pm","ts":1666432083,"status":200,"resp_time":0.110195}
{"time":"October 22, 3:29 pm","ts":1666432755,"status":200,"resp_time":0.025717}
{"time":"October 22, 4:01 pm","ts":1666434709,"status":200,"resp_time":0.028536}
{"time":"October 22, 4:24 pm","ts":1666436095,"status":200,"resp_time":0.234801}
{"time":"October 22, 4:46 pm","ts":1666437412,"status":200,"resp_time":0.109334}
{"time":"October 22, 5:05 pm","ts":1666438550,"status":200,"resp_time":0.273126}
{"time":"October 22, 5:18 pm","ts":1666439315,"status":200,"resp_time":0.043377}
{"time":"October 22, 5:28 pm","ts":1666439931,"status":200,"resp_time":0.218507}
{"time":"October 22, 6:24 pm","ts":1666443257,"status":200,"resp_time":0.1962}
{"time":"October 22, 7:10 pm","ts":1666446032,"status":200,"resp_time":0.13133}
{"time":"October 22, 7:35 pm","ts":1666447524,"status":200,"resp_time":0.206233}
{"time":"October 22, 8:03 pm","ts":1666449184,"status":200,"resp_time":0.108121}
{"time":"October 22, 8:22 pm","ts":1666450337,"status":200,"resp_time":0.029698}
{"time":"October 22, 8:51 pm","ts":1666452060,"status":200,"resp_time":0.13145}
{"time":"October 22, 9:18 pm","ts":1666453708,"status":200,"resp_time":0.026482}
{"time":"October 22, 9:30 pm","ts":1666454458,"status":200,"resp_time":0.043963}
{"time":"October 22, 10:19 pm","ts":1666457348,"status":200,"resp_time":0.126638}
{"time":"October 22, 10:47 pm","ts":1666459066,"status":200,"resp_time":0.193833}
{"time":"October 22, 11:17 pm","ts":1666460835,"status":200,"resp_time":0.190434}
{"time":"October 22, 11:29 pm","ts":1666461592,"status":200,"resp_time":0.026847}
{"time":"October 23, 12:06 am","ts":1666463765,"status":200,"resp_time":0.108379}
{"time":"October 23, 12:29 am","ts":1666465141,"status":200,"resp_time":0.027293}
{"time":"October 23, 12:55 am","ts":1666466707,"status":200,"resp_time":0.111538}
{"time":"October 23, 1:10 am","ts":1666467635,"status":200,"resp_time":0.117559}
{"time":"October 23, 1:25 am","ts":1666468530,"status":200,"resp_time":0.046025}
{"time":"October 23, 1:52 am","ts":1666470176,"status":200,"resp_time":0.202093}
{"time":"October 23, 2:17 am","ts":1666471631,"status":200,"resp_time":0.025554}
{"time":"October 23, 2:29 am","ts":1666472358,"status":200,"resp_time":0.190954}
{"time":"October 23, 2:57 am","ts":1666474025,"status":200,"resp_time":0.14266}
{"time":"October 23, 3:16 am","ts":1666475195,"status":200,"resp_time":0.046223}
{"time":"October 23, 3:27 am","ts":1666475823,"status":200,"resp_time":0.03731}
{"time":"October 23, 3:55 am","ts":1666477537,"status":200,"resp_time":0.203086}
{"time":"October 23, 4:17 am","ts":1666478840,"status":200,"resp_time":0.024594}
{"time":"October 23, 4:28 am","ts":1666479509,"status":200,"resp_time":0.215912}
{"time":"October 23, 5:03 am","ts":1666481635,"status":200,"resp_time":0.196516}
