{"time":"August 11, 12:19 am","ts":1660157389,"status":200,"resp_time":0.395756}
{"time":"August 11, 12:30 am","ts":1660158004,"status":200,"resp_time":0.259107}
{"time":"August 11, 12:50 am","ts":1660159215,"status":200,"resp_time":0.025662}
{"time":"August 11, 1:06 am","ts":1660160191,"status":200,"resp_time":0.043466}
{"time":"August 11, 1:16 am","ts":1660160815,"status":200,"resp_time":0.233427}
{"time":"August 11, 1:27 am","ts":1660161443,"status":200,"resp_time":0.043596}
{"time":"August 11, 1:53 am","ts":1660163004,"status":200,"resp_time":0.254918}
{"time":"August 11, 2:10 am","ts":1660164048,"status":200,"resp_time":0.384176}
{"time":"August 11, 2:25 am","ts":1660164930,"status":200,"resp_time":0.264227}
{"time":"August 11, 2:45 am","ts":1660166140,"status":200,"resp_time":0.039835}
{"time":"August 11, 3:01 am","ts":1660167099,"status":200,"resp_time":0.046216}
{"time":"August 11, 3:15 am","ts":1660167933,"status":200,"resp_time":0.193399}
{"time":"August 11, 3:25 am","ts":1660168550,"status":200,"resp_time":0.200486}
{"time":"August 11, 3:48 am","ts":1660169892,"status":200,"resp_time":0.188881}
{"time":"August 11, 4:05 am","ts":1660170932,"status":200,"resp_time":0.042498}
{"time":"August 11, 4:16 am","ts":1660171593,"status":200,"resp_time":0.021617}
{"time":"August 11, 4:26 am","ts":1660172216,"status":200,"resp_time":0.160567}
{"time":"August 11, 4:50 am","ts":1660173625,"status":200,"resp_time":0.28631}
{"time":"August 11, 5:09 am","ts":1660174768,"status":200,"resp_time":0.224021}
{"time":"August 11, 5:19 am","ts":1660175382,"status":200,"resp_time":0.258031}
{"time":"August 11, 5:30 am","ts":1660176017,"status":200,"resp_time":0.040451}
{"time":"August 11, 7:49 am","ts":1660184376,"status":200,"resp_time":0.172681}
{"time":"August 11, 9:03 am","ts":1660188787,"status":200,"resp_time":0.175383}
{"time":"August 11, 9:33 am","ts":1660190627,"status":200,"resp_time":0.190557}
{"time":"August 11, 10:08 am","ts":1660192735,"status":200,"resp_time":0.042337}
{"time":"August 11, 10:27 am","ts":1660193868,"status":200,"resp_time":0.375777}
{"time":"August 11, 10:52 am","ts":1660195322,"status":200,"resp_time":0.041132}
{"time":"August 11, 11:08 am","ts":1660196309,"status":200,"resp_time":0.177042}
{"time":"August 11, 11:18 am","ts":1660196927,"status":200,"resp_time":0.176077}
{"time":"August 11, 11:29 am","ts":1660197558,"status":200,"resp_time":0.179192}
{"time":"August 11, 12:00 pm","ts":1660199445,"status":200,"resp_time":0.183122}
{"time":"August 11, 12:23 pm","ts":1660200789,"status":200,"resp_time":0.174163}
{"time":"August 11, 12:46 pm","ts":1660202200,"status":200,"resp_time":0.174314}
{"time":"August 11, 1:03 pm","ts":1660203206,"status":200,"resp_time":0.40538}
{"time":"August 11, 1:15 pm","ts":1660203940,"status":200,"resp_time":0.157371}
{"time":"August 11, 1:26 pm","ts":1660204571,"status":200,"resp_time":0.043095}
{"time":"August 11, 1:53 pm","ts":1660206230,"status":200,"resp_time":0.127102}
{"time":"August 11, 2:14 pm","ts":1660207456,"status":200,"resp_time":0.177818}
{"time":"August 11, 2:25 pm","ts":1660208140,"status":200,"resp_time":0.043639}
{"time":"August 11, 2:48 pm","ts":1660209507,"status":200,"resp_time":0.172086}
{"time":"August 11, 3:07 pm","ts":1660210626,"status":200,"resp_time":0.043154}
{"time":"August 11, 3:19 pm","ts":1660211340,"status":200,"resp_time":0.259219}
{"time":"August 11, 3:29 pm","ts":1660211969,"status":200,"resp_time":0.026859}
{"time":"August 11, 3:58 pm","ts":1660213702,"status":200,"resp_time":0.175218}
{"time":"August 11, 4:15 pm","ts":1660214716,"status":200,"resp_time":0.258564}
{"time":"August 11, 4:25 pm","ts":1660215335,"status":200,"resp_time":0.031929}
{"time":"August 11, 4:45 pm","ts":1660216548,"status":200,"resp_time":0.379586}
{"time":"August 11, 5:00 pm","ts":1660217453,"status":200,"resp_time":0.179404}
{"time":"August 11, 5:15 pm","ts":1660218330,"status":200,"resp_time":0.023891}
{"time":"August 11, 5:25 pm","ts":1660218959,"status":200,"resp_time":0.029837}
{"time":"August 11, 6:10 pm","ts":1660221651,"status":200,"resp_time":0.389572}
{"time":"August 11, 6:58 pm","ts":1660224538,"status":200,"resp_time":0.04351}
{"time":"August 11, 7:25 pm","ts":1660226151,"status":200,"resp_time":0.026512}
{"time":"August 11, 7:46 pm","ts":1660227405,"status":200,"resp_time":0.282897}
{"time":"August 11, 8:01 pm","ts":1660228311,"status":200,"resp_time":0.145786}
{"time":"August 11, 8:15 pm","ts":1660229132,"status":200,"resp_time":0.032433}
{"time":"August 11, 8:25 pm","ts":1660229745,"status":200,"resp_time":0.045725}
{"time":"August 11, 8:49 pm","ts":1660231176,"status":200,"resp_time":0.033443}
{"time":"August 11, 9:09 pm","ts":1660232342,"status":200,"resp_time":0.040244}
{"time":"August 11, 9:22 pm","ts":1660233123,"status":200,"resp_time":0.1402}
{"time":"August 11, 9:53 pm","ts":1660235007,"status":200,"resp_time":0.029942}
{"time":"August 11, 10:25 pm","ts":1660236944,"status":200,"resp_time":0.027418}
{"time":"August 11, 10:50 pm","ts":1660238400,"status":200,"resp_time":0.04151}
{"time":"August 11, 11:06 pm","ts":1660239385,"status":200,"resp_time":0.191207}
{"time":"August 11, 11:17 pm","ts":1660240063,"status":200,"resp_time":0.157716}
{"time":"August 11, 11:27 pm","ts":1660240670,"status":200,"resp_time":0.199367}
{"time":"August 11, 11:58 pm","ts":1660242535,"status":200,"resp_time":0.199003}
{"time":"August 12, 12:21 am","ts":1660243860,"status":200,"resp_time":0.055103}
{"time":"August 12, 12:42 am","ts":1660245136,"status":200,"resp_time":0.233696}
{"time":"August 12, 12:55 am","ts":1660245959,"status":200,"resp_time":0.392249}
{"time":"August 12, 1:09 am","ts":1660246750,"status":200,"resp_time":0.047553}
{"time":"August 12, 1:19 am","ts":1660247371,"status":200,"resp_time":0.396401}
{"time":"August 12, 1:29 am","ts":1660247998,"status":200,"resp_time":0.259156}
{"time":"August 12, 1:55 am","ts":1660249527,"status":200,"resp_time":0.021368}
{"time":"August 12, 2:10 am","ts":1660250437,"status":200,"resp_time":0.37265}
{"time":"August 12, 2:25 am","ts":1660251337,"status":200,"resp_time":0.057958}
{"time":"August 12, 2:46 am","ts":1660252586,"status":200,"resp_time":0.399415}
{"time":"August 12, 3:03 am","ts":1660253592,"status":200,"resp_time":0.194735}
{"time":"August 12, 3:16 am","ts":1660254372,"status":200,"resp_time":0.044268}
{"time":"August 12, 3:26 am","ts":1660254989,"status":200,"resp_time":0.17665}
{"time":"August 12, 3:49 am","ts":1660256371,"status":200,"resp_time":0.042564}
{"time":"August 12, 4:05 am","ts":1660257349,"status":200,"resp_time":0.162623}
{"time":"August 12, 4:16 am","ts":1660258002,"status":200,"resp_time":0.026086}
{"time":"August 12, 4:27 am","ts":1660258632,"status":200,"resp_time":0.024757}
{"time":"August 12, 4:52 am","ts":1660260136,"status":200,"resp_time":0.182478}
{"time":"August 12, 5:10 am","ts":1660261200,"status":200,"resp_time":0.386326}
{"time":"August 12, 5:20 am","ts":1660261819,"status":200,"resp_time":0.043102}
{"time":"August 12, 7:10 am","ts":1660268417,"status":200,"resp_time":0.179511}
{"time":"August 12, 8:50 am","ts":1660274455,"status":200,"resp_time":0.181413}
{"time":"August 12, 9:36 am","ts":1660277216,"status":200,"resp_time":0.026406}
{"time":"August 12, 10:16 am","ts":1660279614,"status":200,"resp_time":0.398849}
{"time":"August 12, 10:34 am","ts":1660280687,"status":200,"resp_time":0.180508}
{"time":"August 12, 10:58 am","ts":1660282096,"status":200,"resp_time":0.260803}
{"time":"August 12, 11:12 am","ts":1660282937,"status":200,"resp_time":0.395944}
{"time":"August 12, 11:25 am","ts":1660283732,"status":200,"resp_time":0.375172}
{"time":"August 12, 11:53 am","ts":1660285386,"status":200,"resp_time":0.043598}
{"time":"August 12, 12:18 pm","ts":1660286921,"status":200,"resp_time":0.030379}
{"time":"August 12, 12:29 pm","ts":1660287547,"status":200,"resp_time":0.027253}
{"time":"August 12, 12:52 pm","ts":1660288969,"status":200,"resp_time":0.177664}
