{"time":"July 24, 6:11 pm","ts":1658666486,"status":200,"resp_time":0.277159}
{"time":"July 24, 6:46 pm","ts":1658668618,"status":200,"resp_time":0.175474}
{"time":"July 24, 7:12 pm","ts":1658670151,"status":200,"resp_time":0.025158}
{"time":"July 24, 7:25 pm","ts":1658670930,"status":200,"resp_time":0.278236}
{"time":"July 24, 7:45 pm","ts":1658672139,"status":200,"resp_time":0.3664}
{"time":"July 24, 8:01 pm","ts":1658673067,"status":200,"resp_time":0.025128}
{"time":"July 24, 8:15 pm","ts":1658673937,"status":200,"resp_time":0.278211}
{"time":"July 24, 8:25 pm","ts":1658674558,"status":200,"resp_time":0.176921}
{"time":"July 24, 8:49 pm","ts":1658675957,"status":200,"resp_time":0.039237}
{"time":"July 24, 9:08 pm","ts":1658677101,"status":200,"resp_time":0.036729}
{"time":"July 24, 9:21 pm","ts":1658677884,"status":200,"resp_time":0.197277}
{"time":"July 24, 9:53 pm","ts":1658679824,"status":200,"resp_time":0.027565}
{"time":"July 24, 10:25 pm","ts":1658681722,"status":200,"resp_time":0.274845}
{"time":"July 24, 10:49 pm","ts":1658683140,"status":200,"resp_time":0.43619}
{"time":"July 24, 11:07 pm","ts":1658684226,"status":200,"resp_time":0.169611}
{"time":"July 24, 11:18 pm","ts":1658684887,"status":200,"resp_time":0.198589}
{"time":"July 24, 11:28 pm","ts":1658685510,"status":200,"resp_time":0.176133}
{"time":"July 24, 11:59 pm","ts":1658687381,"status":200,"resp_time":0.187652}
{"time":"July 25, 12:19 am","ts":1658688542,"status":200,"resp_time":0.434385}
{"time":"July 25, 12:29 am","ts":1658689164,"status":200,"resp_time":0.185457}
{"time":"July 25, 12:50 am","ts":1658690407,"status":200,"resp_time":0.182026}
{"time":"July 25, 1:00 am","ts":1658691029,"status":200,"resp_time":0.40552}
{"time":"July 25, 1:15 am","ts":1658691930,"status":200,"resp_time":0.154265}
{"time":"July 25, 1:25 am","ts":1658692549,"status":200,"resp_time":0.045469}
{"time":"July 25, 1:49 am","ts":1658693957,"status":200,"resp_time":0.045302}
{"time":"July 25, 2:06 am","ts":1658694982,"status":200,"resp_time":0.188315}
{"time":"July 25, 2:17 am","ts":1658695669,"status":200,"resp_time":0.04524}
{"time":"July 25, 2:28 am","ts":1658696287,"status":200,"resp_time":0.044832}
{"time":"July 25, 2:50 am","ts":1658697648,"status":200,"resp_time":0.046204}
{"time":"July 25, 3:09 am","ts":1658698743,"status":200,"resp_time":0.026791}
{"time":"July 25, 3:19 am","ts":1658699365,"status":200,"resp_time":0.412433}
{"time":"July 25, 3:29 am","ts":1658699984,"status":200,"resp_time":0.399882}
{"time":"July 25, 3:54 am","ts":1658701454,"status":200,"resp_time":0.365344}
{"time":"July 25, 4:10 am","ts":1658702416,"status":200,"resp_time":0.184836}
{"time":"July 25, 4:20 am","ts":1658703026,"status":200,"resp_time":0.024357}
{"time":"July 25, 4:46 am","ts":1658704599,"status":200,"resp_time":0.172133}
{"time":"July 25, 5:04 am","ts":1658705640,"status":200,"resp_time":0.17151}
{"time":"July 25, 5:16 am","ts":1658706412,"status":200,"resp_time":0.026492}
{"time":"July 25, 5:27 am","ts":1658707051,"status":200,"resp_time":0.168561}
{"time":"July 25, 7:44 am","ts":1658715252,"status":200,"resp_time":0.424433}
{"time":"July 25, 9:25 am","ts":1658721302,"status":200,"resp_time":0.024178}
{"time":"July 25, 10:19 am","ts":1658724540,"status":200,"resp_time":0.196438}
{"time":"July 25, 10:48 am","ts":1658726320,"status":200,"resp_time":0.028766}
{"time":"July 25, 11:13 am","ts":1658727794,"status":200,"resp_time":0.032276}
{"time":"July 25, 11:25 am","ts":1658728530,"status":200,"resp_time":0.278276}
{"time":"July 25, 11:53 am","ts":1658730237,"status":200,"resp_time":0.029222}
{"time":"July 25, 12:19 pm","ts":1658731790,"status":200,"resp_time":0.046113}
{"time":"July 25, 12:30 pm","ts":1658732425,"status":200,"resp_time":0.188906}
{"time":"July 25, 12:57 pm","ts":1658734069,"status":200,"resp_time":0.196292}
{"time":"July 25, 1:11 pm","ts":1658734913,"status":200,"resp_time":0.023836}
{"time":"July 25, 1:25 pm","ts":1658735742,"status":200,"resp_time":0.027144}
{"time":"July 25, 1:56 pm","ts":1658737562,"status":200,"resp_time":0.025035}
{"time":"July 25, 2:18 pm","ts":1658738928,"status":200,"resp_time":0.188608}
{"time":"July 25, 2:29 pm","ts":1658739558,"status":200,"resp_time":0.03366}
{"time":"July 25, 2:55 pm","ts":1658741150,"status":200,"resp_time":0.024598}
{"time":"July 25, 3:12 pm","ts":1658742155,"status":200,"resp_time":0.042021}
{"time":"July 25, 3:25 pm","ts":1658742942,"status":200,"resp_time":0.161765}
{"time":"July 25, 3:51 pm","ts":1658744505,"status":200,"resp_time":0.434295}
{"time":"July 25, 4:14 pm","ts":1658745840,"status":200,"resp_time":0.0263}
{"time":"July 25, 4:25 pm","ts":1658746533,"status":200,"resp_time":0.192434}
{"time":"July 25, 4:46 pm","ts":1658747799,"status":200,"resp_time":0.276192}
{"time":"July 25, 5:02 pm","ts":1658748744,"status":200,"resp_time":0.023327}
{"time":"July 25, 5:15 pm","ts":1658749532,"status":200,"resp_time":0.153776}
{"time":"July 25, 5:26 pm","ts":1658750160,"status":200,"resp_time":0.026058}
{"time":"July 25, 6:11 pm","ts":1658752876,"status":200,"resp_time":0.277253}
{"time":"July 25, 6:57 pm","ts":1658755677,"status":200,"resp_time":0.026045}
{"time":"July 25, 7:29 pm","ts":1658757578,"status":200,"resp_time":0.045307}
{"time":"July 25, 7:54 pm","ts":1658759049,"status":200,"resp_time":0.125613}
{"time":"July 25, 8:09 pm","ts":1658759965,"status":200,"resp_time":0.047784}
{"time":"July 25, 8:19 pm","ts":1658760592,"status":200,"resp_time":0.200054}
{"time":"July 25, 8:30 pm","ts":1658761216,"status":200,"resp_time":0.423669}
{"time":"July 25, 8:58 pm","ts":1658762920,"status":200,"resp_time":0.171054}
{"time":"July 25, 9:17 pm","ts":1658764061,"status":200,"resp_time":0.301852}
{"time":"July 25, 9:28 pm","ts":1658764684,"status":200,"resp_time":0.17724}
{"time":"July 25, 10:04 pm","ts":1658766875,"status":200,"resp_time":0.275511}
{"time":"July 25, 10:32 pm","ts":1658768521,"status":200,"resp_time":0.217551}
{"time":"July 25, 11:04 pm","ts":1658770479,"status":200,"resp_time":0.280606}
{"time":"July 25, 11:19 pm","ts":1658771367,"status":200,"resp_time":0.049341}
{"time":"July 25, 11:29 pm","ts":1658771984,"status":200,"resp_time":0.434342}
{"time":"July 26, 12:01 am","ts":1658773909,"status":200,"resp_time":0.186834}
{"time":"July 26, 12:24 am","ts":1658775250,"status":200,"resp_time":0.025277}
{"time":"July 26, 12:43 am","ts":1658776419,"status":200,"resp_time":0.028206}
{"time":"July 26, 12:57 am","ts":1658777227,"status":200,"resp_time":0.055732}
{"time":"July 26, 1:10 am","ts":1658778040,"status":200,"resp_time":0.368918}
{"time":"July 26, 1:25 am","ts":1658778929,"status":200,"resp_time":0.239932}
{"time":"July 26, 1:48 am","ts":1658780280,"status":200,"resp_time":0.190363}
{"time":"July 26, 2:04 am","ts":1658781277,"status":200,"resp_time":0.042349}
{"time":"July 26, 2:16 am","ts":1658781968,"status":200,"resp_time":0.044227}
{"time":"July 26, 2:26 am","ts":1658782598,"status":200,"resp_time":0.043671}
{"time":"July 26, 2:47 am","ts":1658783873,"status":200,"resp_time":0.434073}
{"time":"July 26, 3:02 am","ts":1658784730,"status":200,"resp_time":0.30023}
{"time":"July 26, 3:15 am","ts":1658785541,"status":200,"resp_time":0.21947}
{"time":"July 26, 3:25 am","ts":1658786159,"status":200,"resp_time":0.434298}
{"time":"July 26, 3:47 am","ts":1658787465,"status":200,"resp_time":0.02818}
