{"time":"September 17, 2:49 am","ts":1663363147,"status":200,"resp_time":0.447191}
{"time":"September 17, 3:07 am","ts":1663364224,"status":200,"resp_time":0.041271}
{"time":"September 17, 3:20 am","ts":1663365024,"status":200,"resp_time":0.195504}
{"time":"September 17, 3:50 am","ts":1663366839,"status":200,"resp_time":0.44973}
{"time":"September 17, 4:15 am","ts":1663368321,"status":200,"resp_time":0.441923}
{"time":"September 17, 4:26 am","ts":1663368983,"status":200,"resp_time":0.384131}
{"time":"September 17, 4:53 am","ts":1663370590,"status":200,"resp_time":0.044192}
{"time":"September 17, 5:15 am","ts":1663371955,"status":200,"resp_time":0.380099}
{"time":"September 17, 5:29 am","ts":1663372763,"status":200,"resp_time":0.043442}
{"time":"September 17, 8:11 am","ts":1663382518,"status":200,"resp_time":0.022177}
{"time":"September 17, 9:41 am","ts":1663387883,"status":200,"resp_time":0.159041}
{"time":"September 17, 10:46 am","ts":1663391765,"status":200,"resp_time":0.026056}
{"time":"September 17, 11:19 am","ts":1663393778,"status":200,"resp_time":0.379957}
{"time":"September 17, 11:37 am","ts":1663394856,"status":200,"resp_time":0.383661}
{"time":"September 17, 12:10 pm","ts":1663396808,"status":200,"resp_time":0.338054}
{"time":"September 17, 12:28 pm","ts":1663397903,"status":200,"resp_time":0.042951}
{"time":"September 17, 12:54 pm","ts":1663399488,"status":200,"resp_time":0.381682}
{"time":"September 17, 1:10 pm","ts":1663400414,"status":200,"resp_time":0.044184}
{"time":"September 17, 1:25 pm","ts":1663401335,"status":200,"resp_time":0.045944}
{"time":"September 17, 1:54 pm","ts":1663403090,"status":200,"resp_time":0.404619}
{"time":"September 17, 2:19 pm","ts":1663404551,"status":200,"resp_time":0.042914}
{"time":"September 17, 2:31 pm","ts":1663405280,"status":200,"resp_time":0.051069}
{"time":"September 17, 3:00 pm","ts":1663407025,"status":200,"resp_time":0.3964}
{"time":"September 17, 3:19 pm","ts":1663408164,"status":200,"resp_time":0.383916}
{"time":"September 17, 3:29 pm","ts":1663408783,"status":200,"resp_time":0.043976}
{"time":"September 17, 3:59 pm","ts":1663410545,"status":200,"resp_time":0.022098}
{"time":"September 17, 4:17 pm","ts":1663411636,"status":200,"resp_time":0.041262}
{"time":"September 17, 4:27 pm","ts":1663412262,"status":200,"resp_time":0.155416}
{"time":"September 17, 4:51 pm","ts":1663413682,"status":200,"resp_time":0.383885}
{"time":"September 17, 5:09 pm","ts":1663414755,"status":200,"resp_time":0.044209}
{"time":"September 17, 5:19 pm","ts":1663415382,"status":200,"resp_time":0.023794}
{"time":"September 17, 5:30 pm","ts":1663416011,"status":200,"resp_time":0.029653}
{"time":"September 17, 6:19 pm","ts":1663418946,"status":200,"resp_time":0.160314}
{"time":"September 17, 6:52 pm","ts":1663420974,"status":200,"resp_time":0.416375}
{"time":"September 17, 7:20 pm","ts":1663422639,"status":200,"resp_time":0.041586}
{"time":"September 17, 7:46 pm","ts":1663424201,"status":200,"resp_time":0.449745}
{"time":"September 17, 8:04 pm","ts":1663425254,"status":200,"resp_time":0.22978}
{"time":"September 17, 8:17 pm","ts":1663426068,"status":200,"resp_time":0.020547}
{"time":"September 17, 8:28 pm","ts":1663426688,"status":200,"resp_time":0.020916}
{"time":"September 17, 8:57 pm","ts":1663428430,"status":200,"resp_time":0.021924}
{"time":"September 17, 9:17 pm","ts":1663429622,"status":200,"resp_time":0.159284}
{"time":"September 17, 9:27 pm","ts":1663430254,"status":200,"resp_time":0.05815}
{"time":"September 17, 10:04 pm","ts":1663432494,"status":200,"resp_time":0.377893}
{"time":"September 17, 10:33 pm","ts":1663434195,"status":200,"resp_time":0.02644}
{"time":"September 17, 11:03 pm","ts":1663436000,"status":200,"resp_time":0.183344}
{"time":"September 17, 11:20 pm","ts":1663437030,"status":200,"resp_time":0.056095}
{"time":"September 17, 11:52 pm","ts":1663438978,"status":200,"resp_time":0.404164}
{"time":"September 18, 12:19 am","ts":1663440562,"status":200,"resp_time":0.440898}
{"time":"September 18, 12:30 am","ts":1663441218,"status":200,"resp_time":0.052954}
{"time":"September 18, 12:54 am","ts":1663442675,"status":200,"resp_time":0.172656}
{"time":"September 18, 1:07 am","ts":1663443458,"status":200,"resp_time":0.203265}
{"time":"September 18, 1:18 am","ts":1663444087,"status":200,"resp_time":0.451971}
{"time":"September 18, 1:28 am","ts":1663444708,"status":200,"resp_time":0.410333}
{"time":"September 18, 1:57 am","ts":1663446446,"status":200,"resp_time":0.028904}
{"time":"September 18, 2:15 am","ts":1663447529,"status":200,"resp_time":0.156807}
{"time":"September 18, 2:25 am","ts":1663448155,"status":200,"resp_time":0.171803}
{"time":"September 18, 2:48 am","ts":1663449489,"status":200,"resp_time":0.375379}
{"time":"September 18, 3:06 am","ts":1663450567,"status":200,"resp_time":0.025266}
{"time":"September 18, 3:19 am","ts":1663451351,"status":200,"resp_time":0.189293}
{"time":"September 18, 3:29 am","ts":1663451968,"status":200,"resp_time":0.214869}
{"time":"September 18, 3:56 am","ts":1663453587,"status":200,"resp_time":0.02186}
{"time":"September 18, 4:14 am","ts":1663454657,"status":200,"resp_time":0.155069}
{"time":"September 18, 4:25 am","ts":1663455335,"status":200,"resp_time":0.385808}
{"time":"September 18, 4:49 am","ts":1663456773,"status":200,"resp_time":0.045279}
{"time":"September 18, 5:09 am","ts":1663457956,"status":200,"resp_time":0.026715}
{"time":"September 18, 5:25 am","ts":1663458933,"status":200,"resp_time":0.025332}
{"time":"September 18, 7:53 am","ts":1663467822,"status":200,"resp_time":0.047675}
{"time":"September 18, 9:50 am","ts":1663474842,"status":200,"resp_time":0.157955}
{"time":"September 18, 10:59 am","ts":1663478956,"status":200,"resp_time":0.21954}
{"time":"September 18, 11:27 am","ts":1663480641,"status":200,"resp_time":0.02219}
{"time":"September 18, 12:01 pm","ts":1663482664,"status":200,"resp_time":0.18611}
{"time":"September 18, 12:27 pm","ts":1663484220,"status":200,"resp_time":0.202051}
{"time":"September 18, 12:51 pm","ts":1663485719,"status":200,"resp_time":0.023674}
{"time":"September 18, 1:10 pm","ts":1663486828,"status":200,"resp_time":0.169469}
{"time":"September 18, 1:25 pm","ts":1663487739,"status":200,"resp_time":0.170359}
{"time":"September 18, 1:53 pm","ts":1663489407,"status":200,"resp_time":0.382364}
{"time":"September 18, 2:17 pm","ts":1663490874,"status":200,"resp_time":0.218576}
{"time":"September 18, 2:29 pm","ts":1663491591,"status":200,"resp_time":0.142432}
{"time":"September 18, 2:56 pm","ts":1663493203,"status":200,"resp_time":0.380362}
{"time":"September 18, 3:14 pm","ts":1663494292,"status":200,"resp_time":0.176321}
{"time":"September 18, 3:25 pm","ts":1663494932,"status":200,"resp_time":0.402617}
{"time":"September 18, 3:50 pm","ts":1663496455,"status":200,"resp_time":0.395848}
{"time":"September 18, 4:14 pm","ts":1663497866,"status":200,"resp_time":0.193165}
{"time":"September 18, 4:26 pm","ts":1663498560,"status":200,"resp_time":1.281667}
{"time":"September 18, 4:47 pm","ts":1663499838,"status":200,"resp_time":0.043135}
{"time":"September 18, 5:03 pm","ts":1663500783,"status":200,"resp_time":0.027612}
{"time":"September 18, 5:15 pm","ts":1663501554,"status":200,"resp_time":0.363375}
{"time":"September 18, 5:26 pm","ts":1663502192,"status":200,"resp_time":0.400293}
{"time":"September 18, 6:10 pm","ts":1663504808,"status":200,"resp_time":0.127403}
{"time":"September 18, 6:51 pm","ts":1663507274,"status":200,"resp_time":0.172792}
{"time":"September 18, 7:22 pm","ts":1663509148,"status":200,"resp_time":0.182818}
{"time":"September 18, 7:46 pm","ts":1663510563,"status":200,"resp_time":0.042501}
{"time":"September 18, 8:03 pm","ts":1663511618,"status":200,"resp_time":0.187796}
{"time":"September 18, 8:17 pm","ts":1663512455,"status":200,"resp_time":0.403939}
