{"time":"November 8, 5:11 pm","ts":1667907670,"status":200,"resp_time":0.038841}
{"time":"November 8, 5:25 pm","ts":1667908536,"status":200,"resp_time":0.167355}
{"time":"November 8, 7:00 pm","ts":1667914214,"status":200,"resp_time":0.10796}
{"time":"November 8, 7:31 pm","ts":1667916073,"status":200,"resp_time":0.108187}
{"time":"November 8, 8:02 pm","ts":1667917970,"status":200,"resp_time":0.129963}
{"time":"November 8, 8:19 pm","ts":1667918974,"status":200,"resp_time":0.167605}
{"time":"November 8, 8:29 pm","ts":1667919587,"status":200,"resp_time":0.039712}
{"time":"November 8, 8:57 pm","ts":1667921269,"status":200,"resp_time":0.189385}
{"time":"November 8, 9:15 pm","ts":1667922349,"status":200,"resp_time":0.107268}
{"time":"November 8, 9:26 pm","ts":1667922975,"status":200,"resp_time":0.156521}
{"time":"November 8, 10:02 pm","ts":1667925159,"status":200,"resp_time":0.03779}
{"time":"November 8, 10:36 pm","ts":1667927191,"status":200,"resp_time":0.063242}
{"time":"November 8, 11:04 pm","ts":1667928899,"status":200,"resp_time":0.108816}
{"time":"November 8, 11:20 pm","ts":1667929800,"status":200,"resp_time":0.126191}
{"time":"November 8, 11:30 pm","ts":1667930423,"status":200,"resp_time":0.10992}
{"time":"November 9, 12:41 am","ts":1667934701,"status":200,"resp_time":0.026354}
{"time":"November 9, 1:06 am","ts":1667936196,"status":200,"resp_time":0.037574}
{"time":"November 9, 1:17 am","ts":1667936873,"status":200,"resp_time":0.040279}
{"time":"November 9, 1:28 am","ts":1667937492,"status":200,"resp_time":0.021151}
{"time":"November 9, 1:57 am","ts":1667939278,"status":200,"resp_time":0.020884}
{"time":"November 9, 2:14 am","ts":1667940273,"status":200,"resp_time":0.02484}
{"time":"November 9, 2:46 am","ts":1667942212,"status":200,"resp_time":0.131277}
{"time":"November 9, 3:02 am","ts":1667943178,"status":200,"resp_time":0.04847}
{"time":"November 9, 3:16 am","ts":1667943962,"status":200,"resp_time":0.180417}
{"time":"November 9, 3:26 am","ts":1667944583,"status":200,"resp_time":0.042755}
{"time":"November 9, 3:51 am","ts":1667946091,"status":200,"resp_time":0.191019}
{"time":"November 9, 4:11 am","ts":1667947315,"status":200,"resp_time":0.019856}
{"time":"November 9, 4:25 am","ts":1667948138,"status":200,"resp_time":0.039053}
{"time":"November 9, 4:50 am","ts":1667949653,"status":200,"resp_time":0.152034}
{"time":"November 9, 5:26 am","ts":1667951760,"status":200,"resp_time":0.021529}
{"time":"November 9, 7:26 am","ts":1667959005,"status":200,"resp_time":0.037102}
{"time":"November 9, 9:11 am","ts":1667965307,"status":200,"resp_time":0.09721}
{"time":"November 9, 10:01 am","ts":1667968263,"status":200,"resp_time":0.024464}
{"time":"November 9, 10:46 am","ts":1667970989,"status":200,"resp_time":0.021432}
{"time":"November 9, 11:12 am","ts":1667972576,"status":200,"resp_time":0.168097}
{"time":"November 9, 11:25 am","ts":1667973331,"status":200,"resp_time":0.049075}
{"time":"November 9, 11:59 am","ts":1667975364,"status":200,"resp_time":0.03807}
{"time":"November 9, 12:27 pm","ts":1667977026,"status":200,"resp_time":0.172323}
{"time":"November 9, 12:51 pm","ts":1667978464,"status":200,"resp_time":0.039157}
{"time":"November 9, 1:08 pm","ts":1667979539,"status":200,"resp_time":0.029857}
{"time":"November 9, 1:19 pm","ts":1667980173,"status":200,"resp_time":0.163647}
{"time":"November 9, 1:29 pm","ts":1667980790,"status":200,"resp_time":0.157905}
{"time":"November 9, 2:03 pm","ts":1667982825,"status":200,"resp_time":0.024993}
{"time":"November 9, 2:22 pm","ts":1667983952,"status":200,"resp_time":0.025492}
{"time":"November 9, 2:47 pm","ts":1667985463,"status":200,"resp_time":0.038493}
{"time":"November 9, 3:06 pm","ts":1667986569,"status":200,"resp_time":0.215629}
{"time":"November 9, 3:18 pm","ts":1667987294,"status":200,"resp_time":0.10122}
{"time":"November 9, 3:28 pm","ts":1667987923,"status":200,"resp_time":0.038246}
{"time":"November 9, 3:57 pm","ts":1667989649,"status":200,"resp_time":0.025439}
{"time":"November 9, 4:15 pm","ts":1667990707,"status":200,"resp_time":0.095007}
{"time":"November 9, 4:25 pm","ts":1667991343,"status":200,"resp_time":0.164698}
{"time":"November 9, 4:47 pm","ts":1667992621,"status":200,"resp_time":0.039491}
{"time":"November 9, 5:01 pm","ts":1667993491,"status":200,"resp_time":0.043259}
{"time":"November 9, 5:15 pm","ts":1667994339,"status":200,"resp_time":0.144754}
{"time":"November 9, 5:25 pm","ts":1667994958,"status":200,"resp_time":0.112056}
{"time":"November 9, 6:14 pm","ts":1667997873,"status":200,"resp_time":0.020348}
{"time":"November 9, 7:04 pm","ts":1668000843,"status":200,"resp_time":0.191728}
{"time":"November 9, 7:34 pm","ts":1668002652,"status":200,"resp_time":0.198579}
{"time":"November 9, 8:02 pm","ts":1668004325,"status":200,"resp_time":0.043803}
{"time":"November 9, 8:19 pm","ts":1668005368,"status":200,"resp_time":0.183404}
{"time":"November 9, 8:29 pm","ts":1668005982,"status":200,"resp_time":0.03837}
{"time":"November 9, 8:59 pm","ts":1668007757,"status":200,"resp_time":0.02392}
{"time":"November 9, 9:17 pm","ts":1668008857,"status":200,"resp_time":0.1158}
{"time":"November 9, 9:28 pm","ts":1668009488,"status":200,"resp_time":0.166247}
{"time":"November 9, 10:05 pm","ts":1668011729,"status":200,"resp_time":0.176332}
{"time":"November 9, 10:32 pm","ts":1668013356,"status":200,"resp_time":0.192501}
{"time":"November 9, 11:02 pm","ts":1668015120,"status":200,"resp_time":0.056052}
{"time":"November 9, 11:18 pm","ts":1668016098,"status":200,"resp_time":0.20005}
{"time":"November 9, 11:28 pm","ts":1668016721,"status":200,"resp_time":0.092408}
{"time":"November 10, 12:00 am","ts":1668018646,"status":200,"resp_time":0.096871}
{"time":"November 10, 12:22 am","ts":1668019962,"status":200,"resp_time":0.151767}
{"time":"November 10, 12:44 am","ts":1668021255,"status":200,"resp_time":0.039141}
{"time":"November 10, 12:57 am","ts":1668022069,"status":200,"resp_time":0.02337}
{"time":"November 10, 1:09 am","ts":1668022749,"status":200,"resp_time":0.039909}
{"time":"November 10, 1:19 am","ts":1668023374,"status":200,"resp_time":0.023711}
{"time":"November 10, 1:30 am","ts":1668024007,"status":200,"resp_time":0.043164}
{"time":"November 10, 1:57 am","ts":1668025648,"status":200,"resp_time":0.021646}
{"time":"November 10, 2:13 am","ts":1668026624,"status":200,"resp_time":0.039019}
{"time":"November 10, 2:25 am","ts":1668027338,"status":200,"resp_time":0.150093}
{"time":"November 10, 2:49 am","ts":1668028780,"status":200,"resp_time":0.04122}
{"time":"November 10, 3:06 am","ts":1668029808,"status":200,"resp_time":0.117529}
{"time":"November 10, 3:18 am","ts":1668030502,"status":200,"resp_time":0.047744}
{"time":"November 10, 3:28 am","ts":1668031123,"status":200,"resp_time":0.168997}
{"time":"November 10, 3:54 am","ts":1668032690,"status":200,"resp_time":0.133928}
{"time":"November 10, 4:11 am","ts":1668033683,"status":200,"resp_time":0.229603}
{"time":"November 10, 4:25 am","ts":1668034536,"status":200,"resp_time":0.144595}
{"time":"November 10, 4:52 am","ts":1668036149,"status":200,"resp_time":0.133409}
{"time":"November 10, 7:17 am","ts":1668044826,"status":200,"resp_time":0.181887}
{"time":"November 10, 8:48 am","ts":1668050314,"status":200,"resp_time":0.039368}
{"time":"November 10, 9:36 am","ts":1668053204,"status":200,"resp_time":0.037967}
{"time":"November 10, 10:25 am","ts":1668056101,"status":200,"resp_time":0.047884}
{"time":"November 10, 10:54 am","ts":1668057863,"status":200,"resp_time":0.126415}
{"time":"November 10, 11:14 am","ts":1668059049,"status":200,"resp_time":0.028089}
{"time":"November 10, 11:25 am","ts":1668059731,"status":200,"resp_time":0.030229}
