{"time":"August 30, 3:50 pm","ts":1661854808,"status":200,"resp_time":0.043458}
{"time":"August 30, 4:09 pm","ts":1661855962,"status":200,"resp_time":0.050374}
{"time":"August 30, 4:21 pm","ts":1661856680,"status":200,"resp_time":0.046894}
{"time":"August 30, 4:45 pm","ts":1661858140,"status":200,"resp_time":0.020921}
{"time":"August 30, 5:02 pm","ts":1661859123,"status":200,"resp_time":0.168799}
{"time":"August 30, 5:15 pm","ts":1661859928,"status":200,"resp_time":0.124964}
{"time":"August 30, 5:26 pm","ts":1661860564,"status":200,"resp_time":0.190505}
{"time":"August 30, 6:12 pm","ts":1661863348,"status":200,"resp_time":0.467852}
{"time":"August 30, 7:00 pm","ts":1661866254,"status":200,"resp_time":0.211029}
{"time":"August 30, 7:30 pm","ts":1661868032,"status":200,"resp_time":0.045504}
{"time":"August 30, 7:58 pm","ts":1661869696,"status":200,"resp_time":0.027535}
{"time":"August 30, 8:13 pm","ts":1661870605,"status":200,"resp_time":0.21834}
{"time":"August 30, 8:25 pm","ts":1661871336,"status":200,"resp_time":0.173902}
{"time":"August 30, 8:49 pm","ts":1661872744,"status":200,"resp_time":0.027132}
{"time":"August 30, 9:11 pm","ts":1661874069,"status":200,"resp_time":0.025729}
{"time":"August 30, 9:26 pm","ts":1661874974,"status":200,"resp_time":0.172768}
{"time":"August 30, 10:00 pm","ts":1661877019,"status":200,"resp_time":0.064365}
{"time":"August 30, 10:34 pm","ts":1661879054,"status":200,"resp_time":0.443282}
{"time":"August 30, 11:03 pm","ts":1661880800,"status":200,"resp_time":0.379372}
{"time":"August 30, 11:18 pm","ts":1661881714,"status":200,"resp_time":0.045384}
{"time":"August 30, 11:29 pm","ts":1661882345,"status":200,"resp_time":0.042628}
{"time":"August 30, 11:59 pm","ts":1661884184,"status":200,"resp_time":0.381733}
{"time":"August 31, 12:19 am","ts":1661885378,"status":200,"resp_time":0.024046}
{"time":"August 31, 12:30 am","ts":1661886000,"status":200,"resp_time":0.033836}
{"time":"August 31, 12:50 am","ts":1661887254,"status":200,"resp_time":0.169168}
{"time":"August 31, 1:06 am","ts":1661888185,"status":200,"resp_time":0.159588}
{"time":"August 31, 1:16 am","ts":1661888815,"status":200,"resp_time":0.472027}
{"time":"August 31, 1:27 am","ts":1661889443,"status":200,"resp_time":0.463545}
{"time":"August 31, 1:54 am","ts":1661891052,"status":200,"resp_time":0.191407}
{"time":"August 31, 2:11 am","ts":1661892090,"status":200,"resp_time":0.039815}
{"time":"August 31, 2:25 am","ts":1661892928,"status":200,"resp_time":0.022245}
{"time":"August 31, 2:46 am","ts":1661894196,"status":200,"resp_time":0.184609}
{"time":"August 31, 3:02 am","ts":1661895164,"status":200,"resp_time":0.188426}
{"time":"August 31, 3:16 am","ts":1661896017,"status":200,"resp_time":0.390603}
{"time":"August 31, 3:27 am","ts":1661896629,"status":200,"resp_time":0.043792}
{"time":"August 31, 3:52 am","ts":1661898176,"status":200,"resp_time":0.258746}
{"time":"August 31, 4:10 am","ts":1661899232,"status":200,"resp_time":0.188035}
{"time":"August 31, 4:25 am","ts":1661900130,"status":200,"resp_time":0.042645}
{"time":"August 31, 4:49 am","ts":1661901589,"status":200,"resp_time":0.213923}
{"time":"August 31, 5:09 am","ts":1661902755,"status":200,"resp_time":0.045926}
{"time":"August 31, 5:23 am","ts":1661903583,"status":200,"resp_time":0.402555}
{"time":"August 31, 7:42 am","ts":1661911937,"status":200,"resp_time":0.020892}
{"time":"August 31, 10:08 am","ts":1661920694,"status":200,"resp_time":0.193368}
{"time":"August 31, 11:43 am","ts":1661926439,"status":200,"resp_time":0.021781}
{"time":"August 31, 12:40 pm","ts":1661929821,"status":200,"resp_time":0.141889}
{"time":"August 31, 1:18 pm","ts":1661932124,"status":200,"resp_time":0.199632}
{"time":"August 31, 1:30 pm","ts":1661932808,"status":200,"resp_time":0.175856}
{"time":"August 31, 2:02 pm","ts":1661934734,"status":200,"resp_time":0.402171}
{"time":"August 31, 2:24 pm","ts":1661936043,"status":200,"resp_time":0.044615}
{"time":"August 31, 2:47 pm","ts":1661937477,"status":200,"resp_time":0.171359}
{"time":"August 31, 3:09 pm","ts":1661938744,"status":200,"resp_time":0.400221}
{"time":"August 31, 3:21 pm","ts":1661939495,"status":200,"resp_time":0.461302}
{"time":"August 31, 3:49 pm","ts":1661941154,"status":200,"resp_time":0.196139}
{"time":"August 31, 4:09 pm","ts":1661942397,"status":200,"resp_time":0.026235}
{"time":"August 31, 4:22 pm","ts":1661943128,"status":200,"resp_time":0.192663}
{"time":"August 31, 4:45 pm","ts":1661944506,"status":200,"resp_time":0.045282}
{"time":"August 31, 5:00 pm","ts":1661945457,"status":200,"resp_time":0.168525}
{"time":"August 31, 5:15 pm","ts":1661946328,"status":200,"resp_time":0.027155}
{"time":"August 31, 5:25 pm","ts":1661946948,"status":200,"resp_time":0.042615}
{"time":"August 31, 6:10 pm","ts":1661949656,"status":200,"resp_time":0.170666}
{"time":"August 31, 6:59 pm","ts":1661952578,"status":200,"resp_time":0.024913}
{"time":"August 31, 7:28 pm","ts":1661954318,"status":200,"resp_time":0.031009}
{"time":"August 31, 7:54 pm","ts":1661955853,"status":200,"resp_time":0.045742}
{"time":"August 31, 8:10 pm","ts":1661956856,"status":200,"resp_time":0.16896}
{"time":"August 31, 8:25 pm","ts":1661957729,"status":200,"resp_time":0.19637}
{"time":"August 31, 8:48 pm","ts":1661959138,"status":200,"resp_time":0.044399}
{"time":"August 31, 9:09 pm","ts":1661960375,"status":200,"resp_time":0.405545}
{"time":"August 31, 9:23 pm","ts":1661961187,"status":200,"resp_time":0.025105}
{"time":"August 31, 9:55 pm","ts":1661963119,"status":200,"resp_time":0.191178}
{"time":"August 31, 10:28 pm","ts":1661965106,"status":200,"resp_time":0.399512}
{"time":"August 31, 10:56 pm","ts":1661966819,"status":200,"resp_time":0.026514}
{"time":"August 31, 11:13 pm","ts":1661967814,"status":200,"resp_time":0.027541}
{"time":"August 31, 11:25 pm","ts":1661968543,"status":200,"resp_time":0.191143}
{"time":"August 31, 11:53 pm","ts":1661970180,"status":200,"resp_time":0.390927}
{"time":"September 1, 12:16 am","ts":1661971617,"status":200,"resp_time":0.168633}
{"time":"September 1, 12:28 am","ts":1661972303,"status":200,"resp_time":0.173023}
{"time":"September 1, 12:51 am","ts":1661973667,"status":200,"resp_time":0.041515}
{"time":"September 1, 1:06 am","ts":1661974615,"status":200,"resp_time":0.023835}
{"time":"September 1, 1:17 am","ts":1661975246,"status":200,"resp_time":0.195928}
{"time":"September 1, 1:27 am","ts":1661975873,"status":200,"resp_time":0.033965}
{"time":"September 1, 1:55 am","ts":1661977544,"status":200,"resp_time":0.379543}
{"time":"September 1, 2:12 am","ts":1661978533,"status":200,"resp_time":0.045317}
{"time":"September 1, 2:25 am","ts":1661979338,"status":200,"resp_time":0.194671}
{"time":"September 1, 2:46 am","ts":1661980607,"status":200,"resp_time":0.153445}
{"time":"September 1, 3:02 am","ts":1661981531,"status":200,"resp_time":0.044181}
{"time":"September 1, 3:16 am","ts":1661982385,"status":200,"resp_time":0.186087}
{"time":"September 1, 3:26 am","ts":1661983005,"status":200,"resp_time":0.027427}
{"time":"September 1, 3:53 am","ts":1661984589,"status":200,"resp_time":0.046548}
{"time":"September 1, 4:12 am","ts":1661985740,"status":200,"resp_time":0.168267}
{"time":"September 1, 4:25 am","ts":1661986538,"status":200,"resp_time":0.030014}
{"time":"September 1, 4:49 am","ts":1661987949,"status":200,"resp_time":0.381061}
{"time":"September 1, 5:08 am","ts":1661989087,"status":200,"resp_time":0.174013}
{"time":"September 1, 5:21 am","ts":1661989919,"status":200,"resp_time":0.138457}
{"time":"September 1, 7:19 am","ts":1661996986,"status":200,"resp_time":0.031523}
{"time":"September 1, 9:28 am","ts":1662004737,"status":200,"resp_time":0.030178}
{"time":"September 1, 10:48 am","ts":1662009535,"status":200,"resp_time":0.445998}
