{"time":"September 29, 1:02 am","ts":1664393578,"status":200,"resp_time":0.408271}
{"time":"September 29, 1:18 am","ts":1664394508,"status":200,"resp_time":0.030042}
{"time":"September 29, 1:28 am","ts":1664395135,"status":200,"resp_time":0.466598}
{"time":"September 29, 2:00 am","ts":1664397044,"status":200,"resp_time":0.025386}
{"time":"September 29, 2:23 am","ts":1664398401,"status":200,"resp_time":0.042738}
{"time":"September 29, 2:48 am","ts":1664399914,"status":200,"resp_time":0.171571}
{"time":"September 29, 3:09 am","ts":1664401163,"status":200,"resp_time":0.172597}
{"time":"September 29, 3:23 am","ts":1664402013,"status":200,"resp_time":0.022171}
{"time":"September 29, 3:51 am","ts":1664403664,"status":200,"resp_time":0.020933}
{"time":"September 29, 4:16 am","ts":1664405199,"status":200,"resp_time":0.024956}
{"time":"September 29, 4:28 am","ts":1664405880,"status":200,"resp_time":0.023101}
{"time":"September 29, 5:02 am","ts":1664407923,"status":200,"resp_time":0.208374}
{"time":"September 29, 5:28 am","ts":1664409503,"status":200,"resp_time":0.404594}
{"time":"September 29, 8:19 am","ts":1664419782,"status":200,"resp_time":0.404668}
{"time":"September 29, 10:11 am","ts":1664426475,"status":200,"resp_time":0.140612}
{"time":"September 29, 11:30 am","ts":1664431229,"status":200,"resp_time":0.176161}
{"time":"September 29, 12:33 pm","ts":1664435035,"status":200,"resp_time":0.045141}
{"time":"September 29, 1:16 pm","ts":1664437592,"status":200,"resp_time":0.403884}
{"time":"September 29, 1:31 pm","ts":1664438500,"status":200,"resp_time":0.387886}
{"time":"September 29, 2:15 pm","ts":1664441147,"status":200,"resp_time":0.402959}
{"time":"September 29, 2:41 pm","ts":1664442672,"status":200,"resp_time":0.192021}
{"time":"September 29, 3:15 pm","ts":1664444718,"status":200,"resp_time":0.472494}
{"time":"September 29, 3:29 pm","ts":1664445599,"status":200,"resp_time":0.46031}
{"time":"September 29, 4:02 pm","ts":1664447561,"status":200,"resp_time":0.472197}
{"time":"September 29, 4:24 pm","ts":1664448864,"status":200,"resp_time":0.46181}
{"time":"September 29, 4:47 pm","ts":1664450229,"status":200,"resp_time":0.180335}
{"time":"September 29, 5:08 pm","ts":1664451488,"status":200,"resp_time":0.043796}
{"time":"September 29, 5:21 pm","ts":1664452264,"status":200,"resp_time":0.168179}
{"time":"September 29, 6:09 pm","ts":1664455180,"status":200,"resp_time":0.023327}
{"time":"September 29, 7:06 pm","ts":1664458598,"status":200,"resp_time":0.051665}
{"time":"September 29, 7:46 pm","ts":1664460991,"status":200,"resp_time":0.175412}
{"time":"September 29, 8:15 pm","ts":1664462732,"status":200,"resp_time":0.04243}
{"time":"September 29, 8:29 pm","ts":1664463591,"status":200,"resp_time":0.171493}
{"time":"September 29, 9:03 pm","ts":1664465602,"status":200,"resp_time":0.17401}
{"time":"September 29, 9:27 pm","ts":1664467059,"status":200,"resp_time":0.198216}
{"time":"September 29, 10:11 pm","ts":1664469696,"status":200,"resp_time":0.043512}
{"time":"September 29, 10:54 pm","ts":1664472276,"status":200,"resp_time":0.044425}
{"time":"September 29, 11:27 pm","ts":1664474250,"status":200,"resp_time":0.180878}
{"time":"September 30, 12:05 am","ts":1664476513,"status":200,"resp_time":0.484345}
{"time":"September 30, 12:30 am","ts":1664478021,"status":200,"resp_time":0.383115}
{"time":"September 30, 1:00 am","ts":1664479821,"status":200,"resp_time":0.173778}
{"time":"September 30, 1:18 am","ts":1664480905,"status":200,"resp_time":0.024638}
{"time":"September 30, 1:28 am","ts":1664481524,"status":200,"resp_time":0.176161}
{"time":"September 30, 2:01 am","ts":1664483513,"status":200,"resp_time":0.050015}
{"time":"September 30, 2:24 am","ts":1664484852,"status":200,"resp_time":0.366995}
{"time":"September 30, 2:49 am","ts":1664486349,"status":200,"resp_time":0.04126}
{"time":"September 30, 3:11 am","ts":1664487671,"status":200,"resp_time":0.046134}
{"time":"September 30, 3:27 am","ts":1664488640,"status":200,"resp_time":0.024369}
{"time":"September 30, 3:57 am","ts":1664490452,"status":200,"resp_time":0.19398}
{"time":"September 30, 4:18 am","ts":1664491721,"status":200,"resp_time":0.054779}
{"time":"September 30, 4:29 am","ts":1664492341,"status":200,"resp_time":0.041406}
{"time":"September 30, 5:07 am","ts":1664494650,"status":200,"resp_time":0.369371}
{"time":"September 30, 5:31 am","ts":1664496074,"status":200,"resp_time":0.01986}
{"time":"September 30, 8:53 am","ts":1664508211,"status":200,"resp_time":0.040772}
{"time":"September 30, 10:39 am","ts":1664514543,"status":200,"resp_time":0.02551}
{"time":"September 30, 12:01 pm","ts":1664519484,"status":200,"resp_time":0.379508}
{"time":"September 30, 12:54 pm","ts":1664522696,"status":200,"resp_time":0.172094}
{"time":"September 30, 1:29 pm","ts":1664524747,"status":200,"resp_time":0.042473}
{"time":"September 30, 2:13 pm","ts":1664527389,"status":200,"resp_time":0.464197}
{"time":"September 30, 2:44 pm","ts":1664529260,"status":200,"resp_time":0.02655}
{"time":"September 30, 3:16 pm","ts":1664531169,"status":200,"resp_time":0.144832}
{"time":"September 30, 3:30 pm","ts":1664532057,"status":200,"resp_time":0.022375}
{"time":"September 30, 4:06 pm","ts":1664534213,"status":200,"resp_time":0.403884}
{"time":"September 30, 4:25 pm","ts":1664535343,"status":200,"resp_time":0.383348}
{"time":"September 30, 4:48 pm","ts":1664536700,"status":200,"resp_time":0.398127}
{"time":"September 30, 5:08 pm","ts":1664537900,"status":200,"resp_time":0.158287}
{"time":"September 30, 5:21 pm","ts":1664538663,"status":200,"resp_time":0.197848}
{"time":"September 30, 6:12 pm","ts":1664541725,"status":200,"resp_time":0.190281}
{"time":"September 30, 7:12 pm","ts":1664545350,"status":200,"resp_time":0.185911}
{"time":"September 30, 7:54 pm","ts":1664547854,"status":200,"resp_time":0.174232}
{"time":"September 30, 8:25 pm","ts":1664549754,"status":200,"resp_time":0.031167}
{"time":"September 30, 8:55 pm","ts":1664551551,"status":200,"resp_time":0.374392}
{"time":"September 30, 9:24 pm","ts":1664553250,"status":200,"resp_time":0.021678}
{"time":"September 30, 10:02 pm","ts":1664555578,"status":200,"resp_time":0.022516}
{"time":"September 30, 10:50 pm","ts":1664558453,"status":200,"resp_time":0.052665}
{"time":"September 30, 11:27 pm","ts":1664560634,"status":200,"resp_time":0.035509}
{"time":"October 1, 12:03 am","ts":1664562837,"status":200,"resp_time":0.048938}
{"time":"October 1, 12:30 am","ts":1664564428,"status":200,"resp_time":0.388976}
{"time":"October 1, 1:00 am","ts":1664566254,"status":200,"resp_time":0.044768}
{"time":"October 1, 1:18 am","ts":1664567337,"status":200,"resp_time":0.051201}
{"time":"October 1, 1:29 am","ts":1664567956,"status":200,"resp_time":0.043868}
{"time":"October 1, 2:01 am","ts":1664569870,"status":200,"resp_time":0.368952}
{"time":"October 1, 2:23 am","ts":1664571215,"status":200,"resp_time":0.164123}
{"time":"October 1, 2:48 am","ts":1664572701,"status":200,"resp_time":0.169127}
{"time":"October 1, 3:09 am","ts":1664573975,"status":200,"resp_time":0.043167}
{"time":"October 1, 3:23 am","ts":1664574834,"status":200,"resp_time":0.174494}
{"time":"October 1, 3:51 am","ts":1664576492,"status":200,"resp_time":0.025}
{"time":"October 1, 4:17 am","ts":1664578041,"status":200,"resp_time":0.031965}
{"time":"October 1, 4:28 am","ts":1664578721,"status":200,"resp_time":0.157112}
{"time":"October 1, 5:03 am","ts":1664580816,"status":200,"resp_time":0.398718}
{"time":"October 1, 5:27 am","ts":1664582279,"status":200,"resp_time":0.042091}
{"time":"October 1, 8:37 am","ts":1664593644,"status":200,"resp_time":0.050484}
{"time":"October 1, 10:28 am","ts":1664600332,"status":200,"resp_time":0.025751}
{"time":"October 1, 11:34 am","ts":1664604295,"status":200,"resp_time":0.168912}
{"time":"October 1, 12:19 pm","ts":1664606974,"status":200,"resp_time":0.183397}
{"time":"October 1, 12:44 pm","ts":1664608465,"status":200,"resp_time":0.025948}
{"time":"October 1, 1:11 pm","ts":1664610084,"status":200,