{"time":"October 11, 3:22 am","ts":1665438734,"status":200,"resp_time":0.151958}
{"time":"October 11, 3:51 am","ts":1665440512,"status":200,"resp_time":0.401318}
{"time":"October 11, 4:18 am","ts":1665442103,"status":200,"resp_time":0.382153}
{"time":"October 11, 4:29 am","ts":1665442774,"status":200,"resp_time":0.19565}
{"time":"October 11, 5:05 am","ts":1665444932,"status":200,"resp_time":0.021845}
{"time":"October 11, 5:27 am","ts":1665446246,"status":200,"resp_time":0.177365}
{"time":"October 11, 8:01 am","ts":1665455473,"status":200,"resp_time":0.041943}
{"time":"October 11, 9:56 am","ts":1665462380,"status":200,"resp_time":0.024605}
{"time":"October 11, 11:17 am","ts":1665467263,"status":200,"resp_time":0.025695}
{"time":"October 11, 12:00 pm","ts":1665469835,"status":200,"resp_time":0.186202}
{"time":"October 11, 12:52 pm","ts":1665472940,"status":200,"resp_time":0.024223}
{"time":"October 11, 1:30 pm","ts":1665475222,"status":200,"resp_time":0.040381}
{"time":"October 11, 2:15 pm","ts":1665477910,"status":200,"resp_time":0.04159}
{"time":"October 11, 2:40 pm","ts":1665479414,"status":200,"resp_time":0.025674}
{"time":"October 11, 3:14 pm","ts":1665481485,"status":200,"resp_time":0.041725}
{"time":"October 11, 3:29 pm","ts":1665482393,"status":200,"resp_time":0.396806}
{"time":"October 11, 4:03 pm","ts":1665484411,"status":200,"resp_time":0.025116}
{"time":"October 11, 4:25 pm","ts":1665485740,"status":200,"resp_time":0.185037}
{"time":"October 11, 4:48 pm","ts":1665487123,"status":200,"resp_time":0.206251}
{"time":"October 11, 5:08 pm","ts":1665488289,"status":200,"resp_time":0.047728}
{"time":"October 11, 5:21 pm","ts":1665489071,"status":200,"resp_time":0.044199}
{"time":"October 11, 6:12 pm","ts":1665492151,"status":200,"resp_time":0.184704}
{"time":"October 11, 7:12 pm","ts":1665495758,"status":200,"resp_time":0.024592}
{"time":"October 11, 7:51 pm","ts":1665498118,"status":200,"resp_time":0.059047}
{"time":"October 11, 8:23 pm","ts":1665499998,"status":200,"resp_time":0.389376}
{"time":"October 11, 8:53 pm","ts":1665501839,"status":200,"resp_time":0.175321}
{"time":"October 11, 9:22 pm","ts":1665503532,"status":200,"resp_time":0.023232}
{"time":"October 11, 10:01 pm","ts":1665505917,"status":200,"resp_time":0.020398}
{"time":"October 11, 10:44 pm","ts":1665508492,"status":200,"resp_time":0.041623}
{"time":"October 11, 11:18 pm","ts":1665510502,"status":200,"resp_time":0.027524}
{"time":"October 11, 11:39 pm","ts":1665511762,"status":200,"resp_time":0.174869}
{"time":"October 12, 12:17 am","ts":1665514029,"status":200,"resp_time":0.043224}
{"time":"October 12, 12:39 am","ts":1665515361,"status":200,"resp_time":0.047586}
{"time":"October 12, 1:03 am","ts":1665516795,"status":200,"resp_time":0.46994}
{"time":"October 12, 1:20 am","ts":1665517806,"status":200,"resp_time":0.403075}
{"time":"October 12, 1:30 am","ts":1665518437,"status":200,"resp_time":0.119462}
{"time":"October 12, 2:06 am","ts":1665520598,"status":200,"resp_time":0.02622}
{"time":"October 12, 2:26 am","ts":1665521783,"status":200,"resp_time":0.045673}
{"time":"October 12, 2:53 am","ts":1665523429,"status":200,"resp_time":0.21132}
{"time":"October 12, 3:16 am","ts":1665524818,"status":200,"resp_time":0.356257}
{"time":"October 12, 3:28 am","ts":1665525525,"status":200,"resp_time":0.409597}
{"time":"October 12, 4:00 am","ts":1665527459,"status":200,"resp_time":0.362749}
{"time":"October 12, 4:25 am","ts":1665528937,"status":200,"resp_time":0.041459}
{"time":"October 12, 4:57 am","ts":1665530836,"status":200,"resp_time":0.042894}
{"time":"October 12, 5:24 am","ts":1665532456,"status":200,"resp_time":0.197212}
{"time":"October 12, 7:40 am","ts":1665540611,"status":200,"resp_time":0.024534}
{"time":"October 12, 9:42 am","ts":1665547930,"status":200,"resp_time":0.021277}
{"time":"October 12, 10:54 am","ts":1665552285,"status":200,"resp_time":0.401865}
{"time":"October 12, 11:32 am","ts":1665554574,"status":200,"resp_time":0.210522}
{"time":"October 12, 12:19 pm","ts":1665557364,"status":200,"resp_time":0.195266}
{"time":"October 12, 12:46 pm","ts":1665559007,"status":200,"resp_time":0.199412}
{"time":"October 12, 1:15 pm","ts":1665560734,"status":200,"resp_time":0.022827}
{"time":"October 12, 1:29 pm","ts":1665561543,"status":200,"resp_time":0.469989}
{"time":"October 12, 2:06 pm","ts":1665563813,"status":200,"resp_time":0.04558}
{"time":"October 12, 2:30 pm","ts":1665565234,"status":200,"resp_time":0.391116}
{"time":"October 12, 3:07 pm","ts":1665567468,"status":200,"resp_time":0.469554}
{"time":"October 12, 3:28 pm","ts":1665568696,"status":200,"resp_time":0.062532}
{"time":"October 12, 4:03 pm","ts":1665570809,"status":200,"resp_time":0.020995}
{"time":"October 12, 4:27 pm","ts":1665572231,"status":200,"resp_time":0.153891}
{"time":"October 12, 4:55 pm","ts":1665573900,"status":200,"resp_time":0.385934}
{"time":"October 12, 5:13 pm","ts":1665575031,"status":200,"resp_time":0.042751}
{"time":"October 12, 5:26 pm","ts":1665575782,"status":200,"resp_time":0.0429}
{"time":"October 12, 6:19 pm","ts":1665578972,"status":200,"resp_time":0.188403}
{"time":"October 12, 7:13 pm","ts":1665582180,"status":200,"resp_time":0.026756}
{"time":"October 12, 7:58 pm","ts":1665584902,"status":200,"resp_time":0.466127}
{"time":"October 12, 8:28 pm","ts":1665586718,"status":200,"resp_time":0.17895}
{"time":"October 12, 9:05 pm","ts":1665588925,"status":200,"resp_time":0.227854}
{"time":"October 12, 9:31 pm","ts":1665590495,"status":200,"resp_time":0.046301}
{"time":"October 12, 10:30 pm","ts":1665594041,"status":200,"resp_time":0.214385}
{"time":"October 12, 11:22 pm","ts":1665597131,"status":200,"resp_time":0.223638}
{"time":"October 12, 11:59 pm","ts":1665599398,"status":200,"resp_time":0.043595}
{"time":"October 13, 12:31 am","ts":1665601274,"status":200,"resp_time":0.168305}
{"time":"October 13, 1:02 am","ts":1665603150,"status":200,"resp_time":0.463061}
{"time":"October 13, 1:20 am","ts":1665604245,"status":200,"resp_time":0.195601}
{"time":"October 13, 1:53 am","ts":1665606214,"status":200,"resp_time":0.400428}
{"time":"October 13, 2:19 am","ts":1665607759,"status":200,"resp_time":0.05141}
{"time":"October 13, 2:35 am","ts":1665608710,"status":200,"resp_time":0.024017}
{"time":"October 13, 3:02 am","ts":1665610329,"status":200,"resp_time":0.044592}
{"time":"October 13, 3:22 am","ts":1665611572,"status":200,"resp_time":0.387995}
{"time":"October 13, 3:50 am","ts":1665613240,"status":200,"resp_time":0.162858}
{"time":"October 13, 4:17 am","ts":1665614858,"status":200,"resp_time":0.142547}
{"time":"October 13, 4:29 am","ts":1665615558,"status":200,"resp_time":0.205159}
{"time":"October 13, 5:04 am","ts":1665617660,"status":200,"resp_time":0.447526}
{"time":"October 13, 5:26 am","ts":1665619002,"status":200,"resp_time":0.024835}
{"time":"October 13, 7:56 am","ts":1665628006,"status":200,"resp_time":0.042168}
{"time":"October 13, 9:57 am","ts":1665635230,"status":200,"resp_time":0.023735}
{"time":"October 13, 11:18 am","ts":1665640088,"status":200,"resp_time":0.026796}
{"time":"October 13, 12:00 pm","ts":1665642639,"status":200,"resp_time":0.384703}
{"time":"October 13, 12:50 pm","ts":1665645628,"status":200,"resp_time":0.191194}
{"time":"October 13, 1:23 pm","ts":1665647591,"status":200,"resp_time":0.158444}
{"time":"October 13, 1:57 pm","ts":1665649649,"status":200,"resp_time":0.196767}
