{"time":"August 6, 7:27 pm","ts":1659794260,"status":200,"resp_time":0.160343}
{"time":"August 6, 7:50 pm","ts":1659795603,"status":200,"resp_time":0.397131}
{"time":"August 6, 8:02 pm","ts":1659796335,"status":200,"resp_time":0.261969}
{"time":"August 6, 8:15 pm","ts":1659797144,"status":200,"resp_time":0.261482}
{"time":"August 6, 8:26 pm","ts":1659797779,"status":200,"resp_time":0.0793}
{"time":"August 6, 8:49 pm","ts":1659799151,"status":200,"resp_time":0.024476}
{"time":"August 6, 9:06 pm","ts":1659800197,"status":200,"resp_time":0.398425}
{"time":"August 6, 9:18 pm","ts":1659800918,"status":200,"resp_time":0.025502}
{"time":"August 6, 9:28 pm","ts":1659801536,"status":200,"resp_time":0.261553}
{"time":"August 6, 10:02 pm","ts":1659803549,"status":200,"resp_time":0.251259}
{"time":"August 6, 10:27 pm","ts":1659805035,"status":200,"resp_time":0.177307}
{"time":"August 6, 10:50 pm","ts":1659806432,"status":200,"resp_time":0.046285}
{"time":"August 6, 11:08 pm","ts":1659807522,"status":200,"resp_time":0.181636}
{"time":"August 6, 11:19 pm","ts":1659808140,"status":200,"resp_time":0.260492}
{"time":"August 6, 11:29 pm","ts":1659808776,"status":200,"resp_time":0.377362}
{"time":"August 6, 11:59 pm","ts":1659810554,"status":200,"resp_time":0.159125}
{"time":"August 7, 12:17 am","ts":1659811637,"status":200,"resp_time":0.042913}
{"time":"August 7, 12:27 am","ts":1659812253,"status":200,"resp_time":0.026259}
{"time":"August 7, 12:47 am","ts":1659813456,"status":200,"resp_time":0.042349}
{"time":"August 7, 12:58 am","ts":1659814082,"status":200,"resp_time":0.257443}
{"time":"August 7, 1:10 am","ts":1659814815,"status":200,"resp_time":0.299597}
{"time":"August 7, 1:20 am","ts":1659815439,"status":200,"resp_time":0.255365}
{"time":"August 7, 1:46 am","ts":1659817015,"status":200,"resp_time":0.02602}
{"time":"August 7, 2:03 am","ts":1659818002,"status":200,"resp_time":0.176804}
{"time":"August 7, 2:15 am","ts":1659818753,"status":200,"resp_time":0.187568}
{"time":"August 7, 2:26 am","ts":1659819375,"status":200,"resp_time":0.177242}
{"time":"August 7, 2:47 am","ts":1659820626,"status":200,"resp_time":0.027325}
{"time":"August 7, 3:01 am","ts":1659821506,"status":200,"resp_time":0.400394}
{"time":"August 7, 3:15 am","ts":1659822327,"status":200,"resp_time":0.046494}
{"time":"August 7, 3:25 am","ts":1659822947,"status":200,"resp_time":0.396861}
{"time":"August 7, 3:47 am","ts":1659824222,"status":200,"resp_time":0.17493}
{"time":"August 7, 4:03 am","ts":1659825203,"status":200,"resp_time":0.036322}
{"time":"August 7, 4:15 am","ts":1659825932,"status":200,"resp_time":0.172572}
{"time":"August 7, 4:25 am","ts":1659826559,"status":200,"resp_time":0.394725}
{"time":"August 7, 4:48 am","ts":1659827922,"status":200,"resp_time":0.028779}
{"time":"August 7, 5:04 am","ts":1659828862,"status":200,"resp_time":0.262082}
{"time":"August 7, 5:16 am","ts":1659829611,"status":200,"resp_time":0.281284}
{"time":"August 7, 5:27 am","ts":1659830239,"status":200,"resp_time":0.400153}
{"time":"August 7, 7:48 am","ts":1659838688,"status":200,"resp_time":0.184527}
{"time":"August 7, 9:03 am","ts":1659843191,"status":200,"resp_time":0.231794}
{"time":"August 7, 9:33 am","ts":1659844995,"status":200,"resp_time":0.405759}
{"time":"August 7, 10:07 am","ts":1659847066,"status":200,"resp_time":0.401912}
{"time":"August 7, 10:25 am","ts":1659848142,"status":200,"resp_time":0.042043}
{"time":"August 7, 10:45 am","ts":1659849344,"status":200,"resp_time":0.025842}
{"time":"August 7, 11:00 am","ts":1659850211,"status":200,"resp_time":0.174095}
{"time":"August 7, 11:11 am","ts":1659850861,"status":200,"resp_time":0.178713}
{"time":"August 7, 11:25 am","ts":1659851747,"status":200,"resp_time":0.179253}
{"time":"August 7, 11:52 am","ts":1659853320,"status":200,"resp_time":0.040742}
{"time":"August 7, 12:15 pm","ts":1659854736,"status":200,"resp_time":0.043665}
{"time":"August 7, 12:26 pm","ts":1659855368,"status":200,"resp_time":0.400052}
{"time":"August 7, 12:47 pm","ts":1659856649,"status":200,"resp_time":0.169475}
{"time":"August 7, 1:01 pm","ts":1659857477,"status":200,"resp_time":0.024172}
{"time":"August 7, 1:15 pm","ts":1659858336,"status":200,"resp_time":0.024563}
{"time":"August 7, 1:26 pm","ts":1659858964,"status":200,"resp_time":0.398361}
{"time":"August 7, 1:51 pm","ts":1659860514,"status":200,"resp_time":0.397324}
{"time":"August 7, 2:12 pm","ts":1659861739,"status":200,"resp_time":0.043402}
{"time":"August 7, 2:25 pm","ts":1659862529,"status":200,"resp_time":0.026518}
{"time":"August 7, 2:46 pm","ts":1659863772,"status":200,"resp_time":0.263086}
{"time":"August 7, 3:02 pm","ts":1659864732,"status":200,"resp_time":0.179983}
{"time":"August 7, 3:16 pm","ts":1659865564,"status":200,"resp_time":0.029681}
{"time":"August 7, 3:26 pm","ts":1659866196,"status":200,"resp_time":0.173521}
{"time":"August 7, 3:51 pm","ts":1659867672,"status":200,"resp_time":0.257181}
{"time":"August 7, 4:10 pm","ts":1659868830,"status":200,"resp_time":0.17826}
{"time":"August 7, 4:25 pm","ts":1659869730,"status":200,"resp_time":0.393296}
{"time":"August 7, 4:45 pm","ts":1659870903,"status":200,"resp_time":0.178001}
{"time":"August 7, 4:59 pm","ts":1659871762,"status":200,"resp_time":0.23527}
{"time":"August 7, 5:09 pm","ts":1659872399,"status":200,"resp_time":0.025294}
{"time":"August 7, 5:20 pm","ts":1659873039,"status":200,"resp_time":0.174345}
{"time":"August 7, 5:59 pm","ts":1659875348,"status":200,"resp_time":0.142604}
{"time":"August 7, 6:33 pm","ts":1659877419,"status":200,"resp_time":0.190001}
{"time":"August 7, 7:04 pm","ts":1659879240,"status":200,"resp_time":0.17404}
{"time":"August 7, 7:17 pm","ts":1659880057,"status":200,"resp_time":0.022306}
{"time":"August 7, 7:27 pm","ts":1659880675,"status":200,"resp_time":0.263575}
{"time":"August 7, 7:50 pm","ts":1659882017,"status":200,"resp_time":0.043492}
{"time":"August 7, 8:02 pm","ts":1659882730,"status":200,"resp_time":0.175648}
{"time":"August 7, 8:15 pm","ts":1659883535,"status":200,"resp_time":0.396271}
{"time":"August 7, 8:26 pm","ts":1659884162,"status":200,"resp_time":0.261977}
{"time":"August 7, 8:48 pm","ts":1659885507,"status":200,"resp_time":0.188788}
{"time":"August 7, 9:06 pm","ts":1659886591,"status":200,"resp_time":0.402829}
{"time":"August 7, 9:18 pm","ts":1659887331,"status":200,"resp_time":0.174419}
{"time":"August 7, 9:29 pm","ts":1659887946,"status":200,"resp_time":0.027968}
{"time":"August 7, 10:02 pm","ts":1659889927,"status":200,"resp_time":0.155415}
{"time":"August 7, 10:27 pm","ts":1659891423,"status":200,"resp_time":0.027364}
{"time":"August 7, 10:50 pm","ts":1659892810,"status":200,"resp_time":0.048631}
{"time":"August 7, 11:04 pm","ts":1659893689,"status":200,"resp_time":0.04374}
{"time":"August 7, 11:15 pm","ts":1659894335,"status":200,"resp_time":0.02789}
{"time":"August 7, 11:26 pm","ts":1659894967,"status":200,"resp_time":0.027394}
{"time":"August 7, 11:52 pm","ts":1659896570,"status":200,"resp_time":0.397375}
{"time":"August 8, 12:14 am","ts":1659897867,"status":200,"resp_time":0.176699}
{"time":"August 8, 12:25 am","ts":1659898532,"status":200,"resp_time":0.023627}
{"time":"August 8, 12:44 am","ts":1659899645,"status":200,"resp_time":0.171738}
{"time":"August 8, 12:57 am","ts":1659900426,"status":200,"resp_time":0.024176}
