{"time":"July 22, 11:52 pm","ts":1658514155,"status":200,"resp_time":0.293472}
{"time":"July 23, 12:02 am","ts":1658514729,"status":200,"resp_time":0.397038}
{"time":"July 23, 12:18 am","ts":1658515697,"status":200,"resp_time":0.168805}
{"time":"July 23, 12:28 am","ts":1658516339,"status":200,"resp_time":0.035921}
{"time":"July 23, 12:50 am","ts":1658517610,"status":200,"resp_time":0.043122}
{"time":"July 23, 1:00 am","ts":1658518253,"status":200,"resp_time":0.192029}
{"time":"July 23, 1:15 am","ts":1658519128,"status":200,"resp_time":0.257537}
{"time":"July 23, 1:25 am","ts":1658519750,"status":200,"resp_time":0.02265}
{"time":"July 23, 1:50 am","ts":1658521225,"status":200,"resp_time":0.191686}
{"time":"July 23, 2:11 am","ts":1658522492,"status":200,"resp_time":0.278818}
{"time":"July 23, 2:25 am","ts":1658523347,"status":200,"resp_time":0.396851}
{"time":"July 23, 2:46 am","ts":1658524592,"status":200,"resp_time":0.169972}
{"time":"July 23, 3:02 am","ts":1658525579,"status":200,"resp_time":0.380882}
{"time":"July 23, 3:16 am","ts":1658526385,"status":200,"resp_time":0.189529}
{"time":"July 23, 3:26 am","ts":1658526999,"status":200,"resp_time":0.024459}
{"time":"July 23, 3:50 am","ts":1658528449,"status":200,"resp_time":0.170394}
{"time":"July 23, 4:10 am","ts":1658529652,"status":200,"resp_time":0.038274}
{"time":"July 23, 4:25 am","ts":1658530531,"status":200,"resp_time":0.379493}
