{"time":"October 28, 5:27 am","ts":1666915028,"status":200,"resp_time":0.025429}
{"time":"October 28, 7:53 am","ts":1666923825,"status":200,"resp_time":0.407464}
{"time":"October 28, 9:24 am","ts":1666929246,"status":200,"resp_time":0.400123}
{"time":"October 28, 10:16 am","ts":1666932416,"status":200,"resp_time":0.042848}
{"time":"October 28, 10:48 am","ts":1666934336,"status":200,"resp_time":0.183481}
{"time":"October 28, 11:15 am","ts":1666935910,"status":200,"resp_time":0.176106}
{"time":"October 28, 11:26 am","ts":1666936606,"status":200,"resp_time":0.388802}
{"time":"October 28, 11:59 am","ts":1666938541,"status":200,"resp_time":0.043945}
{"time":"October 28, 12:23 pm","ts":1666940009,"status":200,"resp_time":0.02694}
{"time":"October 28, 12:46 pm","ts":1666941397,"status":200,"resp_time":0.154941}
{"time":"October 28, 1:02 pm","ts":1666942353,"status":200,"resp_time":0.027037}
{"time":"October 28, 1:15 pm","ts":1666943143,"status":200,"resp_time":0.026708}
{"time":"October 28, 1:26 pm","ts":1666943770,"status":200,"resp_time":0.470855}
{"time":"October 28, 2:01 pm","ts":1666945911,"status":200,"resp_time":0.045479}
{"time":"October 28, 2:27 pm","ts":1666947431,"status":200,"resp_time":0.043198}
{"time":"October 28, 2:55 pm","ts":1666949105,"status":200,"resp_time":0.392245}
{"time":"October 28, 3:13 pm","ts":1666950198,"status":200,"resp_time":0.026184}
{"time":"October 28, 3:25 pm","ts":1666950936,"status":200,"resp_time":0.023972}
{"time":"October 28, 3:51 pm","ts":1666952503,"status":200,"resp_time":0.385721}
{"time":"October 28, 4:14 pm","ts":1666953896,"status":200,"resp_time":0.043791}
{"time":"October 28, 4:25 pm","ts":1666954552,"status":200,"resp_time":0.180804}
{"time":"October 28, 4:47 pm","ts":1666955869,"status":200,"resp_time":0.182718}
{"time":"October 28, 5:03 pm","ts":1666956834,"status":200,"resp_time":0.38202}
{"time":"October 28, 5:15 pm","ts":1666957556,"status":200,"resp_time":0.034143}
{"time":"October 28, 5:26 pm","ts":1666958181,"status":200,"resp_time":0.172867}
{"time":"October 28, 6:18 pm","ts":1666961284,"status":200,"resp_time":0.058665}
{"time":"October 28, 7:09 pm","ts":1666964368,"status":200,"resp_time":0.180753}
{"time":"October 28, 7:44 pm","ts":1666966485,"status":200,"resp_time":0.024366}
{"time":"October 28, 8:10 pm","ts":1666968053,"status":200,"resp_time":0.125811}
{"time":"October 28, 8:25 pm","ts":1666968946,"status":200,"resp_time":0.218098}
{"time":"October 28, 8:51 pm","ts":1666970496,"status":200,"resp_time":0.025801}
{"time":"October 28, 9:16 pm","ts":1666972000,"status":200,"resp_time":0.681292}
{"time":"October 28, 9:27 pm","ts":1666972674,"status":200,"resp_time":0.362587}
{"time":"October 28, 10:04 pm","ts":1666974843,"status":200,"resp_time":0.386375}
{"time":"October 28, 10:31 pm","ts":1666976512,"status":200,"resp_time":0.02681}
{"time":"October 28, 11:03 pm","ts":1666978410,"status":200,"resp_time":0.331356}
{"time":"October 28, 11:20 pm","ts":1666979432,"status":200,"resp_time":0.107926}
{"time":"October 28, 11:53 pm","ts":1666981437,"status":200,"resp_time":0.032584}
{"time":"October 29, 12:18 am","ts":1666982913,"status":200,"resp_time":0.178777}
{"time":"October 29, 12:29 am","ts":1666983570,"status":200,"resp_time":0.330385}
{"time":"October 29, 12:51 am","ts":1666984862,"status":200,"resp_time":0.109923}
{"time":"October 29, 1:07 am","ts":1666985829,"status":200,"resp_time":0.168456}
{"time":"October 29, 1:17 am","ts":1666986459,"status":200,"resp_time":0.116716}
{"time":"October 29, 1:27 am","ts":1666987077,"status":200,"resp_time":0.040491}
{"time":"October 29, 1:58 am","ts":1666988903,"status":200,"resp_time":0.105567}
{"time":"October 29, 2:16 am","ts":1666989979,"status":200,"resp_time":0.111268}
{"time":"October 29, 2:26 am","ts":1666990597,"status":200,"resp_time":0.023199}
{"time":"October 29, 2:49 am","ts":1666991989,"status":200,"resp_time":0.381753}
{"time":"October 29, 3:06 am","ts":1666992977,"status":200,"resp_time":0.329749}
{"time":"October 29, 3:18 am","ts":1666993705,"status":200,"resp_time":0.038886}
{"time":"October 29, 3:28 am","ts":1666994319,"status":200,"resp_time":0.05071}
{"time":"October 29, 3:56 am","ts":1666995977,"status":200,"resp_time":0.031088}
{"time":"October 29, 4:14 am","ts":1666997043,"status":200,"resp_time":0.021054}
{"time":"October 29, 4:25 am","ts":1666997729,"status":200,"resp_time":0.129759}
{"time":"October 29, 4:52 am","ts":1666999345,"status":200,"resp_time":0.194465}
{"time":"October 29, 5:15 am","ts":1667000703,"status":200,"resp_time":0.333737}
{"time":"October 29, 5:26 am","ts":1667001381,"status":200,"resp_time":0.326245}
{"time":"October 29, 7:24 am","ts":1667008478,"status":200,"resp_time":0.108676}
{"time":"October 29, 9:05 am","ts":1667014552,"status":200,"resp_time":0.307088}
{"time":"October 29, 9:49 am","ts":1667017155,"status":200,"resp_time":0.310763}
{"time":"October 29, 10:26 am","ts":1667019372,"status":200,"resp_time":0.301934}
{"time":"October 29, 10:53 am","ts":1667021036,"status":200,"resp_time":0.167822}
{"time":"October 29, 11:13 am","ts":1667022196,"status":200,"resp_time":0.322458}
{"time":"October 29, 11:25 am","ts":1667022935,"status":200,"resp_time":0.163899}
{"time":"October 29, 11:54 am","ts":1667024640,"status":200,"resp_time":0.025141}
{"time":"October 29, 12:18 pm","ts":1667026119,"status":200,"resp_time":0.317734}
{"time":"October 29, 12:29 pm","ts":1667026758,"status":200,"resp_time":0.107097}
{"time":"October 29, 12:53 pm","ts":1667028216,"status":200,"resp_time":0.359533}
{"time":"October 29, 1:08 pm","ts":1667029108,"status":200,"resp_time":0.023737}
{"time":"October 29, 1:18 pm","ts":1667029736,"status":200,"resp_time":0.021523}
{"time":"October 29, 1:29 pm","ts":1667030355,"status":200,"resp_time":0.03656}
{"time":"October 29, 2:02 pm","ts":1667032365,"status":200,"resp_time":0.027601}
{"time":"October 29, 2:22 pm","ts":1667033569,"status":200,"resp_time":0.150131}
{"time":"October 29, 2:47 pm","ts":1667035049,"status":200,"resp_time":0.336843}
{"time":"October 29, 3:05 pm","ts":1667036143,"status":200,"resp_time":0.10503}
{"time":"October 29, 3:17 pm","ts":1667036878,"status":200,"resp_time":0.10575}
{"time":"October 29, 3:28 pm","ts":1667037507,"status":200,"resp_time":0.326451}
{"time":"October 29, 3:58 pm","ts":1667039310,"status":200,"resp_time":0.149961}
{"time":"October 29, 4:16 pm","ts":1667040375,"status":200,"resp_time":0.146607}
{"time":"October 29, 4:26 pm","ts":1667040994,"status":200,"resp_time":0.028661}
{"time":"October 29, 4:47 pm","ts":1667042268,"status":200,"resp_time":0.144856}
{"time":"October 29, 5:01 pm","ts":1667043098,"status":200,"resp_time":0.159087}
{"time":"October 29, 5:15 pm","ts":1667043948,"status":200,"resp_time":0.157033}
{"time":"October 29, 5:26 pm","ts":1667044575,"status":200,"resp_time":0.025829}
{"time":"October 29, 6:07 pm","ts":1667047074,"status":200,"resp_time":0.046883}
{"time":"October 29, 6:45 pm","ts":1667049350,"status":200,"resp_time":0.108044}
{"time":"October 29, 7:13 pm","ts":1667051021,"status":200,"resp_time":0.368108}
{"time":"October 29, 7:25 pm","ts":1667051733,"status":200,"resp_time":0.040197}
{"time":"October 29, 8:05 pm","ts":1667054141,"status":200,"resp_time":0.67714}
{"time":"October 29, 8:17 pm","ts":1667054832,"status":200,"resp_time":0.023468}
{"time":"October 29, 8:27 pm","ts":1667055456,"status":200,"resp_time":0.044516}
{"time":"October 29, 9:13 pm","ts":1667058229,"status":200,"resp_time":0.379745}
{"time":"October 29, 9:56 pm","ts":1667060764,"status":200,"resp_time":0.0243}
{"time":"October 29, 10:25 pm","ts":1667062550,"status":200,"resp_time":0.14432}
{"time":"October 29, 10:50 pm","ts":1667064021,"status":200,"resp_time":0.318758}
{"time":"October 29, 11:12 pm","ts":1667065320,"status":200,"resp_time":0.137694}
{"time":"October 29, 11:25 pm","ts":1667066136,"status":200,"resp_time":0.040081}
{"time":"October 29, 11:53 pm","ts":1667067786,"status":200,"resp_time":0.137223}
{"time":"October 30, 12:16 am",