{"time":"August 5, 4:57 am","ts":1659655623,"status":200,"resp_time":0.155369}
{"time":"August 5, 5:11 am","ts":1659656482,"status":200,"resp_time":0.203501}
{"time":"August 5, 5:25 am","ts":1659657352,"status":200,"resp_time":0.393637}
{"time":"August 5, 7:21 am","ts":1659664287,"status":200,"resp_time":0.398804}
{"time":"August 5, 9:13 am","ts":1659671035,"status":200,"resp_time":0.138283}
{"time":"August 5, 10:01 am","ts":1659673897,"status":200,"resp_time":0.053321}
{"time":"August 5, 10:49 am","ts":1659676767,"status":200,"resp_time":0.024206}
{"time":"August 5, 11:16 am","ts":1659678373,"status":200,"resp_time":0.403902}
{"time":"August 5, 11:26 am","ts":1659678992,"status":200,"resp_time":0.261389}
{"time":"August 5, 11:55 am","ts":1659680755,"status":200,"resp_time":0.026624}
{"time":"August 5, 12:19 pm","ts":1659682141,"status":200,"resp_time":0.392634}
{"time":"August 5, 12:29 pm","ts":1659682763,"status":200,"resp_time":0.042076}
{"time":"August 5, 12:53 pm","ts":1659684188,"status":200,"resp_time":0.181296}
{"time":"August 5, 1:08 pm","ts":1659685090,"status":200,"resp_time":0.178709}
{"time":"August 5, 1:18 pm","ts":1659685719,"status":200,"resp_time":0.393494}
{"time":"August 5, 1:28 pm","ts":1659686330,"status":200,"resp_time":0.188611}
{"time":"August 5, 1:59 pm","ts":1659688193,"status":200,"resp_time":0.041776}
{"time":"August 5, 2:17 pm","ts":1659689265,"status":200,"resp_time":0.085897}
{"time":"August 5, 2:28 pm","ts":1659689887,"status":200,"resp_time":0.025093}
{"time":"August 5, 2:54 pm","ts":1659691442,"status":200,"resp_time":0.283838}
{"time":"August 5, 3:10 pm","ts":1659692440,"status":200,"resp_time":0.175535}
{"time":"August 5, 3:25 pm","ts":1659693345,"status":200,"resp_time":0.395208}
{"time":"August 5, 3:49 pm","ts":1659694790,"status":200,"resp_time":0.208487}
{"time":"August 5, 4:08 pm","ts":1659695897,"status":200,"resp_time":0.024363}
{"time":"August 5, 4:19 pm","ts":1659696586,"status":200,"resp_time":0.030238}
{"time":"August 5, 4:30 pm","ts":1659697202,"status":200,"resp_time":0.280845}
{"time":"August 5, 4:52 pm","ts":1659698533,"status":200,"resp_time":0.301627}
{"time":"August 5, 5:09 pm","ts":1659699552,"status":200,"resp_time":0.275036}
{"time":"August 5, 5:19 pm","ts":1659700178,"status":200,"resp_time":0.343934}
{"time":"August 5, 5:29 pm","ts":1659700793,"status":200,"resp_time":0.402292}
{"time":"August 5, 6:22 pm","ts":1659703972,"status":200,"resp_time":0.277821}
{"time":"August 5, 7:11 pm","ts":1659706869,"status":200,"resp_time":0.30448}
{"time":"August 5, 7:31 pm","ts":1659708094,"status":200,"resp_time":0.276851}
{"time":"August 5, 7:58 pm","ts":1659709718,"status":200,"resp_time":0.150805}
{"time":"August 5, 8:13 pm","ts":1659710594,"status":200,"resp_time":0.044624}
{"time":"August 5, 8:25 pm","ts":1659711341,"status":200,"resp_time":0.02286}
{"time":"August 5, 8:49 pm","ts":1659712778,"status":200,"resp_time":0.026118}
{"time":"August 5, 9:10 pm","ts":1659714027,"status":200,"resp_time":0.175656}
{"time":"August 5, 9:22 pm","ts":1659714769,"status":200,"resp_time":0.174794}
{"time":"August 5, 9:55 pm","ts":1659716749,"status":200,"resp_time":0.026187}
{"time":"August 5, 10:32 pm","ts":1659718938,"status":200,"resp_time":0.17528}
{"time":"August 5, 11:05 pm","ts":1659720917,"status":200,"resp_time":0.398923}
{"time":"August 5, 11:21 pm","ts":1659721897,"status":200,"resp_time":0.042847}
{"time":"August 5, 11:52 pm","ts":1659723735,"status":200,"resp_time":0.201841}
{"time":"August 6, 12:16 am","ts":1659725160,"status":200,"resp_time":0.04576}
{"time":"August 6, 12:27 am","ts":1659725847,"status":200,"resp_time":0.025185}
{"time":"August 6, 12:48 am","ts":1659727121,"status":200,"resp_time":0.190789}
{"time":"August 6, 1:01 am","ts":1659727861,"status":200,"resp_time":0.046262}
{"time":"August 6, 1:15 am","ts":1659728754,"status":200,"resp_time":0.027957}
{"time":"August 6, 1:26 am","ts":1659729368,"status":200,"resp_time":0.025591}
{"time":"August 6, 1:50 am","ts":1659730818,"status":200,"resp_time":0.042489}
{"time":"August 6, 2:10 am","ts":1659732058,"status":200,"resp_time":0.158615}
{"time":"August 6, 2:25 am","ts":1659732949,"status":200,"resp_time":0.145757}
{"time":"August 6, 2:46 am","ts":1659734168,"status":200,"resp_time":0.284388}
{"time":"August 6, 3:01 am","ts":1659735100,"status":200,"resp_time":0.371097}
{"time":"August 6, 3:15 am","ts":1659735930,"status":200,"resp_time":0.283724}
{"time":"August 6, 3:25 am","ts":1659736549,"status":200,"resp_time":0.400788}
{"time":"August 6, 3:47 am","ts":1659737865,"status":200,"resp_time":0.301493}
{"time":"August 6, 4:04 am","ts":1659738896,"status":200,"resp_time":0.396075}
{"time":"August 6, 4:16 am","ts":1659739576,"status":200,"resp_time":0.175028}
{"time":"August 6, 4:26 am","ts":1659740189,"status":200,"resp_time":0.042669}
{"time":"August 6, 4:49 am","ts":1659741574,"status":200,"resp_time":0.277942}
{"time":"August 6, 5:04 am","ts":1659742495,"status":200,"resp_time":0.043426}
{"time":"August 6, 5:16 am","ts":1659743184,"status":200,"resp_time":0.192148}
{"time":"August 6, 5:26 am","ts":1659743813,"status":200,"resp_time":0.220381}
{"time":"August 6, 7:30 am","ts":1659751232,"status":200,"resp_time":0.396686}
{"time":"August 6, 8:56 am","ts":1659756411,"status":200,"resp_time":0.04884}
{"time":"August 6, 9:29 am","ts":1659758364,"status":200,"resp_time":0.175162}
{"time":"August 6, 10:02 am","ts":1659760369,"status":200,"resp_time":0.267814}
{"time":"August 6, 10:23 am","ts":1659761636,"status":200,"resp_time":0.045311}
{"time":"August 6, 10:44 am","ts":1659762894,"status":200,"resp_time":0.261419}
{"time":"August 6, 11:00 am","ts":1659763822,"status":200,"resp_time":0.396873}
{"time":"August 6, 11:15 am","ts":1659764748,"status":200,"resp_time":0.02437}
{"time":"August 6, 11:26 am","ts":1659765363,"status":200,"resp_time":0.057198}
{"time":"August 6, 11:52 am","ts":1659766974,"status":200,"resp_time":0.027734}
{"time":"August 6, 12:15 pm","ts":1659768327,"status":200,"resp_time":0.260125}
{"time":"August 6, 12:25 pm","ts":1659768951,"status":200,"resp_time":0.025181}
{"time":"August 6, 12:46 pm","ts":1659770216,"status":200,"resp_time":0.25572}
{"time":"August 6, 1:01 pm","ts":1659771091,"status":200,"resp_time":0.416366}
{"time":"August 6, 1:15 pm","ts":1659771933,"status":200,"resp_time":0.260983}
{"time":"August 6, 1:26 pm","ts":1659772566,"status":200,"resp_time":0.180262}
{"time":"August 6, 1:52 pm","ts":1659774170,"status":200,"resp_time":0.19044}
{"time":"August 6, 2:13 pm","ts":1659775412,"status":200,"resp_time":0.402033}
{"time":"August 6, 2:25 pm","ts":1659776142,"status":200,"resp_time":0.156684}
{"time":"August 6, 2:46 pm","ts":1659777385,"status":200,"resp_time":0.042072}
{"time":"August 6, 3:02 pm","ts":1659778347,"status":200,"resp_time":0.20518}
{"time":"August 6, 3:15 pm","ts":1659779149,"status":200,"resp_time":0.395127}
{"time":"August 6, 3:26 pm","ts":1659779767,"status":200,"resp_time":0.398407}
{"time":"August 6, 3:49 pm","ts":1659781184,"status":200,"resp_time":0.171939}
{"time":"August 6, 4:06 pm","ts":1659782219,"status":200,"resp_time":0.180111}
{"time":"August 6, 4:17 pm","ts":1659782875,"status":200,"resp_time":0.402609}
{"time":"August 6, 4:28 pm","ts":1659783493,"status":200,"resp_time":0.174534}
