{"time":"August 4, 12:30 pm","ts":1659596408,"status":200,"resp_time":0.174118}
{"time":"August 4, 12:53 pm","ts":1659597795,"status":200,"resp_time":0.043689}
{"time":"August 4, 1:08 pm","ts":1659598713,"status":200,"resp_time":0.189316}
{"time":"August 4, 1:18 pm","ts":1659599333,"status":200,"resp_time":0.027403}
{"time":"August 4, 1:29 pm","ts":1659599955,"status":200,"resp_time":0.174264}
{"time":"August 4, 2:04 pm","ts":1659602085,"status":200,"resp_time":0.161451}
{"time":"August 4, 2:24 pm","ts":1659603287,"status":200,"resp_time":0.043667}
{"time":"August 4, 2:46 pm","ts":1659604561,"status":200,"resp_time":0.176693}
{"time":"August 4, 3:03 pm","ts":1659605612,"status":200,"resp_time":0.159189}
{"time":"August 4, 3:16 pm","ts":1659606406,"status":200,"resp_time":0.030113}
{"time":"August 4, 3:27 pm","ts":1659607025,"status":200,"resp_time":0.02472}
{"time":"August 4, 3:54 pm","ts":1659608694,"status":200,"resp_time":0.179246}
{"time":"August 4, 4:14 pm","ts":1659609849,"status":200,"resp_time":0.044516}
{"time":"August 4, 4:25 pm","ts":1659610534,"status":200,"resp_time":0.186426}
{"time":"August 4, 4:45 pm","ts":1659611712,"status":200,"resp_time":0.257565}
{"time":"August 4, 5:00 pm","ts":1659612600,"status":200,"resp_time":0.038477}
{"time":"August 4, 5:10 pm","ts":1659613251,"status":200,"resp_time":0.19934}
{"time":"August 4, 5:25 pm","ts":1659614131,"status":200,"resp_time":0.079457}
{"time":"August 4, 6:05 pm","ts":1659616550,"status":200,"resp_time":0.385701}
{"time":"August 4, 6:51 pm","ts":1659619304,"status":200,"resp_time":0.174258}
{"time":"August 4, 7:24 pm","ts":1659621244,"status":200,"resp_time":0.026578}
{"time":"August 4, 7:44 pm","ts":1659622493,"status":200,"resp_time":0.28324}
{"time":"August 4, 8:00 pm","ts":1659623451,"status":200,"resp_time":0.257921}
{"time":"August 4, 8:15 pm","ts":1659624332,"status":200,"resp_time":0.041902}
{"time":"August 4, 8:25 pm","ts":1659624950,"status":200,"resp_time":0.180654}
{"time":"August 4, 8:51 pm","ts":1659626517,"status":200,"resp_time":0.399125}
{"time":"August 4, 9:15 pm","ts":1659627904,"status":200,"resp_time":0.282719}
{"time":"August 4, 9:26 pm","ts":1659628564,"status":200,"resp_time":0.042288}
{"time":"August 4, 9:59 pm","ts":1659630597,"status":200,"resp_time":0.023171}
{"time":"August 4, 10:32 pm","ts":1659632567,"status":200,"resp_time":0.161804}
{"time":"August 4, 11:03 pm","ts":1659634414,"status":200,"resp_time":0.180539}
{"time":"August 4, 11:20 pm","ts":1659635447,"status":200,"resp_time":0.046488}
{"time":"August 4, 11:51 pm","ts":1659637262,"status":200,"resp_time":0.172831}
{"time":"August 5, 12:16 am","ts":1659638815,"status":200,"resp_time":0.042347}
{"time":"August 5, 12:27 am","ts":1659639448,"status":200,"resp_time":0.400358}
{"time":"August 5, 12:48 am","ts":1659640730,"status":200,"resp_time":0.042698}
{"time":"August 5, 1:00 am","ts":1659641451,"status":200,"resp_time":0.026684}
{"time":"August 5, 1:15 am","ts":1659642335,"status":200,"resp_time":0.395676}
{"time":"August 5, 1:25 am","ts":1659642957,"status":200,"resp_time":0.021678}
{"time":"August 5, 1:50 am","ts":1659644436,"status":200,"resp_time":0.046457}
{"time":"August 5, 2:10 am","ts":1659645649,"status":200,"resp_time":0.045227}
{"time":"August 5, 2:25 am","ts":1659646542,"status":200,"resp_time":0.166973}
{"time":"August 5, 2:46 am","ts":1659647780,"status":200,"resp_time":0.198375}
{"time":"August 5, 3:02 am","ts":1659648745,"status":200,"resp_time":0.041933}
{"time":"August 5, 3:17 am","ts":1659649628,"status":200,"resp_time":0.3821}
{"time":"August 5, 3:27 am","ts":1659650260,"status":200,"resp_time":0.175315}
{"time":"August 5, 3:52 am","ts":1659651752,"status":200,"resp_time":0.260341}
{"time":"August 5, 4:09 am","ts":1659652792,"status":200,"resp_time":0.042098}
{"time":"August 5, 4:20 am","ts":1659653411,"status":200,"resp_time":0.028869}
{"time":"August 5, 4:31 am","ts":1659654111,"status":200,"resp_time":0.023655}
{"time":"August 5, 4:57 am","ts":1659655623,"status":200,"resp_time":0.155369}
{"time":"August 5, 5:11 am","ts":1659656482,"status":200,"resp_time":0.203501}
{"time":"August 5, 5:25 am","ts":1659657352,"status":200,"resp_time":0.393637}
{"time":"August 5, 7:21 am","ts":1659664287,"status":200,"resp_time":0.398804}
{"time":"August 5, 9:13 am","ts":1659671035,"status":200,"resp_time":0.138283}
{"time":"August 5, 10:01 am","ts":1659673897,"status":200,"resp_time":0.053321}
{"time":"August 5, 10:49 am","ts":1659676767,"status":200,"resp_time":0.024206}
{"time":"August 5, 11:16 am","ts":1659678373,"status":200,"resp_time":0.403902}
{"time":"August 5, 11:26 am","ts":1659678992,"status":200,"resp_time":0.261389}
{"time":"August 5, 11:55 am","ts":1659680755,"status":200,"resp_time":0.026624}
{"time":"August 5, 12:19 pm","ts":1659682141,"status":200,"resp_time":0.392634}
{"time":"August 5, 12:29 pm","ts":1659682763,"status":200,"resp_time":0.042076}
{"time":"August 5, 12:53 pm","ts":1659684188,"status":200,"resp_time":0.181296}
{"time":"August 5, 1:08 pm","ts":1659685090,"status":200,"resp_time":0.178709}
{"time":"August 5, 1:18 pm","ts":1659685719,"status":200,"resp_time":0.393494}
{"time":"August 5, 1:28 pm","ts":1659686330,"status":200,"resp_time":0.188611}
{"time":"August 5, 1:59 pm","ts":1659688193,"status":200,"resp_time":0.041776}
{"time":"August 5, 2:17 pm","ts":1659689265,"status":200,"resp_time":0.085897}
{"time":"August 5, 2:28 pm","ts":1659689887,"status":200,"resp_time":0.025093}
{"time":"August 5, 2:54 pm","ts":1659691442,"status":200,"resp_time":0.283838}
{"time":"August 5, 3:10 pm","ts":1659692440,"status":200,"resp_time":0.175535}
{"time":"August 5, 3:25 pm","ts":1659693345,"status":200,"resp_time":0.395208}
{"time":"August 5, 3:49 pm","ts":1659694790,"status":200,"resp_time":0.208487}
{"time":"August 5, 4:08 pm","ts":1659695897,"status":200,"resp_time":0.024363}
{"time":"August 5, 4:19 pm","ts":1659696586,"status":200,"resp_time":0.030238}
{"time":"August 5, 4:30 pm","ts":1659697202,"status":200,"resp_time":0.280845}
{"time":"August 5, 4:52 pm","ts":1659698533,"status":200,"resp_time":0.301627}
{"time":"August 5, 5:09 pm","ts":1659699552,"status":200,"resp_time":0.275036}
{"time":"August 5, 5:19 pm","ts":1659700178,"status":200,"resp_time":0.343934}
{"time":"August 5, 5:29 pm","ts":1659700793,"status":200,"resp_time":0.402292}
{"time":"August 5, 6:22 pm","ts":1659703972,"status":200,"resp_time":0.277821}
{"time":"August 5, 7:11 pm","ts":1659706869,"status":200,"resp_time":0.30448}
{"time":"August 5, 7:31 pm","ts":1659708094,"status":200,"resp_time":0.276851}
{"time":"August 5, 7:58 pm","ts":1659709718,"status":200,"resp_time":0.150805}
{"time":"August 5, 8:13 pm","ts":1659710594,"status":200,"resp_time":0.044624}
{"time":"August 5, 8:25 pm","ts":1659711341,"status":200,"resp_time":0.02286}
{"time":"August 5, 8:49 pm","ts":1659712778,"status":200,"resp_time":0.026118}
{"time":"August 5, 9:10 pm","ts":1659714027,"status":200,"resp_time":0.175656}
{"time":"August 5, 9:22 pm","ts":1659714769,"status":200,"resp_time":0.174794}
{"time":"August 5, 9:55 pm","ts":1659716749,"status":200,"resp_time":0.026187}
{"time":"August 5, 10:32 pm","ts":1659718938,"status":200,"resp_time":0.17528}
{"time":"August 5, 11:05 pm","ts":1659720917,"status":200,"resp_time":0.398923}
{"time":"August 5, 11:21 pm","ts":1659721897,"status":200,"resp_time":0.042847}
{"time":"August 5, 11:52 pm","ts":1659723735,"status":200,"resp_time":0.201841}
{"time":"August 6, 12:16 am","ts":1659725160,"status":200,"resp_time":0.04576}
{"time":"August 6, 12:27 am","ts":1659725847,"status":200,"resp_time":0.025185}
{"time":"August 6, 12:48 am","ts":1659727121,"status":200,"resp_time":0.190789}
{"time":"August 6, 1:01 am","ts":1659727861,"status":200,"resp_time":0.046262}
{"time":"August 6, 1:15 am","ts":1659728754,"status":200,"resp_time":0.027957}
