{"time":"October 5, 2:34 am","ts":1664917493,"status":200,"resp_time":0.388812}
{"time":"October 5, 3:01 am","ts":1664919062,"status":200,"resp_time":0.027776}
{"time":"October 5, 3:21 am","ts":1664920295,"status":200,"resp_time":0.022387}
{"time":"October 5, 3:50 am","ts":1664922044,"status":200,"resp_time":0.380246}
{"time":"October 5, 4:17 am","ts":1664923654,"status":200,"resp_time":0.393104}
{"time":"October 5, 4:29 am","ts":1664924376,"status":200,"resp_time":0.023598}
{"time":"October 5, 5:04 am","ts":1664926461,"status":200,"resp_time":0.371872}
{"time":"October 5, 5:26 am","ts":1664927804,"status":200,"resp_time":0.022912}
{"time":"October 5, 7:42 am","ts":1664935923,"status":200,"resp_time":0.399992}
{"time":"October 5, 9:17 am","ts":1664941657,"status":200,"resp_time":0.196811}
{"time":"October 5, 10:00 am","ts":1664944254,"status":200,"resp_time":0.406792}
{"time":"October 5, 11:01 am","ts":1664947869,"status":200,"resp_time":0.18877}
{"time":"October 5, 11:47 am","ts":1664950654,"status":200,"resp_time":0.043423}
{"time":"October 5, 12:31 pm","ts":1664953317,"status":200,"resp_time":0.042067}
{"time":"October 5, 1:12 pm","ts":1664955767,"status":200,"resp_time":0.209746}
{"time":"October 5, 1:29 pm","ts":1664956769,"status":200,"resp_time":0.046346}
{"time":"October 5, 2:06 pm","ts":1664958984,"status":200,"resp_time":0.037309}
{"time":"October 5, 2:28 pm","ts":1664960323,"status":200,"resp_time":0.375593}
{"time":"October 5, 3:01 pm","ts":1664962311,"status":200,"resp_time":0.435231}
{"time":"October 5, 3:26 pm","ts":1664963760,"status":200,"resp_time":0.38804}
{"time":"October 5, 3:56 pm","ts":1664965579,"status":200,"resp_time":0.023828}
{"time":"October 5, 4:21 pm","ts":1664967075,"status":200,"resp_time":0.022523}
{"time":"October 5, 4:47 pm","ts":1664968679,"status":200,"resp_time":0.44503}
{"time":"October 5, 5:08 pm","ts":1664969884,"status":200,"resp_time":0.170573}
{"time":"October 5, 5:20 pm","ts":1664970657,"status":200,"resp_time":0.125698}
{"time":"October 5, 6:11 pm","ts":1664973706,"status":200,"resp_time":0.450072}
{"time":"October 5, 7:30 pm","ts":1664978409,"status":200,"resp_time":0.027081}
{"time":"October 5, 8:15 pm","ts":1664981159,"status":200,"resp_time":0.047646}
{"time":"October 5, 8:38 pm","ts":1664982510,"status":200,"resp_time":0.043118}
{"time":"October 5, 9:04 pm","ts":1664984062,"status":200,"resp_time":0.389636}
{"time":"October 5, 9:32 pm","ts":1664985739,"status":200,"resp_time":0.020696}
{"time":"October 5, 10:39 pm","ts":1664989761,"status":200,"resp_time":0.156996}
{"time":"October 5, 11:26 pm","ts":1664992584,"status":200,"resp_time":0.048708}
{"time":"October 6, 12:08 am","ts":1664995134,"status":200,"resp_time":0.462996}
{"time":"October 6, 12:42 am","ts":1664997137,"status":200,"resp_time":0.143937}
{"time":"October 6, 1:12 am","ts":1664998940,"status":200,"resp_time":0.175688}
{"time":"October 6, 1:27 am","ts":1664999824,"status":200,"resp_time":0.218756}
{"time":"October 6, 1:57 am","ts":1665001666,"status":200,"resp_time":0.033579}
{"time":"October 6, 2:19 am","ts":1665002978,"status":200,"resp_time":0.041294}
{"time":"October 6, 2:30 am","ts":1665003616,"status":200,"resp_time":0.177998}
{"time":"October 6, 2:57 am","ts":1665005263,"status":200,"resp_time":0.400101}
{"time":"October 6, 3:17 am","ts":1665006452,"status":200,"resp_time":0.024614}
{"time":"October 6, 3:27 am","ts":1665007078,"status":200,"resp_time":0.021616}
{"time":"October 6, 4:01 am","ts":1665009063,"status":200,"resp_time":0.025146}
{"time":"October 6, 4:25 am","ts":1665010506,"status":200,"resp_time":0.373893}
{"time":"October 6, 4:53 am","ts":1665012223,"status":200,"resp_time":0.469942}
{"time":"October 6, 5:20 am","ts":1665013820,"status":200,"resp_time":0.366557}
{"time":"October 6, 7:16 am","ts":1665020797,"status":200,"resp_time":0.14343}
{"time":"October 6, 8:54 am","ts":1665026658,"status":200,"resp_time":0.026256}
{"time":"October 6, 9:52 am","ts":1665030158,"status":200,"resp_time":0.042795}
{"time":"October 6, 10:41 am","ts":1665033084,"status":200,"resp_time":0.040895}
{"time":"October 6, 11:25 am","ts":1665035715,"status":200,"resp_time":0.021335}
{"time":"October 6, 11:59 am","ts":1665037795,"status":200,"resp_time":0.193044}
{"time":"October 6, 12:31 pm","ts":1665039693,"status":200,"resp_time":0.173509}
{"time":"October 6, 1:05 pm","ts":1665041735,"status":200,"resp_time":0.172714}
{"time":"October 6, 1:22 pm","ts":1665042749,"status":200,"resp_time":0.046409}
{"time":"October 6, 1:57 pm","ts":1665044846,"status":200,"resp_time":0.188789}
{"time":"October 6, 2:26 pm","ts":1665046611,"status":200,"resp_time":0.196105}
{"time":"October 6, 3:00 pm","ts":1665048622,"status":200,"resp_time":0.399543}
{"time":"October 6, 3:28 pm","ts":1665050322,"status":200,"resp_time":0.037375}
{"time":"October 6, 4:03 pm","ts":1665052400,"status":200,"resp_time":0.171045}
{"time":"October 6, 4:26 pm","ts":1665053773,"status":200,"resp_time":0.027672}
{"time":"October 6, 4:50 pm","ts":1665055249,"status":200,"resp_time":0.469084}
{"time":"October 6, 5:12 pm","ts":1665056564,"status":200,"resp_time":0.047352}
{"time":"October 6, 5:25 pm","ts":1665057333,"status":200,"resp_time":0.192662}
{"time":"October 6, 6:14 pm","ts":1665060288,"status":200,"resp_time":0.404576}
{"time":"October 6, 7:10 pm","ts":1665063647,"status":200,"resp_time":0.17016}
{"time":"October 6, 7:54 pm","ts":1665066261,"status":200,"resp_time":0.184281}
{"time":"October 6, 8:25 pm","ts":1665068131,"status":200,"resp_time":0.193787}
{"time":"October 6, 8:55 pm","ts":1665069933,"status":200,"resp_time":0.159312}
{"time":"October 6, 9:22 pm","ts":1665071546,"status":200,"resp_time":0.199248}
{"time":"October 6, 10:01 pm","ts":1665073894,"status":200,"resp_time":0.177826}
{"time":"October 6, 10:45 pm","ts":1665076550,"status":200,"resp_time":0.172565}
{"time":"October 6, 11:18 pm","ts":1665078523,"status":200,"resp_time":0.205022}
{"time":"October 6, 11:39 pm","ts":1665079786,"status":200,"resp_time":0.196227}
{"time":"October 7, 12:19 am","ts":1665082171,"status":200,"resp_time":0.026421}
{"time":"October 7, 12:45 am","ts":1665083724,"status":200,"resp_time":0.062169}
{"time":"October 7, 1:10 am","ts":1665085208,"status":200,"resp_time":0.20383}
{"time":"October 7, 1:22 am","ts":1665085979,"status":200,"resp_time":0.031108}
{"time":"October 7, 1:52 am","ts":1665087750,"status":200,"resp_time":0.191244}
{"time":"October 7, 2:17 am","ts":1665089277,"status":200,"resp_time":0.044922}
{"time":"October 7, 2:29 am","ts":1665089994,"status":200,"resp_time":0.02462}
{"time":"October 7, 2:57 am","ts":1665091649,"status":200,"resp_time":0.160223}
{"time":"October 7, 3:17 am","ts":1665092867,"status":200,"resp_time":0.202107}
{"time":"October 7, 3:28 am","ts":1665093490,"status":200,"resp_time":0.389398}
{"time":"October 7, 3:59 am","ts":1665095355,"status":200,"resp_time":0.045271}
{"time":"October 7, 4:20 am","ts":1665096630,"status":200,"resp_time":0.176831}
{"time":"October 7, 4:54 am","ts":1665098693,"status":200,"resp_time":0.149294}
{"time":"October 7, 5:22 am","ts":1665100367,"status":200,"resp_time":0.462993}
{"time":"October 7, 7:28 am","ts":1665107927,"status":200,"resp_time":0.471593}
{"time":"October 7, 9:22 am","ts":1665114757,"status":200,"resp_time":0.199775}
{"time":"October 7, 10:23 am","ts":1665118434,"status":200,"resp_time":0.024806}
