{"time":"August 25, 9:26 pm","ts":1661442988,"status":200,"resp_time":0.044002}
{"time":"August 25, 9:58 pm","ts":1661444916,"status":200,"resp_time":0.044653}
{"time":"August 25, 10:29 pm","ts":1661446766,"status":200,"resp_time":0.026914}
{"time":"August 25, 10:55 pm","ts":1661448358,"status":200,"resp_time":0.385445}
{"time":"August 25, 11:12 pm","ts":1661449354,"status":200,"resp_time":0.192424}
{"time":"August 25, 11:25 pm","ts":1661450130,"status":200,"resp_time":0.213033}
{"time":"August 25, 11:51 pm","ts":1661451708,"status":200,"resp_time":0.179753}
{"time":"August 26, 12:16 am","ts":1661453192,"status":200,"resp_time":0.044909}
{"time":"August 26, 12:27 am","ts":1661453858,"status":200,"resp_time":0.402266}
{"time":"August 26, 12:48 am","ts":1661455139,"status":200,"resp_time":0.051057}
{"time":"August 26, 1:00 am","ts":1661455806,"status":200,"resp_time":0.995256}
{"time":"August 26, 1:10 am","ts":1661456428,"status":200,"resp_time":0.045855}
{"time":"August 26, 1:25 am","ts":1661457341,"status":200,"resp_time":0.162934}
{"time":"August 26, 1:49 am","ts":1661458779,"status":200,"resp_time":0.185147}
{"time":"August 26, 2:07 am","ts":1661459849,"status":200,"resp_time":0.154019}
{"time":"August 26, 2:19 am","ts":1661460566,"status":200,"resp_time":0.453473}
{"time":"August 26, 2:30 am","ts":1661461214,"status":200,"resp_time":4.061997}
{"time":"August 26, 2:53 am","ts":1661462585,"status":200,"resp_time":0.053871}
{"time":"August 26, 3:10 am","ts":1661463611,"status":200,"resp_time":1.677674}
{"time":"August 26, 3:20 am","ts":1661464218,"status":200,"resp_time":0.027645}
{"time":"August 26, 3:47 am","ts":1661465870,"status":200,"resp_time":0.184059}
{"time":"August 26, 4:06 am","ts":1661466967,"status":200,"resp_time":0.044871}
{"time":"August 26, 4:17 am","ts":1661467667,"status":200,"resp_time":0.44861}
{"time":"August 26, 4:28 am","ts":1661468307,"status":200,"resp_time":0.212022}
{"time":"August 26, 5:02 am","ts":1661470365,"status":200,"resp_time":0.044625}
{"time":"August 26, 5:22 am","ts":1661471537,"status":200,"resp_time":0.379906}
{"time":"August 26, 7:27 am","ts":1661479046,"status":200,"resp_time":0.043861}
{"time":"August 26, 9:52 am","ts":1661487731,"status":200,"resp_time":0.17959}
{"time":"August 26, 11:15 am","ts":1661492704,"status":200,"resp_time":0.02194}
{"time":"August 26, 11:54 am","ts":1661495065,"status":200,"resp_time":0.04366}
{"time":"August 26, 12:31 pm","ts":1661497291,"status":200,"resp_time":0.404733}
{"time":"August 26, 1:00 pm","ts":1661499054,"status":200,"resp_time":0.025496}
{"time":"August 26, 1:16 pm","ts":1661500008,"status":200,"resp_time":0.025152}
{"time":"August 26, 1:27 pm","ts":1661500624,"status":200,"resp_time":0.025518}
{"time":"August 26, 1:58 pm","ts":1661502502,"status":200,"resp_time":0.229807}
{"time":"August 26, 2:19 pm","ts":1661503748,"status":200,"resp_time":0.046673}
{"time":"August 26, 2:29 pm","ts":1661504363,"status":200,"resp_time":0.173709}
{"time":"August 26, 2:54 pm","ts":1661505895,"status":200,"resp_time":0.03718}
{"time":"August 26, 3:11 pm","ts":1661506872,"status":200,"resp_time":0.208213}
{"time":"August 26, 3:25 pm","ts":1661507734,"status":200,"resp_time":0.374291}
{"time":"August 26, 3:50 pm","ts":1661509208,"status":200,"resp_time":0.052258}
{"time":"August 26, 4:09 pm","ts":1661510372,"status":200,"resp_time":0.198105}
{"time":"August 26, 4:21 pm","ts":1661511085,"status":200,"resp_time":0.362186}
{"time":"August 26, 4:45 pm","ts":1661512517,"status":200,"resp_time":0.050521}
{"time":"August 26, 5:00 pm","ts":1661513459,"status":200,"resp_time":0.048416}
{"time":"August 26, 5:15 pm","ts":1661514337,"status":200,"resp_time":0.043393}
{"time":"August 26, 5:26 pm","ts":1661514966,"status":200,"resp_time":0.166993}
{"time":"August 26, 6:08 pm","ts":1661517520,"status":200,"resp_time":0.050053}
{"time":"August 26, 6:49 pm","ts":1661519987,"status":200,"resp_time":0.152603}
{"time":"August 26, 7:19 pm","ts":1661521792,"status":200,"resp_time":0.028551}
{"time":"August 26, 7:30 pm","ts":1661522410,"status":200,"resp_time":0.026491}
{"time":"August 26, 7:54 pm","ts":1661523849,"status":200,"resp_time":0.185375}
{"time":"August 26, 8:09 pm","ts":1661524782,"status":200,"resp_time":0.028239}
{"time":"August 26, 8:20 pm","ts":1661525404,"status":200,"resp_time":0.156619}
{"time":"August 26, 8:33 pm","ts":1661526223,"status":200,"resp_time":0.467815}
{"time":"August 26, 9:01 pm","ts":1661527917,"status":200,"resp_time":0.027917}
{"time":"August 26, 9:21 pm","ts":1661529068,"status":200,"resp_time":0.189699}
{"time":"August 26, 9:54 pm","ts":1661531083,"status":200,"resp_time":0.026327}
{"time":"August 26, 10:27 pm","ts":1661533054,"status":200,"resp_time":0.39656}
{"time":"August 26, 10:55 pm","ts":1661534705,"status":200,"resp_time":0.410009}
{"time":"August 26, 11:12 pm","ts":1661535749,"status":200,"resp_time":0.045475}
{"time":"August 26, 11:25 pm","ts":1661536543,"status":200,"resp_time":0.040328}
{"time":"August 26, 11:52 pm","ts":1661538172,"status":200,"resp_time":0.192959}
{"time":"August 27, 12:17 am","ts":1661539673,"status":200,"resp_time":0.414485}
{"time":"August 27, 12:28 am","ts":1661540311,"status":200,"resp_time":0.21762}
{"time":"August 27, 12:50 am","ts":1661541607,"status":200,"resp_time":6.813658}
{"time":"August 27, 1:00 am","ts":1661542215,"status":200,"resp_time":0.027838}
{"time":"August 27, 1:15 am","ts":1661543130,"status":200,"resp_time":0.048207}
{"time":"August 27, 1:25 am","ts":1661543756,"status":200,"resp_time":0.048091}
{"time":"August 27, 1:50 am","ts":1661545222,"status":200,"resp_time":0.045456}
{"time":"August 27, 2:11 am","ts":1661546471,"status":200,"resp_time":0.047066}
{"time":"August 27, 2:25 am","ts":1661547329,"status":200,"resp_time":0.046565}
{"time":"August 27, 2:45 am","ts":1661548523,"status":200,"resp_time":0.040517}
{"time":"August 27, 3:01 am","ts":1661549491,"status":200,"resp_time":0.169501}
{"time":"August 27, 3:15 am","ts":1661550354,"status":200,"resp_time":0.188418}
{"time":"August 27, 3:26 am","ts":1661550972,"status":200,"resp_time":0.231822}
{"time":"August 27, 3:49 am","ts":1661552372,"status":200,"resp_time":0.189922}
{"time":"August 27, 4:07 am","ts":1661553421,"status":200,"resp_time":0.051968}
{"time":"August 27, 4:18 am","ts":1661554093,"status":200,"resp_time":0.022876}
{"time":"August 27, 4:28 am","ts":1661554708,"status":200,"resp_time":0.04439}
{"time":"August 27, 4:54 am","ts":1661556268,"status":200,"resp_time":0.217733}
{"time":"August 27, 5:11 am","ts":1661557273,"status":200,"resp_time":0.042542}
{"time":"August 27, 5:25 am","ts":1661558136,"status":200,"resp_time":0.188015}
{"time":"August 27, 7:31 am","ts":1661565705,"status":200,"resp_time":0.395779}
{"time":"August 27, 9:35 am","ts":1661573130,"status":200,"resp_time":0.024392}
{"time":"August 27, 10:34 am","ts":1661576653,"status":200,"resp_time":0.182056}
{"time":"August 27, 11:06 am","ts":1661578565,"status":200,"resp_time":0.152255}
{"time":"August 27, 11:20 am","ts":1661579449,"status":200,"resp_time":0.025608}
{"time":"August 27, 11:50 am","ts":1661581249,"status":200,"resp_time":0.023453}
{"time":"August 27, 12:16 pm","ts":1661582803,"status":200,"resp_time":0.39991}
{"time":"August 27, 12:27 pm","ts":1661583437,"status":200,"resp_time":0.250352}
{"time":"August 27, 12:50 pm","ts":1661584807,"status":200,"resp_time":0.182705}
