{"time":"September 26, 2:36 pm","ts":1664183161,"status":200,"resp_time":0.037178}
{"time":"September 26, 3:05 pm","ts":1664184954,"status":200,"resp_time":0.39463}
{"time":"September 26, 3:23 pm","ts":1664185985,"status":200,"resp_time":0.026936}
{"time":"September 26, 3:51 pm","ts":1664187706,"status":200,"resp_time":0.049826}
{"time":"September 26, 4:17 pm","ts":1664189235,"status":200,"resp_time":0.443222}
{"time":"September 26, 4:28 pm","ts":1664189887,"status":200,"resp_time":0.043633}
{"time":"September 26, 4:53 pm","ts":1664191422,"status":200,"resp_time":0.405688}
{"time":"September 26, 5:11 pm","ts":1664192482,"status":200,"resp_time":0.39774}
{"time":"September 26, 5:25 pm","ts":1664193337,"status":200,"resp_time":0.025809}
{"time":"September 26, 6:14 pm","ts":1664196252,"status":200,"resp_time":0.179263}
{"time":"September 26, 7:10 pm","ts":1664199628,"status":200,"resp_time":0.044935}
{"time":"September 26, 7:51 pm","ts":1664202114,"status":200,"resp_time":0.401059}
{"time":"September 26, 8:22 pm","ts":1664203942,"status":200,"resp_time":0.399085}
{"time":"September 26, 8:52 pm","ts":1664205726,"status":200,"resp_time":0.043171}
{"time":"September 26, 9:19 pm","ts":1664207394,"status":200,"resp_time":0.169371}
{"time":"September 26, 9:38 pm","ts":1664208491,"status":200,"resp_time":0.042496}
{"time":"September 26, 10:23 pm","ts":1664211191,"status":200,"resp_time":0.152794}
{"time":"September 26, 11:00 pm","ts":1664213445,"status":200,"resp_time":0.407824}
{"time":"September 26, 11:27 pm","ts":1664215021,"status":200,"resp_time":0.401175}
{"time":"September 27, 12:02 am","ts":1664217152,"status":200,"resp_time":0.471209}
{"time":"September 27, 12:28 am","ts":1664218731,"status":200,"resp_time":0.043904}
{"time":"September 27, 12:54 am","ts":1664220278,"status":200,"resp_time":0.042769}
{"time":"September 27, 1:10 am","ts":1664221201,"status":200,"resp_time":0.389248}
{"time":"September 27, 1:20 am","ts":1664221815,"status":200,"resp_time":0.035162}
{"time":"September 27, 1:36 am","ts":1664222809,"status":200,"resp_time":0.027749}
{"time":"September 27, 2:04 am","ts":1664224463,"status":200,"resp_time":0.042993}
{"time":"September 27, 2:21 am","ts":1664225509,"status":200,"resp_time":0.193166}
{"time":"September 27, 2:49 am","ts":1664227143,"status":200,"resp_time":0.372274}
{"time":"September 27, 3:12 am","ts":1664228554,"status":200,"resp_time":0.047613}
{"time":"September 27, 3:27 am","ts":1664229431,"status":200,"resp_time":0.402171}
{"time":"September 27, 3:55 am","ts":1664231155,"status":200,"resp_time":0.371392}
{"time":"September 27, 4:16 am","ts":1664232401,"status":200,"resp_time":0.043991}
{"time":"September 27, 4:27 am","ts":1664233064,"status":200,"resp_time":0.196235}
{"time":"September 27, 5:02 am","ts":1664235139,"status":200,"resp_time":0.394905}
{"time":"September 27, 5:28 am","ts":1664236723,"status":200,"resp_time":0.405242}
{"time":"September 27, 8:10 am","ts":1664246439,"status":200,"resp_time":0.188442}
{"time":"September 27, 9:55 am","ts":1664252706,"status":200,"resp_time":0.200154}
{"time":"September 27, 11:16 am","ts":1664257562,"status":200,"resp_time":0.227035}
{"time":"September 27, 12:06 pm","ts":1664260561,"status":200,"resp_time":0.192278}
{"time":"September 27, 12:56 pm","ts":1664263594,"status":200,"resp_time":0.376371}
{"time":"September 27, 1:32 pm","ts":1664265736,"status":200,"resp_time":0.394379}
{"time":"September 27, 2:20 pm","ts":1664268622,"status":200,"resp_time":0.171375}
{"time":"September 27, 2:58 pm","ts":1664270923,"status":200,"resp_time":0.06289}
{"time":"September 27, 3:25 pm","ts":1664272522,"status":200,"resp_time":0.176113}
{"time":"September 27, 3:54 pm","ts":1664274243,"status":200,"resp_time":0.045141}
{"time":"September 27, 4:19 pm","ts":1664275788,"status":200,"resp_time":0.385612}
{"time":"September 27, 4:32 pm","ts":1664276540,"status":200,"resp_time":0.191555}
{"time":"September 27, 5:00 pm","ts":1664278215,"status":200,"resp_time":0.027761}
{"time":"September 27, 5:16 pm","ts":1664279198,"status":200,"resp_time":0.045965}
{"time":"September 27, 5:26 pm","ts":1664279815,"status":200,"resp_time":0.153428}
{"time":"September 27, 6:23 pm","ts":1664283194,"status":200,"resp_time":0.050709}
{"time":"September 27, 7:25 pm","ts":1664286924,"status":200,"resp_time":0.061941}
{"time":"September 27, 8:02 pm","ts":1664289177,"status":200,"resp_time":0.181379}
{"time":"September 27, 8:27 pm","ts":1664290631,"status":200,"resp_time":0.19639}
{"time":"September 27, 8:59 pm","ts":1664292558,"status":200,"resp_time":0.026641}
{"time":"September 27, 9:24 pm","ts":1664294054,"status":200,"resp_time":0.197612}
{"time":"September 27, 10:02 pm","ts":1664296332,"status":200,"resp_time":0.17483}
{"time":"September 27, 10:49 pm","ts":1664299140,"status":200,"resp_time":0.261223}
{"time":"September 27, 11:24 pm","ts":1664301240,"status":200,"resp_time":0.205036}
{"time":"September 27, 11:59 pm","ts":1664303375,"status":200,"resp_time":0.030859}
{"time":"September 28, 12:31 am","ts":1664305294,"status":200,"resp_time":0.195632}
{"time":"September 28, 1:01 am","ts":1664307062,"status":200,"resp_time":0.405878}
{"time":"September 28, 1:19 am","ts":1664308149,"status":200,"resp_time":0.203833}
{"time":"September 28, 1:29 am","ts":1664308777,"status":200,"resp_time":0.128356}
{"time":"September 28, 2:01 am","ts":1664310669,"status":200,"resp_time":0.023631}
{"time":"September 28, 2:23 am","ts":1664312011,"status":200,"resp_time":0.169092}
{"time":"September 28, 2:47 am","ts":1664313468,"status":200,"resp_time":0.043116}
{"time":"September 28, 3:08 am","ts":1664314732,"status":200,"resp_time":0.18209}
{"time":"September 28, 3:23 am","ts":1664315597,"status":200,"resp_time":0.051448}
{"time":"September 28, 3:50 am","ts":1664317237,"status":200,"resp_time":0.026595}
{"time":"September 28, 4:17 am","ts":1664318854,"status":200,"resp_time":0.044501}
{"time":"September 28, 4:28 am","ts":1664319524,"status":200,"resp_time":0.465324}
{"time":"September 28, 5:04 am","ts":1664321662,"status":200,"resp_time":0.026234}
{"time":"September 28, 5:28 am","ts":1664323109,"status":200,"resp_time":0.027277}
{"time":"September 28, 8:14 am","ts":1664333048,"status":200,"resp_time":0.042526}
{"time":"September 28, 10:01 am","ts":1664339511,"status":200,"resp_time":0.174099}
{"time":"September 28, 11:27 am","ts":1664344660,"status":200,"resp_time":0.395024}
{"time":"September 28, 12:27 pm","ts":1664348264,"status":200,"resp_time":0.472386}
{"time":"September 28, 1:08 pm","ts":1664350702,"status":200,"resp_time":0.021195}
{"time":"September 28, 1:28 pm","ts":1664351927,"status":200,"resp_time":0.048091}
{"time":"September 28, 2:08 pm","ts":1664354326,"status":200,"resp_time":0.200015}
{"time":"September 28, 2:33 pm","ts":1664355780,"status":200,"resp_time":0.175929}
{"time":"September 28, 3:07 pm","ts":1664357842,"status":200,"resp_time":0.168996}
{"time":"September 28, 3:26 pm","ts":1664358999,"status":200,"resp_time":0.190639}
{"time":"September 28, 3:58 pm","ts":1664360893,"status":200,"resp_time":0.021044}
{"time":"September 28, 4:23 pm","ts":1664362388,"status":200,"resp_time":0.030548}
{"time":"September 28, 4:47 pm","ts":1664363860,"status":200,"resp_time":0.042536}
{"time":"September 28, 5:08 pm","ts":1664365108,"status":200,"resp_time":0.410334}
{"time":"September 28, 5:21 pm","ts":1664365898,"status":200,"resp_time":0.477352}
{"time":"September 28, 6:09 pm","ts":1664368760,"status":200,"resp_time":0.398751}
{"time":"September 28, 7:05 pm","ts":1664372148,"status":200,"resp_time":0.203356}
{"time":"September 28, 7:51 pm","ts":1664374875,"status":200,"resp_time":0.041152}
{"time":"September 28, 8:27 pm","ts":1664377026,"status":200,"resp_time":0.027399}
{"time":"September 28, 9:00 pm","ts":1664379058,"status":200,"resp_time":0.191808}
