{"time":"September 12, 9:37 pm","ts":1662998877,"status":200,"resp_time":0.027287}
{"time":"September 12, 10:23 pm","ts":1663001584,"status":200,"resp_time":0.401462}
{"time":"September 12, 10:58 pm","ts":1663003702,"status":200,"resp_time":0.033925}
{"time":"September 12, 11:20 pm","ts":1663005020,"status":200,"resp_time":0.15358}
{"time":"September 12, 11:36 pm","ts":1663006017,"status":200,"resp_time":0.378897}
{"time":"September 13, 12:10 am","ts":1663008032,"status":200,"resp_time":0.173632}
{"time":"September 13, 12:31 am","ts":1663009294,"status":200,"resp_time":0.045232}
{"time":"September 13, 12:56 am","ts":1663010800,"status":200,"resp_time":0.23289}
{"time":"September 13, 1:10 am","ts":1663011625,"status":200,"resp_time":0.022812}
{"time":"September 13, 1:25 am","ts":1663012537,"status":200,"resp_time":0.045305}
{"time":"September 13, 1:51 am","ts":1663014104,"status":200,"resp_time":0.051404}
{"time":"September 13, 2:14 am","ts":1663015475,"status":200,"resp_time":0.169721}
{"time":"September 13, 2:26 am","ts":1663016177,"status":200,"resp_time":0.03822}
{"time":"September 13, 2:50 am","ts":1663017621,"status":200,"resp_time":0.172741}
{"time":"September 13, 3:12 am","ts":1663018963,"status":200,"resp_time":0.16972}
{"time":"September 13, 3:25 am","ts":1663019729,"status":200,"resp_time":0.171196}
{"time":"September 13, 3:49 am","ts":1663021168,"status":200,"resp_time":0.186549}
{"time":"September 13, 4:09 am","ts":1663022383,"status":200,"resp_time":0.172284}
{"time":"September 13, 4:22 am","ts":1663023151,"status":200,"resp_time":0.473812}
{"time":"September 13, 4:50 am","ts":1663024858,"status":200,"resp_time":0.12161}
{"time":"September 13, 5:16 am","ts":1663026379,"status":200,"resp_time":0.145272}
{"time":"September 13, 5:30 am","ts":1663027200,"status":200,"resp_time":0.385293}
{"time":"September 13, 8:20 am","ts":1663037428,"status":200,"resp_time":0.391683}
{"time":"September 13, 10:17 am","ts":1663044453,"status":200,"resp_time":0.025434}
{"time":"September 13, 11:35 am","ts":1663049142,"status":200,"resp_time":0.143014}
{"time":"September 13, 12:34 pm","ts":1663052651,"status":200,"resp_time":0.373974}
{"time":"September 13, 1:15 pm","ts":1663055145,"status":200,"resp_time":0.043955}
{"time":"September 13, 1:29 pm","ts":1663055999,"status":200,"resp_time":0.023145}
{"time":"September 13, 2:04 pm","ts":1663058078,"status":200,"resp_time":0.406658}
{"time":"September 13, 2:26 pm","ts":1663059375,"status":200,"resp_time":0.041747}
{"time":"September 13, 2:53 pm","ts":1663061001,"status":200,"resp_time":0.232055}
{"time":"September 13, 3:15 pm","ts":1663062343,"status":200,"resp_time":0.175787}
{"time":"September 13, 3:26 pm","ts":1663063004,"status":200,"resp_time":0.043457}
{"time":"September 13, 3:56 pm","ts":1663064787,"status":200,"resp_time":0.025721}
{"time":"September 13, 4:17 pm","ts":1663066048,"status":200,"resp_time":0.04711}
{"time":"September 13, 4:27 pm","ts":1663066678,"status":200,"resp_time":0.383789}
{"time":"September 13, 4:53 pm","ts":1663068183,"status":200,"resp_time":0.022654}
{"time":"September 13, 5:10 pm","ts":1663069225,"status":200,"resp_time":0.021269}
{"time":"September 13, 5:25 pm","ts":1663070150,"status":200,"resp_time":0.441919}
{"time":"September 13, 6:15 pm","ts":1663073127,"status":200,"resp_time":0.028759}
{"time":"September 13, 7:04 pm","ts":1663076087,"status":200,"resp_time":0.043905}
{"time":"September 13, 7:40 pm","ts":1663078215,"status":200,"resp_time":0.39566}
{"time":"September 13, 8:08 pm","ts":1663079903,"status":200,"resp_time":0.399967}
{"time":"September 13, 8:23 pm","ts":1663080836,"status":200,"resp_time":0.047558}
{"time":"September 13, 8:50 pm","ts":1663082422,"status":200,"resp_time":0.047103}
{"time":"September 13, 9:17 pm","ts":1663084039,"status":200,"resp_time":0.026729}
{"time":"September 13, 9:29 pm","ts":1663084766,"status":200,"resp_time":0.400707}
{"time":"September 13, 10:08 pm","ts":1663087130,"status":200,"resp_time":0.040583}
{"time":"September 13, 10:40 pm","ts":1663089055,"status":200,"resp_time":0.181206}
{"time":"September 13, 11:15 pm","ts":1663091120,"status":200,"resp_time":0.396988}
{"time":"September 13, 11:27 pm","ts":1663091861,"status":200,"resp_time":0.395901}
{"time":"September 14, 12:01 am","ts":1663093904,"status":200,"resp_time":0.170077}
{"time":"September 14, 12:26 am","ts":1663095386,"status":200,"resp_time":0.027171}
{"time":"September 14, 12:47 am","ts":1663096648,"status":200,"resp_time":0.180178}
{"time":"September 14, 1:01 am","ts":1663097474,"status":200,"resp_time":0.17598}
{"time":"September 14, 1:15 am","ts":1663098340,"status":200,"resp_time":0.193548}
{"time":"September 14, 1:26 am","ts":1663098960,"status":200,"resp_time":0.19337}
{"time":"September 14, 1:52 am","ts":1663100571,"status":200,"resp_time":0.173495}
{"time":"September 14, 2:13 am","ts":1663101829,"status":200,"resp_time":0.022389}
{"time":"September 14, 2:25 am","ts":1663102550,"status":200,"resp_time":0.192993}
{"time":"September 14, 2:48 am","ts":1663103914,"status":200,"resp_time":0.042752}
{"time":"September 14, 3:07 am","ts":1663105049,"status":200,"resp_time":0.061345}
{"time":"September 14, 3:20 am","ts":1663105844,"status":200,"resp_time":0.1834}
{"time":"September 14, 3:50 am","ts":1663107603,"status":200,"resp_time":0.383663}
{"time":"September 14, 4:10 am","ts":1663108840,"status":200,"resp_time":0.02462}
{"time":"September 14, 4:25 am","ts":1663109750,"status":200,"resp_time":0.043317}
{"time":"September 14, 4:52 am","ts":1663111342,"status":200,"resp_time":0.044527}
{"time":"September 14, 5:16 am","ts":1663112774,"status":200,"resp_time":0.023884}
{"time":"September 14, 5:29 am","ts":1663113592,"status":200,"resp_time":0.042751}
{"time":"September 14, 8:17 am","ts":1663123651,"status":200,"resp_time":0.379042}
{"time":"September 14, 9:58 am","ts":1663129698,"status":200,"resp_time":0.022463}
{"time":"September 14, 11:23 am","ts":1663134800,"status":200,"resp_time":0.154096}
{"time":"September 14, 12:21 pm","ts":1663138304,"status":200,"resp_time":0.021919}
{"time":"September 14, 1:02 pm","ts":1663140764,"status":200,"resp_time":0.044574}
{"time":"September 14, 1:24 pm","ts":1663142069,"status":200,"resp_time":0.170409}
{"time":"September 14, 1:54 pm","ts":1663143892,"status":200,"resp_time":0.15479}
{"time":"September 14, 2:21 pm","ts":1663145514,"status":200,"resp_time":0.049544}
{"time":"September 14, 2:50 pm","ts":1663147225,"status":200,"resp_time":0.153772}
{"time":"September 14, 3:15 pm","ts":1663148749,"status":200,"resp_time":0.021955}
{"time":"September 14, 3:26 pm","ts":1663149403,"status":200,"resp_time":0.159029}
{"time":"September 14, 3:56 pm","ts":1663151167,"status":200,"resp_time":0.391495}
{"time":"September 14, 4:16 pm","ts":1663152418,"status":200,"resp_time":0.174933}
{"time":"September 14, 4:27 pm","ts":1663153052,"status":200,"resp_time":0.170799}
{"time":"September 14, 4:52 pm","ts":1663154533,"status":200,"resp_time":0.187139}
{"time":"September 14, 5:10 pm","ts":1663155628,"status":200,"resp_time":0.028626}
{"time":"September 14, 5:25 pm","ts":1663156540,"status":200,"resp_time":0.055916}
{"time":"September 14, 6:11 pm","ts":1663159292,"status":500,"resp_time":0.251111}
{"time":"September 14, 7:08 pm","ts":1663162718,"status":200,"resp_time":0.400817}
{"time":"September 14, 7:44 pm","ts":1663164878,"status":200,"resp_time":0.027151}
{"time":"September 14, 8:12 pm","ts":1663166549,"status":200,"resp_time":0.189558}
{"time":"September 14, 8:27 pm","ts":1663167464,"status":200,"resp_time":0.195193}
{"time":"September 14, 8:58 pm","ts":1663169285,"status":200,"resp_time":0.043142}
{"time":"September 14, 9:20 pm","ts":1663170601,"status":200,"resp_time":0.034886}
{"time":"September 14, 9:36 pm","ts":1663171604,"status":200,"resp_time":0.176754}
{"time":"September 14, 10:21 pm","ts":1663174260,"status":200,"resp_time":0.155298}
{"time":"September 14, 10:57 pm","ts":1663176448,"status":200,"resp_time":0.455988}
