{"time":"November 15, 12:28 pm","ts":1668495489,"status":200,"resp_time":0.170444}
{"time":"November 15, 12:51 pm","ts":1668496886,"status":200,"resp_time":0.164445}
{"time":"November 15, 1:06 pm","ts":1668497793,"status":200,"resp_time":0.199453}
{"time":"November 15, 1:16 pm","ts":1668498406,"status":200,"resp_time":0.025214}
{"time":"November 15, 1:27 pm","ts":1668499029,"status":200,"resp_time":0.163065}
{"time":"November 15, 1:59 pm","ts":1668500978,"status":200,"resp_time":0.107775}
{"time":"November 15, 2:18 pm","ts":1668502108,"status":200,"resp_time":0.108696}
{"time":"November 15, 2:28 pm","ts":1668502735,"status":200,"resp_time":0.040669}
{"time":"November 15, 2:53 pm","ts":1668504238,"status":200,"resp_time":0.039875}
{"time":"November 15, 3:09 pm","ts":1668505175,"status":200,"resp_time":0.117903}
{"time":"November 15, 3:20 pm","ts":1668505802,"status":200,"resp_time":0.104871}
{"time":"November 15, 3:30 pm","ts":1668506428,"status":200,"resp_time":0.044074}
{"time":"November 15, 4:00 pm","ts":1668508232,"status":200,"resp_time":0.145569}
{"time":"November 15, 4:17 pm","ts":1668509242,"status":200,"resp_time":0.099892}
{"time":"November 15, 4:27 pm","ts":1668509877,"status":200,"resp_time":0.172496}
{"time":"November 15, 4:48 pm","ts":1668511121,"status":200,"resp_time":0.038666}
{"time":"November 15, 4:59 pm","ts":1668511773,"status":200,"resp_time":0.025932}
{"time":"November 15, 5:09 pm","ts":1668512396,"status":200,"resp_time":0.146536}
{"time":"November 15, 5:20 pm","ts":1668513015,"status":200,"resp_time":0.151019}
{"time":"November 15, 6:04 pm","ts":1668515658,"status":200,"resp_time":0.109103}
{"time":"November 15, 6:51 pm","ts":1668518469,"status":200,"resp_time":0.171103}
{"time":"November 15, 7:19 pm","ts":1668520161,"status":200,"resp_time":0.104678}
{"time":"November 15, 7:29 pm","ts":1668520785,"status":200,"resp_time":0.073628}
{"time":"November 15, 7:52 pm","ts":1668522149,"status":200,"resp_time":0.038656}
{"time":"November 15, 8:08 pm","ts":1668523127,"status":200,"resp_time":0.223401}
{"time":"November 15, 8:19 pm","ts":1668523748,"status":200,"resp_time":0.107745}
{"time":"November 15, 8:29 pm","ts":1668524367,"status":200,"resp_time":0.159826}
{"time":"November 15, 8:56 pm","ts":1668525961,"status":200,"resp_time":0.162649}
{"time":"November 15, 9:12 pm","ts":1668526925,"status":200,"resp_time":0.146857}
{"time":"November 15, 9:26 pm","ts":1668527803,"status":200,"resp_time":0.192435}
{"time":"November 15, 9:56 pm","ts":1668529580,"status":200,"resp_time":0.11957}
{"time":"November 15, 10:24 pm","ts":1668531279,"status":200,"resp_time":0.023756}
{"time":"November 15, 10:47 pm","ts":1668532629,"status":200,"resp_time":0.098818}
{"time":"November 15, 11:03 pm","ts":1668533631,"status":200,"resp_time":0.108142}
{"time":"November 15, 11:15 pm","ts":1668534334,"status":200,"resp_time":0.161584}
{"time":"November 15, 11:26 pm","ts":1668534966,"status":200,"resp_time":0.153235}
{"time":"November 15, 11:53 pm","ts":1668536624,"status":200,"resp_time":0.039517}
{"time":"November 16, 12:14 am","ts":1668537863,"status":200,"resp_time":0.02366}
{"time":"November 16, 12:25 am","ts":1668538536,"status":200,"resp_time":0.16182}
{"time":"November 16, 12:43 am","ts":1668539635,"status":200,"resp_time":0.168791}
{"time":"November 16, 12:56 am","ts":1668540367,"status":200,"resp_time":0.038924}
{"time":"November 16, 1:07 am","ts":1668541069,"status":200,"resp_time":0.092847}
{"time":"November 16, 1:18 am","ts":1668541703,"status":200,"resp_time":0.03803}
{"time":"November 16, 1:28 am","ts":1668542325,"status":200,"resp_time":0.121217}
{"time":"November 16, 1:55 am","ts":1668543923,"status":200,"resp_time":0.019964}
{"time":"November 16, 2:10 am","ts":1668544804,"status":200,"resp_time":0.097345}
{"time":"November 16, 2:45 am","ts":1668546915,"status":200,"resp_time":0.144053}
{"time":"November 16, 3:00 am","ts":1668547825,"status":200,"resp_time":0.039345}
{"time":"November 16, 3:15 am","ts":1668548740,"status":200,"resp_time":0.026451}
{"time":"November 16, 3:25 am","ts":1668549358,"status":200,"resp_time":0.100444}
{"time":"November 16, 3:47 am","ts":1668550671,"status":200,"resp_time":0.038979}
{"time":"November 16, 4:04 am","ts":1668551671,"status":200,"resp_time":0.115069}
{"time":"November 16, 4:15 am","ts":1668552349,"status":200,"resp_time":0.024004}
{"time":"November 16, 4:26 am","ts":1668552965,"status":200,"resp_time":0.024971}
{"time":"November 16, 4:49 am","ts":1668554359,"status":200,"resp_time":0.162548}
{"time":"November 16, 5:04 am","ts":1668555281,"status":200,"resp_time":0.03778}
{"time":"November 16, 5:16 am","ts":1668555971,"status":200,"resp_time":0.034579}
{"time":"November 16, 5:26 am","ts":1668556580,"status":200,"resp_time":0.159265}
{"time":"November 16, 7:18 am","ts":1668563325,"status":200,"resp_time":0.025148}
{"time":"November 16, 8:39 am","ts":1668568190,"status":200,"resp_time":0.11075}
{"time":"November 16, 9:24 am","ts":1668570870,"status":200,"resp_time":0.038177}
{"time":"November 16, 9:53 am","ts":1668572631,"status":200,"resp_time":0.14955}
{"time":"November 16, 10:19 am","ts":1668574158,"status":200,"resp_time":0.121087}
{"time":"November 16, 10:29 am","ts":1668574776,"status":200,"resp_time":0.12979}
{"time":"November 16, 10:52 am","ts":1668576148,"status":200,"resp_time":0.041516}
{"time":"November 16, 11:08 am","ts":1668577092,"status":200,"resp_time":0.146042}
{"time":"November 16, 11:18 am","ts":1668577720,"status":200,"resp_time":0.037914}
{"time":"November 16, 11:28 am","ts":1668578338,"status":200,"resp_time":0.033221}
{"time":"November 16, 11:59 am","ts":1668580199,"status":200,"resp_time":0.154258}
{"time":"November 16, 12:18 pm","ts":1668581305,"status":200,"resp_time":0.023561}
{"time":"November 16, 12:28 pm","ts":1668581928,"status":200,"resp_time":0.11126}
{"time":"November 16, 12:51 pm","ts":1668583288,"status":200,"resp_time":0.028852}
{"time":"November 16, 1:06 pm","ts":1668584188,"status":200,"resp_time":0.107958}
{"time":"November 16, 1:16 pm","ts":1668584807,"status":200,"resp_time":0.039484}
{"time":"November 16, 1:27 pm","ts":1668585436,"status":200,"resp_time":0.036837}
{"time":"November 16, 2:00 pm","ts":1668587431,"status":200,"resp_time":0.02769}
{"time":"November 16, 2:21 pm","ts":1668588689,"status":200,"resp_time":0.104726}
{"time":"November 16, 2:46 pm","ts":1668590216,"status":200,"resp_time":0.039315}
{"time":"November 16, 3:03 pm","ts":1668591227,"status":200,"resp_time":0.132158}
{"time":"November 16, 3:16 pm","ts":1668591965,"status":200,"resp_time":0.039058}
{"time":"November 16, 3:26 pm","ts":1668592593,"status":200,"resp_time":0.092983}
{"time":"November 16, 3:51 pm","ts":1668594085,"status":200,"resp_time":0.110317}
{"time":"November 16, 4:11 pm","ts":1668595272,"status":200,"resp_time":0.211695}
{"time":"November 16, 4:25 pm","ts":1668596143,"status":200,"resp_time":0.168937}
{"time":"November 16, 4:45 pm","ts":1668597313,"status":200,"resp_time":0.136016}
{"time":"November 16, 4:58 pm","ts":1668598117,"status":200,"resp_time":0.160751}
{"time":"November 16, 5:09 pm","ts":1668598760,"status":200,"resp_time":0.106351}
{"time":"November 16, 5:19 pm","ts":1668599375,"status":200,"resp_time":0.02283}
{"time":"November 16, 5:29 pm","ts":1668599990,"status":200,"resp_time":0.021726}
{"time":"November 16, 6:19 pm","ts":1668602974,"status":200,"resp_time":0.023496}
{"time":"November 16, 6:56 pm","ts":1668605192,"status":200,"resp_time":0.15366}
{"time":"November 16, 7:23 pm","ts":1668606786,"status":200,"resp_time":0.109812}
{"time":"November 16, 7:45 pm","ts":1668608115,"status":200,"resp_time":0.248751}
{"time":"November 16, 8:01 pm","ts":1668609088,"status":200,"resp_time":0.106954}
{"time":"November 16, 8:15 pm","ts":1668609934,"status":200,"resp_time":0.141629}
{"time":"November 16, 8:26 pm","ts":1668610565,"status":200,"resp_time":0.135824}
{"time":"November 16, 8:49 pm","ts":1668611982,"status":200,"resp_time":0.193258}
