{"time":"July 28, 12:15 am","ts":1658947523,"status":200,"resp_time":0.021953}
{"time":"July 28, 12:25 am","ts":1658948136,"status":200,"resp_time":0.044047}
{"time":"July 28, 12:46 am","ts":1658949404,"status":200,"resp_time":0.03399}
{"time":"July 28, 1:00 am","ts":1658950212,"status":200,"resp_time":0.304445}
{"time":"July 28, 1:13 am","ts":1658951003,"status":200,"resp_time":0.185772}
{"time":"July 28, 1:25 am","ts":1658951747,"status":200,"resp_time":0.204617}
{"time":"July 28, 1:48 am","ts":1658953122,"status":200,"resp_time":0.195437}
{"time":"July 28, 2:04 am","ts":1658954085,"status":200,"resp_time":0.026166}
{"time":"July 28, 2:16 am","ts":1658954773,"status":200,"resp_time":0.025724}
{"time":"July 28, 2:26 am","ts":1658955390,"status":200,"resp_time":0.390092}
{"time":"July 28, 2:47 am","ts":1658956647,"status":200,"resp_time":0.22364}
{"time":"July 28, 3:02 am","ts":1658957521,"status":200,"resp_time":0.042976}
{"time":"July 28, 3:15 am","ts":1658958340,"status":200,"resp_time":0.283773}
{"time":"July 28, 3:26 am","ts":1658958980,"status":200,"resp_time":0.189314}
{"time":"July 28, 3:49 am","ts":1658960377,"status":200,"resp_time":0.397605}
{"time":"July 28, 4:08 am","ts":1658961492,"status":200,"resp_time":0.046052}
{"time":"July 28, 4:19 am","ts":1658962176,"status":200,"resp_time":0.181603}
{"time":"July 28, 4:30 am","ts":1658962803,"status":200,"resp_time":0.043463}
{"time":"July 28, 4:54 am","ts":1658964267,"status":200,"resp_time":0.190039}
{"time":"July 28, 5:09 am","ts":1658965159,"status":200,"resp_time":0.198292}
{"time":"July 28, 5:19 am","ts":1658965775,"status":200,"resp_time":0.026855}
{"time":"July 28, 5:29 am","ts":1658966398,"status":200,"resp_time":0.202452}
{"time":"July 28, 7:55 am","ts":1658975108,"status":200,"resp_time":0.193493}
{"time":"July 28, 9:22 am","ts":1658980358,"status":200,"resp_time":0.047823}
{"time":"July 28, 10:12 am","ts":1658983379,"status":200,"resp_time":0.393465}
{"time":"July 28, 10:45 am","ts":1658985327,"status":200,"resp_time":0.028096}
{"time":"July 28, 11:09 am","ts":1658986791,"status":200,"resp_time":0.05765}
{"time":"July 28, 11:20 am","ts":1658987454,"status":200,"resp_time":0.38801}
{"time":"July 28, 11:51 am","ts":1658989305,"status":200,"resp_time":0.08665}
{"time":"July 28, 12:18 pm","ts":1658990898,"status":200,"resp_time":0.025025}
{"time":"July 28, 12:28 pm","ts":1658991521,"status":200,"resp_time":0.233709}
{"time":"July 28, 12:52 pm","ts":1658992971,"status":200,"resp_time":0.05157}
{"time":"July 28, 1:08 pm","ts":1658993888,"status":200,"resp_time":0.173772}
{"time":"July 28, 1:18 pm","ts":1658994519,"status":200,"resp_time":0.398142}
{"time":"July 28, 1:29 pm","ts":1658995149,"status":200,"resp_time":0.045559}
{"time":"July 28, 2:02 pm","ts":1658997121,"status":200,"resp_time":0.177568}
{"time":"July 28, 2:21 pm","ts":1658998296,"status":200,"resp_time":0.053457}
{"time":"July 28, 2:47 pm","ts":1658999828,"status":200,"resp_time":0.201098}
{"time":"July 28, 3:04 pm","ts":1659000899,"status":200,"resp_time":0.178595}
{"time":"July 28, 3:17 pm","ts":1659001645,"status":200,"resp_time":0.174113}
{"time":"July 28, 3:27 pm","ts":1659002265,"status":200,"resp_time":0.046306}
{"time":"July 28, 3:57 pm","ts":1659004061,"status":200,"resp_time":0.174521}
{"time":"July 28, 4:15 pm","ts":1659005152,"status":200,"resp_time":0.027089}
{"time":"July 28, 4:26 pm","ts":1659005776,"status":200,"resp_time":0.023104}
{"time":"July 28, 4:47 pm","ts":1659007049,"status":200,"resp_time":0.16964}
{"time":"July 28, 5:01 pm","ts":1659007876,"status":200,"resp_time":0.037801}
{"time":"July 28, 5:15 pm","ts":1659008727,"status":200,"resp_time":0.053281}
{"time":"July 28, 5:25 pm","ts":1659009348,"status":200,"resp_time":0.023694}
{"time":"July 28, 6:12 pm","ts":1659012142,"status":200,"resp_time":0.40646}
{"time":"July 28, 6:59 pm","ts":1659014994,"status":200,"resp_time":0.400884}
{"time":"July 28, 7:30 pm","ts":1659016801,"status":200,"resp_time":0.261967}
{"time":"July 28, 7:58 pm","ts":1659018505,"status":200,"resp_time":0.240903}
{"time":"July 28, 8:13 pm","ts":1659019423,"status":200,"resp_time":0.173926}
{"time":"July 28, 8:25 pm","ts":1659020130,"status":200,"resp_time":0.177544}
{"time":"July 28, 8:48 pm","ts":1659021491,"status":200,"resp_time":0.172903}
{"time":"July 28, 9:09 pm","ts":1659022790,"status":200,"resp_time":0.032577}
{"time":"July 28, 9:23 pm","ts":1659023588,"status":200,"resp_time":0.15748}
{"time":"July 28, 9:58 pm","ts":1659025711,"status":200,"resp_time":0.259111}
{"time":"July 28, 10:34 pm","ts":1659027862,"status":200,"resp_time":0.048408}
{"time":"July 28, 11:06 pm","ts":1659029762,"status":200,"resp_time":0.17224}
{"time":"July 28, 11:20 pm","ts":1659030635,"status":200,"resp_time":0.051718}
{"time":"July 28, 11:52 pm","ts":1659032573,"status":200,"resp_time":0.184675}
{"time":"July 29, 12:19 am","ts":1659034146,"status":200,"resp_time":0.179214}
{"time":"July 29, 12:29 am","ts":1659034763,"status":200,"resp_time":0.403548}
{"time":"July 29, 12:49 am","ts":1659035964,"status":200,"resp_time":0.024503}
{"time":"July 29, 12:59 am","ts":1659036588,"status":200,"resp_time":0.191776}
{"time":"July 29, 1:10 am","ts":1659037203,"status":200,"resp_time":0.201226}
{"time":"July 29, 1:20 am","ts":1659037825,"status":200,"resp_time":0.198088}
{"time":"July 29, 1:49 am","ts":1659039559,"status":200,"resp_time":0.171623}
{"time":"July 29, 2:07 am","ts":1659040638,"status":200,"resp_time":0.195851}
{"time":"July 29, 2:18 am","ts":1659041313,"status":200,"resp_time":0.397072}
{"time":"July 29, 2:28 am","ts":1659041929,"status":200,"resp_time":0.222214}
{"time":"July 29, 2:51 am","ts":1659043300,"status":200,"resp_time":0.04486}
{"time":"July 29, 3:08 am","ts":1659044335,"status":200,"resp_time":0.050834}
{"time":"July 29, 3:19 am","ts":1659044978,"status":200,"resp_time":0.234304}
{"time":"July 29, 3:29 am","ts":1659045595,"status":200,"resp_time":0.024488}
{"time":"July 29, 3:54 am","ts":1659047052,"status":200,"resp_time":0.026062}
{"time":"July 29, 4:09 am","ts":1659047975,"status":200,"resp_time":0.183027}
{"time":"July 29, 4:19 am","ts":1659048592,"status":200,"resp_time":0.397531}
{"time":"July 29, 4:30 am","ts":1659049214,"status":200,"resp_time":0.172909}
{"time":"July 29, 4:56 am","ts":1659050807,"status":200,"resp_time":0.17871}
{"time":"July 29, 5:11 am","ts":1659051717,"status":200,"resp_time":0.044681}
{"time":"July 29, 5:25 am","ts":1659052530,"status":200,"resp_time":0.025486}
{"time":"July 29, 7:27 am","ts":1659059826,"status":200,"resp_time":0.174432}
{"time":"July 29, 9:23 am","ts":1659066788,"status":200,"resp_time":0.188631}
{"time":"July 29, 10:20 am","ts":1659070200,"status":200,"resp_time":0.301955}
{"time":"July 29, 10:49 am","ts":1659071980,"status":200,"resp_time":0.043538}
{"time":"July 29, 11:13 am","ts":1659073401,"status":200,"resp_time":0.044326}
{"time":"July 29, 11:25 am","ts":1659074128,"status":200,"resp_time":0.052117}
{"time":"July 29, 11:53 am","ts":1659075830,"status":200,"resp_time":0.054471}
{"time":"July 29, 12:18 pm","ts":1659077329,"status":200,"resp_time":0.377695}
{"time":"July 29, 12:28 pm","ts":1659077938,"status":200,"resp_time":0.050376}
{"time":"July 29, 12:52 pm","ts":1659079351,"status":200,"resp_time":0.40124}
{"time":"July 29, 1:07 pm","ts":1659080260,"status":200,"resp_time":0.179841}
{"time":"July 29, 1:18 pm","ts":1659080886,"status":200,"resp_time":0.045097}
{"time":"July 29, 1:28 pm","ts":1659081510,"status":200,"resp_time":0.027787}
{"time":"July 29, 2:00 pm","ts":1659083407,"status":200,"resp_time":0.024365}
{"time":"July 29, 2:18 pm","ts":1659084505,"status":200,"resp_time":0.168449}
{"time":"July 29, 2:28 pm","ts":1659085121,"status":200,"resp_time":0.044705}
{"time":"July 29, 2:54 pm","ts":1659086678,"status":200,"resp_time":0.176229}
