{"time":"August 15, 2:09 am","ts":1660509582,"status":200,"resp_time":0.228549}
{"time":"August 15, 2:20 am","ts":1660510200,"status":200,"resp_time":0.302579}
{"time":"August 15, 2:30 am","ts":1660510814,"status":200,"resp_time":0.260816}
{"time":"August 15, 2:55 am","ts":1660512307,"status":200,"resp_time":0.305133}
{"time":"August 15, 3:08 am","ts":1660513100,"status":200,"resp_time":0.022528}
{"time":"August 15, 3:18 am","ts":1660513719,"status":200,"resp_time":0.161087}
{"time":"August 15, 3:28 am","ts":1660514331,"status":200,"resp_time":0.041564}
{"time":"August 15, 3:53 am","ts":1660515824,"status":200,"resp_time":0.303151}
{"time":"August 15, 4:09 am","ts":1660516789,"status":200,"resp_time":0.220467}
{"time":"August 15, 4:20 am","ts":1660517410,"status":200,"resp_time":0.395147}
{"time":"August 15, 4:31 am","ts":1660518075,"status":200,"resp_time":0.218119}
{"time":"August 15, 4:56 am","ts":1660519614,"status":200,"resp_time":0.395603}
{"time":"August 15, 5:10 am","ts":1660520454,"status":200,"resp_time":0.224698}
{"time":"August 15, 5:25 am","ts":1660521339,"status":200,"resp_time":0.301474}
{"time":"August 15, 7:26 am","ts":1660528609,"status":200,"resp_time":0.39582}
{"time":"August 15, 9:28 am","ts":1660535909,"status":200,"resp_time":0.286186}
{"time":"August 15, 10:38 am","ts":1660540123,"status":200,"resp_time":0.18819}
{"time":"August 15, 11:14 am","ts":1660542265,"status":200,"resp_time":0.351085}
{"time":"August 15, 11:27 am","ts":1660543055,"status":200,"resp_time":0.282828}
{"time":"August 15, 12:01 pm","ts":1660545067,"status":200,"resp_time":0.305053}
{"time":"August 15, 12:25 pm","ts":1660546519,"status":200,"resp_time":0.197351}
{"time":"August 15, 12:45 pm","ts":1660547742,"status":200,"resp_time":0.029049}
{"time":"August 15, 1:01 pm","ts":1660548710,"status":200,"resp_time":0.025058}
{"time":"August 15, 1:15 pm","ts":1660549536,"status":200,"resp_time":0.195306}
{"time":"August 15, 1:26 pm","ts":1660550165,"status":200,"resp_time":0.304914}
{"time":"August 15, 1:54 pm","ts":1660551858,"status":200,"resp_time":0.194536}
{"time":"August 15, 2:16 pm","ts":1660553161,"status":200,"resp_time":0.029737}
{"time":"August 15, 2:26 pm","ts":1660553818,"status":200,"resp_time":0.027607}
{"time":"August 15, 2:51 pm","ts":1660555291,"status":200,"resp_time":0.198333}
{"time":"August 15, 3:10 pm","ts":1660556451,"status":200,"resp_time":0.397277}
{"time":"August 15, 3:25 pm","ts":1660557338,"status":200,"resp_time":0.031197}
{"time":"August 15, 3:50 pm","ts":1660558857,"status":200,"resp_time":0.043737}
{"time":"August 15, 4:13 pm","ts":1660560204,"status":200,"resp_time":0.280697}
{"time":"August 15, 4:25 pm","ts":1660560929,"status":200,"resp_time":0.033304}
{"time":"August 15, 4:44 pm","ts":1660562097,"status":200,"resp_time":0.046983}
{"time":"August 15, 5:00 pm","ts":1660563011,"status":200,"resp_time":0.396045}
{"time":"August 15, 5:11 pm","ts":1660563672,"status":200,"resp_time":0.045026}
{"time":"August 15, 5:25 pm","ts":1660564537,"status":200,"resp_time":0.215309}
{"time":"August 15, 6:07 pm","ts":1660567034,"status":200,"resp_time":0.222853}
{"time":"August 15, 6:56 pm","ts":1660569976,"status":200,"resp_time":0.280873}
{"time":"August 15, 7:28 pm","ts":1660571888,"status":200,"resp_time":0.262102}
{"time":"August 15, 7:55 pm","ts":1660573547,"status":200,"resp_time":0.185855}
{"time":"August 15, 8:11 pm","ts":1660574499,"status":200,"resp_time":0.042901}
{"time":"August 15, 8:25 pm","ts":1660575341,"status":200,"resp_time":0.179378}
{"time":"August 15, 8:50 pm","ts":1660576856,"status":200,"resp_time":0.046862}
{"time":"August 15, 9:14 pm","ts":1660578287,"status":200,"resp_time":0.182062}
{"time":"August 15, 9:25 pm","ts":1660578944,"status":200,"resp_time":0.043645}
{"time":"August 15, 9:57 pm","ts":1660580820,"status":200,"resp_time":0.052572}
{"time":"August 15, 10:32 pm","ts":1660582926,"status":200,"resp_time":0.400586}
{"time":"August 15, 11:03 pm","ts":1660584827,"status":200,"resp_time":0.218696}
{"time":"August 15, 11:19 pm","ts":1660585773,"status":200,"resp_time":0.400689}
{"time":"August 15, 11:29 pm","ts":1660586387,"status":200,"resp_time":0.202402}
{"time":"August 16, 12:02 am","ts":1660588345,"status":200,"resp_time":0.278793}
{"time":"August 16, 12:23 am","ts":1660589637,"status":200,"resp_time":0.025485}
{"time":"August 16, 12:43 am","ts":1660590823,"status":200,"resp_time":0.12632}
{"time":"August 16, 12:58 am","ts":1660591688,"status":200,"resp_time":0.044844}
{"time":"August 16, 1:09 am","ts":1660592369,"status":200,"resp_time":0.046498}
{"time":"August 16, 1:19 am","ts":1660592991,"status":200,"resp_time":0.286083}
{"time":"August 16, 1:30 am","ts":1660593610,"status":200,"resp_time":0.175245}
{"time":"August 16, 1:56 am","ts":1660595182,"status":200,"resp_time":0.04425}
{"time":"August 16, 2:11 am","ts":1660596113,"status":200,"resp_time":0.395624}
{"time":"August 16, 2:25 am","ts":1660596942,"status":200,"resp_time":0.200622}
{"time":"August 16, 2:46 am","ts":1660598178,"status":200,"resp_time":0.148201}
{"time":"August 16, 3:03 am","ts":1660599199,"status":200,"resp_time":0.041855}
{"time":"August 16, 3:16 am","ts":1660599972,"status":200,"resp_time":0.176365}
{"time":"August 16, 3:26 am","ts":1660600592,"status":200,"resp_time":0.030742}
{"time":"August 16, 3:51 am","ts":1660602109,"status":200,"resp_time":0.407769}
{"time":"August 16, 4:11 am","ts":1660603280,"status":200,"resp_time":0.023869}
{"time":"August 16, 4:25 am","ts":1660604143,"status":200,"resp_time":0.367905}
{"time":"August 16, 4:48 am","ts":1660605515,"status":200,"resp_time":0.024705}
{"time":"August 16, 5:05 am","ts":1660606543,"status":200,"resp_time":0.02702}
{"time":"August 16, 5:17 am","ts":1660607229,"status":200,"resp_time":0.03458}
{"time":"August 16, 5:27 am","ts":1660607863,"status":200,"resp_time":0.198115}
{"time":"August 16, 7:52 am","ts":1660616573,"status":200,"resp_time":0.022939}
{"time":"August 16, 9:23 am","ts":1660622000,"status":200,"resp_time":0.277223}
{"time":"August 16, 10:10 am","ts":1660624827,"status":200,"resp_time":0.383367}
{"time":"August 16, 10:39 am","ts":1660626551,"status":200,"resp_time":0.380727}
{"time":"August 16, 10:58 am","ts":1660627722,"status":200,"resp_time":0.023851}
{"time":"August 16, 11:09 am","ts":1660628351,"status":200,"resp_time":0.160399}
{"time":"August 16, 11:19 am","ts":1660628973,"status":200,"resp_time":0.395479}
{"time":"August 16, 11:29 am","ts":1660629592,"status":200,"resp_time":0.030056}
{"time":"August 16, 12:01 pm","ts":1660631489,"status":200,"resp_time":0.187225}
{"time":"August 16, 12:22 pm","ts":1660632749,"status":200,"resp_time":0.027379}
{"time":"August 16, 12:43 pm","ts":1660634007,"status":200,"resp_time":0.156639}
{"time":"August 16, 12:57 pm","ts":1660634822,"status":200,"resp_time":0.160814}
{"time":"August 16, 1:07 pm","ts":1660635459,"status":200,"resp_time":0.030429}
{"time":"August 16, 1:18 pm","ts":1660636085,"status":200,"resp_time":0.044232}
{"time":"August 16, 1:28 pm","ts":1660636707,"status":200,"resp_time":0.024488}
{"time":"August 16, 1:55 pm","ts":1660638357,"status":200,"resp_time":0.027381}
{"time":"August 16, 2:10 pm","ts":1660639221,"status":200,"resp_time":0.199093}
{"time":"August 16, 2:25 pm","ts":1660640142,"status":200,"resp_time":0.21709}
{"time":"August 16, 2:45 pm","ts":1660641331,"status":200,"resp_time":0.026444}
{"time":"August 16, 2:59 pm","ts":1660642144,"status":200,"resp_time":0.404134}
{"time":"August 16, 3:09 pm","ts":1660642762,"status":200,"resp_time":0.041723}
