{"time":"October 24, 4:28 am","ts":1666565880,"status":200,"resp_time":0.209213}
{"time":"October 24, 5:04 am","ts":1666568061,"status":200,"resp_time":0.186061}
{"time":"October 24, 5:26 am","ts":1666569402,"status":200,"resp_time":0.109683}
{"time":"October 24, 8:09 am","ts":1666579194,"status":200,"resp_time":0.127737}
{"time":"October 24, 10:19 am","ts":1666586980,"status":200,"resp_time":0.028035}
{"time":"October 24, 11:39 am","ts":1666591786,"status":200,"resp_time":0.201928}
{"time":"October 24, 12:46 pm","ts":1666595761,"status":200,"resp_time":0.0261}
{"time":"October 24, 1:29 pm","ts":1666598345,"status":200,"resp_time":0.18941}
{"time":"October 24, 2:17 pm","ts":1666601264,"status":200,"resp_time":0.045596}
{"time":"October 24, 2:48 pm","ts":1666603123,"status":200,"resp_time":0.231812}
{"time":"October 24, 3:22 pm","ts":1666605132,"status":200,"resp_time":0.046783}
{"time":"October 24, 3:57 pm","ts":1666607226,"status":200,"resp_time":0.217509}
{"time":"October 24, 4:28 pm","ts":1666609137,"status":200,"resp_time":0.044876}
{"time":"October 24, 4:59 pm","ts":1666610956,"status":200,"resp_time":0.028917}
{"time":"October 24, 5:18 pm","ts":1666612085,"status":200,"resp_time":0.022189}
{"time":"October 24, 5:28 pm","ts":1666612713,"status":200,"resp_time":0.205036}
{"time":"October 24, 6:33 pm","ts":1666616587,"status":200,"resp_time":0.224094}
{"time":"October 24, 7:40 pm","ts":1666620640,"status":200,"resp_time":0.048672}
{"time":"October 24, 8:21 pm","ts":1666623063,"status":200,"resp_time":0.079493}
{"time":"October 24, 8:56 pm","ts":1666625164,"status":200,"resp_time":0.054725}
{"time":"October 24, 9:24 pm","ts":1666626891,"status":200,"resp_time":0.031945}
{"time":"October 24, 10:03 pm","ts":1666629213,"status":200,"resp_time":0.197383}
{"time":"October 24, 10:48 pm","ts":1666631902,"status":200,"resp_time":0.047829}
{"time":"October 24, 11:26 pm","ts":1666634189,"status":200,"resp_time":0.031309}
{"time":"October 25, 12:09 am","ts":1666636765,"status":200,"resp_time":0.198678}
{"time":"October 25, 12:43 am","ts":1666638830,"status":200,"resp_time":0.135593}
{"time":"October 25, 1:11 am","ts":1666640472,"status":200,"resp_time":0.229296}
{"time":"October 25, 1:27 am","ts":1666641431,"status":200,"resp_time":0.052707}
{"time":"October 25, 1:59 am","ts":1666643396,"status":200,"resp_time":0.041473}
{"time":"October 25, 2:22 am","ts":1666644765,"status":200,"resp_time":0.206712}
{"time":"October 25, 2:49 am","ts":1666646376,"status":200,"resp_time":0.116995}
{"time":"October 25, 3:11 am","ts":1666647682,"status":200,"resp_time":0.027989}
{"time":"October 25, 3:27 am","ts":1666648667,"status":200,"resp_time":0.113359}
{"time":"October 25, 3:59 am","ts":1666650557,"status":200,"resp_time":0.048169}
{"time":"October 25, 4:21 am","ts":1666651894,"status":200,"resp_time":0.210832}
{"time":"October 25, 4:54 am","ts":1666653881,"status":200,"resp_time":0.221829}
{"time":"October 25, 5:21 am","ts":1666655507,"status":200,"resp_time":0.221044}
{"time":"October 25, 7:38 am","ts":1666663694,"status":200,"resp_time":0.106411}
{"time":"October 25, 10:02 am","ts":1666672348,"status":200,"resp_time":0.403878}
{"time":"October 25, 11:32 am","ts":1666677753,"status":200,"resp_time":0.205704}
{"time":"October 25, 12:38 pm","ts":1666681731,"status":200,"resp_time":0.107136}
{"time":"October 25, 1:21 pm","ts":1666684302,"status":200,"resp_time":0.107847}
{"time":"October 25, 2:05 pm","ts":1666686923,"status":200,"resp_time":0.106771}
{"time":"October 25, 2:35 pm","ts":1666688720,"status":200,"resp_time":0.128303}
{"time":"October 25, 3:14 pm","ts":1666691094,"status":200,"resp_time":0.113344}
{"time":"October 25, 3:32 pm","ts":1666692144,"status":200,"resp_time":0.04952}
{"time":"October 25, 4:09 pm","ts":1666694394,"status":200,"resp_time":0.025762}
{"time":"October 25, 4:29 pm","ts":1666695591,"status":200,"resp_time":0.18357}
{"time":"October 25, 4:57 pm","ts":1666697264,"status":200,"resp_time":0.113228}
{"time":"October 25, 5:16 pm","ts":1666698370,"status":200,"resp_time":0.112972}
{"time":"October 25, 5:26 pm","ts":1666699013,"status":200,"resp_time":0.046738}
{"time":"October 25, 6:27 pm","ts":1666702636,"status":200,"resp_time":0.046793}
{"time":"October 25, 7:36 pm","ts":1666706802,"status":200,"resp_time":0.045678}
{"time":"October 25, 8:16 pm","ts":1666709187,"status":200,"resp_time":0.023525}
{"time":"October 25, 8:39 pm","ts":1666710579,"status":200,"resp_time":0.217052}
{"time":"October 25, 9:15 pm","ts":1666712738,"status":200,"resp_time":0.02526}
{"time":"October 25, 9:43 pm","ts":1666714390,"status":200,"resp_time":0.126371}
{"time":"October 25, 10:44 pm","ts":1666718081,"status":200,"resp_time":0.045711}
{"time":"October 25, 11:42 pm","ts":1666721548,"status":200,"resp_time":0.111572}
{"time":"October 26, 12:41 am","ts":1666725080,"status":200,"resp_time":0.045822}
{"time":"October 26, 1:21 am","ts":1666727490,"status":200,"resp_time":0.045355}
{"time":"October 26, 1:54 am","ts":1666729454,"status":200,"resp_time":0.109858}
{"time":"October 26, 2:19 am","ts":1666730993,"status":200,"resp_time":0.044334}
{"time":"October 26, 2:35 am","ts":1666731910,"status":200,"resp_time":0.200066}
{"time":"October 26, 3:02 am","ts":1666733548,"status":200,"resp_time":0.023146}
{"time":"October 26, 3:23 am","ts":1666734797,"status":200,"resp_time":0.021331}
{"time":"October 26, 3:51 am","ts":1666736505,"status":200,"resp_time":0.1853}
{"time":"October 26, 4:18 am","ts":1666738101,"status":200,"resp_time":0.104387}
{"time":"October 26, 4:28 am","ts":1666738722,"status":200,"resp_time":0.18674}
{"time":"October 26, 5:00 am","ts":1666740649,"status":200,"resp_time":0.04799}
{"time":"October 26, 5:22 am","ts":1666741923,"status":200,"resp_time":0.027669}
{"time":"October 26, 7:19 am","ts":1666748969,"status":200,"resp_time":0.130853}
{"time":"October 26, 9:11 am","ts":1666755711,"status":200,"resp_time":0.045561}
{"time":"October 26, 10:09 am","ts":1666759177,"status":200,"resp_time":0.046571}
{"time":"October 26, 10:48 am","ts":1666761523,"status":200,"resp_time":0.111665}
{"time":"October 26, 11:16 am","ts":1666763180,"status":200,"resp_time":0.111881}
{"time":"October 26, 11:27 am","ts":1666763861,"status":200,"resp_time":0.047059}
{"time":"October 26, 12:05 pm","ts":1666766124,"status":200,"resp_time":0.022024}
{"time":"October 26, 12:28 pm","ts":1666767510,"status":200,"resp_time":0.114684}
{"time":"October 26, 12:56 pm","ts":1666769210,"status":200,"resp_time":0.048028}
{"time":"October 26, 1:13 pm","ts":1666770195,"status":200,"resp_time":0.18182}
{"time":"October 26, 1:25 pm","ts":1666770952,"status":200,"resp_time":0.112618}
{"time":"October 26, 1:56 pm","ts":1666772760,"status":200,"resp_time":0.179496}
{"time":"October 26, 2:18 pm","ts":1666774125,"status":200,"resp_time":0.219969}
{"time":"October 26, 2:29 pm","ts":1666774769,"status":200,"resp_time":0.206564}
{"time":"October 26, 2:56 pm","ts":1666776411,"status":200,"resp_time":0.02699}
{"time":"October 26, 3:14 pm","ts":1666777497,"status":200,"resp_time":0.13284}
{"time":"October 26, 3:25 pm","ts":1666778130,"status":200,"resp_time":0.126385}
{"time":"October 26, 3:51 pm","ts":1666779665,"status":200,"resp_time":0.046014}
{"time":"October 26, 4:14 pm","ts":1666781095,"status":200,"resp_time":0.203274}
{"time":"October 26, 4:26 pm","ts":1666781764,"status":200,"resp_time":0.185215}
{"time":"October 26, 4:47 pm","ts":1666783067,"status":200,"resp_time":0.197432}
{"time":"October 26, 5:03 pm","ts":1666783994,"status":200,"resp_time":0.20123}
{"time":"October 26, 5:15 pm","ts":1666784744,"status":200,"resp_time":0.027133}
{"time":"October 26, 5:26 pm","ts":1666785360,"status":200,"resp_time":0.047621}
{"time":"October 26, 6:19 pm","ts":1666788567,"status":200,"resp_time":0.140423}
{"time":"October 26, 7:09 pm","ts":1666791577,"status":200,"resp_time":0.048373}
{"time":"October 26, 7:44 pm","ts":1666793666,"status":200,"resp_time":0.1139}
{"time":"October 26, 8:10 pm","ts":1666795259,