{"time":"August 9, 7:34 pm","ts":1660053872,"status":200,"resp_time":0.175678}
{"time":"August 9, 7:59 pm","ts":1660055358,"status":200,"resp_time":0.200905}
{"time":"August 9, 8:12 pm","ts":1660056168,"status":200,"resp_time":0.395066}
{"time":"August 9, 8:25 pm","ts":1660056930,"status":200,"resp_time":0.029514}
{"time":"August 9, 8:50 pm","ts":1660058426,"status":200,"resp_time":0.262065}
{"time":"August 9, 9:15 pm","ts":1660059907,"status":200,"resp_time":0.024516}
{"time":"August 9, 9:26 pm","ts":1660060569,"status":200,"resp_time":0.198853}
{"time":"August 9, 9:57 pm","ts":1660062456,"status":200,"resp_time":0.275294}
{"time":"August 9, 10:28 pm","ts":1660064290,"status":200,"resp_time":0.280091}
{"time":"August 9, 10:55 pm","ts":1660065931,"status":200,"resp_time":0.045591}
{"time":"August 9, 11:11 pm","ts":1660066895,"status":200,"resp_time":0.159779}
{"time":"August 9, 11:25 pm","ts":1660067739,"status":200,"resp_time":0.045477}
{"time":"August 9, 11:51 pm","ts":1660069315,"status":200,"resp_time":0.292259}
{"time":"August 10, 12:16 am","ts":1660070779,"status":200,"resp_time":0.184939}
{"time":"August 10, 12:26 am","ts":1660071406,"status":200,"resp_time":0.043063}
{"time":"August 10, 12:51 am","ts":1660072894,"status":200,"resp_time":0.043997}
{"time":"August 10, 1:09 am","ts":1660073940,"status":200,"resp_time":0.045044}
{"time":"August 10, 1:19 am","ts":1660074576,"status":200,"resp_time":0.026108}
{"time":"August 10, 1:30 am","ts":1660075211,"status":200,"resp_time":0.022899}
{"time":"August 10, 1:57 am","ts":1660076826,"status":200,"resp_time":0.27748}
{"time":"August 10, 2:12 am","ts":1660077765,"status":200,"resp_time":0.024376}
{"time":"August 10, 2:25 am","ts":1660078549,"status":200,"resp_time":0.261525}
{"time":"August 10, 2:46 am","ts":1660079784,"status":200,"resp_time":0.216618}
{"time":"August 10, 3:02 am","ts":1660080774,"status":200,"resp_time":0.19935}
{"time":"August 10, 3:16 am","ts":1660081573,"status":200,"resp_time":0.034502}
{"time":"August 10, 3:26 am","ts":1660082200,"status":200,"resp_time":0.027417}
{"time":"August 10, 3:50 am","ts":1660083617,"status":200,"resp_time":0.045581}
{"time":"August 10, 4:10 am","ts":1660084845,"status":200,"resp_time":0.369641}
{"time":"August 10, 4:25 am","ts":1660085730,"status":200,"resp_time":0.303905}
{"time":"August 10, 4:48 am","ts":1660087091,"status":200,"resp_time":0.047551}
{"time":"August 10, 5:05 am","ts":1660088139,"status":200,"resp_time":0.029802}
{"time":"August 10, 5:17 am","ts":1660088847,"status":200,"resp_time":0.20012}
{"time":"August 10, 5:27 am","ts":1660089476,"status":200,"resp_time":0.399938}
{"time":"August 10, 7:29 am","ts":1660096771,"status":200,"resp_time":0.025535}
{"time":"August 10, 8:40 am","ts":1660101002,"status":200,"resp_time":0.039269}
{"time":"August 10, 9:14 am","ts":1660103099,"status":200,"resp_time":0.160532}
{"time":"August 10, 9:29 am","ts":1660103940,"status":200,"resp_time":0.053471}
{"time":"August 10, 10:01 am","ts":1660105885,"status":200,"resp_time":0.174104}
{"time":"August 10, 10:23 am","ts":1660107239,"status":200,"resp_time":0.38111}
{"time":"August 10, 10:45 am","ts":1660108548,"status":200,"resp_time":0.374619}
{"time":"August 10, 11:01 am","ts":1660109474,"status":200,"resp_time":0.158539}
{"time":"August 10, 11:15 am","ts":1660110342,"status":200,"resp_time":0.021482}
{"time":"August 10, 11:26 am","ts":1660110961,"status":200,"resp_time":0.261098}
{"time":"August 10, 11:55 am","ts":1660112731,"status":200,"resp_time":0.257999}
{"time":"August 10, 12:19 pm","ts":1660114154,"status":200,"resp_time":0.386667}
{"time":"August 10, 12:29 pm","ts":1660114770,"status":200,"resp_time":0.177871}
{"time":"August 10, 12:53 pm","ts":1660116203,"status":200,"resp_time":0.374973}
{"time":"August 10, 1:08 pm","ts":1660117110,"status":200,"resp_time":0.173608}
{"time":"August 10, 1:18 pm","ts":1660117730,"status":200,"resp_time":0.027021}
{"time":"August 10, 1:29 pm","ts":1660118362,"status":200,"resp_time":0.042662}
{"time":"August 10, 1:59 pm","ts":1660120176,"status":200,"resp_time":0.25955}
{"time":"August 10, 2:17 pm","ts":1660121267,"status":200,"resp_time":0.042684}
{"time":"August 10, 2:28 pm","ts":1660121882,"status":200,"resp_time":0.066614}
{"time":"August 10, 2:53 pm","ts":1660123422,"status":200,"resp_time":0.02717}
{"time":"August 10, 3:10 pm","ts":1660124449,"status":200,"resp_time":0.183918}
{"time":"August 10, 3:25 pm","ts":1660125345,"status":200,"resp_time":0.193231}
{"time":"August 10, 3:49 pm","ts":1660126799,"status":200,"resp_time":0.022257}
{"time":"August 10, 4:08 pm","ts":1660127922,"status":200,"resp_time":0.257553}
{"time":"August 10, 4:20 pm","ts":1660128632,"status":200,"resp_time":0.261132}
{"time":"August 10, 4:44 pm","ts":1660130077,"status":200,"resp_time":0.175693}
{"time":"August 10, 5:00 pm","ts":1660131000,"status":200,"resp_time":0.050089}
{"time":"August 10, 5:11 pm","ts":1660131670,"status":200,"resp_time":0.259713}
{"time":"August 10, 5:25 pm","ts":1660132543,"status":200,"resp_time":0.171259}
{"time":"August 10, 6:06 pm","ts":1660134963,"status":200,"resp_time":0.022649}
{"time":"August 10, 6:45 pm","ts":1660137343,"status":200,"resp_time":0.043643}
{"time":"August 10, 7:17 pm","ts":1660139264,"status":200,"resp_time":0.179574}
{"time":"August 10, 7:28 pm","ts":1660139935,"status":200,"resp_time":0.177631}
{"time":"August 10, 7:52 pm","ts":1660141350,"status":200,"resp_time":0.026346}
{"time":"August 10, 8:08 pm","ts":1660142335,"status":200,"resp_time":0.2558}
{"time":"August 10, 8:19 pm","ts":1660142960,"status":200,"resp_time":0.026962}
{"time":"August 10, 8:29 pm","ts":1660143593,"status":200,"resp_time":0.184596}
{"time":"August 10, 8:56 pm","ts":1660145173,"status":200,"resp_time":0.099778}
{"time":"August 10, 9:13 pm","ts":1660146217,"status":200,"resp_time":0.191094}
{"time":"August 10, 9:25 pm","ts":1660146927,"status":200,"resp_time":0.02639}
{"time":"August 10, 9:57 pm","ts":1660148836,"status":200,"resp_time":0.238767}
{"time":"August 10, 10:32 pm","ts":1660150921,"status":200,"resp_time":0.184219}
{"time":"August 10, 11:01 pm","ts":1660152709,"status":200,"resp_time":0.02753}
{"time":"August 10, 11:18 pm","ts":1660153689,"status":200,"resp_time":0.264301}
{"time":"August 10, 11:28 pm","ts":1660154304,"status":200,"resp_time":0.188141}
{"time":"August 10, 11:59 pm","ts":1660156195,"status":200,"resp_time":0.379818}
{"time":"August 11, 12:19 am","ts":1660157389,"status":200,"resp_time":0.395756}
{"time":"August 11, 12:30 am","ts":1660158004,"status":200,"resp_time":0.259107}
{"time":"August 11, 12:50 am","ts":1660159215,"status":200,"resp_time":0.025662}
{"time":"August 11, 1:06 am","ts":1660160191,"status":200,"resp_time":0.043466}
{"time":"August 11, 1:16 am","ts":1660160815,"status":200,"resp_time":0.233427}
{"time":"August 11, 1:27 am","ts":1660161443,"status":200,"resp_time":0.043596}
{"time":"August 11, 1:53 am","ts":1660163004,"status":200,"resp_time":0.254918}
{"time":"August 11, 2:10 am","ts":1660164048,"status":200,"resp_time":0.384176}
{"time":"August 11, 2:25 am","ts":1660164930,"status":200,"resp_time":0.264227}
{"time":"August 11, 2:45 am","ts":1660166140,"status":200,"resp_time":0.039835}
{"time":"August 11, 3:01 am","ts":1660167099,"status":200,"resp_time":0.046216}
{"time":"August 11, 3:15 am","ts":1660167933,"status":200,"resp_time":0.193399}
