{"time":"September 7, 4:21 pm","ts":1662547884,"status":200,"resp_time":0.04196}
{"time":"September 7, 4:46 pm","ts":1662549360,"status":200,"resp_time":0.25008}
{"time":"September 7, 5:02 pm","ts":1662550351,"status":200,"resp_time":0.178317}
{"time":"September 7, 5:15 pm","ts":1662551156,"status":200,"resp_time":0.172631}
{"time":"September 7, 5:26 pm","ts":1662551773,"status":200,"resp_time":0.466692}
{"time":"September 7, 6:11 pm","ts":1662554499,"status":200,"resp_time":0.028912}
{"time":"September 7, 7:09 pm","ts":1662557952,"status":200,"resp_time":0.041778}
{"time":"September 7, 7:44 pm","ts":1662560096,"status":200,"resp_time":0.379623}
{"time":"September 7, 8:11 pm","ts":1662561697,"status":200,"resp_time":0.028125}
{"time":"September 7, 8:26 pm","ts":1662562605,"status":200,"resp_time":0.467175}
{"time":"September 7, 8:54 pm","ts":1662564249,"status":200,"resp_time":0.404914}
{"time":"September 7, 9:16 pm","ts":1662565597,"status":200,"resp_time":0.396198}
{"time":"September 7, 9:28 pm","ts":1662566308,"status":200,"resp_time":0.023636}
{"time":"September 7, 10:07 pm","ts":1662568635,"status":200,"resp_time":0.39321}
{"time":"September 7, 10:36 pm","ts":1662570407,"status":200,"resp_time":0.024384}
{"time":"September 7, 11:12 pm","ts":1662572541,"status":200,"resp_time":0.04598}
{"time":"September 7, 11:28 pm","ts":1662573526,"status":200,"resp_time":0.477415}
{"time":"September 8, 12:02 am","ts":1662575575,"status":200,"resp_time":0.044745}
{"time":"September 8, 12:25 am","ts":1662576916,"status":200,"resp_time":0.022082}
{"time":"September 8, 12:45 am","ts":1662578120,"status":200,"resp_time":0.385595}
{"time":"September 8, 1:00 am","ts":1662579021,"status":200,"resp_time":0.202177}
{"time":"September 8, 1:16 am","ts":1662580006,"status":200,"resp_time":0.020869}
{"time":"September 8, 1:27 am","ts":1662580644,"status":200,"resp_time":0.139753}
{"time":"September 8, 1:58 am","ts":1662582514,"status":200,"resp_time":0.047219}
{"time":"September 8, 2:18 am","ts":1662583715,"status":200,"resp_time":0.385175}
{"time":"September 8, 2:28 am","ts":1662584327,"status":200,"resp_time":0.026831}
{"time":"September 8, 2:54 am","ts":1662585863,"status":200,"resp_time":0.044001}
{"time":"September 8, 3:12 am","ts":1662586921,"status":200,"resp_time":0.172114}
{"time":"September 8, 3:25 am","ts":1662587734,"status":200,"resp_time":0.044121}
{"time":"September 8, 3:48 am","ts":1662589095,"status":200,"resp_time":0.044061}
{"time":"September 8, 4:08 am","ts":1662590306,"status":200,"resp_time":0.052667}
{"time":"September 8, 4:21 am","ts":1662591093,"status":200,"resp_time":0.170307}
{"time":"September 8, 4:52 am","ts":1662592926,"status":200,"resp_time":0.039544}
{"time":"September 8, 5:16 am","ts":1662594418,"status":200,"resp_time":0.381346}
{"time":"September 8, 5:31 am","ts":1662595267,"status":200,"resp_time":0.02656}
{"time":"September 8, 8:36 am","ts":1662606405,"status":200,"resp_time":0.02219}
{"time":"September 8, 10:18 am","ts":1662612485,"status":200,"resp_time":0.026018}
{"time":"September 8, 11:22 am","ts":1662616361,"status":200,"resp_time":0.022338}
{"time":"September 8, 12:14 pm","ts":1662619499,"status":200,"resp_time":0.140007}
{"time":"September 8, 12:49 pm","ts":1662621578,"status":200,"resp_time":0.0441}
{"time":"September 8, 1:17 pm","ts":1662623257,"status":200,"resp_time":0.44225}
{"time":"September 8, 1:28 pm","ts":1662623931,"status":200,"resp_time":0.20552}
{"time":"September 8, 2:02 pm","ts":1662625923,"status":200,"resp_time":0.044986}
{"time":"September 8, 2:25 pm","ts":1662627336,"status":200,"resp_time":0.40366}
{"time":"September 8, 2:50 pm","ts":1662628819,"status":200,"resp_time":0.184466}
{"time":"September 8, 3:14 pm","ts":1662630275,"status":200,"resp_time":0.041271}
{"time":"September 8, 3:26 pm","ts":1662630978,"status":200,"resp_time":0.021191}
{"time":"September 8, 3:54 pm","ts":1662632659,"status":200,"resp_time":0.399925}
{"time":"September 8, 4:15 pm","ts":1662633955,"status":200,"resp_time":0.392226}
{"time":"September 8, 4:27 pm","ts":1662634626,"status":200,"resp_time":0.020722}
{"time":"September 8, 4:50 pm","ts":1662636038,"status":200,"resp_time":0.172773}
{"time":"September 8, 5:10 pm","ts":1662637222,"status":200,"resp_time":0.151384}
{"time":"September 8, 5:25 pm","ts":1662638138,"status":200,"resp_time":0.385632}
{"time":"September 8, 6:08 pm","ts":1662640710,"status":200,"resp_time":0.40081}
{"time":"September 8, 6:52 pm","ts":1662643367,"status":200,"resp_time":0.449971}
{"time":"September 8, 7:19 pm","ts":1662644948,"status":200,"resp_time":0.025997}
{"time":"September 8, 7:29 pm","ts":1662645572,"status":200,"resp_time":0.392528}
{"time":"September 8, 7:54 pm","ts":1662647086,"status":200,"resp_time":0.05165}
{"time":"September 8, 8:08 pm","ts":1662647922,"status":200,"resp_time":0.159808}
{"time":"September 8, 8:19 pm","ts":1662648548,"status":200,"resp_time":0.173976}
{"time":"September 8, 8:29 pm","ts":1662649186,"status":200,"resp_time":0.17081}
{"time":"September 8, 8:59 pm","ts":1662650982,"status":200,"resp_time":0.051616}
{"time":"September 8, 9:20 pm","ts":1662652255,"status":200,"resp_time":0.396039}
{"time":"September 8, 9:56 pm","ts":1662654397,"status":200,"resp_time":0.380255}
{"time":"September 8, 10:36 pm","ts":1662656807,"status":200,"resp_time":0.401971}
{"time":"September 8, 11:10 pm","ts":1662658806,"status":200,"resp_time":0.048378}
{"time":"September 8, 11:25 pm","ts":1662659739,"status":200,"resp_time":0.02908}
{"time":"September 8, 11:53 pm","ts":1662661409,"status":200,"resp_time":0.126912}
{"time":"September 9, 12:20 am","ts":1662663050,"status":200,"resp_time":0.024123}
{"time":"September 9, 12:46 am","ts":1662664561,"status":200,"resp_time":0.022921}
{"time":"September 9, 1:01 am","ts":1662665474,"status":200,"resp_time":0.021254}
{"time":"September 9, 1:15 am","ts":1662666351,"status":200,"resp_time":0.161295}
{"time":"September 9, 1:26 am","ts":1662666978,"status":200,"resp_time":0.200325}
{"time":"September 9, 1:54 am","ts":1662668685,"status":200,"resp_time":0.045429}
{"time":"September 9, 2:15 am","ts":1662669904,"status":200,"resp_time":0.025424}
{"time":"September 9, 2:26 am","ts":1662670595,"status":200,"resp_time":0.042103}
{"time":"September 9, 2:50 am","ts":1662672025,"status":200,"resp_time":0.402504}
{"time":"September 9, 3:12 am","ts":1662673339,"status":200,"resp_time":0.385571}
{"time":"September 9, 3:25 am","ts":1662674129,"status":200,"resp_time":0.025917}
{"time":"September 9, 3:49 am","ts":1662675562,"status":200,"resp_time":0.045898}
{"time":"September 9, 4:09 am","ts":1662676778,"status":200,"resp_time":0.210815}
{"time":"September 9, 4:22 am","ts":1662677557,"status":200,"resp_time":0.175386}
{"time":"September 9, 4:50 am","ts":1662679240,"status":200,"resp_time":0.026535}
{"time":"September 9, 5:16 am","ts":1662680760,"status":200,"resp_time":0.446635}
{"time":"September 9, 5:29 am","ts":1662681556,"status":200,"resp_time":0.412152}
{"time":"September 9, 8:18 am","ts":1662691716,"status":200,"resp_time":0.157289}
{"time":"September 9, 9:48 am","ts":1662697101,"status":200,"resp_time":0.201058}
{"time":"September 9, 11:06 am","ts":1662701799,"status":200,"resp_time":0.376871}
{"time":"September 9, 11:47 am","ts":1662704259,"status":200,"resp_time":0.043987}
{"time":"September 9, 12:26 pm","ts":1662706600,"status":200,"resp_time":0.177927}
{"time":"September 9, 12:57 pm","ts":1662708422,"status":200,"resp_time":0.042508}
{"time":"September 9, 1:15 pm","ts":1662709554,"status":200,"resp_time":0.175741}
{"time":"September 9, 1:26 pm","ts":1662710175,"status":200,"resp_time":0.387026}
{"time":"September 9, 1:59 pm","ts":1662712199,"status":200,"resp_time":0.028208}
{"time":"September 9, 2:24 pm","ts":1662713688,"status":200,"resp_time":0.398647}
{"time":"September 9, 2:49 pm","ts":1662715196,"status":200,"resp_time":0.021607}
{"time":"September 9, 3:10 pm","ts":1662716435,"status":200,"resp_time":0.041639}
{"time":"September 9, 3:26 pm",