{"time":"July 22, 8:04 pm","ts":1658500480,"status":200,"resp_time":0.299147}
{"time":"July 22, 8:17 pm","ts":1658501222,"status":200,"resp_time":0.027745}
{"time":"July 22, 8:27 pm","ts":1658501852,"status":200,"resp_time":0.122317}
