{"time":"November 10, 5:01 pm","ts":1668079889,"status":200,"resp_time":0.144161}
{"time":"November 10, 5:15 pm","ts":1668080729,"status":200,"resp_time":0.039327}
{"time":"November 10, 5:26 pm","ts":1668081363,"status":200,"resp_time":0.106036}
{"time":"November 10, 6:14 pm","ts":1668084245,"status":200,"resp_time":0.228486}
{"time":"November 10, 7:08 pm","ts":1668087509,"status":200,"resp_time":0.042563}
{"time":"November 10, 7:47 pm","ts":1668089836,"status":200,"resp_time":0.038736}
{"time":"November 10, 8:17 pm","ts":1668091648,"status":200,"resp_time":0.039086}
{"time":"November 10, 8:29 pm","ts":1668092368,"status":200,"resp_time":0.037006}
{"time":"November 10, 8:57 pm","ts":1668094027,"status":200,"resp_time":0.024088}
{"time":"November 10, 9:15 pm","ts":1668095101,"status":200,"resp_time":0.16999}
{"time":"November 10, 9:25 pm","ts":1668095731,"status":200,"resp_time":0.155103}
{"time":"November 10, 9:56 pm","ts":1668097597,"status":200,"resp_time":0.109438}
{"time":"November 10, 10:27 pm","ts":1668099454,"status":200,"resp_time":0.367671}
{"time":"November 10, 10:54 pm","ts":1668101099,"status":200,"resp_time":0.141409}
{"time":"November 10, 11:13 pm","ts":1668102181,"status":200,"resp_time":0.173068}
{"time":"November 10, 11:25 pm","ts":1668102937,"status":200,"resp_time":0.019778}
{"time":"November 10, 11:53 pm","ts":1668104614,"status":200,"resp_time":0.109327}
{"time":"November 11, 12:17 am","ts":1668106021,"status":200,"resp_time":0.181335}
{"time":"November 11, 12:27 am","ts":1668106662,"status":200,"resp_time":0.022587}
{"time":"November 11, 12:49 am","ts":1668107979,"status":200,"resp_time":0.027238}
{"time":"November 11, 1:00 am","ts":1668108602,"status":200,"resp_time":0.041647}
{"time":"November 11, 1:10 am","ts":1668109237,"status":200,"resp_time":0.10746}
{"time":"November 11, 1:25 am","ts":1668110134,"status":200,"resp_time":0.038456}
{"time":"November 11, 1:50 am","ts":1668111637,"status":200,"resp_time":0.040676}
{"time":"November 11, 2:12 am","ts":1668112920,"status":200,"resp_time":0.194914}
{"time":"November 11, 2:25 am","ts":1668113735,"status":200,"resp_time":0.104832}
{"time":"November 11, 2:47 am","ts":1668115073,"status":200,"resp_time":0.227359}
{"time":"November 11, 3:04 am","ts":1668116084,"status":200,"resp_time":0.131667}
{"time":"November 11, 3:16 am","ts":1668116809,"status":200,"resp_time":0.040721}
{"time":"November 11, 3:27 am","ts":1668117435,"status":200,"resp_time":0.027474}
{"time":"November 11, 3:52 am","ts":1668118971,"status":200,"resp_time":0.02601}
{"time":"November 11, 4:11 am","ts":1668120090,"status":200,"resp_time":0.025255}
{"time":"November 11, 4:25 am","ts":1668120949,"status":200,"resp_time":0.194024}
{"time":"November 11, 4:50 am","ts":1668122436,"status":200,"resp_time":0.170113}
{"time":"November 11, 5:11 am","ts":1668123706,"status":200,"resp_time":0.038566}
{"time":"November 11, 5:25 am","ts":1668124532,"status":200,"resp_time":0.028624}
{"time":"November 11, 7:16 am","ts":1668131161,"status":200,"resp_time":0.146613}
{"time":"November 11, 8:50 am","ts":1668136807,"status":200,"resp_time":0.188718}
{"time":"November 11, 9:35 am","ts":1668139549,"status":200,"resp_time":0.026991}
{"time":"November 11, 10:20 am","ts":1668142245,"status":200,"resp_time":0.048418}
{"time":"November 11, 10:51 am","ts":1668144087,"status":200,"resp_time":0.157866}
{"time":"November 11, 11:12 am","ts":1668145358,"status":200,"resp_time":0.094752}
{"time":"November 11, 11:25 am","ts":1668146142,"status":200,"resp_time":0.09487}
{"time":"November 11, 11:57 am","ts":1668148076,"status":200,"resp_time":0.030495}
{"time":"November 11, 12:25 pm","ts":1668149712,"status":200,"resp_time":0.026718}
{"time":"November 11, 12:46 pm","ts":1668151010,"status":200,"resp_time":0.226334}
{"time":"November 11, 1:02 pm","ts":1668151941,"status":200,"resp_time":0.030599}
{"time":"November 11, 1:15 pm","ts":1668152742,"status":200,"resp_time":0.038338}
{"time":"November 11, 1:26 pm","ts":1668153362,"status":200,"resp_time":0.094086}
{"time":"November 11, 1:58 pm","ts":1668155283,"status":200,"resp_time":0.050454}
{"time":"November 11, 2:20 pm","ts":1668156633,"status":200,"resp_time":0.198193}
{"time":"November 11, 2:47 pm","ts":1668158263,"status":200,"resp_time":0.098112}
{"time":"November 11, 3:05 pm","ts":1668159336,"status":200,"resp_time":0.169009}
{"time":"November 11, 3:17 pm","ts":1668160054,"status":200,"resp_time":0.028776}
{"time":"November 11, 3:27 pm","ts":1668160676,"status":200,"resp_time":0.021108}
{"time":"November 11, 4:00 pm","ts":1668162613,"status":200,"resp_time":0.099629}
{"time":"November 11, 4:18 pm","ts":1668163729,"status":200,"resp_time":0.037901}
{"time":"November 11, 4:29 pm","ts":1668164346,"status":200,"resp_time":0.036934}
{"time":"November 11, 4:52 pm","ts":1668165729,"status":200,"resp_time":0.108733}
{"time":"November 11, 5:08 pm","ts":1668166681,"status":200,"resp_time":0.038826}
{"time":"November 11, 5:18 pm","ts":1668167304,"status":200,"resp_time":0.038325}
{"time":"November 11, 5:28 pm","ts":1668167932,"status":200,"resp_time":0.193943}
{"time":"November 11, 6:25 pm","ts":1668171303,"status":200,"resp_time":0.146526}
{"time":"November 11, 7:11 pm","ts":1668174113,"status":200,"resp_time":0.04062}
{"time":"November 11, 7:32 pm","ts":1668175349,"status":200,"resp_time":0.09347}
{"time":"November 11, 7:58 pm","ts":1668176912,"status":200,"resp_time":0.040053}
{"time":"November 11, 8:13 pm","ts":1668177783,"status":200,"resp_time":0.107032}
{"time":"November 11, 8:25 pm","ts":1668178533,"status":200,"resp_time":0.110749}
{"time":"November 11, 8:50 pm","ts":1668180011,"status":200,"resp_time":0.039531}
{"time":"November 11, 9:09 pm","ts":1668181181,"status":200,"resp_time":0.032118}
{"time":"November 11, 9:22 pm","ts":1668181959,"status":200,"resp_time":0.166714}
{"time":"November 11, 9:55 pm","ts":1668183904,"status":200,"resp_time":0.19777}
{"time":"November 11, 10:25 pm","ts":1668185738,"status":200,"resp_time":0.021475}
{"time":"November 11, 10:50 pm","ts":1668187208,"status":200,"resp_time":0.028071}
{"time":"November 11, 11:08 pm","ts":1668188314,"status":200,"resp_time":0.03157}
{"time":"November 11, 11:19 pm","ts":1668188993,"status":200,"resp_time":0.040916}
{"time":"November 11, 11:30 pm","ts":1668189613,"status":200,"resp_time":0.094372}
{"time":"November 12, 12:03 am","ts":1668191617,"status":200,"resp_time":0.091563}
{"time":"November 12, 12:23 am","ts":1668192832,"status":200,"resp_time":0.10262}
{"time":"November 12, 12:45 am","ts":1668194120,"status":200,"resp_time":0.021796}
{"time":"November 12, 12:58 am","ts":1668194914,"status":200,"resp_time":0.107663}
{"time":"November 12, 1:09 am","ts":1668195587,"status":200,"resp_time":0.191269}
{"time":"November 12, 1:20 am","ts":1668196206,"status":200,"resp_time":0.029335}
{"time":"November 12, 1:32 am","ts":1668196955,"status":200,"resp_time":0.211109}
{"time":"November 12, 1:59 am","ts":1668198589,"status":200,"resp_time":0.107762}
{"time":"November 12, 2:15 am","ts":1668199513,"status":200,"resp_time":0.108602}
{"time":"November 12, 2:25 am","ts":1668200146,"status":200,"resp_time":0.047632}
{"time":"November 12, 2:47 am","ts":1668201433,"status":200,"resp_time":0.040091}
{"time":"November 12, 3:03 am","ts":1668202390,"status":200,"resp_time":0.039566}
{"time":"November 12, 3:16 am","ts":1668203166,"status":200,"resp_time":0.040179}
{"time":"November 12, 3:26 am","ts":1668203787,"status":200,"resp_time":0.166485}
{"time":"November 12, 3:50 am","ts":1668205257,"status":200,"resp_time":0.057584}
{"time":"November 12, 4:12 am","ts":1668206530,"status":200,"resp_time":0.050186}
{"time":"November 12, 4:25 am","ts":1668207339,"status":200,"resp_time":0.039157}
{"time":"November 12, 4:49 am","ts":1668208792,"status":200,"resp_time":0.094082}
{"time":"November 12, 5:07 am","ts":1668209853,"status":200,"resp_time":0.112892}
{"time":"November 12, 5:19 am","ts":1668210587,"status":200,"resp_time":0.105714}
