{"time":"July 31, 10:54 am","ts":1659245076,"status":200,"resp_time":0.197951}
{"time":"July 31, 11:08 am","ts":1659245930,"status":200,"resp_time":0.2332}
{"time":"July 31, 11:19 am","ts":1659246542,"status":200,"resp_time":0.105977}
{"time":"July 31, 11:29 am","ts":1659247164,"status":200,"resp_time":0.211469}
{"time":"July 31, 11:59 am","ts":1659248946,"status":200,"resp_time":0.109526}
{"time":"July 31, 12:18 pm","ts":1659250103,"status":200,"resp_time":0.100662}
{"time":"July 31, 12:28 pm","ts":1659250722,"status":200,"resp_time":0.19882}
{"time":"July 31, 12:51 pm","ts":1659252096,"status":200,"resp_time":0.075861}
{"time":"July 31, 1:06 pm","ts":1659253009,"status":200,"resp_time":0.195176}
{"time":"July 31, 1:17 pm","ts":1659253637,"status":200,"resp_time":0.210705}
{"time":"July 31, 1:27 pm","ts":1659254266,"status":200,"resp_time":0.267668}
{"time":"July 31, 1:56 pm","ts":1659256008,"status":200,"resp_time":0.288209}
{"time":"July 31, 2:13 pm","ts":1659257027,"status":200,"resp_time":0.061983}
{"time":"July 31, 2:25 pm","ts":1659257736,"status":200,"resp_time":0.326515}
{"time":"July 31, 2:46 pm","ts":1659258980,"status":200,"resp_time":0.056763}
{"time":"July 31, 3:02 pm","ts":1659259940,"status":200,"resp_time":0.195879}
{"time":"July 31, 3:15 pm","ts":1659260759,"status":200,"resp_time":0.239144}
{"time":"July 31, 3:26 pm","ts":1659261381,"status":200,"resp_time":0.06266}
{"time":"July 31, 3:51 pm","ts":1659262862,"status":200,"resp_time":0.059003}
{"time":"July 31, 4:10 pm","ts":1659264033,"status":200,"resp_time":0.234211}
{"time":"July 31, 4:25 pm","ts":1659264933,"status":200,"resp_time":0.084245}
{"time":"July 31, 4:44 pm","ts":1659266079,"status":200,"resp_time":0.063589}
{"time":"July 31, 5:00 pm","ts":1659267033,"status":200,"resp_time":0.236535}
{"time":"July 31, 5:15 pm","ts":1659267929,"status":200,"resp_time":0.106005}
{"time":"July 31, 5:25 pm","ts":1659268557,"status":200,"resp_time":0.178737}
{"time":"July 31, 6:04 pm","ts":1659270863,"status":200,"resp_time":0.103135}
{"time":"July 31, 6:36 pm","ts":1659272819,"status":200,"resp_time":0.232393}
{"time":"July 31, 7:05 pm","ts":1659274524,"status":200,"resp_time":0.110548}
{"time":"July 31, 7:18 pm","ts":1659275285,"status":200,"resp_time":0.205039}
{"time":"July 31, 7:28 pm","ts":1659275900,"status":200,"resp_time":0.076422}
{"time":"July 31, 7:51 pm","ts":1659277265,"status":200,"resp_time":0.267939}
{"time":"July 31, 8:07 pm","ts":1659278243,"status":200,"resp_time":0.110803}
{"time":"July 31, 8:17 pm","ts":1659278875,"status":200,"resp_time":0.30525}
{"time":"July 31, 8:28 pm","ts":1659279505,"status":200,"resp_time":0.199472}
{"time":"July 31, 8:54 pm","ts":1659281057,"status":200,"resp_time":0.228785}
{"time":"July 31, 9:11 pm","ts":1659282073,"status":200,"resp_time":0.186561}
{"time":"July 31, 9:25 pm","ts":1659282938,"status":200,"resp_time":0.296108}
{"time":"July 31, 9:53 pm","ts":1659284603,"status":200,"resp_time":0.09853}
{"time":"July 31, 10:22 pm","ts":1659286331,"status":200,"resp_time":0.116447}
{"time":"July 31, 10:46 pm","ts":1659287772,"status":200,"resp_time":0.084248}
{"time":"July 31, 11:02 pm","ts":1659288758,"status":200,"resp_time":0.242226}
{"time":"July 31, 11:15 pm","ts":1659289528,"status":200,"resp_time":0.093136}
{"time":"July 31, 11:25 pm","ts":1659290145,"status":200,"resp_time":0.10414}
{"time":"July 31, 11:51 pm","ts":1659291666,"status":200,"resp_time":0.284567}
{"time":"August 1, 12:13 am","ts":1659293019,"status":200,"resp_time":0.07002}
{"time":"August 1, 12:25 am","ts":1659293725,"status":200,"resp_time":0.231941}
{"time":"August 1, 12:44 am","ts":1659294861,"status":200,"resp_time":0.112007}
{"time":"August 1, 12:57 am","ts":1659295635,"status":200,"resp_time":0.210463}
{"time":"August 1, 1:09 am","ts":1659296357,"status":200,"resp_time":0.093823}
{"time":"August 1, 1:19 am","ts":1659296973,"status":200,"resp_time":0.21499}
{"time":"August 1, 1:29 am","ts":1659297582,"status":200,"resp_time":0.065559}
{"time":"August 1, 1:55 am","ts":1659299115,"status":200,"resp_time":0.175185}
{"time":"August 1, 2:09 am","ts":1659299991,"status":200,"resp_time":0.279727}
{"time":"August 1, 2:20 am","ts":1659300608,"status":200,"resp_time":0.222196}
{"time":"August 1, 2:31 am","ts":1659301264,"status":200,"resp_time":0.113533}
{"time":"August 1, 2:54 am","ts":1659302674,"status":200,"resp_time":0.123803}
{"time":"August 1, 3:07 am","ts":1659303473,"status":200,"resp_time":0.066688}
{"time":"August 1, 3:18 am","ts":1659304091,"status":200,"resp_time":0.207303}
{"time":"August 1, 3:28 am","ts":1659304717,"status":200,"resp_time":0.272791}
{"time":"August 1, 3:52 am","ts":1659306153,"status":200,"resp_time":0.142195}
{"time":"August 1, 4:09 am","ts":1659307142,"status":200,"resp_time":0.344039}
{"time":"August 1, 4:19 am","ts":1659307768,"status":200,"resp_time":0.285765}
{"time":"August 1, 4:29 am","ts":1659308398,"status":200,"resp_time":0.134689}
{"time":"August 1, 4:54 am","ts":1659309878,"status":200,"resp_time":0.096026}
{"time":"August 1, 5:09 am","ts":1659310760,"status":200,"resp_time":0.28373}
{"time":"August 1, 5:19 am","ts":1659311377,"status":200,"resp_time":0.097829}
{"time":"August 1, 5:30 am","ts":1659312009,"status":200,"resp_time":1.955852}
{"time":"August 1, 8:09 am","ts":1659321595,"status":200,"resp_time":0.059399}
{"time":"August 1, 9:49 am","ts":1659327548,"status":200,"resp_time":0.084808}
{"time":"August 1, 11:07 am","ts":1659332255,"status":200,"resp_time":0.341409}
{"time":"August 1, 11:45 am","ts":1659334549,"status":200,"resp_time":0.234327}
{"time":"August 1, 12:24 pm","ts":1659336845,"status":200,"resp_time":0.3773}
{"time":"August 1, 12:51 pm","ts":1659338464,"status":200,"resp_time":0.101208}
{"time":"August 1, 1:11 pm","ts":1659339704,"status":200,"resp_time":0.249232}
{"time":"August 1, 1:25 pm","ts":1659340541,"status":200,"resp_time":0.234933}
{"time":"August 1, 1:54 pm","ts":1659342263,"status":200,"resp_time":0.295114}
{"time":"August 1, 2:17 pm","ts":1659343643,"status":200,"resp_time":0.10135}
{"time":"August 1, 2:28 pm","ts":1659344287,"status":200,"resp_time":0.235215}
{"time":"August 1, 2:56 pm","ts":1659345979,"status":200,"resp_time":0.245109}
{"time":"August 1, 3:12 pm","ts":1659346970,"status":200,"resp_time":0.201206}
{"time":"August 1, 3:25 pm","ts":1659347729,"status":200,"resp_time":0.238559}
{"time":"August 1, 3:52 pm","ts":1659349326,"status":200,"resp_time":0.240076}
{"time":"August 1, 4:15 pm","ts":1659350703,"status":200,"resp_time":0.110577}
{"time":"August 1, 4:25 pm","ts":1659351326,"status":200,"resp_time":0.201238}
{"time":"August 1, 4:45 pm","ts":1659352541,"status":200,"resp_time":0.084309}
{"time":"August 1, 5:00 pm","ts":1659353451,"status":200,"resp_time":0.103091}
{"time":"August 1, 5:15 pm","ts":1659354327,"status":200,"resp_time":0.19392}
{"time":"August 1, 5:25 pm","ts":1659354953,"status":200,"resp_time":0.101447}
{"time":"August 1, 6:09 pm","ts":1659357542,"status":200,"resp_time":0.312359}
{"time":"August 1, 6:58 pm","ts":1659360499,"status":200,"resp_time":0.106432}
{"time":"August 1, 7:30 pm","ts":1659362440,"status":200,"resp_time":0.10615}
{"time":"August 1, 7:57 pm","ts":1659364073,"status":200,"resp_time":0.084323}
