{"time":"October 15, 5:25 pm","ts":1665834933,"status":200,"resp_time":0.195296}
{"time":"October 15, 6:09 pm","ts":1665837557,"status":200,"resp_time":0.049693}
{"time":"October 15, 6:55 pm","ts":1665840338,"status":200,"resp_time":0.081687}
{"time":"October 15, 7:28 pm","ts":1665842303,"status":200,"resp_time":0.285724}
{"time":"October 15, 7:56 pm","ts":1665844018,"status":200,"resp_time":0.295899}
{"time":"October 15, 8:16 pm","ts":1665845176,"status":200,"resp_time":0.10138}
{"time":"October 15, 8:27 pm","ts":1665845826,"status":200,"resp_time":0.187463}
{"time":"October 15, 8:57 pm","ts":1665847624,"status":200,"resp_time":0.101914}
{"time":"October 15, 9:20 pm","ts":1665849004,"status":200,"resp_time":0.246001}
{"time":"October 15, 9:37 pm","ts":1665850068,"status":200,"resp_time":0.246187}
{"time":"October 15, 10:20 pm","ts":1665852642,"status":200,"resp_time":0.101553}
{"time":"October 15, 10:56 pm","ts":1665854798,"status":200,"resp_time":0.200864}
{"time":"October 15, 11:21 pm","ts":1665856285,"status":200,"resp_time":0.198978}
{"time":"October 15, 11:53 pm","ts":1665858237,"status":200,"resp_time":0.064541}
{"time":"October 16, 12:22 am","ts":1665859930,"status":200,"resp_time":0.057188}
{"time":"October 16, 12:47 am","ts":1665861430,"status":200,"resp_time":0.103476}
{"time":"October 16, 1:03 am","ts":1665862422,"status":200,"resp_time":0.157114}
{"time":"October 16, 1:17 am","ts":1665863226,"status":200,"resp_time":0.28765}
{"time":"October 16, 1:27 am","ts":1665863854,"status":200,"resp_time":0.215042}
{"time":"October 16, 1:58 am","ts":1665865723,"status":200,"resp_time":0.190788}
{"time":"October 16, 2:19 am","ts":1665866953,"status":200,"resp_time":0.278636}
{"time":"October 16, 2:29 am","ts":1665867570,"status":200,"resp_time":0.31246}
{"time":"October 16, 2:56 am","ts":1665869198,"status":200,"resp_time":0.079668}
{"time":"October 16, 3:15 am","ts":1665870333,"status":200,"resp_time":0.190789}
{"time":"October 16, 3:26 am","ts":1665870974,"status":200,"resp_time":0.217856}
{"time":"October 16, 3:53 am","ts":1665872581,"status":0,"resp_time":7.000641}
{"time":"October 16, 4:16 am","ts":1665873980,"status":200,"resp_time":0.135588}
{"time":"October 16, 4:27 am","ts":1665874670,"status":200,"resp_time":0.091019}
{"time":"October 16, 5:02 am","ts":1665876769,"status":200,"resp_time":0.229466}
{"time":"October 16, 5:25 am","ts":1665878135,"status":200,"resp_time":0.278644}
{"time":"October 16, 7:52 am","ts":1665886920,"status":200,"resp_time":0.158429}
{"time":"October 16, 9:52 am","ts":1665894175,"status":200,"resp_time":0.098212}
{"time":"October 16, 11:00 am","ts":1665898229,"status":200,"resp_time":0.060027}
{"time":"October 16, 11:33 am","ts":1665900239,"status":200,"resp_time":0.303036}
{"time":"October 16, 12:15 pm","ts":1665902727,"status":200,"resp_time":0.189338}
{"time":"October 16, 12:39 pm","ts":1665904184,"status":200,"resp_time":0.304102}
{"time":"October 16, 1:06 pm","ts":1665905776,"status":200,"resp_time":0.186352}
{"time":"October 16, 1:21 pm","ts":1665906677,"status":200,"resp_time":0.066286}
{"time":"October 16, 1:55 pm","ts":1665908750,"status":200,"resp_time":0.10569}
{"time":"October 16, 2:22 pm","ts":1665910371,"status":200,"resp_time":0.204557}
{"time":"October 16, 2:51 pm","ts":1665912070,"status":200,"resp_time":0.058099}
{"time":"October 16, 3:17 pm","ts":1665913636,"status":200,"resp_time":0.198779}
{"time":"October 16, 3:28 pm","ts":1665914312,"status":200,"resp_time":0.239543}
{"time":"October 16, 4:01 pm","ts":1665916265,"status":200,"resp_time":0.186673}
{"time":"October 16, 4:24 pm","ts":1665917643,"status":200,"resp_time":0.230033}
{"time":"October 16, 4:46 pm","ts":1665918982,"status":200,"resp_time":0.099807}
{"time":"October 16, 5:05 pm","ts":1665920104,"status":200,"resp_time":0.228526}
{"time":"October 16, 5:17 pm","ts":1665920876,"status":200,"resp_time":0.202258}
{"time":"October 16, 5:28 pm","ts":1665921495,"status":200,"resp_time":0.178128}
{"time":"October 16, 6:23 pm","ts":1665924808,"status":200,"resp_time":0.08203}
{"time":"October 16, 7:09 pm","ts":1665927548,"status":200,"resp_time":0.150845}
{"time":"October 16, 7:30 pm","ts":1665928854,"status":200,"resp_time":0.318016}
{"time":"October 16, 8:01 pm","ts":1665930715,"status":200,"resp_time":0.118336}
{"time":"October 16, 8:21 pm","ts":1665931886,"status":200,"resp_time":0.256183}
{"time":"October 16, 8:50 pm","ts":1665933650,"status":200,"resp_time":0.247263}
{"time":"October 16, 9:18 pm","ts":1665935315,"status":200,"resp_time":0.271941}
{"time":"October 16, 9:30 pm","ts":1665936052,"status":200,"resp_time":0.060285}
{"time":"October 16, 10:18 pm","ts":1665938903,"status":200,"resp_time":0.294275}
{"time":"October 16, 10:46 pm","ts":1665940609,"status":200,"resp_time":0.345134}
{"time":"October 16, 11:16 pm","ts":1665942375,"status":200,"resp_time":0.141042}
{"time":"October 16, 11:29 pm","ts":1665943167,"status":200,"resp_time":0.236375}
{"time":"October 17, 12:04 am","ts":1665945297,"status":200,"resp_time":0.116835}
{"time":"October 17, 12:27 am","ts":1665946672,"status":200,"resp_time":0.290286}
{"time":"October 17, 12:53 am","ts":1665948236,"status":200,"resp_time":0.242461}
{"time":"October 17, 1:10 am","ts":1665949219,"status":200,"resp_time":0.199859}
{"time":"October 17, 1:25 am","ts":1665950134,"status":200,"resp_time":0.210623}
{"time":"October 17, 1:53 am","ts":1665951791,"status":200,"resp_time":0.258336}
{"time":"October 17, 2:17 am","ts":1665953220,"status":200,"resp_time":0.134343}
{"time":"October 17, 2:28 am","ts":1665953925,"status":200,"resp_time":0.261816}
{"time":"October 17, 2:56 am","ts":1665955570,"status":200,"resp_time":0.070595}
{"time":"October 17, 3:15 am","ts":1665956706,"status":200,"resp_time":0.291815}
{"time":"October 17, 3:26 am","ts":1665957370,"status":200,"resp_time":0.189991}
{"time":"October 17, 3:52 am","ts":1665958943,"status":200,"resp_time":0.12438}
{"time":"October 17, 4:16 am","ts":1665960387,"status":200,"resp_time":0.35199}
{"time":"October 17, 4:27 am","ts":1665961075,"status":200,"resp_time":0.103636}
{"time":"October 17, 5:03 am","ts":1665963201,"status":200,"resp_time":0.113645}
{"time":"October 17, 5:25 am","ts":1665964554,"status":200,"resp_time":0.084273}
{"time":"October 17, 7:59 am","ts":1665973788,"status":200,"resp_time":0.296896}
{"time":"October 17, 10:19 am","ts":1665982148,"status":200,"resp_time":0.098886}
{"time":"October 17, 11:38 am","ts":1665986887,"status":200,"resp_time":0.175121}
{"time":"October 17, 12:37 pm","ts":1665990470,"status":200,"resp_time":0.192471}
{"time":"October 17, 1:26 pm","ts":1665993384,"status":200,"resp_time":0.055139}
{"time":"October 17, 2:09 pm","ts":1665995991,"status":200,"resp_time":0.215898}
{"time":"October 17, 2:46 pm","ts":1665998163,"status":200,"resp_time":0.061787}
{"time":"October 17, 3:22 pm","ts":1666000363,"status":200,"resp_time":0.091815}
{"time":"October 17, 3:56 pm","ts":1666002405,"status":200,"resp_time":0.090773}
{"time":"October 17, 4:26 pm","ts":1666004194,"status":200,"resp_time":0.232404}
{"time":"October 17, 4:53 pm","ts":1666005808,"status":200,"resp_time":0.122964}
{"time":"October 17, 5:14 pm","ts":1666007059,"status":200,"resp_time":0.099544}
{"time":"October 17, 5:26 pm","ts":1666007776,"status":200,"resp_time":0.078871}
{"time":"October 17, 6:24 pm","ts":1666011260,"status":200,"resp_time":0.244557}
{"time":"October 17, 7:30 pm","ts":1666015241,"status":200,"resp_time":0.052342}
{"time":"October 17, 8:14 pm","ts":1666017869,"status":200,"resp_time":0.075176}
{"time":"October 17, 8:31 pm","ts":1666018898,"status":200,"resp_time":0.199129}
{"time":"October 17, 9:12 pm","ts":1666021340,"status":200,"resp_time":0.149924}
{"time":"October 17, 9:43 pm","ts":1666023189,"status":200,"resp_time":0.290025}
{"time":"October 17, 10:40 pm","ts":1666026609,"status":200,"resp_time":0.195436}
{"time":"October 17, 11:30 pm","ts":1666029602,"status":200,"resp_time":0.103531}
