{"time":"October 20, 2:08 pm","ts":1666255088,"status":200,"resp_time":0.168595}
{"time":"October 20, 2:32 pm","ts":1666256577,"status":200,"resp_time":0.105171}
{"time":"October 20, 3:08 pm","ts":1666258734,"status":200,"resp_time":0.186847}
{"time":"October 20, 3:28 pm","ts":1666259922,"status":200,"resp_time":0.261109}
{"time":"October 20, 4:04 pm","ts":1666262068,"status":200,"resp_time":0.157577}
{"time":"October 20, 4:27 pm","ts":1666263455,"status":200,"resp_time":0.331716}
{"time":"October 20, 4:55 pm","ts":1666265138,"status":200,"resp_time":0.26615}
{"time":"October 20, 5:14 pm","ts":1666266280,"status":200,"resp_time":0.197255}
{"time":"October 20, 5:26 pm","ts":1666266987,"status":200,"resp_time":0.065198}
{"time":"October 20, 6:23 pm","ts":1666270406,"status":200,"resp_time":0.145097}
{"time":"October 20, 7:28 pm","ts":1666274310,"status":200,"resp_time":0.297729}
{"time":"October 20, 8:07 pm","ts":1666276664,"status":200,"resp_time":0.213747}
{"time":"October 20, 8:29 pm","ts":1666277981,"status":200,"resp_time":0.250998}
{"time":"October 20, 9:04 pm","ts":1666280095,"status":200,"resp_time":0.324335}
{"time":"October 20, 9:28 pm","ts":1666281537,"status":200,"resp_time":0.135866}
{"time":"October 20, 10:17 pm","ts":1666284477,"status":200,"resp_time":0.297361}
{"time":"October 20, 10:58 pm","ts":1666286891,"status":200,"resp_time":0.174737}
{"time":"October 20, 11:38 pm","ts":1666289328,"status":200,"resp_time":0.264706}
{"time":"October 21, 12:26 am","ts":1666292191,"status":200,"resp_time":0.196335}
{"time":"October 21, 12:58 am","ts":1666294110,"status":200,"resp_time":0.057611}
{"time":"October 21, 1:18 am","ts":1666295308,"status":200,"resp_time":0.156597}
{"time":"October 21, 1:28 am","ts":1666295930,"status":200,"resp_time":0.169802}
{"time":"October 21, 2:02 am","ts":1666297956,"status":200,"resp_time":0.160967}
{"time":"October 21, 2:23 am","ts":1666299220,"status":200,"resp_time":0.177566}
{"time":"October 21, 2:49 am","ts":1666300781,"status":200,"resp_time":0.056858}
{"time":"October 21, 3:11 am","ts":1666302079,"status":200,"resp_time":0.149282}
{"time":"October 21, 3:27 am","ts":1666303039,"status":200,"resp_time":0.059369}
{"time":"October 21, 3:58 am","ts":1666304899,"status":200,"resp_time":0.221843}
{"time":"October 21, 4:21 am","ts":1666306301,"status":200,"resp_time":0.139536}
{"time":"October 21, 4:56 am","ts":1666308382,"status":200,"resp_time":0.106521}
{"time":"October 21, 5:23 am","ts":1666310034,"status":200,"resp_time":0.234507}
{"time":"October 21, 7:14 am","ts":1666316669,"status":200,"resp_time":0.206751}
{"time":"October 21, 8:58 am","ts":1666322929,"status":200,"resp_time":0.316746}
{"time":"October 21, 10:19 am","ts":1666327763,"status":200,"resp_time":0.22123}
{"time":"October 21, 11:11 am","ts":1666330887,"status":200,"resp_time":0.084608}
{"time":"October 21, 11:49 am","ts":1666333184,"status":200,"resp_time":0.313856}
{"time":"October 21, 12:31 pm","ts":1666335679,"status":200,"resp_time":0.314257}
{"time":"October 21, 1:11 pm","ts":1666338062,"status":200,"resp_time":0.295067}
{"time":"October 21, 1:26 pm","ts":1666339019,"status":200,"resp_time":0.204689}
{"time":"October 21, 2:06 pm","ts":1666341373,"status":200,"resp_time":0.289835}
{"time":"October 21, 2:32 pm","ts":1666342923,"status":200,"resp_time":0.124097}
{"time":"October 21, 3:08 pm","ts":1666345130,"status":200,"resp_time":0.249518}
{"time":"October 21, 3:28 pm","ts":1666346335,"status":200,"resp_time":0.289323}
{"time":"October 21, 4:03 pm","ts":1666348427,"status":200,"resp_time":0.245295}
{"time":"October 21, 4:26 pm","ts":1666349783,"status":200,"resp_time":0.178276}
{"time":"October 21, 4:51 pm","ts":1666351307,"status":200,"resp_time":0.26367}
{"time":"October 21, 5:13 pm","ts":1666352631,"status":200,"resp_time":0.284356}
{"time":"October 21, 5:26 pm","ts":1666353386,"status":200,"resp_time":0.219065}
{"time":"October 21, 6:21 pm","ts":1666356698,"status":200,"resp_time":0.147425}
{"time":"October 21, 7:27 pm","ts":1666360623,"status":200,"resp_time":0.261187}
{"time":"October 21, 8:09 pm","ts":1666363158,"status":200,"resp_time":0.139135}
{"time":"October 21, 8:33 pm","ts":1666364615,"status":0,"resp_time":7.000201}
{"time":"October 21, 9:13 pm","ts":1666367016,"status":200,"resp_time":0.115413}
{"time":"October 21, 9:41 pm","ts":1666368681,"status":200,"resp_time":0.104307}
{"time":"October 21, 10:32 pm","ts":1666371739,"status":200,"resp_time":0.249907}
{"time":"October 21, 11:14 pm","ts":1666374298,"status":200,"resp_time":0.336224}
{"time":"October 21, 11:31 pm","ts":1666375310,"status":200,"resp_time":0.107193}
{"time":"October 22, 12:16 am","ts":1666377972,"status":200,"resp_time":0.090308}
{"time":"October 22, 12:41 am","ts":1666379481,"status":200,"resp_time":0.301811}
{"time":"October 22, 1:07 am","ts":1666381069,"status":200,"resp_time":0.138132}
{"time":"October 22, 1:21 am","ts":1666381895,"status":200,"resp_time":0.115798}
{"time":"October 22, 1:53 am","ts":1666383786,"status":200,"resp_time":0.249471}
{"time":"October 22, 2:17 am","ts":1666385257,"status":200,"resp_time":0.058611}
{"time":"October 22, 2:29 am","ts":1666385976,"status":200,"resp_time":0.058407}
{"time":"October 22, 2:57 am","ts":1666387655,"status":200,"resp_time":0.209099}
{"time":"October 22, 3:17 am","ts":1666388876,"status":200,"resp_time":0.154102}
{"time":"October 22, 3:28 am","ts":1666389491,"status":200,"resp_time":0.052248}
{"time":"October 22, 3:59 am","ts":1666391398,"status":200,"resp_time":0.160811}
{"time":"October 22, 4:21 am","ts":1666392715,"status":200,"resp_time":0.235655}
{"time":"October 22, 4:53 am","ts":1666394633,"status":200,"resp_time":0.066684}
{"time":"October 22, 5:21 am","ts":1666396266,"status":200,"resp_time":0.276516}
{"time":"October 22, 7:23 am","ts":1666403611,"status":200,"resp_time":0.100989}
{"time":"October 22, 9:28 am","ts":1666411114,"status":200,"resp_time":0.214363}
{"time":"October 22, 10:40 am","ts":1666415444,"status":200,"resp_time":0.251861}
{"time":"October 22, 11:24 am","ts":1666418075,"status":200,"resp_time":0.09846}
{"time":"October 22, 11:59 am","ts":1666420180,"status":200,"resp_time":0.203237}
{"time":"October 22, 12:30 pm","ts":1666422052,"status":200,"resp_time":0.234964}
{"time":"October 22, 1:03 pm","ts":1666424026,"status":200,"resp_time":0.079665}
{"time":"October 22, 1:21 pm","ts":1666425062,"status":200,"resp_time":0.229913}
{"time":"October 22, 1:57 pm","ts":1666427236,"status":200,"resp_time":0.203404}
{"time":"October 22, 2:25 pm","ts":1666428958,"status":200,"resp_time":0.090023}
{"time":"October 22, 2:54 pm","ts":1666430676,"status":200,"resp_time":0.340821}
{"time":"October 22, 3:18 pm","ts":1666432080,"status":200,"resp_time":0.288491}
{"time":"October 22, 3:29 pm","ts":1666432752,"status":200,"resp_time":0.132359}
{"time":"October 22, 4:01 pm","ts":1666434707,"status":200,"resp_time":0.055123}
{"time":"October 22, 4:24 pm","ts":1666436092,"status":200,"resp_time":0.198557}
{"time":"October 22, 4:46 pm","ts":1666437409,"status":200,"resp_time":0.298069}
{"time":"October 22, 5:05 pm","ts":1666438547,"status":200,"resp_time":0.231273}
{"time":"October 22, 5:18 pm","ts":1666439312,"status":200,"resp_time":0.143855}
{"time":"October 22, 5:28 pm","ts":1666439928,"status":200,"resp_time":0.220014}
{"time":"October 22, 6:24 pm","ts":1666443254,"status":200,"resp_time":0.296986}
{"time":"October 22, 7:10 pm","ts":1666446029,"status":200,"resp_time":0.28745}
