{"time":"October 18, 4:04 pm","ts":1666089287,"status":200,"resp_time":0.099187}
{"time":"October 18, 4:28 pm","ts":1666090731,"status":200,"resp_time":0.074123}
{"time":"October 18, 4:56 pm","ts":1666092374,"status":200,"resp_time":0.104464}
{"time":"October 18, 5:14 pm","ts":1666093460,"status":200,"resp_time":0.224335}
{"time":"October 18, 5:26 pm","ts":1666094163,"status":200,"resp_time":0.274339}
{"time":"October 18, 6:20 pm","ts":1666097425,"status":200,"resp_time":0.188062}
{"time":"October 18, 7:28 pm","ts":1666101486,"status":200,"resp_time":0.102784}
{"time":"October 18, 8:06 pm","ts":1666103778,"status":200,"resp_time":0.154752}
{"time":"October 18, 8:26 pm","ts":1666105017,"status":200,"resp_time":0.084019}
{"time":"October 18, 9:02 pm","ts":1666107122,"status":200,"resp_time":0.196707}
{"time":"October 18, 9:30 pm","ts":1666108823,"status":200,"resp_time":0.106456}
{"time":"October 18, 10:26 pm","ts":1666112168,"status":200,"resp_time":0.091479}
{"time":"October 18, 11:09 pm","ts":1666114780,"status":200,"resp_time":0.19706}
{"time":"October 18, 11:34 pm","ts":1666116297,"status":200,"resp_time":0.180886}
{"time":"October 19, 12:21 am","ts":1666119060,"status":200,"resp_time":0.204885}
{"time":"October 19, 12:54 am","ts":1666121059,"status":200,"resp_time":0.055598}
{"time":"October 19, 1:14 am","ts":1666122290,"status":200,"resp_time":0.187121}
{"time":"October 19, 1:26 am","ts":1666123006,"status":200,"resp_time":0.256123}
{"time":"October 19, 1:58 am","ts":1666124908,"status":200,"resp_time":0.064335}
{"time":"October 19, 2:21 am","ts":1666126307,"status":200,"resp_time":0.106135}
{"time":"October 19, 2:48 am","ts":1666127927,"status":200,"resp_time":0.232625}
{"time":"October 19, 3:10 am","ts":1666129254,"status":200,"resp_time":0.235751}
{"time":"October 19, 3:26 am","ts":1666130210,"status":200,"resp_time":0.224157}
{"time":"October 19, 3:56 am","ts":1666132005,"status":200,"resp_time":0.106477}
{"time":"October 19, 4:20 am","ts":1666133413,"status":200,"resp_time":0.251786}
{"time":"October 19, 4:55 am","ts":1666135535,"status":200,"resp_time":0.206613}
{"time":"October 19, 5:22 am","ts":1666137146,"status":200,"resp_time":0.154219}
{"time":"October 19, 7:30 am","ts":1666144832,"status":200,"resp_time":0.269075}
{"time":"October 19, 9:58 am","ts":1666153685,"status":200,"resp_time":0.210949}
{"time":"October 19, 11:26 am","ts":1666159001,"status":200,"resp_time":0.280947}
{"time":"October 19, 12:33 pm","ts":1666163024,"status":200,"resp_time":0.087833}
{"time":"October 19, 1:22 pm","ts":1666165970,"status":200,"resp_time":0.096567}
{"time":"October 19, 2:06 pm","ts":1666168588,"status":200,"resp_time":0.074751}
{"time":"October 19, 2:36 pm","ts":1666170398,"status":200,"resp_time":0.236771}
{"time":"October 19, 3:13 pm","ts":1666172616,"status":200,"resp_time":0.210037}
{"time":"October 19, 3:32 pm","ts":1666173751,"status":200,"resp_time":0.265041}
{"time":"October 19, 4:13 pm","ts":1666176211,"status":200,"resp_time":0.157128}
{"time":"October 19, 4:32 pm","ts":1666177335,"status":200,"resp_time":0.26605}
{"time":"October 19, 5:02 pm","ts":1666179128,"status":200,"resp_time":0.188628}
{"time":"October 19, 5:20 pm","ts":1666180251,"status":200,"resp_time":0.121262}
{"time":"October 19, 6:14 pm","ts":1666183481,"status":200,"resp_time":0.071945}
{"time":"October 19, 7:12 pm","ts":1666186974,"status":200,"resp_time":0.243793}
{"time":"October 19, 7:54 pm","ts":1666189494,"status":200,"resp_time":0.189236}
{"time":"October 19, 8:25 pm","ts":1666191328,"status":200,"resp_time":0.200493}
{"time":"October 19, 8:56 pm","ts":1666193171,"status":200,"resp_time":0.092911}
{"time":"October 19, 9:24 pm","ts":1666194863,"status":200,"resp_time":0.200948}
{"time":"October 19, 10:05 pm","ts":1666197321,"status":200,"resp_time":0.202595}
{"time":"October 19, 10:59 pm","ts":1666200578,"status":200,"resp_time":0.064869}
{"time":"October 19, 11:37 pm","ts":1666202857,"status":200,"resp_time":0.169122}
{"time":"October 20, 12:24 am","ts":1666205642,"status":200,"resp_time":0.11024}
{"time":"October 20, 12:56 am","ts":1666207563,"status":200,"resp_time":0.075125}
{"time":"October 20, 1:16 am","ts":1666208813,"status":200,"resp_time":0.198667}
{"time":"October 20, 1:27 am","ts":1666209452,"status":200,"resp_time":0.229122}
{"time":"October 20, 2:00 am","ts":1666211434,"status":200,"resp_time":0.209255}
{"time":"October 20, 2:24 am","ts":1666212890,"status":200,"resp_time":0.174366}
{"time":"October 20, 2:49 am","ts":1666214369,"status":200,"resp_time":0.311713}
{"time":"October 20, 3:11 am","ts":1666215670,"status":200,"resp_time":0.181557}
{"time":"October 20, 3:27 am","ts":1666216637,"status":200,"resp_time":0.052509}
{"time":"October 20, 4:00 am","ts":1666218627,"status":200,"resp_time":0.123813}
{"time":"October 20, 4:26 am","ts":1666220161,"status":200,"resp_time":0.068091}
{"time":"October 20, 4:58 am","ts":1666222105,"status":200,"resp_time":0.289225}
{"time":"October 20, 5:23 am","ts":1666223639,"status":200,"resp_time":0.093462}
{"time":"October 20, 7:30 am","ts":1666231225,"status":200,"resp_time":0.115274}
{"time":"October 20, 9:38 am","ts":1666238884,"status":200,"resp_time":0.330585}
{"time":"October 20, 10:42 am","ts":1666242751,"status":200,"resp_time":0.072254}
{"time":"October 20, 11:25 am","ts":1666245300,"status":200,"resp_time":0.100562}
{"time":"October 20, 12:04 pm","ts":1666247673,"status":200,"resp_time":0.138434}
{"time":"October 20, 12:44 pm","ts":1666250055,"status":200,"resp_time":0.147934}
{"time":"October 20, 1:14 pm","ts":1666251891,"status":200,"resp_time":0.334704}
{"time":"October 20, 1:28 pm","ts":1666252739,"status":200,"resp_time":0.127965}
{"time":"October 20, 2:08 pm","ts":1666255088,"status":200,"resp_time":0.168595}
{"time":"October 20, 2:32 pm","ts":1666256577,"status":200,"resp_time":0.105171}
{"time":"October 20, 3:08 pm","ts":1666258734,"status":200,"resp_time":0.186847}
{"time":"October 20, 3:28 pm","ts":1666259922,"status":200,"resp_time":0.261109}
{"time":"October 20, 4:04 pm","ts":1666262068,"status":200,"resp_time":0.157577}
{"time":"October 20, 4:27 pm","ts":1666263455,"status":200,"resp_time":0.331716}
{"time":"October 20, 4:55 pm","ts":1666265138,"status":200,"resp_time":0.26615}
{"time":"October 20, 5:14 pm","ts":1666266280,"status":200,"resp_time":0.197255}
{"time":"October 20, 5:26 pm","ts":1666266987,"status":200,"resp_time":0.065198}
{"time":"October 20, 6:23 pm","ts":1666270406,"status":200,"resp_time":0.145097}
{"time":"October 20, 7:28 pm","ts":1666274310,"status":200,"resp_time":0.297729}
{"time":"October 20, 8:07 pm","ts":1666276664,"status":200,"resp_time":0.213747}
{"time":"October 20, 8:29 pm","ts":1666277981,"status":200,"resp_time":0.250998}
{"time":"October 20, 9:04 pm","ts":1666280095,"status":200,"resp_time":0.324335}
{"time":"October 20, 9:28 pm","ts":1666281537,"status":200,"resp_time":0.135866}
{"time":"October 20, 10:17 pm","ts":1666284477,"status":200,"resp_time":0.297361}
{"time":"October 20, 10:58 pm","ts":1666286891,"status":200,"resp_time":0.174737}
{"time":"October 20, 11:38 pm","ts":1666289328,"status":200,"resp_time":0.264706}
{"time":"October 21, 12:26 am","ts":1666292191,"status":200,"resp_time":0.196335}
{"time":"October 21, 12:58 am","ts":1666294110,"status":200,"resp_time":0.057611}
{"time":"October 21, 1:18 am","ts":1666295308,"status":200,"resp_time":0.156597}
{"time":"October 21, 1:28 am","ts":1666295930,"status":200,"resp_time":0.169802}
{"time":"October 21, 2:02 am","ts":1666297956,"status":200,"resp_time":0.160967}
{"time":"October 21, 2:23 am","ts":1666299220,"status":200,"resp_time":0.177566}
{"time":"October 21, 2:49 am","ts":1666300781,"status":200,"resp_time":0.056858}
{"time":"October 21, 3:11 am","ts":1666302079,"status":200,"resp_time":0.149282}
{"time":"October 21, 3:27 am","ts":1666303039,"status":200,"resp_time":0.059369}
{"time":"October 21, 3:58 am","ts":1666304899,"status":200,"resp_time":0.221843}
