{"time":"October 27, 11:13 am","ts":1666849397,"status":200,"resp_time":0.104051}
{"time":"October 27, 11:25 am","ts":1666850139,"status":200,"resp_time":0.208808}
{"time":"October 27, 11:56 am","ts":1666851973,"status":0,"resp_time":7.000309}
{"time":"October 27, 12:21 pm","ts":1666853519,"status":200,"resp_time":0.291761}
{"time":"October 27, 12:47 pm","ts":1666855045,"status":200,"resp_time":0.236133}
{"time":"October 27, 1:04 pm","ts":1666856087,"status":200,"resp_time":0.311014}
{"time":"October 27, 1:16 pm","ts":1666856769,"status":200,"resp_time":0.066193}
{"time":"October 27, 1:26 pm","ts":1666857398,"status":200,"resp_time":0.101262}
{"time":"October 27, 1:58 pm","ts":1666859305,"status":200,"resp_time":0.221778}
{"time":"October 27, 2:20 pm","ts":1666860612,"status":200,"resp_time":0.240191}
{"time":"October 27, 2:49 pm","ts":1666862388,"status":200,"resp_time":0.068904}
{"time":"October 27, 3:10 pm","ts":1666863654,"status":200,"resp_time":0.082833}
{"time":"October 27, 3:25 pm","ts":1666864527,"status":200,"resp_time":0.214793}
{"time":"October 27, 3:51 pm","ts":1666866067,"status":200,"resp_time":0.201634}
{"time":"October 27, 4:15 pm","ts":1666867508,"status":200,"resp_time":0.060912}
{"time":"October 27, 4:25 pm","ts":1666868153,"status":200,"resp_time":0.288415}
{"time":"October 27, 4:47 pm","ts":1666869438,"status":200,"resp_time":0.325502}
{"time":"October 27, 5:02 pm","ts":1666870360,"status":200,"resp_time":0.245834}
{"time":"October 27, 5:15 pm","ts":1666871144,"status":200,"resp_time":0.2428}
{"time":"October 27, 5:26 pm","ts":1666871782,"status":200,"resp_time":0.079945}
{"time":"October 27, 6:19 pm","ts":1666874963,"status":200,"resp_time":0.167745}
{"time":"October 27, 7:05 pm","ts":1666877757,"status":200,"resp_time":0.235319}
{"time":"October 27, 7:45 pm","ts":1666880137,"status":200,"resp_time":0.106942}
{"time":"October 27, 8:14 pm","ts":1666881887,"status":200,"resp_time":0.214252}
{"time":"October 27, 8:27 pm","ts":1666882672,"status":200,"resp_time":0.276177}
{"time":"October 27, 8:57 pm","ts":1666884448,"status":200,"resp_time":0.093916}
{"time":"October 27, 9:17 pm","ts":1666885651,"status":200,"resp_time":0.2481}
{"time":"October 27, 9:27 pm","ts":1666886278,"status":200,"resp_time":0.222429}
{"time":"October 27, 10:07 pm","ts":1666888675,"status":200,"resp_time":0.19509}
{"time":"October 27, 10:36 pm","ts":1666890372,"status":200,"resp_time":0.277338}
{"time":"October 27, 11:05 pm","ts":1666892143,"status":200,"resp_time":0.089071}
{"time":"October 27, 11:21 pm","ts":1666893106,"status":200,"resp_time":0.124758}
{"time":"October 27, 11:57 pm","ts":1666895225,"status":200,"resp_time":0.075731}
{"time":"October 28, 12:24 am","ts":1666896875,"status":200,"resp_time":0.114121}
{"time":"October 28, 12:46 am","ts":1666898165,"status":200,"resp_time":0.196282}
{"time":"October 28, 1:00 am","ts":1666899029,"status":200,"resp_time":0.087242}
{"time":"October 28, 1:15 am","ts":1666899927,"status":200,"resp_time":0.157739}
{"time":"October 28, 1:25 am","ts":1666900557,"status":200,"resp_time":0.314382}
{"time":"October 28, 1:52 am","ts":1666902129,"status":200,"resp_time":0.250555}
{"time":"October 28, 2:13 am","ts":1666903380,"status":200,"resp_time":0.20878}
{"time":"October 28, 2:25 am","ts":1666904140,"status":200,"resp_time":0.188385}
{"time":"October 28, 2:47 am","ts":1666905442,"status":200,"resp_time":0.304621}
{"time":"October 28, 3:04 am","ts":1666906489,"status":200,"resp_time":0.059369}
{"time":"October 28, 3:17 am","ts":1666907264,"status":200,"resp_time":0.128362}
{"time":"October 28, 3:27 am","ts":1666907879,"status":200,"resp_time":0.10564}
{"time":"October 28, 3:55 am","ts":1666909513,"status":200,"resp_time":0.102267}
{"time":"October 28, 4:12 am","ts":1666910562,"status":200,"resp_time":0.251911}
{"time":"October 28, 4:25 am","ts":1666911345,"status":200,"resp_time":0.177892}
{"time":"October 28, 4:54 am","ts":1666913084,"status":200,"resp_time":0.105561}
{"time":"October 28, 5:16 am","ts":1666914361,"status":200,"resp_time":0.189463}
{"time":"October 28, 5:27 am","ts":1666915025,"status":200,"resp_time":0.056197}
{"time":"October 28, 7:53 am","ts":1666923821,"status":200,"resp_time":0.316898}
{"time":"October 28, 9:24 am","ts":1666929243,"status":200,"resp_time":0.306022}
{"time":"October 28, 10:16 am","ts":1666932413,"status":200,"resp_time":0.100884}
{"time":"October 28, 10:48 am","ts":1666934333,"status":200,"resp_time":0.207645}
{"time":"October 28, 11:15 am","ts":1666935907,"status":200,"resp_time":0.248647}
{"time":"October 28, 11:26 am","ts":1666936603,"status":200,"resp_time":0.256048}
{"time":"October 28, 11:58 am","ts":1666938538,"status":200,"resp_time":0.12274}
{"time":"October 28, 12:23 pm","ts":1666940006,"status":200,"resp_time":0.105936}
{"time":"October 28, 12:46 pm","ts":1666941393,"status":200,"resp_time":0.181371}
{"time":"October 28, 1:02 pm","ts":1666942350,"status":200,"resp_time":0.061503}
{"time":"October 28, 1:15 pm","ts":1666943140,"status":200,"resp_time":0.09968}
{"time":"October 28, 1:26 pm","ts":1666943767,"status":200,"resp_time":0.25126}
{"time":"October 28, 2:01 pm","ts":1666945908,"status":200,"resp_time":0.120449}
{"time":"October 28, 2:27 pm","ts":1666947427,"status":200,"resp_time":0.099469}
{"time":"October 28, 2:55 pm","ts":1666949102,"status":200,"resp_time":0.267404}
{"time":"October 28, 3:13 pm","ts":1666950195,"status":200,"resp_time":0.107733}
{"time":"October 28, 3:25 pm","ts":1666950933,"status":200,"resp_time":0.104125}
{"time":"October 28, 3:51 pm","ts":1666952499,"status":200,"resp_time":0.272775}
{"time":"October 28, 4:14 pm","ts":1666953893,"status":200,"resp_time":0.121882}
{"time":"October 28, 4:25 pm","ts":1666954548,"status":200,"resp_time":0.205181}
{"time":"October 28, 4:47 pm","ts":1666955865,"status":200,"resp_time":0.196408}
{"time":"October 28, 5:03 pm","ts":1666956831,"status":200,"resp_time":0.332012}
{"time":"October 28, 5:15 pm","ts":1666957552,"status":200,"resp_time":0.067183}
{"time":"October 28, 5:26 pm","ts":1666958177,"status":200,"resp_time":0.2124}
{"time":"October 28, 6:18 pm","ts":1666961281,"status":200,"resp_time":0.100464}
{"time":"October 28, 7:09 pm","ts":1666964364,"status":200,"resp_time":0.171931}
{"time":"October 28, 7:44 pm","ts":1666966482,"status":200,"resp_time":0.08367}
{"time":"October 28, 8:10 pm","ts":1666968049,"status":0,"resp_time":6.999705}
{"time":"October 28, 8:25 pm","ts":1666968942,"status":200,"resp_time":0.179193}
{"time":"October 28, 8:51 pm","ts":1666970493,"status":200,"resp_time":0.070135}
{"time":"October 28, 9:16 pm","ts":1666971995,"status":200,"resp_time":0.274134}
{"time":"October 28, 9:27 pm","ts":1666972670,"status":200,"resp_time":0.257562}
{"time":"October 28, 10:04 pm","ts":1666974840,"status":200,"resp_time":1.458791}
{"time":"October 28, 10:31 pm","ts":1666976509,"status":200,"resp_time":0.09532}
{"time":"October 28, 11:03 pm","ts":1666978407,"status":200,"resp_time":0.32097}
{"time":"October 28, 11:20 pm","ts":1666979428,"status":200,"resp_time":0.192333}
{"time":"October 28, 11:53 pm","ts":1666981434,"status":200,"resp_time":0.068085}
{"time":"October 29, 12:18 am","ts":1666982909,"status":200,"resp_time":0.216618}
{"time":"October 29, 12:29 am","ts":1666983567,"status":200,"resp_time":0.321618}
{"time":"October 29, 12:50 am","ts":1666984858,"status":200,"resp_time":0.319089}
{"time":"October 29, 1:07 am","ts":1666985825,"status":200,"resp_time":0.182801}
{"time":"October 29, 1:17 am","ts":1666986455,"status":200,"resp_time":0.213477}
{"time":"October 29, 1:27 am","ts":1666987074,"status":200,"resp_time":0.099394}
{"time":"October 29, 1:58 am","ts":1666988900,"status":200,"resp_time":0.198902}
{"time":"October 29, 2:16 am","ts":1666989976,"status":200,"resp_time":0.199913}
{"time":"October 29, 2:26 am","ts":1666990593,"status":200,"resp_time":0.048896}
{"time":"October 29, 2:49 am","ts":1666991986,"status":200,"resp_time":0.259954}
