{"time":"July 25, 12:50 am","ts":1658690404,"status":200,"resp_time":0.258467}
{"time":"July 25, 1:00 am","ts":1658691026,"status":200,"resp_time":0.238279}
{"time":"July 25, 1:15 am","ts":1658691927,"status":200,"resp_time":0.23144}
{"time":"July 25, 1:25 am","ts":1658692546,"status":200,"resp_time":0.105051}
{"time":"July 25, 1:49 am","ts":1658693955,"status":200,"resp_time":0.152395}
{"time":"July 25, 2:06 am","ts":1658694979,"status":200,"resp_time":0.203136}
{"time":"July 25, 2:17 am","ts":1658695666,"status":200,"resp_time":0.083682}
{"time":"July 25, 2:28 am","ts":1658696284,"status":200,"resp_time":0.083196}
{"time":"July 25, 2:50 am","ts":1658697645,"status":200,"resp_time":0.085632}
{"time":"July 25, 3:09 am","ts":1658698740,"status":200,"resp_time":0.067046}
{"time":"July 25, 3:19 am","ts":1658699362,"status":200,"resp_time":0.306877}
{"time":"July 25, 3:29 am","ts":1658699981,"status":200,"resp_time":0.238961}
{"time":"July 25, 3:54 am","ts":1658701451,"status":200,"resp_time":0.236328}
{"time":"July 25, 4:10 am","ts":1658702412,"status":200,"resp_time":0.241867}
{"time":"July 25, 4:20 am","ts":1658703023,"status":200,"resp_time":0.289775}
{"time":"July 25, 4:46 am","ts":1658704596,"status":200,"resp_time":0.23152}
{"time":"July 25, 5:03 am","ts":1658705636,"status":200,"resp_time":0.218675}
{"time":"July 25, 5:16 am","ts":1658706409,"status":200,"resp_time":0.065228}
{"time":"July 25, 5:27 am","ts":1658707048,"status":200,"resp_time":0.196126}
{"time":"July 25, 7:44 am","ts":1658715248,"status":200,"resp_time":0.237016}
{"time":"July 25, 9:24 am","ts":1658721299,"status":200,"resp_time":0.149053}
{"time":"July 25, 10:18 am","ts":1658724537,"status":200,"resp_time":0.205134}
{"time":"July 25, 10:48 am","ts":1658726317,"status":200,"resp_time":0.080165}
{"time":"July 25, 11:13 am","ts":1658727792,"status":200,"resp_time":0.126503}
{"time":"July 25, 11:25 am","ts":1658728527,"status":200,"resp_time":0.311234}
{"time":"July 25, 11:53 am","ts":1658730235,"status":200,"resp_time":0.179242}
{"time":"July 25, 12:19 pm","ts":1658731787,"status":200,"resp_time":0.142073}
{"time":"July 25, 12:30 pm","ts":1658732422,"status":200,"resp_time":0.196136}
{"time":"July 25, 12:57 pm","ts":1658734066,"status":200,"resp_time":0.250681}
{"time":"July 25, 1:11 pm","ts":1658734910,"status":200,"resp_time":0.088388}
{"time":"July 25, 1:25 pm","ts":1658735739,"status":200,"resp_time":0.09251}
{"time":"July 25, 1:55 pm","ts":1658737559,"status":200,"resp_time":0.125553}
{"time":"July 25, 2:18 pm","ts":1658738925,"status":200,"resp_time":0.222096}
{"time":"July 25, 2:29 pm","ts":1658739555,"status":200,"resp_time":0.060234}
{"time":"July 25, 2:55 pm","ts":1658741147,"status":200,"resp_time":0.105654}
{"time":"July 25, 3:12 pm","ts":1658742152,"status":200,"resp_time":0.154362}
{"time":"July 25, 3:25 pm","ts":1658742939,"status":200,"resp_time":0.194327}
{"time":"July 25, 3:51 pm","ts":1658744502,"status":200,"resp_time":0.257559}
{"time":"July 25, 4:13 pm","ts":1658745837,"status":200,"resp_time":0.087305}
{"time":"July 25, 4:25 pm","ts":1658746529,"status":200,"resp_time":0.203058}
{"time":"July 25, 4:46 pm","ts":1658747796,"status":200,"resp_time":0.293659}
{"time":"July 25, 5:02 pm","ts":1658748741,"status":200,"resp_time":0.090058}
{"time":"July 25, 5:15 pm","ts":1658749529,"status":200,"resp_time":0.239805}
{"time":"July 25, 5:25 pm","ts":1658750157,"status":200,"resp_time":0.145669}
{"time":"July 25, 6:11 pm","ts":1658752873,"status":200,"resp_time":0.28096}
{"time":"July 25, 6:57 pm","ts":1658755675,"status":200,"resp_time":0.095862}
{"time":"July 25, 7:29 pm","ts":1658757575,"status":200,"resp_time":0.151703}
{"time":"July 25, 7:54 pm","ts":1658759045,"status":200,"resp_time":0.253143}
{"time":"July 25, 8:09 pm","ts":1658759962,"status":200,"resp_time":0.160181}
{"time":"July 25, 8:19 pm","ts":1658760589,"status":200,"resp_time":0.210561}
{"time":"July 25, 8:30 pm","ts":1658761213,"status":200,"resp_time":0.245833}
{"time":"July 25, 8:58 pm","ts":1658762916,"status":200,"resp_time":0.199319}
{"time":"July 25, 9:17 pm","ts":1658764058,"status":200,"resp_time":0.312657}
{"time":"July 25, 9:28 pm","ts":1658764681,"status":200,"resp_time":0.182057}
{"time":"July 25, 10:04 pm","ts":1658766872,"status":200,"resp_time":0.35312}
{"time":"July 25, 10:31 pm","ts":1658768518,"status":200,"resp_time":0.176866}
{"time":"July 25, 11:04 pm","ts":1658770476,"status":200,"resp_time":0.288329}
{"time":"July 25, 11:19 pm","ts":1658771364,"status":200,"resp_time":0.100955}
{"time":"July 25, 11:29 pm","ts":1658771981,"status":200,"resp_time":0.231587}
{"time":"July 26, 12:01 am","ts":1658773906,"status":200,"resp_time":0.240239}
{"time":"July 26, 12:24 am","ts":1658775248,"status":200,"resp_time":0.158265}
{"time":"July 26, 12:43 am","ts":1658776416,"status":200,"resp_time":0.113123}
{"time":"July 26, 12:57 am","ts":1658777224,"status":200,"resp_time":0.10462}
{"time":"July 26, 1:10 am","ts":1658778037,"status":200,"resp_time":0.279796}
{"time":"July 26, 1:25 am","ts":1658778926,"status":200,"resp_time":0.2378}
{"time":"July 26, 1:47 am","ts":1658780277,"status":200,"resp_time":0.689695}
{"time":"July 26, 2:04 am","ts":1658781274,"status":200,"resp_time":0.132637}
{"time":"July 26, 2:16 am","ts":1658781965,"status":200,"resp_time":0.098867}
{"time":"July 26, 2:26 am","ts":1658782595,"status":200,"resp_time":0.105142}
{"time":"July 26, 2:47 am","ts":1658783870,"status":200,"resp_time":0.308003}
{"time":"July 26, 3:02 am","ts":1658784727,"status":200,"resp_time":0.203449}
{"time":"July 26, 3:15 am","ts":1658785538,"status":200,"resp_time":0.173957}
{"time":"July 26, 3:25 am","ts":1658786155,"status":200,"resp_time":0.413386}
{"time":"July 26, 3:47 am","ts":1658787462,"status":200,"resp_time":0.063497}
{"time":"July 26, 4:04 am","ts":1658788464,"status":200,"resp_time":0.231358}
{"time":"July 26, 4:15 am","ts":1658789133,"status":200,"resp_time":0.199281}
{"time":"July 26, 4:25 am","ts":1658789748,"status":200,"resp_time":0.17095}
{"time":"July 26, 4:49 am","ts":1658791145,"status":200,"resp_time":0.09238}
{"time":"July 26, 5:05 am","ts":1658792133,"status":200,"resp_time":0.093674}
{"time":"July 26, 5:16 am","ts":1658792810,"status":200,"resp_time":0.174153}
{"time":"July 26, 5:27 am","ts":1658793441,"status":200,"resp_time":0.172107}
{"time":"July 26, 7:57 am","ts":1658802440,"status":200,"resp_time":0.108169}
{"time":"July 26, 9:45 am","ts":1658808940,"status":200,"resp_time":0.344295}
{"time":"July 26, 10:48 am","ts":1658812718,"status":200,"resp_time":0.069854}
{"time":"July 26, 11:21 am","ts":1658814690,"status":200,"resp_time":0.29233}
{"time":"July 26, 11:52 am","ts":1658816577,"status":200,"resp_time":0.503943}
{"time":"July 26, 12:19 pm","ts":1658818153,"status":200,"resp_time":0.151713}
{"time":"July 26, 12:29 pm","ts":1658818770,"status":200,"resp_time":0.22542}
{"time":"July 26, 12:53 pm","ts":1658820199,"status":200,"resp_time":0.087254}
{"time":"July 26, 1:07 pm","ts":1658821074,"status":200,"resp_time":0.345487}
{"time":"July 26, 1:18 pm","ts":1658821688,"status":200,"resp_time":0.213089}
{"time":"July 26, 1:28 pm","ts":1658822312,"status":200,"resp_time":0.183388}
{"time":"July 26, 1:59 pm","ts":1658824166,"status":200,"resp_time":0.29897}
{"time":"July 26, 2:17 pm","ts":1658825220,"status":200,"resp_time":0.207706}
{"time":"July 26, 2:27 pm","ts":1658825836,"status":200,"resp_time":0.203199}
{"time":"July 26, 2:53 pm","ts":1658827387,"status":200,"resp_time":0.286497}
