{"time":"September 1, 4:25 pm","ts":1662029725,"status":200,"resp_time":0.084947}
{"time":"September 1, 4:46 pm","ts":1662030965,"status":200,"resp_time":0.073575}
{"time":"September 1, 5:01 pm","ts":1662031911,"status":200,"resp_time":0.203195}
{"time":"September 1, 5:15 pm","ts":1662032729,"status":200,"resp_time":0.077947}
{"time":"September 1, 5:26 pm","ts":1662033360,"status":200,"resp_time":0.132845}
{"time":"September 1, 6:10 pm","ts":1662036008,"status":200,"resp_time":0.189139}
{"time":"September 1, 6:53 pm","ts":1662038606,"status":200,"resp_time":0.294869}
{"time":"September 1, 7:22 pm","ts":1662040372,"status":200,"resp_time":0.303172}
{"time":"September 1, 7:46 pm","ts":1662041776,"status":200,"resp_time":0.240804}
{"time":"September 1, 8:03 pm","ts":1662042804,"status":200,"resp_time":0.219648}
{"time":"September 1, 8:16 pm","ts":1662043600,"status":200,"resp_time":0.269109}
{"time":"September 1, 8:27 pm","ts":1662044222,"status":200,"resp_time":0.095173}
{"time":"September 1, 8:55 pm","ts":1662045937,"status":200,"resp_time":0.177389}
{"time":"September 1, 9:15 pm","ts":1662047136,"status":200,"resp_time":0.071229}
{"time":"September 1, 9:26 pm","ts":1662047795,"status":200,"resp_time":0.112778}
{"time":"September 1, 10:00 pm","ts":1662049828,"status":200,"resp_time":0.227409}
{"time":"September 1, 10:32 pm","ts":1662051762,"status":200,"resp_time":0.103477}
{"time":"September 1, 11:02 pm","ts":1662053558,"status":200,"resp_time":0.203715}
{"time":"September 1, 11:19 pm","ts":1662054561,"status":200,"resp_time":0.261467}
{"time":"September 1, 11:29 pm","ts":1662055181,"status":200,"resp_time":0.274438}
{"time":"September 2, 12:02 am","ts":1662057178,"status":200,"resp_time":0.242814}
{"time":"September 2, 12:24 am","ts":1662058472,"status":200,"resp_time":0.246028}
{"time":"September 2, 12:44 am","ts":1662059675,"status":200,"resp_time":0.190324}
{"time":"September 2, 12:58 am","ts":1662060511,"status":200,"resp_time":0.230626}
{"time":"September 2, 1:10 am","ts":1662061202,"status":200,"resp_time":0.237926}
{"time":"September 2, 1:20 am","ts":1662061821,"status":200,"resp_time":0.194671}
{"time":"September 2, 1:48 am","ts":1662063528,"status":200,"resp_time":0.165693}
{"time":"September 2, 2:07 am","ts":1662064633,"status":200,"resp_time":0.226004}
{"time":"September 2, 2:19 am","ts":1662065393,"status":200,"resp_time":0.207911}
{"time":"September 2, 2:30 am","ts":1662066013,"status":200,"resp_time":0.289535}
{"time":"September 2, 2:57 am","ts":1662067631,"status":200,"resp_time":0.303081}
{"time":"September 2, 3:12 am","ts":1662068571,"status":200,"resp_time":0.095726}
{"time":"September 2, 3:25 am","ts":1662069334,"status":200,"resp_time":0.073102}
{"time":"September 2, 3:48 am","ts":1662070715,"status":200,"resp_time":0.277478}
{"time":"September 2, 4:06 am","ts":1662071801,"status":200,"resp_time":0.28845}
{"time":"September 2, 4:17 am","ts":1662072462,"status":200,"resp_time":0.098444}
{"time":"September 2, 4:28 am","ts":1662073092,"status":200,"resp_time":0.133245}
{"time":"September 2, 4:56 am","ts":1662074795,"status":200,"resp_time":0.307766}
{"time":"September 2, 5:14 am","ts":1662075899,"status":200,"resp_time":0.112986}
{"time":"September 2, 5:25 am","ts":1662076537,"status":200,"resp_time":0.243179}
{"time":"September 2, 7:31 am","ts":1662084089,"status":200,"resp_time":1.084998}
{"time":"September 2, 9:51 am","ts":1662092487,"status":200,"resp_time":0.179709}
{"time":"September 2, 11:19 am","ts":1662097770,"status":200,"resp_time":0.195509}
{"time":"September 2, 11:58 am","ts":1662100119,"status":200,"resp_time":0.158104}
{"time":"September 2, 12:35 pm","ts":1662102308,"status":200,"resp_time":0.058444}
{"time":"September 2, 1:02 pm","ts":1662103937,"status":200,"resp_time":0.226378}
{"time":"September 2, 1:17 pm","ts":1662104865,"status":200,"resp_time":0.280498}
{"time":"September 2, 1:27 pm","ts":1662105479,"status":200,"resp_time":0.093583}
{"time":"September 2, 2:01 pm","ts":1662107466,"status":200,"resp_time":0.228289}
{"time":"September 2, 2:23 pm","ts":1662108797,"status":200,"resp_time":0.200558}
{"time":"September 2, 2:47 pm","ts":1662110232,"status":200,"resp_time":0.243431}
{"time":"September 2, 3:05 pm","ts":1662111349,"status":200,"resp_time":0.160275}
{"time":"September 2, 3:18 pm","ts":1662112097,"status":200,"resp_time":0.093317}
{"time":"September 2, 3:28 pm","ts":1662112724,"status":200,"resp_time":0.2249}
{"time":"September 2, 3:58 pm","ts":1662114486,"status":200,"resp_time":0.243808}
{"time":"September 2, 4:15 pm","ts":1662115553,"status":200,"resp_time":0.201427}
{"time":"September 2, 4:26 pm","ts":1662116164,"status":200,"resp_time":0.065204}
{"time":"September 2, 4:47 pm","ts":1662117471,"status":200,"resp_time":0.191952}
{"time":"September 2, 5:02 pm","ts":1662118373,"status":200,"resp_time":0.060596}
{"time":"September 2, 5:15 pm","ts":1662119130,"status":200,"resp_time":0.272222}
{"time":"September 2, 5:25 pm","ts":1662119741,"status":200,"resp_time":0.066637}
{"time":"September 2, 6:07 pm","ts":1662122233,"status":200,"resp_time":0.276879}
{"time":"September 2, 6:55 pm","ts":1662125117,"status":200,"resp_time":0.082106}
{"time":"September 2, 7:24 pm","ts":1662126859,"status":200,"resp_time":0.181316}
{"time":"September 2, 7:45 pm","ts":1662128142,"status":200,"resp_time":0.186848}
{"time":"September 2, 8:02 pm","ts":1662129133,"status":200,"resp_time":0.074675}
{"time":"September 2, 8:15 pm","ts":1662129950,"status":200,"resp_time":0.186978}
{"time":"September 2, 8:26 pm","ts":1662130567,"status":200,"resp_time":0.1614}
{"time":"September 2, 8:51 pm","ts":1662132067,"status":200,"resp_time":0.20539}
{"time":"September 2, 9:13 pm","ts":1662133421,"status":200,"resp_time":0.248579}
{"time":"September 2, 9:25 pm","ts":1662134127,"status":200,"resp_time":0.292265}
{"time":"September 2, 9:55 pm","ts":1662135946,"status":200,"resp_time":0.085477}
{"time":"September 2, 10:29 pm","ts":1662137946,"status":200,"resp_time":0.319511}
{"time":"September 2, 10:57 pm","ts":1662139660,"status":200,"resp_time":0.077548}
{"time":"September 2, 11:14 pm","ts":1662140694,"status":200,"resp_time":0.120258}
{"time":"September 2, 11:25 pm","ts":1662141330,"status":200,"resp_time":0.68885}
{"time":"September 2, 11:53 pm","ts":1662143004,"status":200,"resp_time":0.186717}
{"time":"September 3, 12:17 am","ts":1662144463,"status":200,"resp_time":0.096611}
{"time":"September 3, 12:28 am","ts":1662145103,"status":200,"resp_time":0.203022}
{"time":"September 3, 12:48 am","ts":1662146329,"status":200,"resp_time":0.218979}
{"time":"September 3, 12:59 am","ts":1662146963,"status":200,"resp_time":0.233622}
{"time":"September 3, 1:10 am","ts":1662147606,"status":200,"resp_time":0.085762}
{"time":"September 3, 1:20 am","ts":1662148238,"status":200,"resp_time":0.054651}
{"time":"September 3, 1:48 am","ts":1662149923,"status":200,"resp_time":0.184853}
{"time":"September 3, 2:07 am","ts":1662151032,"status":200,"resp_time":0.224765}
{"time":"September 3, 2:19 am","ts":1662151759,"status":200,"resp_time":0.092378}
{"time":"September 3, 2:29 am","ts":1662152375,"status":200,"resp_time":0.096497}
{"time":"September 3, 2:50 am","ts":1662153655,"status":200,"resp_time":0.055916}
{"time":"September 3, 3:09 am","ts":1662154764,"status":200,"resp_time":0.103219}
{"time":"September 3, 3:30 am","ts":1662156021,"status":200,"resp_time":0.261944}
{"time":"September 3, 3:58 am","ts":1662157739,"status":200,"resp_time":0.175538}
{"time":"September 3, 4:15 am","ts":1662158700,"status":200,"resp_time":0.27913}
{"time":"September 3, 4:25 am","ts":1662159330,"status":200,"resp_time":0.290599}
