{"time":"November 19, 12:26 am","ts":1668797767,"status":200,"resp_time":0.103526}
{"time":"November 19, 12:45 am","ts":1668798925,"status":200,"resp_time":0.238762}
{"time":"November 19, 12:56 am","ts":1668799603,"status":200,"resp_time":0.21381}
{"time":"November 19, 1:08 am","ts":1668800289,"status":200,"resp_time":0.312769}
{"time":"November 19, 1:18 am","ts":1668800912,"status":200,"resp_time":0.098254}
{"time":"November 19, 1:28 am","ts":1668801526,"status":200,"resp_time":0.281794}
{"time":"November 19, 1:54 am","ts":1668803087,"status":200,"resp_time":0.237446}
{"time":"November 19, 2:09 am","ts":1668803959,"status":200,"resp_time":0.102861}
{"time":"November 19, 2:19 am","ts":1668804579,"status":200,"resp_time":2.130879}
{"time":"November 19, 2:29 am","ts":1668805192,"status":200,"resp_time":0.177447}
{"time":"November 19, 2:51 am","ts":1668806486,"status":200,"resp_time":0.206106}
{"time":"November 19, 3:07 am","ts":1668807447,"status":200,"resp_time":0.051594}
{"time":"November 19, 3:17 am","ts":1668808077,"status":200,"resp_time":2.721928}
{"time":"November 19, 3:28 am","ts":1668808692,"status":200,"resp_time":0.11448}
{"time":"November 19, 3:53 am","ts":1668810204,"status":200,"resp_time":0.146067}
{"time":"November 19, 4:10 am","ts":1668811243,"status":200,"resp_time":0.21882}
{"time":"November 19, 4:25 am","ts":1668812131,"status":200,"resp_time":0.3202}
{"time":"November 19, 4:47 am","ts":1668813453,"status":200,"resp_time":0.225615}
{"time":"November 19, 5:03 am","ts":1668814407,"status":200,"resp_time":0.188084}
{"time":"November 19, 5:15 am","ts":1668815149,"status":200,"resp_time":0.269799}
{"time":"November 19, 7:13 am","ts":1668822219,"status":200,"resp_time":0.243681}
{"time":"November 19, 8:32 am","ts":1668826963,"status":200,"resp_time":0.201767}
{"time":"November 19, 9:15 am","ts":1668829512,"status":200,"resp_time":0.2066}
{"time":"November 19, 9:28 am","ts":1668830289,"status":200,"resp_time":0.320477}
{"time":"November 19, 9:58 am","ts":1668832114,"status":200,"resp_time":0.297856}
{"time":"November 19, 10:17 am","ts":1668833232,"status":200,"resp_time":0.095861}
{"time":"November 19, 10:27 am","ts":1668833849,"status":200,"resp_time":0.156917}
{"time":"November 19, 10:49 am","ts":1668835173,"status":200,"resp_time":0.117976}
{"time":"November 19, 11:02 am","ts":1668835937,"status":200,"resp_time":0.110524}
{"time":"November 19, 11:15 am","ts":1668836736,"status":200,"resp_time":0.235592}
{"time":"November 19, 11:25 am","ts":1668837349,"status":200,"resp_time":0.22743}
{"time":"November 19, 11:52 am","ts":1668838931,"status":200,"resp_time":0.330912}
{"time":"November 19, 12:13 pm","ts":1668840218,"status":200,"resp_time":0.091784}
{"time":"November 19, 12:45 pm","ts":1668842106,"status":200,"resp_time":0.160122}
{"time":"November 19, 12:58 pm","ts":1668842916,"status":200,"resp_time":0.071271}
{"time":"November 19, 1:09 pm","ts":1668843543,"status":200,"resp_time":0.140862}
{"time":"November 19, 1:19 pm","ts":1668844164,"status":200,"resp_time":0.305419}
{"time":"November 19, 1:29 pm","ts":1668844779,"status":200,"resp_time":0.230063}
{"time":"November 19, 1:59 pm","ts":1668846563,"status":200,"resp_time":0.079364}
{"time":"November 19, 2:15 pm","ts":1668847559,"status":200,"resp_time":0.332972}
{"time":"November 19, 2:26 pm","ts":1668848178,"status":200,"resp_time":0.098427}
{"time":"November 19, 2:47 pm","ts":1668849477,"status":200,"resp_time":0.075753}
{"time":"November 19, 3:01 pm","ts":1668850302,"status":200,"resp_time":0.128876}
{"time":"November 19, 3:15 pm","ts":1668851127,"status":200,"resp_time":0.088534}
{"time":"November 19, 3:25 pm","ts":1668851744,"status":200,"resp_time":0.062628}
{"time":"November 19, 3:48 pm","ts":1668853113,"status":200,"resp_time":0.07427}
{"time":"November 19, 4:05 pm","ts":1668854157,"status":200,"resp_time":0.320813}
{"time":"November 19, 4:16 pm","ts":1668854811,"status":200,"resp_time":0.269843}
{"time":"November 19, 4:27 pm","ts":1668855428,"status":200,"resp_time":0.121066}
{"time":"November 19, 4:46 pm","ts":1668856595,"status":200,"resp_time":0.200947}
{"time":"November 19, 4:58 pm","ts":1668857283,"status":200,"resp_time":0.204321}
{"time":"November 19, 5:08 pm","ts":1668857931,"status":200,"resp_time":0.104717}
{"time":"November 19, 5:19 pm","ts":1668858548,"status":200,"resp_time":0.08349}
{"time":"November 19, 5:29 pm","ts":1668859170,"status":200,"resp_time":0.494652}
{"time":"November 19, 6:12 pm","ts":1668861731,"status":200,"resp_time":0.18637}
{"time":"November 19, 6:43 pm","ts":1668863632,"status":200,"resp_time":0.313332}
{"time":"November 19, 7:07 pm","ts":1668865046,"status":200,"resp_time":0.619475}
{"time":"November 19, 7:17 pm","ts":1668865678,"status":0,"resp_time":6.999749}
{"time":"November 19, 7:28 pm","ts":1668866286,"status":200,"resp_time":0.104293}
{"time":"November 19, 7:49 pm","ts":1668867585,"status":200,"resp_time":0.107582}
{"time":"November 19, 8:01 pm","ts":1668868314,"status":200,"resp_time":0.097983}
{"time":"November 19, 8:15 pm","ts":1668869135,"status":200,"resp_time":0.130397}
{"time":"November 19, 8:47 pm","ts":1668871078,"status":200,"resp_time":0.305223}
{"time":"November 19, 9:04 pm","ts":1668872056,"status":200,"resp_time":0.120802}
{"time":"November 19, 9:16 pm","ts":1668872761,"status":200,"resp_time":0.333397}
{"time":"November 19, 9:26 pm","ts":1668873380,"status":200,"resp_time":0.104291}
{"time":"November 19, 9:56 pm","ts":1668875181,"status":200,"resp_time":0.073691}
{"time":"November 19, 10:44 pm","ts":1668878052,"status":200,"resp_time":0.178357}
{"time":"November 19, 11:00 pm","ts":1668879029,"status":200,"resp_time":0.194917}
{"time":"November 19, 11:15 pm","ts":1668879935,"status":200,"resp_time":0.116755}
{"time":"November 19, 11:51 pm","ts":1668882114,"status":200,"resp_time":0.274077}
{"time":"November 20, 12:12 am","ts":1668883349,"status":200,"resp_time":0.087322}
{"time":"November 20, 12:25 am","ts":1668884131,"status":200,"resp_time":0.102249}
{"time":"November 20, 12:55 am","ts":1668885950,"status":200,"resp_time":0.312253}
{"time":"November 20, 1:07 am","ts":1668886629,"status":200,"resp_time":0.091566}
{"time":"November 20, 1:17 am","ts":1668887247,"status":200,"resp_time":0.065999}
{"time":"November 20, 1:53 am","ts":1668889384,"status":200,"resp_time":0.107704}
{"time":"November 20, 2:08 am","ts":1668890316,"status":200,"resp_time":0.061202}
{"time":"November 20, 2:18 am","ts":1668890930,"status":200,"resp_time":0.114525}
{"time":"November 20, 2:50 am","ts":1668892818,"status":200,"resp_time":0.084014}
{"time":"November 20, 3:06 am","ts":1668893797,"status":200,"resp_time":0.114974}
{"time":"November 20, 3:17 am","ts":1668894426,"status":200,"resp_time":0.059859}
{"time":"November 20, 3:27 am","ts":1668895041,"status":200,"resp_time":0.139593}
{"time":"November 20, 3:50 am","ts":1668896428,"status":200,"resp_time":0.288215}
{"time":"November 20, 4:08 am","ts":1668897535,"status":200,"resp_time":0.125561}
{"time":"November 20, 4:19 am","ts":1668898157,"status":200,"resp_time":0.123409}
{"time":"November 20, 4:29 am","ts":1668898780,"status":200,"resp_time":0.259132}
{"time":"November 20, 4:53 am","ts":1668900234,"status":200,"resp_time":0.310114}
{"time":"November 20, 5:08 am","ts":1668901113,"status":200,"resp_time":0.312719}
{"time":"November 20, 5:19 am","ts":1668901740,"status":200,"resp_time":0.260289}
{"time":"November 20, 5:29 am","ts":1668902353,"status":200,"resp_time":0.105024}
{"time":"November 20, 7:40 am","ts":1668910249,"status":200,"resp_time":0.220927}
{"time":"November 20, 9:00 am","ts":1668915035,"status":200,"resp_time":0.143821}
