{"time":"November 16, 3:26 pm","ts":1668592589,"status":200,"resp_time":0.250386}
{"time":"November 16, 3:51 pm","ts":1668594082,"status":200,"resp_time":0.318109}
{"time":"November 16, 4:11 pm","ts":1668595269,"status":200,"resp_time":0.184993}
{"time":"November 16, 4:25 pm","ts":1668596140,"status":200,"resp_time":0.228972}
{"time":"November 16, 4:45 pm","ts":1668597310,"status":200,"resp_time":0.202794}
{"time":"November 16, 4:58 pm","ts":1668598113,"status":200,"resp_time":0.339453}
{"time":"November 16, 5:09 pm","ts":1668598757,"status":200,"resp_time":0.31595}
{"time":"November 16, 5:19 pm","ts":1668599372,"status":200,"resp_time":0.082039}
{"time":"November 16, 5:29 pm","ts":1668599987,"status":200,"resp_time":0.054731}
{"time":"November 16, 6:19 pm","ts":1668602971,"status":200,"resp_time":0.059035}
{"time":"November 16, 6:56 pm","ts":1668605189,"status":200,"resp_time":0.218907}
{"time":"November 16, 7:23 pm","ts":1668606783,"status":200,"resp_time":0.248295}
{"time":"November 16, 7:45 pm","ts":1668608112,"status":200,"resp_time":0.192226}
{"time":"November 16, 8:01 pm","ts":1668609084,"status":200,"resp_time":0.279508}
{"time":"November 16, 8:15 pm","ts":1668609930,"status":200,"resp_time":0.201348}
{"time":"November 16, 8:26 pm","ts":1668610562,"status":200,"resp_time":0.227708}
{"time":"November 16, 8:49 pm","ts":1668611978,"status":200,"resp_time":0.23437}
{"time":"November 16, 9:06 pm","ts":1668613017,"status":200,"resp_time":0.064668}
{"time":"November 16, 9:18 pm","ts":1668613720,"status":200,"resp_time":0.191526}
{"time":"November 16, 9:28 pm","ts":1668614336,"status":200,"resp_time":0.235103}
{"time":"November 16, 10:03 pm","ts":1668616426,"status":200,"resp_time":0.258069}
{"time":"November 16, 10:25 pm","ts":1668617747,"status":200,"resp_time":0.246702}
{"time":"November 16, 10:47 pm","ts":1668619022,"status":200,"resp_time":0.111553}
{"time":"November 16, 11:03 pm","ts":1668619986,"status":200,"resp_time":0.303675}
{"time":"November 16, 11:15 pm","ts":1668620727,"status":200,"resp_time":0.188075}
{"time":"November 16, 11:25 pm","ts":1668621351,"status":200,"resp_time":0.089441}
{"time":"November 16, 11:52 pm","ts":1668622970,"status":200,"resp_time":0.057463}
{"time":"November 17, 12:14 am","ts":1668624255,"status":200,"resp_time":0.055151}
{"time":"November 17, 12:25 am","ts":1668624928,"status":200,"resp_time":0.098323}
{"time":"November 17, 12:44 am","ts":1668626045,"status":200,"resp_time":0.215636}
{"time":"November 17, 12:56 am","ts":1668626797,"status":200,"resp_time":0.292728}
{"time":"November 17, 1:08 am","ts":1668627483,"status":200,"resp_time":0.199406}
{"time":"November 17, 1:18 am","ts":1668628119,"status":200,"resp_time":0.092035}
{"time":"November 17, 1:28 am","ts":1668628739,"status":200,"resp_time":0.297403}
{"time":"November 17, 1:54 am","ts":1668630297,"status":200,"resp_time":0.12972}
{"time":"November 17, 2:09 am","ts":1668631162,"status":200,"resp_time":0.074437}
{"time":"November 17, 2:19 am","ts":1668631790,"status":200,"resp_time":0.220708}
{"time":"November 17, 2:30 am","ts":1668632410,"status":200,"resp_time":0.089084}
{"time":"November 17, 2:54 am","ts":1668633859,"status":200,"resp_time":0.056552}
{"time":"November 17, 3:07 am","ts":1668634647,"status":200,"resp_time":0.203051}
{"time":"November 17, 3:17 am","ts":1668635276,"status":200,"resp_time":0.314816}
{"time":"November 17, 3:28 am","ts":1668635897,"status":200,"resp_time":0.111997}
{"time":"November 17, 3:52 am","ts":1668637359,"status":200,"resp_time":0.083306}
{"time":"November 17, 4:19 am","ts":1668638987,"status":200,"resp_time":0.063975}
{"time":"November 17, 4:30 am","ts":1668639614,"status":200,"resp_time":0.091983}
{"time":"November 17, 4:57 am","ts":1668641227,"status":200,"resp_time":0.056198}
{"time":"November 17, 5:11 am","ts":1668642083,"status":200,"resp_time":0.065244}
{"time":"November 17, 5:25 am","ts":1668642930,"status":200,"resp_time":0.177764}
{"time":"November 17, 7:09 am","ts":1668649149,"status":200,"resp_time":0.061449}
{"time":"November 17, 8:34 am","ts":1668654279,"status":200,"resp_time":0.301412}
{"time":"November 17, 9:17 am","ts":1668656842,"status":200,"resp_time":0.224857}
{"time":"November 17, 9:30 am","ts":1668657643,"status":200,"resp_time":0.148702}
{"time":"November 17, 10:03 am","ts":1668659629,"status":200,"resp_time":0.102684}
{"time":"November 17, 10:21 am","ts":1668660665,"status":200,"resp_time":0.23894}
{"time":"November 17, 10:46 am","ts":1668662172,"status":200,"resp_time":0.088107}
{"time":"November 17, 11:01 am","ts":1668663108,"status":200,"resp_time":0.098381}
{"time":"November 17, 11:15 am","ts":1668663929,"status":200,"resp_time":0.186602}
{"time":"November 17, 11:25 am","ts":1668664552,"status":200,"resp_time":0.207983}
{"time":"November 17, 11:52 am","ts":1668666178,"status":200,"resp_time":0.196553}
{"time":"November 17, 12:15 pm","ts":1668667510,"status":200,"resp_time":0.108014}
{"time":"November 17, 12:25 pm","ts":1668668133,"status":200,"resp_time":0.071599}
{"time":"November 17, 12:45 pm","ts":1668669349,"status":200,"resp_time":0.211484}
{"time":"November 17, 12:59 pm","ts":1668670166,"status":200,"resp_time":0.308746}
{"time":"November 17, 1:09 pm","ts":1668670782,"status":200,"resp_time":0.112532}
{"time":"November 17, 1:20 pm","ts":1668671402,"status":200,"resp_time":0.057499}
{"time":"November 17, 1:37 pm","ts":1668672452,"status":200,"resp_time":0.131754}
{"time":"November 17, 2:07 pm","ts":1668674228,"status":200,"resp_time":0.330429}
{"time":"November 17, 2:22 pm","ts":1668675144,"status":200,"resp_time":0.216468}
{"time":"November 17, 2:46 pm","ts":1668676583,"status":200,"resp_time":0.249242}
{"time":"November 17, 3:02 pm","ts":1668677528,"status":200,"resp_time":0.103023}
{"time":"November 17, 3:15 pm","ts":1668678333,"status":200,"resp_time":0.228621}
{"time":"November 17, 3:25 pm","ts":1668678957,"status":200,"resp_time":0.055842}
{"time":"November 17, 3:49 pm","ts":1668680396,"status":200,"resp_time":0.211268}
{"time":"November 17, 4:07 pm","ts":1668681457,"status":200,"resp_time":0.059492}
{"time":"November 17, 4:18 pm","ts":1668682129,"status":200,"resp_time":0.14114}
{"time":"November 17, 4:29 pm","ts":1668682754,"status":200,"resp_time":0.260459}
{"time":"November 17, 4:49 pm","ts":1668683973,"status":200,"resp_time":0.288324}
{"time":"November 17, 4:59 pm","ts":1668684587,"status":200,"resp_time":0.105187}
{"time":"November 17, 5:10 pm","ts":1668685200,"status":200,"resp_time":0.193737}
{"time":"November 17, 6:05 pm","ts":1668688541,"status":200,"resp_time":0.097865}
{"time":"November 17, 6:46 pm","ts":1668691019,"status":200,"resp_time":0.102156}
{"time":"November 17, 7:16 pm","ts":1668692809,"status":200,"resp_time":0.203126}
{"time":"November 17, 7:27 pm","ts":1668693427,"status":200,"resp_time":0.079808}
{"time":"November 17, 7:49 pm","ts":1668694775,"status":200,"resp_time":0.248658}
{"time":"November 17, 8:03 pm","ts":1668695621,"status":200,"resp_time":0.235966}
{"time":"November 17, 8:15 pm","ts":1668696339,"status":200,"resp_time":0.212694}
{"time":"November 17, 8:26 pm","ts":1668696963,"status":200,"resp_time":0.264775}
{"time":"November 17, 8:49 pm","ts":1668698389,"status":200,"resp_time":0.283218}
{"time":"November 17, 9:07 pm","ts":1668699442,"status":200,"resp_time":0.24601}
{"time":"November 17, 9:19 pm","ts":1668700142,"status":200,"resp_time":0.09604}
{"time":"November 17, 9:29 pm","ts":1668700759,"status":200,"resp_time":0.07146}
{"time":"November 17, 10:05 pm","ts":1668702908,"status":200,"resp_time":0.08466}
{"time":"November 17, 10:28 pm","ts":1668704303,"status":200,"resp_time":0.059603}
{"time":"November 17, 10:53 pm","ts":1668705796,"status":200,"resp_time":0.123428}
{"time":"November 17, 11:09 pm","ts":1668706776,"status":200,"resp_time":0.304059}
