{"time":"July 22, 2022, 5:25 pm","ts":1658490959,"status":200,"resp_time":0.090803}
{"time":"July 22, 2022, 5:48 pm","ts":1658492333,"status":200,"resp_time":0.289047}
{"time":"July 22, 2022, 6:00 pm","ts":1658493003,"status":200,"resp_time":0.088132}
{"time":"July 22, 6:00 pm","ts":1658493032,"status":200,"resp_time":0.140045}
{"time":"July 22, 6:08 pm","ts":1658493483,"status":200,"resp_time":0.102224}
{"time":"July 22, 6:36 pm","ts":1658495178,"status":200,"resp_time":0.454879}
{"time":"July 22, 6:36 pm","ts":1658495196,"status":200,"resp_time":0.344368}
{"time":"July 22, 6:51 pm","ts":1658496093,"status":200,"resp_time":0.088869}
{"time":"July 22, 7:24 pm","ts":1658498077,"status":200,"resp_time":0.304669}
