{"time":"November 1, 4:55 am","ts":1667258748,"status":200,"resp_time":0.13987}
{"time":"November 1, 5:17 am","ts":1667260027,"status":200,"resp_time":0.2765}
{"time":"November 1, 5:27 am","ts":1667260663,"status":200,"resp_time":0.249327}
{"time":"November 1, 8:10 am","ts":1667270405,"status":200,"resp_time":0.220512}
{"time":"November 1, 9:52 am","ts":1667276541,"status":200,"resp_time":0.2003}
{"time":"November 1, 11:04 am","ts":1667280867,"status":200,"resp_time":0.301867}
{"time":"November 1, 11:34 am","ts":1667282641,"status":200,"resp_time":0.079446}
{"time":"November 1, 12:14 pm","ts":1667285077,"status":200,"resp_time":0.191798}
{"time":"November 1, 12:34 pm","ts":1667286287,"status":200,"resp_time":0.228719}
{"time":"November 1, 1:00 pm","ts":1667287843,"status":200,"resp_time":0.061839}
{"time":"November 1, 1:17 pm","ts":1667288860,"status":200,"resp_time":0.060922}
{"time":"November 1, 1:27 pm","ts":1667289460,"status":200,"resp_time":0.26067}
{"time":"November 1, 2:02 pm","ts":1667291531,"status":200,"resp_time":0.070387}
{"time":"November 1, 2:22 pm","ts":1667292779,"status":200,"resp_time":0.047394}
{"time":"November 1, 2:51 pm","ts":1667294494,"status":200,"resp_time":0.321542}
{"time":"November 1, 3:16 pm","ts":1667296018,"status":200,"resp_time":0.197859}
{"time":"November 1, 3:27 pm","ts":1667296643,"status":200,"resp_time":0.10374}
{"time":"November 1, 3:58 pm","ts":1667298497,"status":200,"resp_time":0.120852}
{"time":"November 1, 4:18 pm","ts":1667299701,"status":200,"resp_time":0.213905}
{"time":"November 1, 4:28 pm","ts":1667300325,"status":200,"resp_time":0.085492}
{"time":"November 1, 4:52 pm","ts":1667301763,"status":200,"resp_time":0.049069}
{"time":"November 1, 5:09 pm","ts":1667302767,"status":200,"resp_time":0.12184}
{"time":"November 1, 5:19 pm","ts":1667303393,"status":200,"resp_time":0.089295}
{"time":"November 1, 5:30 pm","ts":1667304039,"status":200,"resp_time":0.241213}
{"time":"November 1, 6:38 pm","ts":1667308098,"status":200,"resp_time":0.1962}
{"time":"November 1, 7:26 pm","ts":1667310966,"status":200,"resp_time":0.092134}
{"time":"November 1, 7:58 pm","ts":1667312887,"status":200,"resp_time":4.923141}
{"time":"November 1, 8:21 pm","ts":1667314288,"status":200,"resp_time":0.087892}
{"time":"November 1, 8:50 pm","ts":1667316036,"status":200,"resp_time":0.08554}
{"time":"November 1, 9:16 pm","ts":1667317608,"status":200,"resp_time":0.27763}
{"time":"November 1, 9:28 pm","ts":1667318282,"status":200,"resp_time":0.179107}
{"time":"November 1, 10:10 pm","ts":1667320801,"status":200,"resp_time":0.058675}
{"time":"November 1, 10:41 pm","ts":1667322702,"status":200,"resp_time":0.496061}
{"time":"November 1, 11:15 pm","ts":1667324705,"status":200,"resp_time":0.316771}
{"time":"November 1, 11:27 pm","ts":1667325430,"status":200,"resp_time":0.183243}
{"time":"November 2, 12:01 am","ts":1667327501,"status":200,"resp_time":0.078555}
{"time":"November 2, 12:26 am","ts":1667328964,"status":200,"resp_time":0.128837}
{"time":"November 2, 12:47 am","ts":1667330254,"status":200,"resp_time":0.21011}
{"time":"November 2, 1:00 am","ts":1667331048,"status":200,"resp_time":0.219773}
{"time":"November 2, 1:15 am","ts":1667331932,"status":200,"resp_time":0.175922}
{"time":"November 2, 1:25 am","ts":1667332559,"status":200,"resp_time":0.20563}
{"time":"November 2, 1:53 am","ts":1667334196,"status":200,"resp_time":0.197016}
{"time":"November 2, 2:14 am","ts":1667335448,"status":200,"resp_time":0.091727}
{"time":"November 2, 2:25 am","ts":1667336143,"status":200,"resp_time":0.19309}
{"time":"November 2, 2:48 am","ts":1667337533,"status":200,"resp_time":0.107879}
{"time":"November 2, 3:07 am","ts":1667338623,"status":200,"resp_time":0.213354}
{"time":"November 2, 3:19 am","ts":1667339375,"status":200,"resp_time":0.071062}
{"time":"November 2, 3:29 am","ts":1667339993,"status":200,"resp_time":0.202711}
{"time":"November 2, 4:01 am","ts":1667341895,"status":200,"resp_time":0.201929}
{"time":"November 2, 4:22 am","ts":1667343176,"status":200,"resp_time":0.068488}
{"time":"November 2, 4:51 am","ts":1667344867,"status":200,"resp_time":0.068159}
{"time":"November 2, 5:15 am","ts":1667346302,"status":200,"resp_time":0.085658}
{"time":"November 2, 5:26 am","ts":1667346977,"status":200,"resp_time":0.112216}
{"time":"November 2, 7:39 am","ts":1667354971,"status":200,"resp_time":0.069835}
{"time":"November 2, 9:33 am","ts":1667361816,"status":200,"resp_time":0.200434}
{"time":"November 2, 10:42 am","ts":1667365935,"status":200,"resp_time":0.058618}
{"time":"November 2, 11:24 am","ts":1667368461,"status":200,"resp_time":0.204582}
{"time":"November 2, 11:58 am","ts":1667370484,"status":200,"resp_time":0.093468}
{"time":"November 2, 12:25 pm","ts":1667372148,"status":200,"resp_time":0.081854}
{"time":"November 2, 12:49 pm","ts":1667373574,"status":200,"resp_time":0.122062}
{"time":"November 2, 1:06 pm","ts":1667374607,"status":200,"resp_time":0.217334}
{"time":"November 2, 1:17 pm","ts":1667375254,"status":200,"resp_time":0.212555}
{"time":"November 2, 1:28 pm","ts":1667375882,"status":200,"resp_time":0.10529}
{"time":"November 2, 2:03 pm","ts":1667377983,"status":200,"resp_time":0.057714}
{"time":"November 2, 2:23 pm","ts":1667379219,"status":200,"resp_time":0.132313}
{"time":"November 2, 2:48 pm","ts":1667380694,"status":200,"resp_time":0.102438}
{"time":"November 2, 3:08 pm","ts":1667381916,"status":200,"resp_time":0.136126}
{"time":"November 2, 3:21 pm","ts":1667382675,"status":200,"resp_time":0.23995}
{"time":"November 2, 3:51 pm","ts":1667384460,"status":200,"resp_time":0.221507}
{"time":"November 2, 4:15 pm","ts":1667385932,"status":200,"resp_time":0.296011}
{"time":"November 2, 4:26 pm","ts":1667386585,"status":200,"resp_time":0.080102}
{"time":"November 2, 4:49 pm","ts":1667387980,"status":200,"resp_time":0.191934}
{"time":"November 2, 5:05 pm","ts":1667388924,"status":200,"resp_time":0.059556}
{"time":"November 2, 5:16 pm","ts":1667389585,"status":200,"resp_time":0.334609}
{"time":"November 2, 5:27 pm","ts":1667390223,"status":200,"resp_time":0.173563}
{"time":"November 2, 6:23 pm","ts":1667393587,"status":200,"resp_time":0.090027}
{"time":"November 2, 7:21 pm","ts":1667397104,"status":200,"resp_time":0.206032}
{"time":"November 2, 7:54 pm","ts":1667399049,"status":200,"resp_time":0.232734}
{"time":"November 2, 8:16 pm","ts":1667400370,"status":200,"resp_time":0.289958}
{"time":"November 2, 8:26 pm","ts":1667401010,"status":200,"resp_time":0.240556}
{"time":"November 2, 8:55 pm","ts":1667402724,"status":200,"resp_time":0.20627}
{"time":"November 2, 9:16 pm","ts":1667403964,"status":200,"resp_time":0.241261}
{"time":"November 2, 9:27 pm","ts":1667404654,"status":200,"resp_time":0.081962}
{"time":"November 2, 10:09 pm","ts":1667407183,"status":200,"resp_time":0.190524}
{"time":"November 2, 10:46 pm","ts":1667409406,"status":200,"resp_time":0.089837}
{"time":"November 2, 11:20 pm","ts":1667411413,"status":200,"resp_time":0.23088}
{"time":"November 2, 11:38 pm","ts":1667412514,"status":200,"resp_time":0.203104}
{"time":"November 3, 12:09 am","ts":1667414352,"status":200,"resp_time":0.217448}
{"time":"November 3, 12:25 am","ts":1667415307,"status":200,"resp_time":0.106755}
{"time":"November 3, 12:44 am","ts":1667416490,"status":200,"resp_time":0.210386}
{"time":"November 3, 12:57 am","ts":1667417272,"status":200,"resp_time":0.090982}
{"time":"November 3, 1:09 am","ts":1667417954,"status":200,"resp_time":0.235515}
{"time":"November 3, 1:19 am","ts":1667418590,"status":200,"resp_time":0.231749}
{"time":"November 3, 1:30 am","ts":1667419213,"status":200,"resp_time":0.201388}
{"time":"November 3, 1:59 am","ts":1667420946,"status":200,"resp_time":0.173922}
