{"time":"October 28, 1:02 pm","ts":1666942350,"status":200,"resp_time":0.061503}
{"time":"October 28, 1:15 pm","ts":1666943140,"status":200,"resp_time":0.09968}
{"time":"October 28, 1:26 pm","ts":1666943767,"status":200,"resp_time":0.25126}
{"time":"October 28, 2:01 pm","ts":1666945908,"status":200,"resp_time":0.120449}
{"time":"October 28, 2:27 pm","ts":1666947427,"status":200,"resp_time":0.099469}
{"time":"October 28, 2:55 pm","ts":1666949102,"status":200,"resp_time":0.267404}
{"time":"October 28, 3:13 pm","ts":1666950195,"status":200,"resp_time":0.107733}
{"time":"October 28, 3:25 pm","ts":1666950933,"status":200,"resp_time":0.104125}
{"time":"October 28, 3:51 pm","ts":1666952499,"status":200,"resp_time":0.272775}
{"time":"October 28, 4:14 pm","ts":1666953893,"status":200,"resp_time":0.121882}
{"time":"October 28, 4:25 pm","ts":1666954548,"status":200,"resp_time":0.205181}
{"time":"October 28, 4:47 pm","ts":1666955865,"status":200,"resp_time":0.196408}
{"time":"October 28, 5:03 pm","ts":1666956831,"status":200,"resp_time":0.332012}
{"time":"October 28, 5:15 pm","ts":1666957552,"status":200,"resp_time":0.067183}
{"time":"October 28, 5:26 pm","ts":1666958177,"status":200,"resp_time":0.2124}
{"time":"October 28, 6:18 pm","ts":1666961281,"status":200,"resp_time":0.100464}
{"time":"October 28, 7:09 pm","ts":1666964364,"status":200,"resp_time":0.171931}
{"time":"October 28, 7:44 pm","ts":1666966482,"status":200,"resp_time":0.08367}
{"time":"October 28, 8:10 pm","ts":1666968049,"status":0,"resp_time":6.999705}
{"time":"October 28, 8:25 pm","ts":1666968942,"status":200,"resp_time":0.179193}
{"time":"October 28, 8:51 pm","ts":1666970493,"status":200,"resp_time":0.070135}
{"time":"October 28, 9:16 pm","ts":1666971995,"status":200,"resp_time":0.274134}
{"time":"October 28, 9:27 pm","ts":1666972670,"status":200,"resp_time":0.257562}
{"time":"October 28, 10:04 pm","ts":1666974840,"status":200,"resp_time":1.458791}
{"time":"October 28, 10:31 pm","ts":1666976509,"status":200,"resp_time":0.09532}
{"time":"October 28, 11:03 pm","ts":1666978407,"status":200,"resp_time":0.32097}
{"time":"October 28, 11:20 pm","ts":1666979428,"status":200,"resp_time":0.192333}
{"time":"October 28, 11:53 pm","ts":1666981434,"status":200,"resp_time":0.068085}
{"time":"October 29, 12:18 am","ts":1666982909,"status":200,"resp_time":0.216618}
{"time":"October 29, 12:29 am","ts":1666983567,"status":200,"resp_time":0.321618}
{"time":"October 29, 12:50 am","ts":1666984858,"status":200,"resp_time":0.319089}
{"time":"October 29, 1:07 am","ts":1666985825,"status":200,"resp_time":0.182801}
{"time":"October 29, 1:17 am","ts":1666986455,"status":200,"resp_time":0.213477}
{"time":"October 29, 1:27 am","ts":1666987074,"status":200,"resp_time":0.099394}
{"time":"October 29, 1:58 am","ts":1666988900,"status":200,"resp_time":0.198902}
{"time":"October 29, 2:16 am","ts":1666989976,"status":200,"resp_time":0.199913}
{"time":"October 29, 2:26 am","ts":1666990593,"status":200,"resp_time":0.048896}
{"time":"October 29, 2:49 am","ts":1666991986,"status":200,"resp_time":0.259954}
{"time":"October 29, 3:06 am","ts":1666992975,"status":200,"resp_time":0.30154}
{"time":"October 29, 3:18 am","ts":1666993702,"status":200,"resp_time":0.077433}
{"time":"October 29, 3:28 am","ts":1666994316,"status":200,"resp_time":0.145848}
{"time":"October 29, 3:56 am","ts":1666995974,"status":200,"resp_time":0.064528}
{"time":"October 29, 4:14 am","ts":1666997040,"status":200,"resp_time":0.051176}
{"time":"October 29, 4:25 am","ts":1666997726,"status":200,"resp_time":0.22331}
{"time":"October 29, 4:52 am","ts":1666999342,"status":200,"resp_time":0.235657}
{"time":"October 29, 5:15 am","ts":1667000700,"status":200,"resp_time":0.282211}
{"time":"October 29, 5:26 am","ts":1667001378,"status":200,"resp_time":0.265764}
{"time":"October 29, 7:24 am","ts":1667008475,"status":200,"resp_time":0.194068}
{"time":"October 29, 9:05 am","ts":1667014549,"status":200,"resp_time":0.293322}
{"time":"October 29, 9:49 am","ts":1667017152,"status":200,"resp_time":0.31334}
{"time":"October 29, 10:26 am","ts":1667019369,"status":200,"resp_time":0.305999}
{"time":"October 29, 10:53 am","ts":1667021033,"status":200,"resp_time":0.217716}
{"time":"October 29, 11:13 am","ts":1667022192,"status":200,"resp_time":0.247861}
{"time":"October 29, 11:25 am","ts":1667022931,"status":200,"resp_time":0.176956}
{"time":"October 29, 11:53 am","ts":1667024637,"status":200,"resp_time":0.05173}
{"time":"October 29, 12:18 pm","ts":1667026115,"status":200,"resp_time":0.283993}
{"time":"October 29, 12:29 pm","ts":1667026754,"status":200,"resp_time":0.198377}
{"time":"October 29, 12:53 pm","ts":1667028213,"status":200,"resp_time":0.331665}
{"time":"October 29, 1:08 pm","ts":1667029105,"status":200,"resp_time":0.058534}
{"time":"October 29, 1:18 pm","ts":1667029733,"status":200,"resp_time":0.081352}
{"time":"October 29, 1:29 pm","ts":1667030351,"status":200,"resp_time":0.08639}
{"time":"October 29, 2:02 pm","ts":1667032362,"status":200,"resp_time":0.078611}
{"time":"October 29, 2:22 pm","ts":1667033566,"status":200,"resp_time":0.218591}
{"time":"October 29, 2:47 pm","ts":1667035045,"status":200,"resp_time":0.273594}
{"time":"October 29, 3:05 pm","ts":1667036140,"status":200,"resp_time":0.208771}
{"time":"October 29, 3:17 pm","ts":1667036874,"status":200,"resp_time":0.317962}
{"time":"October 29, 3:28 pm","ts":1667037503,"status":200,"resp_time":0.328514}
{"time":"October 29, 3:58 pm","ts":1667039307,"status":200,"resp_time":0.208822}
{"time":"October 29, 4:16 pm","ts":1667040371,"status":200,"resp_time":0.213004}
{"time":"October 29, 4:26 pm","ts":1667040991,"status":200,"resp_time":0.062928}
{"time":"October 29, 4:47 pm","ts":1667042264,"status":200,"resp_time":0.217198}
{"time":"October 29, 5:01 pm","ts":1667043094,"status":200,"resp_time":0.245443}
{"time":"October 29, 5:15 pm","ts":1667043945,"status":200,"resp_time":0.220124}
{"time":"October 29, 5:26 pm","ts":1667044572,"status":200,"resp_time":0.070627}
{"time":"October 29, 6:07 pm","ts":1667047071,"status":200,"resp_time":0.10146}
{"time":"October 29, 6:45 pm","ts":1667049346,"status":200,"resp_time":0.225467}
{"time":"October 29, 7:13 pm","ts":1667051017,"status":200,"resp_time":0.266507}
{"time":"October 29, 7:25 pm","ts":1667051729,"status":200,"resp_time":0.101765}
{"time":"October 29, 8:05 pm","ts":1667054137,"status":200,"resp_time":0.072902}
{"time":"October 29, 8:17 pm","ts":1667054829,"status":200,"resp_time":0.136217}
{"time":"October 29, 8:27 pm","ts":1667055453,"status":200,"resp_time":0.112583}
{"time":"October 29, 9:13 pm","ts":1667058226,"status":200,"resp_time":0.274063}
{"time":"October 29, 9:56 pm","ts":1667060761,"status":200,"resp_time":0.057016}
{"time":"October 29, 10:25 pm","ts":1667062546,"status":200,"resp_time":0.31919}
{"time":"October 29, 10:50 pm","ts":1667064018,"status":200,"resp_time":0.363428}
{"time":"October 29, 11:11 pm","ts":1667065317,"status":200,"resp_time":0.197356}
{"time":"October 29, 11:25 pm","ts":1667066133,"status":200,"resp_time":0.102604}
{"time":"October 29, 11:53 pm","ts":1667067782,"status":200,"resp_time":0.218552}
{"time":"October 30, 12:16 am","ts":1667069200,"status":200,"resp_time":0.201395}
{"time":"October 30, 12:27 am","ts":1667069848,"status":200,"resp_time":0.082184}
{"time":"October 30, 12:48 am","ts":1667071129,"status":200,"resp_time":0.299081}
{"time":"October 30, 12:59 am","ts":1667071786,"status":200,"resp_time":0.231495}
{"time":"October 30, 1:10 am","ts":1667072429,"status":200,"resp_time":0.113957}
{"time":"October 30, 1:25 am","ts":1667073344,"status":200,"resp_time":0.260176}
{"time":"October 30, 1:50 am","ts":1667074806,"status":200,"resp_time":0.293122}
{"time":"October 30, 2:07 am","ts":1667075855,"status":200,"resp_time":0.209847}
{"time":"October 30, 2:19 am","ts":1667076586,"status":200,"resp_time":0.087805}
{"time":"October 30, 2:30 am","ts":1667077200,"status":200,"resp_time":0.051813}
{"time":"October 30, 2:54 am","ts":1667078640,