{"time":"August 26, 11:12 pm","ts":1661535746,"status":200,"resp_time":0.102958}
{"time":"August 26, 11:25 pm","ts":1661536539,"status":200,"resp_time":0.128677}
{"time":"August 26, 11:52 pm","ts":1661538169,"status":200,"resp_time":0.20118}
{"time":"August 27, 12:17 am","ts":1661539670,"status":200,"resp_time":0.28362}
{"time":"August 27, 12:28 am","ts":1661540308,"status":200,"resp_time":0.177092}
{"time":"August 27, 12:49 am","ts":1661541597,"status":200,"resp_time":0.234066}
{"time":"August 27, 1:00 am","ts":1661542212,"status":200,"resp_time":0.067522}
{"time":"August 27, 1:15 am","ts":1661543126,"status":200,"resp_time":0.126257}
{"time":"August 27, 1:25 am","ts":1661543753,"status":200,"resp_time":0.1074}
{"time":"August 27, 1:50 am","ts":1661545219,"status":200,"resp_time":0.080733}
{"time":"August 27, 2:11 am","ts":1661546468,"status":200,"resp_time":0.095399}
{"time":"August 27, 2:25 am","ts":1661547326,"status":200,"resp_time":0.089873}
{"time":"August 27, 2:45 am","ts":1661548520,"status":200,"resp_time":0.074825}
{"time":"August 27, 3:01 am","ts":1661549488,"status":200,"resp_time":0.156453}
{"time":"August 27, 3:15 am","ts":1661550351,"status":200,"resp_time":0.202056}
{"time":"August 27, 3:26 am","ts":1661550969,"status":200,"resp_time":0.206652}
{"time":"August 27, 3:49 am","ts":1661552368,"status":200,"resp_time":0.173971}
{"time":"August 27, 4:06 am","ts":1661553418,"status":200,"resp_time":0.119762}
{"time":"August 27, 4:18 am","ts":1661554090,"status":200,"resp_time":0.066874}
{"time":"August 27, 4:28 am","ts":1661554705,"status":200,"resp_time":0.091466}
{"time":"August 27, 4:54 am","ts":1661556265,"status":200,"resp_time":0.184243}
{"time":"August 27, 5:11 am","ts":1661557270,"status":200,"resp_time":0.08927}
{"time":"August 27, 5:25 am","ts":1661558132,"status":200,"resp_time":0.202598}
{"time":"August 27, 7:31 am","ts":1661565702,"status":200,"resp_time":0.327287}
{"time":"August 27, 9:35 am","ts":1661573127,"status":200,"resp_time":0.089971}
{"time":"August 27, 10:34 am","ts":1661576649,"status":200,"resp_time":0.196842}
{"time":"August 27, 11:06 am","ts":1661578562,"status":200,"resp_time":0.198024}
{"time":"August 27, 11:20 am","ts":1661579446,"status":200,"resp_time":0.110899}
{"time":"August 27, 11:50 am","ts":1661581246,"status":200,"resp_time":0.137241}
{"time":"August 27, 12:16 pm","ts":1661582800,"status":200,"resp_time":0.234491}
{"time":"August 27, 12:27 pm","ts":1661583433,"status":200,"resp_time":0.203632}
{"time":"August 27, 12:50 pm","ts":1661584804,"status":200,"resp_time":0.214632}
{"time":"August 27, 1:03 pm","ts":1661585597,"status":200,"resp_time":0.31028}
{"time":"August 27, 1:15 pm","ts":1661586330,"status":200,"resp_time":0.109681}
{"time":"August 27, 1:25 pm","ts":1661586946,"status":200,"resp_time":0.20967}
{"time":"August 27, 1:53 pm","ts":1661588589,"status":200,"resp_time":0.212205}
{"time":"August 27, 2:15 pm","ts":1661589909,"status":200,"resp_time":0.088551}
{"time":"August 27, 2:26 pm","ts":1661590587,"status":200,"resp_time":0.170117}
{"time":"August 27, 2:49 pm","ts":1661591966,"status":200,"resp_time":0.084529}
{"time":"August 27, 3:05 pm","ts":1661592924,"status":200,"resp_time":0.196573}
{"time":"August 27, 3:16 pm","ts":1661593606,"status":200,"resp_time":0.240302}
{"time":"August 27, 3:27 pm","ts":1661594222,"status":200,"resp_time":0.137438}
{"time":"August 27, 3:53 pm","ts":1661595794,"status":200,"resp_time":0.123842}
{"time":"August 27, 4:11 pm","ts":1661596886,"status":200,"resp_time":0.111741}
{"time":"August 27, 4:25 pm","ts":1661597726,"status":200,"resp_time":0.185118}
{"time":"August 27, 4:44 pm","ts":1661598895,"status":200,"resp_time":0.307626}
{"time":"August 27, 4:59 pm","ts":1661599788,"status":200,"resp_time":0.345985}
{"time":"August 27, 5:10 pm","ts":1661600434,"status":200,"resp_time":0.136213}
{"time":"August 27, 5:25 pm","ts":1661601324,"status":200,"resp_time":0.099717}
{"time":"August 27, 6:05 pm","ts":1661603710,"status":200,"resp_time":0.306333}
{"time":"August 27, 6:42 pm","ts":1661605944,"status":200,"resp_time":0.303502}
{"time":"August 27, 7:11 pm","ts":1661607678,"status":200,"resp_time":0.201912}
{"time":"August 27, 7:25 pm","ts":1661608526,"status":200,"resp_time":0.101308}
{"time":"August 27, 7:45 pm","ts":1661609742,"status":200,"resp_time":0.125979}
{"time":"August 27, 8:00 pm","ts":1661610657,"status":200,"resp_time":0.070002}
{"time":"August 27, 8:15 pm","ts":1661611526,"status":200,"resp_time":0.19365}
{"time":"August 27, 8:25 pm","ts":1661612145,"status":200,"resp_time":0.309722}
{"time":"August 27, 8:48 pm","ts":1661613531,"status":200,"resp_time":0.302613}
{"time":"August 27, 9:07 pm","ts":1661614656,"status":200,"resp_time":0.216184}
{"time":"August 27, 9:20 pm","ts":1661615418,"status":200,"resp_time":0.087665}
{"time":"August 27, 9:52 pm","ts":1661617345,"status":200,"resp_time":0.17621}
{"time":"August 27, 10:23 pm","ts":1661619208,"status":200,"resp_time":0.100653}
{"time":"August 27, 10:47 pm","ts":1661620650,"status":200,"resp_time":0.250868}
{"time":"August 27, 11:04 pm","ts":1661621692,"status":200,"resp_time":0.314411}
{"time":"August 27, 11:15 pm","ts":1661622343,"status":200,"resp_time":0.098137}
{"time":"August 27, 11:26 pm","ts":1661622969,"status":200,"resp_time":0.216483}
{"time":"August 27, 11:53 pm","ts":1661624612,"status":200,"resp_time":0.203503}
{"time":"August 28, 12:15 am","ts":1661625922,"status":200,"resp_time":0.103397}
{"time":"August 28, 12:26 am","ts":1661626569,"status":200,"resp_time":0.182031}
{"time":"August 28, 12:45 am","ts":1661627730,"status":200,"resp_time":0.194184}
{"time":"August 28, 12:57 am","ts":1661628454,"status":200,"resp_time":0.086056}
{"time":"August 28, 1:08 am","ts":1661629133,"status":200,"resp_time":0.283846}
{"time":"August 28, 1:19 am","ts":1661629749,"status":200,"resp_time":0.217499}
{"time":"August 28, 1:29 am","ts":1661630374,"status":200,"resp_time":0.10947}
{"time":"August 28, 1:55 am","ts":1661631925,"status":200,"resp_time":0.179803}
{"time":"August 28, 2:10 am","ts":1661632843,"status":200,"resp_time":0.875625}
{"time":"August 28, 2:25 am","ts":1661633726,"status":200,"resp_time":0.204659}
{"time":"August 28, 2:45 am","ts":1661634950,"status":200,"resp_time":0.20431}
{"time":"August 28, 3:01 am","ts":1661635911,"status":200,"resp_time":0.224462}
{"time":"August 28, 3:15 am","ts":1661636732,"status":200,"resp_time":0.089958}
{"time":"August 28, 3:25 am","ts":1661637351,"status":200,"resp_time":0.301406}
{"time":"August 28, 3:47 am","ts":1661638656,"status":200,"resp_time":0.103717}
{"time":"August 28, 4:04 am","ts":1661639689,"status":200,"resp_time":0.322478}
{"time":"August 28, 4:16 am","ts":1661640378,"status":200,"resp_time":0.205487}
{"time":"August 28, 4:26 am","ts":1661640992,"status":200,"resp_time":0.097954}
{"time":"August 28, 4:50 am","ts":1661642410,"status":200,"resp_time":0.094237}
{"time":"August 28, 5:10 am","ts":1661643659,"status":200,"resp_time":0.08183}
{"time":"August 28, 5:25 am","ts":1661644531,"status":200,"resp_time":0.27265}
{"time":"August 28, 7:39 am","ts":1661652570,"status":200,"resp_time":0.236249}
{"time":"August 28, 9:30 am","ts":1661659239,"status":200,"resp_time":0.246491}
{"time":"August 28, 10:33 am","ts":1661663032,"status":200,"resp_time":0.277868}
{"time":"August 28, 11:06 am","ts":1661664977,"status":200,"resp_time":0.098928}
{"time":"August 28, 11:21 am","ts":1661665863,"status":200,"resp_time":0.166996}
{"time":"August 28, 11:50 am","ts":1661667652,"status":200,"resp_time":0.109738}
{"time":"August 28, 12:16 pm","ts":1661669208,"status":200,"resp_time":0.212496}
{"time":"August 28, 12:27 pm","ts":1661669839,"status":200,"resp_time":0.234057}
{"time":"August 28, 12:50 pm","ts":1661671225,"status":200,"resp_time":0.215986}
{"time":"August 28, 1:07 pm","ts":1661672274,"status":200,"resp_time":0.232793}
{"time":"August 28, 1:18 pm","ts":1661672908,"status":200,"resp_time":0.192744}
