{"time":"August 22, 8:02 pm","ts":1661178724,"status":200,"resp_time":0.280654}
{"time":"August 22, 8:15 pm","ts":1661179538,"status":200,"resp_time":0.286098}
{"time":"August 22, 8:25 pm","ts":1661180152,"status":200,"resp_time":0.165144}
{"time":"August 22, 8:52 pm","ts":1661181725,"status":200,"resp_time":0.060381}
{"time":"August 22, 9:14 pm","ts":1661183088,"status":200,"resp_time":0.070796}
{"time":"August 22, 9:26 pm","ts":1661183760,"status":200,"resp_time":0.103139}
{"time":"August 22, 9:56 pm","ts":1661185560,"status":200,"resp_time":0.217062}
{"time":"August 22, 10:26 pm","ts":1661187373,"status":200,"resp_time":0.113161}
{"time":"August 22, 10:50 pm","ts":1661188832,"status":200,"resp_time":0.198313}
{"time":"August 22, 11:10 pm","ts":1661190051,"status":200,"resp_time":0.298704}
{"time":"August 22, 11:25 pm","ts":1661190942,"status":200,"resp_time":0.066115}
{"time":"August 22, 11:52 pm","ts":1661192563,"status":200,"resp_time":0.193582}
{"time":"August 23, 12:16 am","ts":1661193994,"status":200,"resp_time":0.166041}
{"time":"August 23, 12:27 am","ts":1661194645,"status":200,"resp_time":0.135491}
{"time":"August 23, 12:48 am","ts":1661195912,"status":200,"resp_time":0.217538}
{"time":"August 23, 1:01 am","ts":1661196672,"status":200,"resp_time":0.067514}
{"time":"August 23, 1:15 am","ts":1661197530,"status":200,"resp_time":0.090757}
{"time":"August 23, 1:25 am","ts":1661198152,"status":200,"resp_time":0.146203}
{"time":"August 23, 1:49 am","ts":1661199541,"status":200,"resp_time":0.285922}
{"time":"August 23, 2:05 am","ts":1661200556,"status":200,"resp_time":0.118134}
{"time":"August 23, 2:17 am","ts":1661201256,"status":200,"resp_time":0.311667}
{"time":"August 23, 2:27 am","ts":1661201871,"status":200,"resp_time":0.17382}
{"time":"August 23, 2:51 am","ts":1661203260,"status":200,"resp_time":0.215597}
{"time":"August 23, 3:09 am","ts":1661204370,"status":200,"resp_time":1.013595}
{"time":"August 23, 3:19 am","ts":1661204993,"status":200,"resp_time":0.24613}
{"time":"August 23, 3:30 am","ts":1661205614,"status":200,"resp_time":0.10962}
{"time":"August 23, 3:58 am","ts":1661207331,"status":200,"resp_time":0.20887}
{"time":"August 23, 4:14 am","ts":1661208248,"status":200,"resp_time":0.157625}
{"time":"August 23, 4:25 am","ts":1661208931,"status":200,"resp_time":0.23612}
{"time":"August 23, 4:48 am","ts":1661210280,"status":200,"resp_time":0.236506}
{"time":"August 23, 5:05 am","ts":1661211349,"status":200,"resp_time":1.664925}
{"time":"August 23, 5:17 am","ts":1661212054,"status":200,"resp_time":0.078756}
{"time":"August 23, 5:28 am","ts":1661212681,"status":200,"resp_time":0.169966}
{"time":"August 23, 8:06 am","ts":1661222171,"status":200,"resp_time":0.330731}
{"time":"August 23, 9:59 am","ts":1661228997,"status":200,"resp_time":0.283983}
{"time":"August 23, 11:12 am","ts":1661233346,"status":200,"resp_time":0.205187}
{"time":"August 23, 11:48 am","ts":1661235480,"status":200,"resp_time":0.258181}
{"time":"August 23, 12:22 pm","ts":1661237538,"status":200,"resp_time":0.276223}
{"time":"August 23, 12:49 pm","ts":1661239196,"status":200,"resp_time":0.207386}
{"time":"August 23, 1:07 pm","ts":1661240277,"status":200,"resp_time":0.29341}
{"time":"August 23, 1:18 pm","ts":1661240915,"status":200,"resp_time":0.370034}
{"time":"August 23, 1:29 pm","ts":1661241546,"status":200,"resp_time":0.288647}
{"time":"August 23, 2:00 pm","ts":1661243435,"status":200,"resp_time":0.077206}
{"time":"August 23, 2:22 pm","ts":1661244728,"status":200,"resp_time":0.194798}
{"time":"August 23, 2:47 pm","ts":1661246227,"status":200,"resp_time":0.22939}
{"time":"August 23, 3:05 pm","ts":1661247320,"status":200,"resp_time":0.070687}
{"time":"August 23, 3:17 pm","ts":1661248049,"status":200,"resp_time":0.185739}
{"time":"August 23, 3:27 pm","ts":1661248670,"status":200,"resp_time":0.089853}
{"time":"August 23, 3:56 pm","ts":1661250413,"status":200,"resp_time":0.307242}
{"time":"August 23, 4:13 pm","ts":1661251436,"status":200,"resp_time":0.204557}
{"time":"August 23, 4:25 pm","ts":1661252126,"status":200,"resp_time":0.206625}
{"time":"August 23, 4:45 pm","ts":1661253322,"status":200,"resp_time":0.110469}
{"time":"August 23, 5:00 pm","ts":1661254232,"status":200,"resp_time":0.219209}
{"time":"August 23, 5:15 pm","ts":1661255132,"status":200,"resp_time":0.094203}
{"time":"August 23, 5:25 pm","ts":1661255749,"status":200,"resp_time":0.090417}
{"time":"August 23, 6:06 pm","ts":1661258201,"status":200,"resp_time":0.212123}
{"time":"August 23, 6:51 pm","ts":1661260873,"status":200,"resp_time":0.108064}
{"time":"August 23, 7:25 pm","ts":1661262903,"status":200,"resp_time":0.287069}
{"time":"August 23, 7:46 pm","ts":1661264174,"status":200,"resp_time":0.071652}
{"time":"August 23, 8:02 pm","ts":1661265144,"status":200,"resp_time":0.070578}
{"time":"August 23, 8:15 pm","ts":1661265947,"status":200,"resp_time":0.233806}
{"time":"August 23, 8:26 pm","ts":1661266563,"status":200,"resp_time":0.092793}
{"time":"August 23, 8:50 pm","ts":1661268011,"status":200,"resp_time":0.255839}
{"time":"August 23, 9:13 pm","ts":1661269383,"status":200,"resp_time":0.110458}
{"time":"August 23, 9:26 pm","ts":1661270162,"status":200,"resp_time":0.287853}
{"time":"August 23, 9:54 pm","ts":1661271892,"status":200,"resp_time":0.209187}
{"time":"August 23, 10:26 pm","ts":1661273786,"status":200,"resp_time":0.226605}
{"time":"August 23, 10:52 pm","ts":1661275350,"status":200,"resp_time":0.174128}
{"time":"August 23, 11:11 pm","ts":1661276516,"status":200,"resp_time":0.060011}
{"time":"August 23, 11:25 pm","ts":1661277331,"status":200,"resp_time":0.272687}
{"time":"August 23, 11:51 pm","ts":1661278914,"status":200,"resp_time":0.16828}
{"time":"August 24, 12:16 am","ts":1661280386,"status":200,"resp_time":0.251039}
{"time":"August 24, 12:27 am","ts":1661281033,"status":200,"resp_time":0.066266}
{"time":"August 24, 12:48 am","ts":1661282287,"status":200,"resp_time":0.343313}
{"time":"August 24, 1:00 am","ts":1661283044,"status":200,"resp_time":0.168162}
{"time":"August 24, 1:09 am","ts":1661283588,"status":200,"resp_time":0.082062}
{"time":"August 24, 1:20 am","ts":1661284212,"status":200,"resp_time":0.095736}
{"time":"August 24, 1:48 am","ts":1661285885,"status":200,"resp_time":0.205074}
{"time":"August 24, 2:06 am","ts":1661286961,"status":200,"resp_time":0.2105}
{"time":"August 24, 2:17 am","ts":1661287655,"status":200,"resp_time":0.190754}
{"time":"August 24, 2:28 am","ts":1661288281,"status":200,"resp_time":0.284485}
{"time":"August 24, 2:51 am","ts":1661289676,"status":200,"resp_time":0.212667}
{"time":"August 24, 3:09 am","ts":1661290769,"status":200,"resp_time":0.174732}
{"time":"August 24, 3:19 am","ts":1661291384,"status":200,"resp_time":0.19656}
{"time":"August 24, 3:30 am","ts":1661292007,"status":200,"resp_time":0.164249}
{"time":"August 24, 3:55 am","ts":1661293512,"status":200,"resp_time":0.16524}
{"time":"August 24, 4:10 am","ts":1661294434,"status":200,"resp_time":0.229614}
{"time":"August 24, 4:25 am","ts":1661295326,"status":200,"resp_time":0.297996}
{"time":"August 24, 4:47 am","ts":1661296678,"status":200,"resp_time":0.179212}
{"time":"August 24, 5:04 am","ts":1661297665,"status":200,"resp_time":0.097042}
{"time":"August 24, 5:17 am","ts":1661298457,"status":200,"resp_time":0.070222}
{"time":"August 24, 5:28 am","ts":1661299081,"status":200,"resp_time":0.211338}
{"time":"August 24, 8:03 am","ts":1661308387,"status":200,"resp_time":0.139129}
{"time":"August 24, 9:48 am","ts":1661314720,"status":200,"resp_time":0.093626}
{"time":"August 24, 10:58 am","ts":1661318907,"status":200,"resp_time":0.124432}
{"time":"August 24, 11:27 am","ts":1661320642,"status":200,"resp_time":0.154819}
