{"time":"November 17, 9:17 am","ts":1668656842,"status":200,"resp_time":0.224857}
{"time":"November 17, 9:30 am","ts":1668657643,"status":200,"resp_time":0.148702}
{"time":"November 17, 10:03 am","ts":1668659629,"status":200,"resp_time":0.102684}
{"time":"November 17, 10:21 am","ts":1668660665,"status":200,"resp_time":0.23894}
{"time":"November 17, 10:46 am","ts":1668662172,"status":200,"resp_time":0.088107}
{"time":"November 17, 11:01 am","ts":1668663108,"status":200,"resp_time":0.098381}
{"time":"November 17, 11:15 am","ts":1668663929,"status":200,"resp_time":0.186602}
{"time":"November 17, 11:25 am","ts":1668664552,"status":200,"resp_time":0.207983}
{"time":"November 17, 11:52 am","ts":1668666178,"status":200,"resp_time":0.196553}
{"time":"November 17, 12:15 pm","ts":1668667510,"status":200,"resp_time":0.108014}
{"time":"November 17, 12:25 pm","ts":1668668133,"status":200,"resp_time":0.071599}
{"time":"November 17, 12:45 pm","ts":1668669349,"status":200,"resp_time":0.211484}
{"time":"November 17, 12:59 pm","ts":1668670166,"status":200,"resp_time":0.308746}
{"time":"November 17, 1:09 pm","ts":1668670782,"status":200,"resp_time":0.112532}
{"time":"November 17, 1:20 pm","ts":1668671402,"status":200,"resp_time":0.057499}
{"time":"November 17, 1:37 pm","ts":1668672452,"status":200,"resp_time":0.131754}
{"time":"November 17, 2:07 pm","ts":1668674228,"status":200,"resp_time":0.330429}
{"time":"November 17, 2:22 pm","ts":1668675144,"status":200,"resp_time":0.216468}
{"time":"November 17, 2:46 pm","ts":1668676583,"status":200,"resp_time":0.249242}
{"time":"November 17, 3:02 pm","ts":1668677528,"status":200,"resp_time":0.103023}
{"time":"November 17, 3:15 pm","ts":1668678333,"status":200,"resp_time":0.228621}
{"time":"November 17, 3:25 pm","ts":1668678957,"status":200,"resp_time":0.055842}
{"time":"November 17, 3:49 pm","ts":1668680396,"status":200,"resp_time":0.211268}
{"time":"November 17, 4:07 pm","ts":1668681457,"status":200,"resp_time":0.059492}
{"time":"November 17, 4:18 pm","ts":1668682129,"status":200,"resp_time":0.14114}
{"time":"November 17, 4:29 pm","ts":1668682754,"status":200,"resp_time":0.260459}
{"time":"November 17, 4:49 pm","ts":1668683973,"status":200,"resp_time":0.288324}
{"time":"November 17, 4:59 pm","ts":1668684587,"status":200,"resp_time":0.105187}
{"time":"November 17, 5:10 pm","ts":1668685200,"status":200,"resp_time":0.193737}
{"time":"November 17, 6:05 pm","ts":1668688541,"status":200,"resp_time":0.097865}
{"time":"November 17, 6:46 pm","ts":1668691019,"status":200,"resp_time":0.102156}
{"time":"November 17, 7:16 pm","ts":1668692809,"status":200,"resp_time":0.203126}
{"time":"November 17, 7:27 pm","ts":1668693427,"status":200,"resp_time":0.079808}
{"time":"November 17, 7:49 pm","ts":1668694775,"status":200,"resp_time":0.248658}
{"time":"November 17, 8:03 pm","ts":1668695621,"status":200,"resp_time":0.235966}
{"time":"November 17, 8:15 pm","ts":1668696339,"status":200,"resp_time":0.212694}
{"time":"November 17, 8:26 pm","ts":1668696963,"status":200,"resp_time":0.264775}
{"time":"November 17, 8:49 pm","ts":1668698389,"status":200,"resp_time":0.283218}
{"time":"November 17, 9:07 pm","ts":1668699442,"status":200,"resp_time":0.24601}
{"time":"November 17, 9:19 pm","ts":1668700142,"status":200,"resp_time":0.09604}
{"time":"November 17, 9:29 pm","ts":1668700759,"status":200,"resp_time":0.07146}
{"time":"November 17, 10:05 pm","ts":1668702908,"status":200,"resp_time":0.08466}
{"time":"November 17, 10:28 pm","ts":1668704303,"status":200,"resp_time":0.059603}
{"time":"November 17, 10:53 pm","ts":1668705796,"status":200,"resp_time":0.123428}
{"time":"November 17, 11:09 pm","ts":1668706776,"status":200,"resp_time":0.304059}
{"time":"November 17, 11:19 pm","ts":1668707392,"status":200,"resp_time":0.229633}
{"time":"November 17, 11:30 pm","ts":1668708009,"status":200,"resp_time":0.192523}
{"time":"November 17, 11:59 pm","ts":1668709783,"status":200,"resp_time":0.059262}
{"time":"November 18, 12:17 am","ts":1668710828,"status":200,"resp_time":0.109526}
{"time":"November 18, 12:27 am","ts":1668711469,"status":200,"resp_time":0.07295}
{"time":"November 18, 12:48 am","ts":1668712680,"status":200,"resp_time":0.065636}
{"time":"November 18, 12:58 am","ts":1668713301,"status":200,"resp_time":0.206112}
{"time":"November 18, 1:09 am","ts":1668713949,"status":200,"resp_time":0.077841}
{"time":"November 18, 1:19 am","ts":1668714575,"status":200,"resp_time":0.064713}
{"time":"November 18, 1:30 am","ts":1668715208,"status":200,"resp_time":0.082368}
{"time":"November 18, 1:55 am","ts":1668716737,"status":200,"resp_time":0.084755}
{"time":"November 18, 2:09 am","ts":1668717587,"status":200,"resp_time":0.110578}
{"time":"November 18, 2:20 am","ts":1668718205,"status":200,"resp_time":0.054699}
{"time":"November 18, 2:31 am","ts":1668718881,"status":200,"resp_time":0.076918}
{"time":"November 18, 2:54 am","ts":1668720284,"status":200,"resp_time":0.207483}
{"time":"November 18, 3:07 am","ts":1668721056,"status":200,"resp_time":0.073734}
{"time":"November 18, 3:17 am","ts":1668721677,"status":200,"resp_time":0.203442}
{"time":"November 18, 3:28 am","ts":1668722296,"status":200,"resp_time":0.297615}
{"time":"November 18, 3:53 am","ts":1668723838,"status":200,"resp_time":0.251817}
{"time":"November 18, 4:10 am","ts":1668724817,"status":200,"resp_time":0.081571}
{"time":"November 18, 4:25 am","ts":1668725728,"status":200,"resp_time":0.094585}
{"time":"November 18, 4:48 am","ts":1668727117,"status":200,"resp_time":0.111449}
{"time":"November 18, 5:05 am","ts":1668728138,"status":200,"resp_time":0.198608}
{"time":"November 18, 5:17 am","ts":1668728820,"status":200,"resp_time":0.320549}
{"time":"November 18, 5:27 am","ts":1668729438,"status":200,"resp_time":0.100548}
{"time":"November 18, 7:32 am","ts":1668736955,"status":200,"resp_time":0.243458}
{"time":"November 18, 8:49 am","ts":1668741545,"status":200,"resp_time":0.086398}
{"time":"November 18, 9:22 am","ts":1668743532,"status":200,"resp_time":0.217011}
{"time":"November 18, 9:51 am","ts":1668745282,"status":200,"resp_time":0.084625}
{"time":"November 18, 10:15 am","ts":1668746755,"status":200,"resp_time":0.110435}
{"time":"November 18, 10:26 am","ts":1668747372,"status":200,"resp_time":0.213848}
{"time":"November 18, 10:47 am","ts":1668748677,"status":200,"resp_time":0.371179}
{"time":"November 18, 11:02 am","ts":1668749552,"status":200,"resp_time":0.174355}
{"time":"November 18, 11:15 am","ts":1668750332,"status":200,"resp_time":0.270674}
{"time":"November 18, 11:25 am","ts":1668750947,"status":200,"resp_time":0.090973}
{"time":"November 18, 11:53 am","ts":1668752622,"status":200,"resp_time":0.272689}
{"time":"November 18, 12:15 pm","ts":1668753945,"status":200,"resp_time":0.318178}
{"time":"November 18, 12:25 pm","ts":1668754558,"status":200,"resp_time":0.067634}
{"time":"November 18, 12:47 pm","ts":1668755836,"status":200,"resp_time":0.235116}
{"time":"November 18, 1:00 pm","ts":1668756611,"status":200,"resp_time":0.115212}
{"time":"November 18, 1:15 pm","ts":1668757529,"status":200,"resp_time":0.243932}
{"time":"November 18, 1:25 pm","ts":1668758150,"status":200,"resp_time":0.207925}
{"time":"November 18, 1:53 pm","ts":1668759781,"status":200,"resp_time":0.209102}
{"time":"November 18, 2:13 pm","ts":1668760997,"status":200,"resp_time":0.317517}
{"time":"November 18, 2:25 pm","ts":1668761739,"status":200,"resp_time":0.089046}
{"time":"November 18, 2:47 pm","ts":1668763065,"status":200,"resp_time":0.080213}
{"time":"November 18, 3:03 pm","ts":1668763995,"status":200,"resp_time":0.203316}
{"time":"November 18, 3:15 pm","ts":1668764741,"status":200,"resp_time":0.184439}
{"time":"November 18, 3:25 pm","ts":1668765359,"status":200,"resp_time":0.188889}
{"time":"November 18, 3:50 pm","ts":1668766829,"status":200,"resp_time":0.059334}
{"time":"November 18, 4:11 pm","ts":1668768099,"status":200,"resp_time":0.050375}
{"time":"November 18, 4:25 pm","ts":1668768931,"status":200,