{"time":"August 8, 3:15 am","ts":1659908727,"status":200,"resp_time":0.251971}
{"time":"August 8, 3:25 am","ts":1659909347,"status":200,"resp_time":0.215234}
{"time":"August 8, 3:47 am","ts":1659910656,"status":200,"resp_time":0.244727}
{"time":"August 8, 4:04 am","ts":1659911647,"status":200,"resp_time":0.221048}
{"time":"August 8, 4:15 am","ts":1659912334,"status":200,"resp_time":0.224025}
{"time":"August 8, 4:25 am","ts":1659912955,"status":200,"resp_time":0.132358}
{"time":"August 8, 4:47 am","ts":1659914269,"status":200,"resp_time":0.240336}
{"time":"August 8, 5:03 am","ts":1659915195,"status":200,"resp_time":0.172116}
{"time":"August 8, 5:15 am","ts":1659915942,"status":200,"resp_time":0.112537}
{"time":"August 8, 5:26 am","ts":1659916565,"status":200,"resp_time":0.106331}
{"time":"August 8, 7:21 am","ts":1659923478,"status":200,"resp_time":0.129304}
{"time":"August 8, 9:09 am","ts":1659929965,"status":200,"resp_time":0.053292}
{"time":"August 8, 9:50 am","ts":1659932407,"status":200,"resp_time":0.089119}
{"time":"August 8, 10:25 am","ts":1659934523,"status":200,"resp_time":0.213302}
{"time":"August 8, 10:51 am","ts":1659936081,"status":200,"resp_time":0.320842}
{"time":"August 8, 11:11 am","ts":1659937267,"status":200,"resp_time":0.175778}
{"time":"August 8, 11:25 am","ts":1659938133,"status":200,"resp_time":0.064937}
{"time":"August 8, 11:55 am","ts":1659939907,"status":200,"resp_time":0.09827}
{"time":"August 8, 12:20 pm","ts":1659941418,"status":200,"resp_time":0.118129}
{"time":"August 8, 12:45 pm","ts":1659942946,"status":200,"resp_time":0.31135}
{"time":"August 8, 1:01 pm","ts":1659943897,"status":200,"resp_time":0.091821}
{"time":"August 8, 1:15 pm","ts":1659944736,"status":200,"resp_time":0.115514}
{"time":"August 8, 1:25 pm","ts":1659945354,"status":200,"resp_time":0.128055}
{"time":"August 8, 1:57 pm","ts":1659947224,"status":200,"resp_time":0.249629}
{"time":"August 8, 2:18 pm","ts":1659948523,"status":200,"resp_time":0.22189}
{"time":"August 8, 2:29 pm","ts":1659949140,"status":200,"resp_time":0.185031}
{"time":"August 8, 2:54 pm","ts":1659950684,"status":200,"resp_time":0.05644}
{"time":"August 8, 3:11 pm","ts":1659951677,"status":200,"resp_time":0.339145}
{"time":"August 8, 3:25 pm","ts":1659952535,"status":200,"resp_time":0.155645}
{"time":"August 8, 3:51 pm","ts":1659954066,"status":200,"resp_time":0.092925}
{"time":"August 8, 4:12 pm","ts":1659955362,"status":200,"resp_time":0.120629}
{"time":"August 8, 4:25 pm","ts":1659956128,"status":200,"resp_time":0.281367}
{"time":"August 8, 4:44 pm","ts":1659957284,"status":200,"resp_time":0.311582}
{"time":"August 8, 4:59 pm","ts":1659958193,"status":200,"resp_time":0.252521}
{"time":"August 8, 5:10 pm","ts":1659958844,"status":200,"resp_time":0.240773}
{"time":"August 8, 5:25 pm","ts":1659959736,"status":200,"resp_time":0.065253}
{"time":"August 8, 6:06 pm","ts":1659962213,"status":200,"resp_time":0.316613}
{"time":"August 8, 6:56 pm","ts":1659965183,"status":200,"resp_time":0.234992}
{"time":"August 8, 7:28 pm","ts":1659967101,"status":200,"resp_time":0.281023}
{"time":"August 8, 7:54 pm","ts":1659968696,"status":200,"resp_time":0.234364}
{"time":"August 8, 8:09 pm","ts":1659969557,"status":200,"resp_time":0.321402}
{"time":"August 8, 8:19 pm","ts":1659970189,"status":200,"resp_time":0.202193}
{"time":"August 8, 8:30 pm","ts":1659970816,"status":200,"resp_time":0.210292}
{"time":"August 8, 9:03 pm","ts":1659972782,"status":200,"resp_time":0.223066}
{"time":"August 8, 9:21 pm","ts":1659973902,"status":200,"resp_time":0.107964}
{"time":"August 8, 9:55 pm","ts":1659975922,"status":200,"resp_time":0.215381}
{"time":"August 8, 10:27 pm","ts":1659977872,"status":200,"resp_time":0.086329}
{"time":"August 8, 10:57 pm","ts":1659979640,"status":200,"resp_time":0.112078}
{"time":"August 8, 11:14 pm","ts":1659980687,"status":200,"resp_time":0.206921}
{"time":"August 8, 11:25 pm","ts":1659981333,"status":200,"resp_time":0.196568}
{"time":"August 8, 11:52 pm","ts":1659982974,"status":200,"resp_time":0.197706}
{"time":"August 9, 12:16 am","ts":1659984410,"status":200,"resp_time":0.091801}
{"time":"August 9, 12:27 am","ts":1659985039,"status":200,"resp_time":0.059464}
{"time":"August 9, 12:48 am","ts":1659986301,"status":200,"resp_time":0.161853}
{"time":"August 9, 12:59 am","ts":1659986981,"status":200,"resp_time":0.206884}
{"time":"August 9, 1:11 am","ts":1659987712,"status":200,"resp_time":0.108917}
{"time":"August 9, 1:25 am","ts":1659988546,"status":200,"resp_time":0.122503}
{"time":"August 9, 1:50 am","ts":1659990011,"status":200,"resp_time":0.082406}
{"time":"August 9, 2:11 am","ts":1659991266,"status":200,"resp_time":0.21804}
{"time":"August 9, 2:25 am","ts":1659992157,"status":200,"resp_time":0.293226}
{"time":"August 9, 2:46 am","ts":1659993408,"status":200,"resp_time":0.099793}
{"time":"August 9, 3:01 am","ts":1659994294,"status":200,"resp_time":0.11821}
{"time":"August 9, 3:15 am","ts":1659995129,"status":200,"resp_time":0.272562}
{"time":"August 9, 3:25 am","ts":1659995747,"status":200,"resp_time":0.129541}
{"time":"August 9, 3:50 am","ts":1659997239,"status":200,"resp_time":0.338787}
{"time":"August 9, 4:11 am","ts":1659998485,"status":200,"resp_time":0.195475}
{"time":"August 9, 4:25 am","ts":1659999337,"status":200,"resp_time":0.209952}
{"time":"August 9, 4:49 am","ts":1660000774,"status":200,"resp_time":0.182215}
{"time":"August 9, 5:06 am","ts":1660001804,"status":200,"resp_time":0.21643}
{"time":"August 9, 5:18 am","ts":1660002515,"status":200,"resp_time":0.091132}
{"time":"August 9, 5:29 am","ts":1660003141,"status":200,"resp_time":0.221857}
{"time":"August 9, 7:58 am","ts":1660012081,"status":200,"resp_time":0.221381}
{"time":"August 9, 9:22 am","ts":1660017121,"status":200,"resp_time":0.276924}
{"time":"August 9, 10:10 am","ts":1660020031,"status":200,"resp_time":0.059771}
{"time":"August 9, 10:44 am","ts":1660022043,"status":200,"resp_time":0.10703}
{"time":"August 9, 11:08 am","ts":1660023497,"status":200,"resp_time":0.220853}
{"time":"August 9, 11:19 am","ts":1660024159,"status":200,"resp_time":0.225215}
{"time":"August 9, 11:29 am","ts":1660024778,"status":200,"resp_time":0.256141}
{"time":"August 9, 12:02 pm","ts":1660026748,"status":200,"resp_time":0.077748}
{"time":"August 9, 12:24 pm","ts":1660028050,"status":200,"resp_time":0.097518}
{"time":"August 9, 12:45 pm","ts":1660029345,"status":200,"resp_time":0.202694}
{"time":"August 9, 1:01 pm","ts":1660030289,"status":200,"resp_time":0.197638}
{"time":"August 9, 1:15 pm","ts":1660031129,"status":200,"resp_time":1.842034}
{"time":"August 9, 1:25 pm","ts":1660031756,"status":200,"resp_time":0.10419}
{"time":"August 9, 1:53 pm","ts":1660033427,"status":200,"resp_time":0.245999}
{"time":"August 9, 2:14 pm","ts":1660034663,"status":200,"resp_time":0.106395}
{"time":"August 9, 2:25 pm","ts":1660035351,"status":200,"resp_time":0.071471}
{"time":"August 9, 2:48 pm","ts":1660036736,"status":200,"resp_time":0.238236}
{"time":"August 9, 3:06 pm","ts":1660037817,"status":200,"resp_time":0.219972}
{"time":"August 9, 3:18 pm","ts":1660038535,"status":200,"resp_time":0.342318}
{"time":"August 9, 3:29 pm","ts":1660039142,"status":200,"resp_time":0.057604}
{"time":"August 9, 3:58 pm","ts":1660040935,"status":200,"resp_time":0.060634}
{"time":"August 9, 4:15 pm","ts":1660041941,"status":200,"resp_time":0.125905}
{"time":"August 9, 4:25 pm","ts":1660042558,"status":200,"resp_time":0.12854}
{"time":"August 9, 4:45 pm","ts":1660043756,"status":200,"resp_time":0.301559}
{"time":"August 9, 5:00 pm","ts":1660044608,"status":200,"resp_time":0.077418}
{"time":"August 9, 5:10 pm","ts":1660045252,"status":200,"resp_time":0.274044}
