{"time":"September 17, 2:19 pm","ts":1663404547,"status":200,"resp_time":0.115754}
{"time":"September 17, 2:31 pm","ts":1663405277,"status":200,"resp_time":0.167598}
{"time":"September 17, 3:00 pm","ts":1663407022,"status":200,"resp_time":0.280715}
{"time":"September 17, 3:19 pm","ts":1663408161,"status":200,"resp_time":0.243124}
{"time":"September 17, 3:29 pm","ts":1663408779,"status":200,"resp_time":0.089915}
{"time":"September 17, 3:59 pm","ts":1663410542,"status":200,"resp_time":0.103944}
{"time":"September 17, 4:17 pm","ts":1663411633,"status":200,"resp_time":0.152723}
{"time":"September 17, 4:27 pm","ts":1663412259,"status":200,"resp_time":0.230463}
{"time":"September 17, 4:51 pm","ts":1663413679,"status":200,"resp_time":0.281148}
{"time":"September 17, 5:09 pm","ts":1663414752,"status":200,"resp_time":0.101201}
{"time":"September 17, 5:19 pm","ts":1663415379,"status":200,"resp_time":0.050404}
{"time":"September 17, 5:30 pm","ts":1663416008,"status":200,"resp_time":0.083603}
{"time":"September 17, 6:19 pm","ts":1663418942,"status":200,"resp_time":0.304548}
{"time":"September 17, 6:52 pm","ts":1663420970,"status":200,"resp_time":0.255132}
{"time":"September 17, 7:20 pm","ts":1663422635,"status":200,"resp_time":0.106458}
{"time":"September 17, 7:46 pm","ts":1663424198,"status":200,"resp_time":0.27828}
{"time":"September 17, 8:04 pm","ts":1663425251,"status":200,"resp_time":0.201242}
{"time":"September 17, 8:17 pm","ts":1663426065,"status":200,"resp_time":0.066086}
{"time":"September 17, 8:28 pm","ts":1663426685,"status":200,"resp_time":0.07072}
{"time":"September 17, 8:57 pm","ts":1663428426,"status":200,"resp_time":1.153048}
{"time":"September 17, 9:16 pm","ts":1663429618,"status":200,"resp_time":0.218922}
{"time":"September 17, 9:27 pm","ts":1663430250,"status":200,"resp_time":0.123899}
{"time":"September 17, 10:04 pm","ts":1663432490,"status":200,"resp_time":0.255846}
{"time":"September 17, 10:33 pm","ts":1663434192,"status":0,"resp_time":6.999866}
{"time":"September 17, 11:03 pm","ts":1663435996,"status":200,"resp_time":0.199937}
{"time":"September 17, 11:20 pm","ts":1663437025,"status":200,"resp_time":0.079007}
{"time":"September 17, 11:52 pm","ts":1663438974,"status":200,"resp_time":0.216836}
{"time":"September 18, 12:19 am","ts":1663440558,"status":200,"resp_time":0.244277}
{"time":"September 18, 12:30 am","ts":1663441215,"status":200,"resp_time":0.108384}
{"time":"September 18, 12:54 am","ts":1663442671,"status":200,"resp_time":0.190851}
{"time":"September 18, 1:07 am","ts":1663443454,"status":200,"resp_time":0.224228}
{"time":"September 18, 1:18 am","ts":1663444081,"status":200,"resp_time":0.274411}
{"time":"September 18, 1:28 am","ts":1663444702,"status":200,"resp_time":0.296709}
{"time":"September 18, 1:57 am","ts":1663446441,"status":200,"resp_time":0.128341}
{"time":"September 18, 2:15 am","ts":1663447525,"status":200,"resp_time":0.182805}
{"time":"September 18, 2:25 am","ts":1663448151,"status":200,"resp_time":0.17413}
{"time":"September 18, 2:48 am","ts":1663449484,"status":200,"resp_time":0.238549}
{"time":"September 18, 3:06 am","ts":1663450564,"status":200,"resp_time":0.066956}
{"time":"September 18, 3:19 am","ts":1663451347,"status":200,"resp_time":0.216971}
{"time":"September 18, 3:29 am","ts":1663451965,"status":200,"resp_time":0.181435}
{"time":"September 18, 3:56 am","ts":1663453584,"status":200,"resp_time":0.054372}
{"time":"September 18, 4:14 am","ts":1663454653,"status":200,"resp_time":0.197059}
{"time":"September 18, 4:25 am","ts":1663455331,"status":200,"resp_time":0.280907}
{"time":"September 18, 4:49 am","ts":1663456769,"status":200,"resp_time":0.08503}
{"time":"September 18, 5:09 am","ts":1663457953,"status":200,"resp_time":0.064226}
{"time":"September 18, 5:25 am","ts":1663458930,"status":200,"resp_time":0.122624}
{"time":"September 18, 7:53 am","ts":1663467815,"status":200,"resp_time":0.122202}
{"time":"September 18, 9:50 am","ts":1663474839,"status":200,"resp_time":0.200975}
{"time":"September 18, 10:59 am","ts":1663478953,"status":200,"resp_time":0.191926}
{"time":"September 18, 11:27 am","ts":1663480638,"status":200,"resp_time":0.046725}
{"time":"September 18, 12:01 pm","ts":1663482661,"status":200,"resp_time":0.185983}
{"time":"September 18, 12:26 pm","ts":1663484216,"status":200,"resp_time":0.218068}
{"time":"September 18, 12:51 pm","ts":1663485716,"status":200,"resp_time":0.085999}
{"time":"September 18, 1:10 pm","ts":1663486825,"status":200,"resp_time":0.196888}
{"time":"September 18, 1:25 pm","ts":1663487736,"status":200,"resp_time":0.241783}
{"time":"September 18, 1:53 pm","ts":1663489403,"status":200,"resp_time":0.251444}
{"time":"September 18, 2:17 pm","ts":1663490870,"status":200,"resp_time":0.228793}
{"time":"September 18, 2:29 pm","ts":1663491586,"status":200,"resp_time":0.195972}
{"time":"September 18, 2:56 pm","ts":1663493200,"status":200,"resp_time":0.310464}
{"time":"September 18, 3:14 pm","ts":1663494289,"status":200,"resp_time":0.190446}
{"time":"September 18, 3:25 pm","ts":1663494929,"status":200,"resp_time":0.24302}
{"time":"September 18, 3:50 pm","ts":1663496452,"status":200,"resp_time":0.330715}
{"time":"September 18, 4:14 pm","ts":1663497862,"status":200,"resp_time":0.213073}
{"time":"September 18, 4:25 pm","ts":1663498555,"status":200,"resp_time":0.220139}
{"time":"September 18, 4:47 pm","ts":1663499834,"status":200,"resp_time":0.083787}
{"time":"September 18, 5:02 pm","ts":1663500779,"status":200,"resp_time":0.099225}
{"time":"September 18, 5:15 pm","ts":1663501550,"status":200,"resp_time":0.321148}
{"time":"September 18, 5:26 pm","ts":1663502189,"status":200,"resp_time":0.241912}
{"time":"September 18, 6:10 pm","ts":1663504805,"status":200,"resp_time":0.221856}
{"time":"September 18, 6:51 pm","ts":1663507271,"status":200,"resp_time":0.235533}
{"time":"September 18, 7:22 pm","ts":1663509145,"status":200,"resp_time":0.175194}
{"time":"September 18, 7:46 pm","ts":1663510560,"status":200,"resp_time":0.117513}
{"time":"September 18, 8:03 pm","ts":1663511614,"status":200,"resp_time":0.187964}
{"time":"September 18, 8:17 pm","ts":1663512451,"status":200,"resp_time":0.296153}
{"time":"September 18, 8:27 pm","ts":1663513071,"status":200,"resp_time":0.182399}
{"time":"September 18, 8:57 pm","ts":1663514820,"status":200,"resp_time":0.301434}
{"time":"September 18, 9:17 pm","ts":1663516051,"status":200,"resp_time":0.244557}
{"time":"September 18, 9:28 pm","ts":1663516682,"status":200,"resp_time":0.197907}
{"time":"September 18, 10:06 pm","ts":1663518974,"status":200,"resp_time":0.124853}
{"time":"September 18, 10:33 pm","ts":1663520611,"status":200,"resp_time":0.21506}
{"time":"September 18, 11:03 pm","ts":1663522401,"status":200,"resp_time":0.15381}
{"time":"September 18, 11:20 pm","ts":1663523452,"status":200,"resp_time":0.228375}
{"time":"September 18, 11:52 pm","ts":1663525378,"status":200,"resp_time":0.061925}
{"time":"September 19, 12:19 am","ts":1663526962,"status":200,"resp_time":0.231326}
{"time":"September 19, 12:30 am","ts":1663527624,"status":200,"resp_time":0.061533}
{"time":"September 19, 12:54 am","ts":1663529093,"status":200,"resp_time":0.079236}
{"time":"September 19, 1:07 am","ts":1663529861,"status":200,"resp_time":0.171081}
{"time":"September 19, 1:18 am","ts":1663530483,"status":200,"resp_time":0.052953}
{"time":"September 19, 1:28 am","ts":1663531101,"status":200,"resp_time":0.08168}
{"time":"September 19, 1:57 am","ts":1663532849,"status":200,"resp_time":0.12032}
{"time":"September 19, 2:15 am","ts":1663533936,"status":200,"resp_time":0.205618}
{"time":"September 19, 2:25 am","ts":1663534555,"status":200,"resp_time":0.083111}
{"time":"September 19, 2:48 am","ts":1663535896,"status":200,"resp_time":0.238367}
{"time":"September 19, 3:06 am","ts":1663536976,"status":200,"resp_time":0.205218}
{"time":"September 19, 3:19 am","ts":1663537761,"status":200,"resp_time":0.232504}
{"time":"September 19, 3:29 am","ts":1663538381,"status":200,