{"time":"November 4, 9:25 pm","ts":1667577350,"status":200,"resp_time":0.20264}
{"time":"November 4, 9:57 pm","ts":1667579245,"status":200,"resp_time":0.250256}
{"time":"November 4, 10:28 pm","ts":1667581134,"status":200,"resp_time":0.06164}
{"time":"November 4, 10:56 pm","ts":1667582770,"status":200,"resp_time":0.086685}
{"time":"November 4, 11:13 pm","ts":1667583780,"status":200,"resp_time":0.058226}
{"time":"November 4, 11:25 pm","ts":1667584542,"status":200,"resp_time":0.144531}
{"time":"November 4, 11:53 pm","ts":1667586213,"status":200,"resp_time":0.115086}
{"time":"November 5, 12:16 am","ts":1667587598,"status":200,"resp_time":0.243847}
{"time":"November 5, 12:27 am","ts":1667588229,"status":200,"resp_time":0.09102}
{"time":"November 5, 12:48 am","ts":1667589491,"status":200,"resp_time":0.108624}
{"time":"November 5, 1:09 am","ts":1667590782,"status":200,"resp_time":0.070641}
{"time":"November 5, 1:20 am","ts":1667591406,"status":200,"resp_time":0.114449}
{"time":"November 5, 1:32 am","ts":1667592140,"status":200,"resp_time":0.11743}
{"time":"November 5, 2:01 am","ts":1667593907,"status":200,"resp_time":0.14261}
{"time":"November 5, 2:16 am","ts":1667594815,"status":200,"resp_time":0.058891}
{"time":"November 5, 2:27 am","ts":1667595445,"status":200,"resp_time":0.329789}
{"time":"November 5, 2:50 am","ts":1667596817,"status":200,"resp_time":0.331789}
{"time":"November 5, 3:08 am","ts":1667597922,"status":200,"resp_time":0.09497}
{"time":"November 5, 3:18 am","ts":1667598539,"status":200,"resp_time":0.16926}
{"time":"November 5, 3:29 am","ts":1667599157,"status":200,"resp_time":0.148268}
{"time":"November 5, 3:54 am","ts":1667600688,"status":200,"resp_time":0.235322}
{"time":"November 5, 4:10 am","ts":1667601646,"status":200,"resp_time":0.167784}
{"time":"November 5, 4:25 am","ts":1667602530,"status":200,"resp_time":0.210345}
{"time":"November 5, 4:51 am","ts":1667604087,"status":200,"resp_time":0.066313}
{"time":"November 5, 5:12 am","ts":1667605343,"status":200,"resp_time":0.100813}
{"time":"November 5, 5:25 am","ts":1667606133,"status":200,"resp_time":0.146811}
{"time":"November 5, 7:16 am","ts":1667612774,"status":200,"resp_time":0.225133}
{"time":"November 5, 8:43 am","ts":1667618029,"status":200,"resp_time":0.234929}
{"time":"November 5, 9:28 am","ts":1667620719,"status":200,"resp_time":0.193009}
{"time":"November 5, 10:04 am","ts":1667622866,"status":200,"resp_time":0.065611}
{"time":"November 5, 10:25 am","ts":1667624108,"status":200,"resp_time":0.191818}
{"time":"November 5, 10:45 am","ts":1667625327,"status":200,"resp_time":0.101098}
{"time":"November 5, 11:01 am","ts":1667626283,"status":200,"resp_time":0.191655}
{"time":"November 5, 11:25 am","ts":1667627750,"status":200,"resp_time":0.113495}
{"time":"November 5, 11:53 am","ts":1667629426,"status":200,"resp_time":0.121528}
{"time":"November 5, 12:16 pm","ts":1667630762,"status":200,"resp_time":0.139425}
{"time":"November 5, 12:26 pm","ts":1667631381,"status":200,"resp_time":0.110202}
{"time":"November 5, 12:48 pm","ts":1667632690,"status":200,"resp_time":0.092438}
{"time":"November 5, 1:01 pm","ts":1667633490,"status":200,"resp_time":0.05882}
{"time":"November 5, 1:15 pm","ts":1667634333,"status":200,"resp_time":0.055031}
{"time":"November 5, 1:25 pm","ts":1667634956,"status":200,"resp_time":0.193788}
{"time":"November 5, 1:53 pm","ts":1667636620,"status":200,"resp_time":0.078826}
{"time":"November 5, 2:25 pm","ts":1667638527,"status":200,"resp_time":0.136398}
{"time":"November 5, 2:47 pm","ts":1667639861,"status":200,"resp_time":0.215807}
{"time":"November 5, 3:03 pm","ts":1667640825,"status":200,"resp_time":0.082709}
{"time":"November 5, 3:15 pm","ts":1667641546,"status":200,"resp_time":0.157604}
{"time":"November 5, 3:26 pm","ts":1667642178,"status":200,"resp_time":0.076432}
{"time":"November 5, 3:52 pm","ts":1667643722,"status":200,"resp_time":0.094909}
{"time":"November 5, 4:25 pm","ts":1667645727,"status":200,"resp_time":0.154081}
{"time":"November 5, 4:44 pm","ts":1667646844,"status":200,"resp_time":0.050972}
{"time":"November 5, 4:58 pm","ts":1667647701,"status":200,"resp_time":0.217665}
{"time":"November 5, 5:09 pm","ts":1667648351,"status":200,"resp_time":0.183001}
{"time":"November 5, 5:29 pm","ts":1667649584,"status":200,"resp_time":0.224581}
{"time":"November 5, 6:14 pm","ts":1667652242,"status":200,"resp_time":0.317193}
{"time":"November 5, 6:45 pm","ts":1667654132,"status":200,"resp_time":0.075728}
{"time":"November 5, 7:10 pm","ts":1667655604,"status":200,"resp_time":0.223991}
{"time":"November 5, 7:20 pm","ts":1667656229,"status":200,"resp_time":0.114787}
{"time":"November 5, 7:44 pm","ts":1667657670,"status":200,"resp_time":0.317182}
{"time":"November 5, 8:00 pm","ts":1667658627,"status":200,"resp_time":0.195043}
{"time":"November 5, 8:15 pm","ts":1667659528,"status":200,"resp_time":0.066477}
{"time":"November 5, 8:25 pm","ts":1667660147,"status":200,"resp_time":0.180328}
{"time":"November 5, 8:48 pm","ts":1667661500,"status":200,"resp_time":0.201976}
{"time":"November 5, 9:05 pm","ts":1667662540,"status":200,"resp_time":0.112209}
{"time":"November 5, 9:17 pm","ts":1667663235,"status":200,"resp_time":0.202983}
{"time":"November 5, 9:27 pm","ts":1667663856,"status":200,"resp_time":0.058925}
{"time":"November 5, 10:00 pm","ts":1667665852,"status":200,"resp_time":0.206914}
{"time":"November 5, 10:26 pm","ts":1667667368,"status":200,"resp_time":0.264276}
{"time":"November 5, 10:47 pm","ts":1667668655,"status":200,"resp_time":0.31907}
{"time":"November 5, 11:03 pm","ts":1667669604,"status":200,"resp_time":0.099273}
{"time":"November 5, 11:15 pm","ts":1667670333,"status":200,"resp_time":0.135575}
{"time":"November 5, 11:25 pm","ts":1667670957,"status":200,"resp_time":0.086186}
{"time":"November 5, 11:52 pm","ts":1667672569,"status":200,"resp_time":0.312983}
{"time":"November 6, 12:13 am","ts":1667673831,"status":200,"resp_time":0.069565}
{"time":"November 6, 12:25 am","ts":1667674527,"status":200,"resp_time":0.195781}
{"time":"November 6, 12:44 am","ts":1667675666,"status":200,"resp_time":0.213569}
{"time":"November 6, 12:57 am","ts":1667676422,"status":200,"resp_time":0.312791}
{"time":"November 6, 1:08 am","ts":1667677096,"status":200,"resp_time":0.149953}
{"time":"November 6, 1:18 am","ts":1667677718,"status":200,"resp_time":0.40901}
{"time":"November 6, 1:29 am","ts":1667678348,"status":200,"resp_time":0.216682}
{"time":"November 6, 1:57 am","ts":1667680077,"status":200,"resp_time":0.066451}
{"time":"November 6, 2:13 am","ts":1667681022,"status":200,"resp_time":0.054525}
{"time":"November 6, 2:25 am","ts":1667681733,"status":200,"resp_time":0.08893}
{"time":"November 6, 2:45 am","ts":1667682931,"status":200,"resp_time":0.179593}
{"time":"November 6, 3:00 am","ts":1667683818,"status":200,"resp_time":0.215889}
{"time":"November 6, 3:15 am","ts":1667684728,"status":200,"resp_time":0.085079}
{"time":"November 6, 3:25 am","ts":1667685351,"status":200,"resp_time":0.221621}
{"time":"November 6, 3:47 am","ts":1667686664,"status":200,"resp_time":0.23617}
{"time":"November 6, 4:04 am","ts":1667687670,"status":200,"resp_time":0.199817}
{"time":"November 6, 4:15 am","ts":1667688356,"status":200,"resp_time":0.084506}
{"time":"November 6, 4:26 am","ts":1667688975,"status":200,"resp_time":0.083544}
{"time":"November 6, 4:51 am","ts":1667690466,"status":200,"resp_time":0.053593}
{"time":"November 6, 5:10 am","ts":1667691624,"status":200,"resp_time":0.093151}
{"time":"November 6, 5:25 am","ts":1667692528,"status":200,"resp_time":0.074738}
{"time":"November 6, 8:47 am","ts":1667704651,"status":200,"resp_time":0.120239}
{"time":"November 6, 9:29 am","ts":1667707174,"status":200,"resp_time":0.061723}
{"time":"November 6, 10:05 am","ts":1667709305,"status":200,"resp_time":0.215059}
{"time":"November 6, 10:25 am","ts":1667710508,"status":200,"resp_time":0.109221}
