{"time":"September 27, 6:23 pm","ts":1664283191,"status":200,"resp_time":0.152852}
{"time":"September 27, 7:25 pm","ts":1664286921,"status":200,"resp_time":0.098282}
{"time":"September 27, 8:02 pm","ts":1664289174,"status":200,"resp_time":0.22162}
{"time":"September 27, 8:27 pm","ts":1664290627,"status":200,"resp_time":0.194602}
{"time":"September 27, 8:59 pm","ts":1664292555,"status":200,"resp_time":0.066429}
{"time":"September 27, 9:24 pm","ts":1664294051,"status":200,"resp_time":0.970783}
{"time":"September 27, 10:02 pm","ts":1664296329,"status":200,"resp_time":0.19712}
{"time":"September 27, 10:48 pm","ts":1664299137,"status":200,"resp_time":0.215181}
{"time":"September 27, 11:23 pm","ts":1664301237,"status":200,"resp_time":0.22722}
{"time":"September 27, 11:59 pm","ts":1664303372,"status":200,"resp_time":0.07477}
{"time":"September 28, 12:31 am","ts":1664305291,"status":200,"resp_time":0.167805}
{"time":"September 28, 1:00 am","ts":1664307059,"status":200,"resp_time":0.303763}
{"time":"September 28, 1:19 am","ts":1664308145,"status":200,"resp_time":0.205679}
{"time":"September 28, 1:29 am","ts":1664308773,"status":200,"resp_time":0.17606}
{"time":"September 28, 2:01 am","ts":1664310667,"status":200,"resp_time":0.102536}
{"time":"September 28, 2:23 am","ts":1664312008,"status":200,"resp_time":0.19976}
{"time":"September 28, 2:47 am","ts":1664313465,"status":200,"resp_time":0.087095}
{"time":"September 28, 3:08 am","ts":1664314729,"status":200,"resp_time":0.219734}
{"time":"September 28, 3:23 am","ts":1664315594,"status":200,"resp_time":0.116575}
{"time":"September 28, 3:50 am","ts":1664317234,"status":200,"resp_time":0.126754}
{"time":"September 28, 4:17 am","ts":1664318851,"status":200,"resp_time":0.118171}
{"time":"September 28, 4:28 am","ts":1664319521,"status":200,"resp_time":0.312548}
{"time":"September 28, 5:04 am","ts":1664321659,"status":200,"resp_time":0.134092}
{"time":"September 28, 5:28 am","ts":1664323106,"status":200,"resp_time":0.091272}
{"time":"September 28, 8:14 am","ts":1664333045,"status":200,"resp_time":0.094407}
{"time":"September 28, 10:01 am","ts":1664339508,"status":200,"resp_time":0.234649}
{"time":"September 28, 11:27 am","ts":1664344657,"status":200,"resp_time":0.304845}
{"time":"September 28, 12:27 pm","ts":1664348261,"status":200,"resp_time":0.24281}
{"time":"September 28, 1:08 pm","ts":1664350699,"status":200,"resp_time":0.07798}
{"time":"September 28, 1:28 pm","ts":1664351924,"status":200,"resp_time":0.102239}
{"time":"September 28, 2:08 pm","ts":1664354323,"status":200,"resp_time":0.179596}
{"time":"September 28, 2:32 pm","ts":1664355777,"status":200,"resp_time":0.17687}
{"time":"September 28, 3:07 pm","ts":1664357838,"status":200,"resp_time":0.225596}
{"time":"September 28, 3:26 pm","ts":1664358995,"status":200,"resp_time":0.216327}
{"time":"September 28, 3:58 pm","ts":1664360890,"status":200,"resp_time":0.062703}
{"time":"September 28, 4:23 pm","ts":1664362385,"status":200,"resp_time":0.08949}
{"time":"September 28, 4:47 pm","ts":1664363857,"status":200,"resp_time":0.173397}
{"time":"September 28, 5:08 pm","ts":1664365105,"status":200,"resp_time":0.237653}
{"time":"September 28, 5:21 pm","ts":1664365895,"status":200,"resp_time":0.242367}
{"time":"September 28, 6:09 pm","ts":1664368757,"status":200,"resp_time":0.278007}
{"time":"September 28, 7:05 pm","ts":1664372145,"status":200,"resp_time":0.171524}
{"time":"September 28, 7:51 pm","ts":1664374871,"status":200,"resp_time":0.085461}
{"time":"September 28, 8:27 pm","ts":1664377023,"status":200,"resp_time":0.064901}
{"time":"September 28, 9:00 pm","ts":1664379054,"status":200,"resp_time":0.174212}
{"time":"September 28, 9:29 pm","ts":1664380773,"status":200,"resp_time":0.12657}
{"time":"September 28, 10:19 pm","ts":1664383742,"status":200,"resp_time":0.198928}
{"time":"September 28, 10:57 pm","ts":1664386033,"status":200,"resp_time":0.144598}
{"time":"September 28, 11:31 pm","ts":1664388083,"status":200,"resp_time":0.286748}
{"time":"September 29, 12:15 am","ts":1664390754,"status":200,"resp_time":0.196577}
{"time":"September 29, 12:39 am","ts":1664392183,"status":200,"resp_time":0.290354}
{"time":"September 29, 1:02 am","ts":1664393575,"status":200,"resp_time":0.282584}
{"time":"September 29, 1:18 am","ts":1664394505,"status":200,"resp_time":0.066379}
{"time":"September 29, 1:28 am","ts":1664395132,"status":200,"resp_time":0.1619}
{"time":"September 29, 2:00 am","ts":1664397041,"status":200,"resp_time":0.056522}
{"time":"September 29, 2:23 am","ts":1664398398,"status":200,"resp_time":0.077241}
{"time":"September 29, 2:48 am","ts":1664399910,"status":200,"resp_time":4.903485}
{"time":"September 29, 3:09 am","ts":1664401160,"status":200,"resp_time":0.228601}
{"time":"September 29, 3:23 am","ts":1664402010,"status":200,"resp_time":0.082239}
{"time":"September 29, 3:51 am","ts":1664403662,"status":200,"resp_time":0.093892}
{"time":"September 29, 4:16 am","ts":1664405196,"status":200,"resp_time":0.092681}
{"time":"September 29, 4:27 am","ts":1664405877,"status":200,"resp_time":0.075664}
{"time":"September 29, 5:02 am","ts":1664407920,"status":200,"resp_time":0.187945}
{"time":"September 29, 5:28 am","ts":1664409500,"status":200,"resp_time":0.291296}
{"time":"September 29, 8:19 am","ts":1664419779,"status":200,"resp_time":0.242645}
{"time":"September 29, 10:11 am","ts":1664426472,"status":200,"resp_time":0.232563}
{"time":"September 29, 11:30 am","ts":1664431226,"status":200,"resp_time":0.183484}
{"time":"September 29, 12:33 pm","ts":1664435032,"status":200,"resp_time":0.128596}
{"time":"September 29, 1:16 pm","ts":1664437588,"status":200,"resp_time":0.292957}
{"time":"September 29, 1:31 pm","ts":1664438497,"status":200,"resp_time":0.290019}
{"time":"September 29, 2:15 pm","ts":1664441144,"status":200,"resp_time":0.247018}
{"time":"September 29, 2:41 pm","ts":1664442669,"status":200,"resp_time":0.156485}
{"time":"September 29, 3:15 pm","ts":1664444715,"status":200,"resp_time":0.304568}
{"time":"September 29, 3:29 pm","ts":1664445596,"status":200,"resp_time":0.312059}
{"time":"September 29, 4:02 pm","ts":1664447558,"status":200,"resp_time":0.284509}
{"time":"September 29, 4:24 pm","ts":1664448860,"status":200,"resp_time":0.236325}
{"time":"September 29, 4:47 pm","ts":1664450226,"status":200,"resp_time":0.220959}
{"time":"September 29, 5:08 pm","ts":1664451485,"status":200,"resp_time":0.166953}
{"time":"September 29, 5:21 pm","ts":1664452261,"status":200,"resp_time":0.196984}
{"time":"September 29, 6:09 pm","ts":1664455177,"status":200,"resp_time":0.087315}
{"time":"September 29, 7:06 pm","ts":1664458596,"status":200,"resp_time":0.154371}
{"time":"September 29, 7:46 pm","ts":1664460986,"status":200,"resp_time":0.186949}
{"time":"September 29, 8:15 pm","ts":1664462729,"status":200,"resp_time":0.111565}
{"time":"September 29, 8:29 pm","ts":1664463588,"status":200,"resp_time":0.198975}
{"time":"September 29, 9:03 pm","ts":1664465599,"status":200,"resp_time":0.173196}
{"time":"September 29, 9:27 pm","ts":1664467056,"status":200,"resp_time":0.194907}
{"time":"September 29, 10:11 pm","ts":1664469693,"status":200,"resp_time":0.076734}
{"time":"September 29, 10:54 pm","ts":1664472273,"status":200,"resp_time":0.10966}
{"time":"September 29, 11:27 pm","ts":1664474247,"status":200,"resp_time":0.170613}
{"time":"September 30, 12:05 am","ts":1664476510,"status":200,"resp_time":0.299331}
{"time":"September 30, 12:30 am","ts":1664478019,"status":200,"resp_time":0.225237}
{"time":"September 30, 1:00 am","ts":1664479817,"status":200,"resp_time":0.233296}
{"time":"September 30, 1:18 am","ts":1664480902,"status":200,"resp_time":0.104559}
{"time":"September 30, 1:28 am","ts":1664481521,"status":200,"resp_time":0.246567}
{"time":"September 30, 2:01 am","ts":1664483510,"status":200,"resp_time":0.12245}
{"time":"September 30, 2:24 am","ts":1664484849,"status":200,"resp_time":0.231885}
{"time":"September 30, 2:49 am","ts":1664486346,"status":200,