{"time":"August 23, 5:05 am","ts":1661211349,"status":200,"resp_time":1.664925}
{"time":"August 23, 5:17 am","ts":1661212054,"status":200,"resp_time":0.078756}
{"time":"August 23, 5:28 am","ts":1661212681,"status":200,"resp_time":0.169966}
{"time":"August 23, 8:06 am","ts":1661222171,"status":200,"resp_time":0.330731}
{"time":"August 23, 9:59 am","ts":1661228997,"status":200,"resp_time":0.283983}
{"time":"August 23, 11:12 am","ts":1661233346,"status":200,"resp_time":0.205187}
{"time":"August 23, 11:48 am","ts":1661235480,"status":200,"resp_time":0.258181}
{"time":"August 23, 12:22 pm","ts":1661237538,"status":200,"resp_time":0.276223}
{"time":"August 23, 12:49 pm","ts":1661239196,"status":200,"resp_time":0.207386}
{"time":"August 23, 1:07 pm","ts":1661240277,"status":200,"resp_time":0.29341}
{"time":"August 23, 1:18 pm","ts":1661240915,"status":200,"resp_time":0.370034}
{"time":"August 23, 1:29 pm","ts":1661241546,"status":200,"resp_time":0.288647}
{"time":"August 23, 2:00 pm","ts":1661243435,"status":200,"resp_time":0.077206}
{"time":"August 23, 2:22 pm","ts":1661244728,"status":200,"resp_time":0.194798}
{"time":"August 23, 2:47 pm","ts":1661246227,"status":200,"resp_time":0.22939}
{"time":"August 23, 3:05 pm","ts":1661247320,"status":200,"resp_time":0.070687}
{"time":"August 23, 3:17 pm","ts":1661248049,"status":200,"resp_time":0.185739}
{"time":"August 23, 3:27 pm","ts":1661248670,"status":200,"resp_time":0.089853}
{"time":"August 23, 3:56 pm","ts":1661250413,"status":200,"resp_time":0.307242}
{"time":"August 23, 4:13 pm","ts":1661251436,"status":200,"resp_time":0.204557}
{"time":"August 23, 4:25 pm","ts":1661252126,"status":200,"resp_time":0.206625}
{"time":"August 23, 4:45 pm","ts":1661253322,"status":200,"resp_time":0.110469}
{"time":"August 23, 5:00 pm","ts":1661254232,"status":200,"resp_time":0.219209}
{"time":"August 23, 5:15 pm","ts":1661255132,"status":200,"resp_time":0.094203}
{"time":"August 23, 5:25 pm","ts":1661255749,"status":200,"resp_time":0.090417}
{"time":"August 23, 6:06 pm","ts":1661258201,"status":200,"resp_time":0.212123}
{"time":"August 23, 6:51 pm","ts":1661260873,"status":200,"resp_time":0.108064}
{"time":"August 23, 7:25 pm","ts":1661262903,"status":200,"resp_time":0.287069}
{"time":"August 23, 7:46 pm","ts":1661264174,"status":200,"resp_time":0.071652}
{"time":"August 23, 8:02 pm","ts":1661265144,"status":200,"resp_time":0.070578}
{"time":"August 23, 8:15 pm","ts":1661265947,"status":200,"resp_time":0.233806}
{"time":"August 23, 8:26 pm","ts":1661266563,"status":200,"resp_time":0.092793}
{"time":"August 23, 8:50 pm","ts":1661268011,"status":200,"resp_time":0.255839}
{"time":"August 23, 9:13 pm","ts":1661269383,"status":200,"resp_time":0.110458}
{"time":"August 23, 9:26 pm","ts":1661270162,"status":200,"resp_time":0.287853}
{"time":"August 23, 9:54 pm","ts":1661271892,"status":200,"resp_time":0.209187}
{"time":"August 23, 10:26 pm","ts":1661273786,"status":200,"resp_time":0.226605}
{"time":"August 23, 10:52 pm","ts":1661275350,"status":200,"resp_time":0.174128}
{"time":"August 23, 11:11 pm","ts":1661276516,"status":200,"resp_time":0.060011}
{"time":"August 23, 11:25 pm","ts":1661277331,"status":200,"resp_time":0.272687}
{"time":"August 23, 11:51 pm","ts":1661278914,"status":200,"resp_time":0.16828}
{"time":"August 24, 12:16 am","ts":1661280386,"status":200,"resp_time":0.251039}
{"time":"August 24, 12:27 am","ts":1661281033,"status":200,"resp_time":0.066266}
{"time":"August 24, 12:48 am","ts":1661282287,"status":200,"resp_time":0.343313}
{"time":"August 24, 1:00 am","ts":1661283044,"status":200,"resp_time":0.168162}
{"time":"August 24, 1:09 am","ts":1661283588,"status":200,"resp_time":0.082062}
{"time":"August 24, 1:20 am","ts":1661284212,"status":200,"resp_time":0.095736}
{"time":"August 24, 1:48 am","ts":1661285885,"status":200,"resp_time":0.205074}
{"time":"August 24, 2:06 am","ts":1661286961,"status":200,"resp_time":0.2105}
{"time":"August 24, 2:17 am","ts":1661287655,"status":200,"resp_time":0.190754}
{"time":"August 24, 2:28 am","ts":1661288281,"status":200,"resp_time":0.284485}
{"time":"August 24, 2:51 am","ts":1661289676,"status":200,"resp_time":0.212667}
{"time":"August 24, 3:09 am","ts":1661290769,"status":200,"resp_time":0.174732}
{"time":"August 24, 3:19 am","ts":1661291384,"status":200,"resp_time":0.19656}
{"time":"August 24, 3:30 am","ts":1661292007,"status":200,"resp_time":0.164249}
{"time":"August 24, 3:55 am","ts":1661293512,"status":200,"resp_time":0.16524}
{"time":"August 24, 4:10 am","ts":1661294434,"status":200,"resp_time":0.229614}
{"time":"August 24, 4:25 am","ts":1661295326,"status":200,"resp_time":0.297996}
{"time":"August 24, 4:47 am","ts":1661296678,"status":200,"resp_time":0.179212}
{"time":"August 24, 5:04 am","ts":1661297665,"status":200,"resp_time":0.097042}
{"time":"August 24, 5:17 am","ts":1661298457,"status":200,"resp_time":0.070222}
{"time":"August 24, 5:28 am","ts":1661299081,"status":200,"resp_time":0.211338}
{"time":"August 24, 8:03 am","ts":1661308387,"status":200,"resp_time":0.139129}
{"time":"August 24, 9:48 am","ts":1661314720,"status":200,"resp_time":0.093626}
{"time":"August 24, 10:58 am","ts":1661318907,"status":200,"resp_time":0.124432}
{"time":"August 24, 11:27 am","ts":1661320642,"status":200,"resp_time":0.154819}
{"time":"August 24, 12:00 pm","ts":1661322647,"status":200,"resp_time":0.076113}
{"time":"August 24, 12:25 pm","ts":1661324125,"status":200,"resp_time":0.055399}
{"time":"August 24, 12:46 pm","ts":1661325380,"status":200,"resp_time":0.294613}
{"time":"August 24, 1:02 pm","ts":1661326321,"status":200,"resp_time":0.191698}
{"time":"August 24, 1:15 pm","ts":1661327131,"status":200,"resp_time":0.24491}
{"time":"August 24, 1:25 pm","ts":1661327753,"status":200,"resp_time":0.150649}
{"time":"August 24, 1:55 pm","ts":1661329516,"status":200,"resp_time":0.218466}
{"time":"August 24, 2:16 pm","ts":1661330796,"status":200,"resp_time":0.233952}
{"time":"August 24, 2:27 pm","ts":1661331458,"status":200,"resp_time":0.09962}
{"time":"August 24, 2:53 pm","ts":1661332986,"status":200,"resp_time":0.285246}
{"time":"August 24, 3:11 pm","ts":1661334060,"status":200,"resp_time":0.066466}
{"time":"August 24, 3:25 pm","ts":1661334926,"status":200,"resp_time":0.056228}
{"time":"August 24, 3:50 pm","ts":1661336458,"status":200,"resp_time":0.192833}
{"time":"August 24, 4:13 pm","ts":1661337793,"status":200,"resp_time":0.255798}
{"time":"August 24, 4:25 pm","ts":1661338548,"status":200,"resp_time":0.213692}
{"time":"August 24, 4:46 pm","ts":1661339779,"status":200,"resp_time":0.222422}
{"time":"August 24, 5:01 pm","ts":1661340666,"status":200,"resp_time":0.092977}
{"time":"August 24, 5:16 pm","ts":1661341562,"status":200,"resp_time":0.197457}
{"time":"August 24, 5:25 pm","ts":1661342145,"status":200,"resp_time":0.050213}
{"time":"August 24, 6:07 pm","ts":1661344669,"status":200,"resp_time":0.213952}
{"time":"August 24, 6:51 pm","ts":1661347268,"status":200,"resp_time":0.082749}
{"time":"August 24, 7:23 pm","ts":1661349217,"status":200,"resp_time":0.330646}
{"time":"August 24, 7:45 pm","ts":1661350550,"status":200,"resp_time":0.230083}
{"time":"August 24, 8:02 pm","ts":1661351548,"status":200,"resp_time":0.097851}
{"time":"August 24, 8:16 pm","ts":1661352363,"status":200,"resp_time":0.194887}
{"time":"August 24, 8:26 pm","ts":1661352983,"status":200,"resp_time":0.18722}
{"time":"August 24, 8:51 pm","ts":1661354502,"status":200,"resp_time":0.06659}
{"time":"August 24, 9:12 pm","ts":1661355766,"status":200,"resp_time":0.281044}
{"time":"August 24, 9:25 pm","ts":1661356537,"status":200,"resp_time":0.106871}
{"time":"August 24, 9:55 pm","ts":1661358327,"status":200,"resp_time":0.239773}
{"time":"August 24, 10:24 pm","ts":1661360045,"status":200,"resp_time":0.079132}
{"time":"August 24, 10:48 pm","ts":1661361509,"status":200,"resp_time":0.140719}
{"time":"August 24, 11:06 pm","ts":1661362590,"status":200,"resp_time":0.085578}
