{"time":"August 6, 10:44 am","ts":1659762891,"status":200,"resp_time":0.3597}
{"time":"August 6, 11:00 am","ts":1659763819,"status":200,"resp_time":0.312785}
{"time":"August 6, 11:15 am","ts":1659764746,"status":200,"resp_time":0.086027}
{"time":"August 6, 11:26 am","ts":1659765361,"status":200,"resp_time":0.141778}
{"time":"August 6, 11:52 am","ts":1659766972,"status":200,"resp_time":0.061539}
{"time":"August 6, 12:15 pm","ts":1659768324,"status":200,"resp_time":0.332272}
{"time":"August 6, 12:25 pm","ts":1659768949,"status":200,"resp_time":0.101592}
{"time":"August 6, 12:46 pm","ts":1659770213,"status":200,"resp_time":0.344867}
{"time":"August 6, 1:01 pm","ts":1659771087,"status":200,"resp_time":0.193034}
{"time":"August 6, 1:15 pm","ts":1659771929,"status":200,"resp_time":0.223853}
{"time":"August 6, 1:26 pm","ts":1659772563,"status":200,"resp_time":0.215223}
{"time":"August 6, 1:52 pm","ts":1659774167,"status":200,"resp_time":0.194138}
{"time":"August 6, 2:13 pm","ts":1659775408,"status":200,"resp_time":0.239105}
{"time":"August 6, 2:25 pm","ts":1659776138,"status":200,"resp_time":0.18987}
{"time":"August 6, 2:46 pm","ts":1659777383,"status":200,"resp_time":0.101096}
{"time":"August 6, 3:02 pm","ts":1659778344,"status":200,"resp_time":0.250471}
{"time":"August 6, 3:15 pm","ts":1659779146,"status":200,"resp_time":0.181215}
{"time":"August 6, 3:26 pm","ts":1659779764,"status":200,"resp_time":0.168457}
{"time":"August 6, 3:49 pm","ts":1659781182,"status":200,"resp_time":0.2148}
{"time":"August 6, 4:06 pm","ts":1659782216,"status":200,"resp_time":0.218795}
{"time":"August 6, 4:17 pm","ts":1659782872,"status":200,"resp_time":0.115663}
{"time":"August 6, 4:28 pm","ts":1659783490,"status":200,"resp_time":0.198929}
{"time":"August 6, 4:49 pm","ts":1659784766,"status":200,"resp_time":0.201408}
{"time":"August 6, 5:02 pm","ts":1659785537,"status":200,"resp_time":0.219691}
{"time":"August 6, 5:16 pm","ts":1659786390,"status":200,"resp_time":0.211014}
{"time":"August 6, 5:27 pm","ts":1659787023,"status":200,"resp_time":0.109664}
{"time":"August 6, 6:06 pm","ts":1659789379,"status":200,"resp_time":0.19829}
{"time":"August 6, 6:35 pm","ts":1659791124,"status":200,"resp_time":0.127044}
{"time":"August 6, 7:03 pm","ts":1659792813,"status":200,"resp_time":0.139743}
{"time":"August 6, 7:17 pm","ts":1659793639,"status":200,"resp_time":0.284943}
{"time":"August 6, 7:27 pm","ts":1659794256,"status":200,"resp_time":0.22684}
{"time":"August 6, 7:50 pm","ts":1659795600,"status":200,"resp_time":0.300144}
{"time":"August 6, 8:02 pm","ts":1659796332,"status":200,"resp_time":0.286514}
{"time":"August 6, 8:15 pm","ts":1659797141,"status":200,"resp_time":0.320973}
{"time":"August 6, 8:26 pm","ts":1659797776,"status":200,"resp_time":0.094106}
{"time":"August 6, 8:49 pm","ts":1659799148,"status":200,"resp_time":0.068949}
{"time":"August 6, 9:06 pm","ts":1659800194,"status":200,"resp_time":0.108389}
{"time":"August 6, 9:18 pm","ts":1659800915,"status":200,"resp_time":0.090286}
{"time":"August 6, 9:28 pm","ts":1659801533,"status":200,"resp_time":0.300287}
{"time":"August 6, 10:02 pm","ts":1659803545,"status":200,"resp_time":0.198113}
{"time":"August 6, 10:27 pm","ts":1659805032,"status":200,"resp_time":0.202182}
{"time":"August 6, 10:50 pm","ts":1659806429,"status":200,"resp_time":0.112005}
{"time":"August 6, 11:08 pm","ts":1659807519,"status":200,"resp_time":0.234007}
{"time":"August 6, 11:18 pm","ts":1659808137,"status":200,"resp_time":0.34827}
{"time":"August 6, 11:29 pm","ts":1659808773,"status":200,"resp_time":0.145311}
{"time":"August 6, 11:59 pm","ts":1659810550,"status":200,"resp_time":0.198129}
{"time":"August 7, 12:17 am","ts":1659811635,"status":200,"resp_time":0.100077}
{"time":"August 7, 12:27 am","ts":1659812251,"status":200,"resp_time":0.06522}
{"time":"August 7, 12:47 am","ts":1659813453,"status":200,"resp_time":0.118943}
{"time":"August 7, 12:57 am","ts":1659814079,"status":200,"resp_time":0.25875}
{"time":"August 7, 1:10 am","ts":1659814812,"status":200,"resp_time":0.286204}
{"time":"August 7, 1:20 am","ts":1659815436,"status":200,"resp_time":0.287897}
{"time":"August 7, 1:46 am","ts":1659817012,"status":200,"resp_time":0.085239}
{"time":"August 7, 2:03 am","ts":1659817999,"status":200,"resp_time":0.165767}
{"time":"August 7, 2:15 am","ts":1659818750,"status":200,"resp_time":0.217066}
{"time":"August 7, 2:26 am","ts":1659819372,"status":200,"resp_time":0.202071}
{"time":"August 7, 2:47 am","ts":1659820624,"status":200,"resp_time":0.063558}
{"time":"August 7, 3:01 am","ts":1659821503,"status":200,"resp_time":0.243198}
{"time":"August 7, 3:15 am","ts":1659822325,"status":200,"resp_time":0.085871}
{"time":"August 7, 3:25 am","ts":1659822944,"status":200,"resp_time":0.224298}
{"time":"August 7, 3:46 am","ts":1659824219,"status":200,"resp_time":0.276224}
{"time":"August 7, 4:03 am","ts":1659825200,"status":200,"resp_time":0.085127}
{"time":"August 7, 4:15 am","ts":1659825929,"status":200,"resp_time":0.20914}
{"time":"August 7, 4:25 am","ts":1659826556,"status":200,"resp_time":0.303505}
{"time":"August 7, 4:48 am","ts":1659827919,"status":200,"resp_time":0.06366}
{"time":"August 7, 5:04 am","ts":1659828859,"status":200,"resp_time":0.318582}
{"time":"August 7, 5:16 am","ts":1659829608,"status":200,"resp_time":0.34516}
{"time":"August 7, 5:27 am","ts":1659830236,"status":200,"resp_time":0.174223}
{"time":"August 7, 7:48 am","ts":1659838685,"status":200,"resp_time":0.177897}
{"time":"August 7, 9:03 am","ts":1659843188,"status":200,"resp_time":0.254864}
{"time":"August 7, 9:33 am","ts":1659844992,"status":200,"resp_time":0.16967}
{"time":"August 7, 10:07 am","ts":1659847063,"status":200,"resp_time":0.272333}
{"time":"August 7, 10:25 am","ts":1659848139,"status":200,"resp_time":0.116587}
{"time":"August 7, 10:45 am","ts":1659849342,"status":200,"resp_time":0.058067}
{"time":"August 7, 11:00 am","ts":1659850208,"status":200,"resp_time":0.217987}
{"time":"August 7, 11:10 am","ts":1659850858,"status":200,"resp_time":0.227991}
{"time":"August 7, 11:25 am","ts":1659851744,"status":200,"resp_time":0.170562}
{"time":"August 7, 11:51 am","ts":1659853317,"status":200,"resp_time":1.261502}
{"time":"August 7, 12:15 pm","ts":1659854733,"status":200,"resp_time":0.108535}
{"time":"August 7, 12:26 pm","ts":1659855365,"status":200,"resp_time":0.277993}
{"time":"August 7, 12:47 pm","ts":1659856646,"status":200,"resp_time":0.210395}
{"time":"August 7, 1:01 pm","ts":1659857475,"status":200,"resp_time":0.092453}
{"time":"August 7, 1:15 pm","ts":1659858333,"status":200,"resp_time":0.083505}
{"time":"August 7, 1:26 pm","ts":1659858960,"status":200,"resp_time":0.176468}
{"time":"August 7, 1:51 pm","ts":1659860511,"status":200,"resp_time":0.276578}
{"time":"August 7, 2:12 pm","ts":1659861736,"status":200,"resp_time":0.133735}
{"time":"August 7, 2:25 pm","ts":1659862526,"status":200,"resp_time":0.096662}
{"time":"August 7, 2:46 pm","ts":1659863769,"status":200,"resp_time":0.309972}
{"time":"August 7, 3:02 pm","ts":1659864729,"status":200,"resp_time":0.199975}
{"time":"August 7, 3:16 pm","ts":1659865561,"status":200,"resp_time":0.089523}
{"time":"August 7, 3:26 pm","ts":1659866193,"status":200,"resp_time":0.218897}
{"time":"August 7, 3:51 pm","ts":1659867669,"status":200,"resp_time":0.353185}
{"time":"August 7, 4:10 pm","ts":1659868827,"status":200,"resp_time":0.204093}
{"time":"August 7, 4:25 pm","ts":1659869727,"status":200,"resp_time":0.231903}
