{"time":"July 23, 5:17 am","ts":1658533639,"status":200,"resp_time":0.1981}
{"time":"July 23, 5:27 am","ts":1658534253,"status":200,"resp_time":0.202654}
{"time":"July 23, 7:49 am","ts":1658542786,"status":200,"resp_time":0.354713}
{"time":"July 23, 9:12 am","ts":1658547740,"status":200,"resp_time":0.109699}
{"time":"July 23, 9:47 am","ts":1658549824,"status":200,"resp_time":0.198952}
{"time":"July 23, 10:21 am","ts":1658551903,"status":200,"resp_time":0.204706}
{"time":"July 23, 10:48 am","ts":1658553488,"status":200,"resp_time":0.226374}
{"time":"July 23, 11:05 am","ts":1658554501,"status":200,"resp_time":0.271479}
{"time":"July 23, 11:15 am","ts":1658555150,"status":200,"resp_time":0.060759}
{"time":"July 23, 11:26 am","ts":1658555770,"status":200,"resp_time":0.138262}
{"time":"July 23, 11:54 am","ts":1658557441,"status":200,"resp_time":0.267373}
{"time":"July 23, 12:16 pm","ts":1658558818,"status":200,"resp_time":0.079625}
{"time":"July 23, 12:27 pm","ts":1658559451,"status":200,"resp_time":0.095561}
{"time":"July 23, 12:51 pm","ts":1658560864,"status":200,"resp_time":0.200423}
{"time":"July 23, 1:07 pm","ts":1658561875,"status":200,"resp_time":0.104723}
{"time":"July 23, 1:18 pm","ts":1658562504,"status":200,"resp_time":0.124447}
{"time":"July 23, 1:28 pm","ts":1658563119,"status":200,"resp_time":0.115169}
{"time":"July 23, 2:00 pm","ts":1658565035,"status":200,"resp_time":0.295916}
{"time":"July 23, 2:21 pm","ts":1658566291,"status":200,"resp_time":0.079346}
{"time":"July 23, 2:46 pm","ts":1658567778,"status":200,"resp_time":0.210341}
{"time":"July 23, 3:03 pm","ts":1658568834,"status":200,"resp_time":0.30021}
{"time":"July 23, 3:16 pm","ts":1658569613,"status":200,"resp_time":0.303423}
{"time":"July 23, 3:27 pm","ts":1658570236,"status":200,"resp_time":0.199562}
{"time":"July 23, 3:53 pm","ts":1658571838,"status":200,"resp_time":0.182346}
{"time":"July 23, 4:11 pm","ts":1658572900,"status":200,"resp_time":0.276615}
{"time":"July 23, 4:25 pm","ts":1658573734,"status":200,"resp_time":0.28576}
{"time":"July 23, 4:45 pm","ts":1658574925,"status":200,"resp_time":0.197882}
{"time":"July 23, 5:00 pm","ts":1658575806,"status":200,"resp_time":0.075581}
{"time":"July 23, 5:10 pm","ts":1658576459,"status":200,"resp_time":0.091879}
{"time":"July 23, 5:25 pm","ts":1658577329,"status":200,"resp_time":0.103389}
{"time":"July 23, 6:01 pm","ts":1658579488,"status":200,"resp_time":0.121148}
{"time":"July 23, 6:37 pm","ts":1658581639,"status":200,"resp_time":0.419396}
{"time":"July 23, 7:06 pm","ts":1658583384,"status":200,"resp_time":0.248741}
{"time":"July 23, 7:19 pm","ts":1658584164,"status":200,"resp_time":0.124231}
{"time":"July 23, 7:29 pm","ts":1658584783,"status":200,"resp_time":0.15191}
{"time":"July 23, 7:52 pm","ts":1658586131,"status":200,"resp_time":0.1052}
{"time":"July 23, 8:08 pm","ts":1658587106,"status":200,"resp_time":0.201684}
{"time":"July 23, 8:19 pm","ts":1658587740,"status":200,"resp_time":0.241065}
{"time":"July 23, 8:29 pm","ts":1658588354,"status":200,"resp_time":0.22243}
{"time":"July 23, 8:55 pm","ts":1658589936,"status":200,"resp_time":0.276382}
{"time":"July 23, 9:12 pm","ts":1658590953,"status":200,"resp_time":0.196561}
{"time":"July 23, 9:25 pm","ts":1658591735,"status":200,"resp_time":0.224648}
{"time":"July 23, 9:54 pm","ts":1658593481,"status":200,"resp_time":0.296152}
{"time":"July 23, 10:24 pm","ts":1658595276,"status":200,"resp_time":0.339199}
{"time":"July 23, 10:48 pm","ts":1658596698,"status":200,"resp_time":0.103435}
{"time":"July 23, 11:06 pm","ts":1658597770,"status":200,"resp_time":0.105056}
{"time":"July 23, 11:17 pm","ts":1658598420,"status":200,"resp_time":0.178691}
{"time":"July 23, 11:27 pm","ts":1658599043,"status":200,"resp_time":0.090878}
{"time":"July 23, 11:56 pm","ts":1658600799,"status":200,"resp_time":0.208651}
{"time":"July 24, 12:16 am","ts":1658601997,"status":200,"resp_time":0.318663}
{"time":"July 24, 12:26 am","ts":1658602611,"status":200,"resp_time":0.230036}
{"time":"July 24, 12:47 am","ts":1658603825,"status":200,"resp_time":0.107523}
{"time":"July 24, 12:58 am","ts":1658604518,"status":200,"resp_time":0.203001}
{"time":"July 24, 1:09 am","ts":1658605183,"status":200,"resp_time":0.197776}
{"time":"July 24, 1:20 am","ts":1658605811,"status":200,"resp_time":0.235954}
{"time":"July 24, 1:31 am","ts":1658606493,"status":200,"resp_time":0.217565}
{"time":"July 24, 1:58 am","ts":1658608116,"status":200,"resp_time":0.120478}
{"time":"July 24, 2:14 am","ts":1658609041,"status":200,"resp_time":0.213879}
{"time":"July 24, 2:25 am","ts":1658609745,"status":200,"resp_time":0.230729}
{"time":"July 24, 2:45 am","ts":1658610947,"status":200,"resp_time":0.094686}
{"time":"July 24, 3:01 am","ts":1658611902,"status":200,"resp_time":0.1115}
{"time":"July 24, 3:15 am","ts":1658612738,"status":200,"resp_time":0.127237}
{"time":"July 24, 3:25 am","ts":1658613357,"status":200,"resp_time":0.112037}
{"time":"July 24, 3:47 am","ts":1658614666,"status":200,"resp_time":0.095248}
{"time":"July 24, 4:04 am","ts":1658615693,"status":200,"resp_time":0.331137}
{"time":"July 24, 4:16 am","ts":1658616375,"status":200,"resp_time":0.108797}
{"time":"July 24, 4:26 am","ts":1658616995,"status":200,"resp_time":0.275871}
{"time":"July 24, 4:49 am","ts":1658618382,"status":200,"resp_time":0.159435}
{"time":"July 24, 5:04 am","ts":1658619288,"status":200,"resp_time":0.12562}
{"time":"July 24, 5:16 am","ts":1658619986,"status":200,"resp_time":0.120649}
{"time":"July 24, 5:26 am","ts":1658620603,"status":200,"resp_time":0.05715}
{"time":"July 24, 7:41 am","ts":1658628691,"status":200,"resp_time":0.117878}
{"time":"July 24, 9:14 am","ts":1658634272,"status":200,"resp_time":0.203411}
{"time":"July 24, 9:48 am","ts":1658636334,"status":200,"resp_time":0.205201}
{"time":"July 24, 10:23 am","ts":1658638426,"status":200,"resp_time":0.205239}
{"time":"July 24, 10:49 am","ts":1658639946,"status":200,"resp_time":0.133032}
{"time":"July 24, 11:06 am","ts":1658640984,"status":200,"resp_time":0.087059}
{"time":"July 24, 11:16 am","ts":1658641618,"status":200,"resp_time":0.177219}
{"time":"July 24, 11:27 am","ts":1658642247,"status":200,"resp_time":0.144848}
{"time":"July 24, 11:57 am","ts":1658644069,"status":200,"resp_time":0.224595}
{"time":"July 24, 12:19 pm","ts":1658645368,"status":200,"resp_time":0.232299}
{"time":"July 24, 12:29 pm","ts":1658645984,"status":200,"resp_time":0.19293}
{"time":"July 24, 12:53 pm","ts":1658647385,"status":200,"resp_time":0.223657}
{"time":"July 24, 1:08 pm","ts":1658648284,"status":200,"resp_time":0.257194}
{"time":"July 24, 1:18 pm","ts":1658648904,"status":200,"resp_time":0.091744}
{"time":"July 24, 1:28 pm","ts":1658649526,"status":200,"resp_time":0.096947}
{"time":"July 24, 1:59 pm","ts":1658651350,"status":200,"resp_time":0.285486}
{"time":"July 24, 2:17 pm","ts":1658652427,"status":200,"resp_time":0.112232}
{"time":"July 24, 2:27 pm","ts":1658653047,"status":200,"resp_time":0.175433}
{"time":"July 24, 2:51 pm","ts":1658654496,"status":200,"resp_time":0.102698}
{"time":"July 24, 3:10 pm","ts":1658655624,"status":200,"resp_time":0.228899}
{"time":"July 24, 3:25 pm","ts":1658656537,"status":200,"resp_time":0.274498}
{"time":"July 24, 3:49 pm","ts":1658657948,"status":200,"resp_time":0.300856}
{"time":"July 24, 4:08 pm","ts":1658659088,"status":200,"resp_time":0.253853}
{"time":"July 24, 4:19 pm","ts":1658659789,"status":200,"resp_time":0.199065}
{"time":"July 24, 4:30 pm","ts":1658660402,"status":200,"resp_time":0.251527}
{"time":"July 24, 4:50 pm","ts":1658661647,"status":200,"resp_time":0.167218}
{"time":"July 24, 5:07 pm","ts":1658662627,"status":200,"resp_time":0.184636}
{"time":"July 24, 5:17 pm","ts":1658663242,"status":200,"resp_time":0.295733}
