{"time":"August 7, 3:26 pm","ts":1659866193,"status":200,"resp_time":0.218897}
{"time":"August 7, 3:51 pm","ts":1659867669,"status":200,"resp_time":0.353185}
{"time":"August 7, 4:10 pm","ts":1659868827,"status":200,"resp_time":0.204093}
{"time":"August 7, 4:25 pm","ts":1659869727,"status":200,"resp_time":0.231903}
{"time":"August 7, 4:44 pm","ts":1659870898,"status":200,"resp_time":0.200282}
{"time":"August 7, 4:59 pm","ts":1659871759,"status":200,"resp_time":0.207299}
{"time":"August 7, 5:09 pm","ts":1659872397,"status":200,"resp_time":0.095577}
{"time":"August 7, 5:20 pm","ts":1659873035,"status":200,"resp_time":0.207624}
{"time":"August 7, 5:59 pm","ts":1659875345,"status":200,"resp_time":0.21901}
{"time":"August 7, 6:33 pm","ts":1659877416,"status":200,"resp_time":0.239802}
{"time":"August 7, 7:03 pm","ts":1659879237,"status":200,"resp_time":0.201512}
{"time":"August 7, 7:17 pm","ts":1659880054,"status":200,"resp_time":0.091301}
{"time":"August 7, 7:27 pm","ts":1659880672,"status":200,"resp_time":0.340986}
{"time":"August 7, 7:50 pm","ts":1659882014,"status":200,"resp_time":0.064168}
{"time":"August 7, 8:02 pm","ts":1659882727,"status":200,"resp_time":0.181783}
{"time":"August 7, 8:15 pm","ts":1659883531,"status":200,"resp_time":0.317932}
{"time":"August 7, 8:25 pm","ts":1659884159,"status":200,"resp_time":0.302525}
{"time":"August 7, 8:48 pm","ts":1659885504,"status":200,"resp_time":0.22901}
{"time":"August 7, 9:06 pm","ts":1659886588,"status":200,"resp_time":0.209441}
{"time":"August 7, 9:18 pm","ts":1659887328,"status":200,"resp_time":0.177344}
{"time":"August 7, 9:29 pm","ts":1659887944,"status":200,"resp_time":0.092589}
{"time":"August 7, 10:02 pm","ts":1659889924,"status":200,"resp_time":0.197496}
{"time":"August 7, 10:27 pm","ts":1659891420,"status":200,"resp_time":0.067099}
{"time":"August 7, 10:50 pm","ts":1659892807,"status":200,"resp_time":0.15981}
{"time":"August 7, 11:04 pm","ts":1659893687,"status":200,"resp_time":0.086251}
{"time":"August 7, 11:15 pm","ts":1659894333,"status":200,"resp_time":0.110228}
{"time":"August 7, 11:26 pm","ts":1659894964,"status":200,"resp_time":0.056781}
{"time":"August 7, 11:52 pm","ts":1659896567,"status":200,"resp_time":0.231709}
{"time":"August 8, 12:14 am","ts":1659897864,"status":200,"resp_time":0.201086}
{"time":"August 8, 12:25 am","ts":1659898529,"status":200,"resp_time":0.096233}
{"time":"August 8, 12:44 am","ts":1659899642,"status":200,"resp_time":0.231522}
{"time":"August 8, 12:57 am","ts":1659900423,"status":200,"resp_time":0.098322}
{"time":"August 8, 1:09 am","ts":1659901158,"status":200,"resp_time":0.065375}
{"time":"August 8, 1:19 am","ts":1659901791,"status":200,"resp_time":0.071419}
{"time":"August 8, 1:30 am","ts":1659902428,"status":200,"resp_time":0.317924}
{"time":"August 8, 1:58 am","ts":1659904105,"status":200,"resp_time":0.279469}
{"time":"August 8, 2:13 am","ts":1659904996,"status":200,"resp_time":0.306343}
{"time":"August 8, 2:25 am","ts":1659905734,"status":200,"resp_time":0.271225}
{"time":"August 8, 2:44 am","ts":1659906889,"status":200,"resp_time":0.089672}
{"time":"August 8, 3:00 am","ts":1659907812,"status":200,"resp_time":0.318799}
{"time":"August 8, 3:15 am","ts":1659908727,"status":200,"resp_time":0.251971}
{"time":"August 8, 3:25 am","ts":1659909347,"status":200,"resp_time":0.215234}
{"time":"August 8, 3:47 am","ts":1659910656,"status":200,"resp_time":0.244727}
{"time":"August 8, 4:04 am","ts":1659911647,"status":200,"resp_time":0.221048}
{"time":"August 8, 4:15 am","ts":1659912334,"status":200,"resp_time":0.224025}
{"time":"August 8, 4:25 am","ts":1659912955,"status":200,"resp_time":0.132358}
{"time":"August 8, 4:47 am","ts":1659914269,"status":200,"resp_time":0.240336}
{"time":"August 8, 5:03 am","ts":1659915195,"status":200,"resp_time":0.172116}
{"time":"August 8, 5:15 am","ts":1659915942,"status":200,"resp_time":0.112537}
{"time":"August 8, 5:26 am","ts":1659916565,"status":200,"resp_time":0.106331}
{"time":"August 8, 7:21 am","ts":1659923478,"status":200,"resp_time":0.129304}
{"time":"August 8, 9:09 am","ts":1659929965,"status":200,"resp_time":0.053292}
{"time":"August 8, 9:50 am","ts":1659932407,"status":200,"resp_time":0.089119}
{"time":"August 8, 10:25 am","ts":1659934523,"status":200,"resp_time":0.213302}
{"time":"August 8, 10:51 am","ts":1659936081,"status":200,"resp_time":0.320842}
{"time":"August 8, 11:11 am","ts":1659937267,"status":200,"resp_time":0.175778}
{"time":"August 8, 11:25 am","ts":1659938133,"status":200,"resp_time":0.064937}
{"time":"August 8, 11:55 am","ts":1659939907,"status":200,"resp_time":0.09827}
{"time":"August 8, 12:20 pm","ts":1659941418,"status":200,"resp_time":0.118129}
{"time":"August 8, 12:45 pm","ts":1659942946,"status":200,"resp_time":0.31135}
{"time":"August 8, 1:01 pm","ts":1659943897,"status":200,"resp_time":0.091821}
{"time":"August 8, 1:15 pm","ts":1659944736,"status":200,"resp_time":0.115514}
{"time":"August 8, 1:25 pm","ts":1659945354,"status":200,"resp_time":0.128055}
{"time":"August 8, 1:57 pm","ts":1659947224,"status":200,"resp_time":0.249629}
{"time":"August 8, 2:18 pm","ts":1659948523,"status":200,"resp_time":0.22189}
{"time":"August 8, 2:29 pm","ts":1659949140,"status":200,"resp_time":0.185031}
{"time":"August 8, 2:54 pm","ts":1659950684,"status":200,"resp_time":0.05644}
{"time":"August 8, 3:11 pm","ts":1659951677,"status":200,"resp_time":0.339145}
{"time":"August 8, 3:25 pm","ts":1659952535,"status":200,"resp_time":0.155645}
{"time":"August 8, 3:51 pm","ts":1659954066,"status":200,"resp_time":0.092925}
{"time":"August 8, 4:12 pm","ts":1659955362,"status":200,"resp_time":0.120629}
{"time":"August 8, 4:25 pm","ts":1659956128,"status":200,"resp_time":0.281367}
{"time":"August 8, 4:44 pm","ts":1659957284,"status":200,"resp_time":0.311582}
{"time":"August 8, 4:59 pm","ts":1659958193,"status":200,"resp_time":0.252521}
{"time":"August 8, 5:10 pm","ts":1659958844,"status":200,"resp_time":0.240773}
{"time":"August 8, 5:25 pm","ts":1659959736,"status":200,"resp_time":0.065253}
{"time":"August 8, 6:06 pm","ts":1659962213,"status":200,"resp_time":0.316613}
{"time":"August 8, 6:56 pm","ts":1659965183,"status":200,"resp_time":0.234992}
{"time":"August 8, 7:28 pm","ts":1659967101,"status":200,"resp_time":0.281023}
{"time":"August 8, 7:54 pm","ts":1659968696,"status":200,"resp_time":0.234364}
{"time":"August 8, 8:09 pm","ts":1659969557,"status":200,"resp_time":0.321402}
{"time":"August 8, 8:19 pm","ts":1659970189,"status":200,"resp_time":0.202193}
{"time":"August 8, 8:30 pm","ts":1659970816,"status":200,"resp_time":0.210292}
{"time":"August 8, 9:03 pm","ts":1659972782,"status":200,"resp_time":0.223066}
{"time":"August 8, 9:21 pm","ts":1659973902,"status":200,"resp_time":0.107964}
{"time":"August 8, 9:55 pm","ts":1659975922,"status":200,"resp_time":0.215381}
{"time":"August 8, 10:27 pm","ts":1659977872,"status":200,"resp_time":0.086329}
{"time":"August 8, 10:57 pm","ts":1659979640,"status":200,"resp_time":0.112078}
{"time":"August 8, 11:14 pm","ts":1659980687,"status":200,"resp_time":0.206921}
{"time":"August 8, 11:25 pm","ts":1659981333,"status":200,"resp_time":0.196568}
{"time":"August 8, 11:52 pm","ts":1659982974,"status":200,"resp_time":0.197706}
{"time":"August 9, 12:16 am","ts":1659984410,"status":200,"resp_time":0.091801}
{"time":"August 9, 12:27 am","ts":1659985039,"status":200,"resp_time":0.059464}
