{"time":"August 5, 2:10 am","ts":1659645646,"status":200,"resp_time":0.126574}
{"time":"August 5, 2:25 am","ts":1659646538,"status":200,"resp_time":0.197994}
{"time":"August 5, 2:46 am","ts":1659647777,"status":200,"resp_time":0.220108}
{"time":"August 5, 3:02 am","ts":1659648742,"status":200,"resp_time":0.187689}
{"time":"August 5, 3:17 am","ts":1659649625,"status":200,"resp_time":0.169748}
{"time":"August 5, 3:27 am","ts":1659650257,"status":200,"resp_time":0.219199}
{"time":"August 5, 3:52 am","ts":1659651749,"status":200,"resp_time":0.323314}
{"time":"August 5, 4:09 am","ts":1659652790,"status":200,"resp_time":0.105703}
{"time":"August 5, 4:20 am","ts":1659653408,"status":200,"resp_time":0.082442}
{"time":"August 5, 4:31 am","ts":1659654108,"status":200,"resp_time":0.097702}
{"time":"August 5, 4:56 am","ts":1659655619,"status":200,"resp_time":0.205879}
{"time":"August 5, 5:11 am","ts":1659656478,"status":200,"resp_time":0.259788}
{"time":"August 5, 5:25 am","ts":1659657348,"status":200,"resp_time":0.25529}
{"time":"August 5, 7:21 am","ts":1659664284,"status":200,"resp_time":0.21194}
{"time":"August 5, 9:13 am","ts":1659671032,"status":200,"resp_time":0.191961}
{"time":"August 5, 10:01 am","ts":1659673894,"status":200,"resp_time":0.139278}
{"time":"August 5, 10:49 am","ts":1659676764,"status":200,"resp_time":0.087915}
{"time":"August 5, 11:16 am","ts":1659678369,"status":200,"resp_time":0.279724}
{"time":"August 5, 11:26 am","ts":1659678989,"status":200,"resp_time":0.299847}
{"time":"August 5, 11:55 am","ts":1659680752,"status":200,"resp_time":0.080601}
{"time":"August 5, 12:18 pm","ts":1659682138,"status":200,"resp_time":0.225386}
{"time":"August 5, 12:29 pm","ts":1659682760,"status":200,"resp_time":0.050408}
{"time":"August 5, 12:53 pm","ts":1659684184,"status":200,"resp_time":0.208028}
{"time":"August 5, 1:08 pm","ts":1659685087,"status":200,"resp_time":0.202032}
{"time":"August 5, 1:18 pm","ts":1659685715,"status":200,"resp_time":0.179331}
{"time":"August 5, 1:28 pm","ts":1659686327,"status":200,"resp_time":0.165051}
{"time":"August 5, 1:59 pm","ts":1659688190,"status":200,"resp_time":0.129925}
{"time":"August 5, 2:17 pm","ts":1659689262,"status":200,"resp_time":0.073618}
{"time":"August 5, 2:28 pm","ts":1659689884,"status":200,"resp_time":0.102765}
{"time":"August 5, 2:53 pm","ts":1659691439,"status":200,"resp_time":0.311013}
{"time":"August 5, 3:10 pm","ts":1659692436,"status":200,"resp_time":0.234665}
{"time":"August 5, 3:25 pm","ts":1659693341,"status":200,"resp_time":0.2765}
{"time":"August 5, 3:49 pm","ts":1659694787,"status":200,"resp_time":0.221277}
{"time":"August 5, 4:08 pm","ts":1659695894,"status":200,"resp_time":0.109772}
{"time":"August 5, 4:19 pm","ts":1659696583,"status":200,"resp_time":0.114545}
{"time":"August 5, 4:29 pm","ts":1659697199,"status":200,"resp_time":0.321545}
{"time":"August 5, 4:52 pm","ts":1659698530,"status":200,"resp_time":0.286108}
{"time":"August 5, 5:09 pm","ts":1659699548,"status":200,"resp_time":0.293448}
{"time":"August 5, 5:19 pm","ts":1659700174,"status":200,"resp_time":0.24712}
{"time":"August 5, 5:29 pm","ts":1659700790,"status":200,"resp_time":0.247824}
{"time":"August 5, 6:22 pm","ts":1659703969,"status":200,"resp_time":0.311169}
{"time":"August 5, 7:11 pm","ts":1659706866,"status":200,"resp_time":0.321973}
{"time":"August 5, 7:31 pm","ts":1659708091,"status":200,"resp_time":0.288439}
{"time":"August 5, 7:58 pm","ts":1659709714,"status":200,"resp_time":0.200687}
{"time":"August 5, 8:13 pm","ts":1659710591,"status":200,"resp_time":0.086225}
{"time":"August 5, 8:25 pm","ts":1659711338,"status":200,"resp_time":0.082028}
{"time":"August 5, 8:49 pm","ts":1659712775,"status":200,"resp_time":1.190432}
{"time":"August 5, 9:10 pm","ts":1659714023,"status":200,"resp_time":0.217614}
{"time":"August 5, 9:22 pm","ts":1659714766,"status":200,"resp_time":0.249403}
{"time":"August 5, 9:55 pm","ts":1659716746,"status":200,"resp_time":0.071155}
{"time":"August 5, 10:32 pm","ts":1659718934,"status":200,"resp_time":0.201016}
{"time":"August 5, 11:05 pm","ts":1659720914,"status":200,"resp_time":0.310816}
{"time":"August 5, 11:21 pm","ts":1659721894,"status":200,"resp_time":0.110756}
{"time":"August 5, 11:52 pm","ts":1659723731,"status":200,"resp_time":0.207158}
{"time":"August 6, 12:15 am","ts":1659725156,"status":200,"resp_time":0.083968}
{"time":"August 6, 12:27 am","ts":1659725844,"status":200,"resp_time":0.065979}
{"time":"August 6, 12:48 am","ts":1659727118,"status":200,"resp_time":0.189516}
{"time":"August 6, 1:00 am","ts":1659727858,"status":200,"resp_time":0.146301}
{"time":"August 6, 1:15 am","ts":1659728751,"status":200,"resp_time":0.100263}
{"time":"August 6, 1:26 am","ts":1659729366,"status":200,"resp_time":0.094946}
{"time":"August 6, 1:50 am","ts":1659730815,"status":200,"resp_time":0.083738}
{"time":"August 6, 2:10 am","ts":1659732055,"status":200,"resp_time":0.220808}
{"time":"August 6, 2:25 am","ts":1659732946,"status":200,"resp_time":0.202981}
{"time":"August 6, 2:46 am","ts":1659734165,"status":200,"resp_time":0.280968}
{"time":"August 6, 3:01 am","ts":1659735097,"status":200,"resp_time":0.216213}
{"time":"August 6, 3:15 am","ts":1659735927,"status":200,"resp_time":0.287062}
{"time":"August 6, 3:25 am","ts":1659736546,"status":200,"resp_time":0.136723}
{"time":"August 6, 3:47 am","ts":1659737862,"status":200,"resp_time":0.319942}
{"time":"August 6, 4:04 am","ts":1659738893,"status":200,"resp_time":0.246806}
{"time":"August 6, 4:16 am","ts":1659739572,"status":200,"resp_time":0.20394}
{"time":"August 6, 4:26 am","ts":1659740186,"status":200,"resp_time":0.09796}
{"time":"August 6, 4:49 am","ts":1659741571,"status":200,"resp_time":0.331922}
{"time":"August 6, 5:04 am","ts":1659742492,"status":200,"resp_time":0.118485}
{"time":"August 6, 5:16 am","ts":1659743181,"status":200,"resp_time":0.195294}
{"time":"August 6, 5:26 am","ts":1659743809,"status":200,"resp_time":0.216112}
{"time":"August 6, 7:30 am","ts":1659751229,"status":200,"resp_time":0.210915}
{"time":"August 6, 8:56 am","ts":1659756408,"status":200,"resp_time":0.104907}
{"time":"August 6, 9:29 am","ts":1659758361,"status":200,"resp_time":0.214379}
{"time":"August 6, 10:02 am","ts":1659760366,"status":200,"resp_time":0.287234}
{"time":"August 6, 10:23 am","ts":1659761634,"status":200,"resp_time":0.101463}
{"time":"August 6, 10:44 am","ts":1659762891,"status":200,"resp_time":0.3597}
{"time":"August 6, 11:00 am","ts":1659763819,"status":200,"resp_time":0.312785}
{"time":"August 6, 11:15 am","ts":1659764746,"status":200,"resp_time":0.086027}
{"time":"August 6, 11:26 am","ts":1659765361,"status":200,"resp_time":0.141778}
{"time":"August 6, 11:52 am","ts":1659766972,"status":200,"resp_time":0.061539}
{"time":"August 6, 12:15 pm","ts":1659768324,"status":200,"resp_time":0.332272}
{"time":"August 6, 12:25 pm","ts":1659768949,"status":200,"resp_time":0.101592}
{"time":"August 6, 12:46 pm","ts":1659770213,"status":200,"resp_time":0.344867}
{"time":"August 6, 1:01 pm","ts":1659771087,"status":200,"resp_time":0.193034}
{"time":"August 6, 1:15 pm","ts":1659771929,"status":200,"resp_time":0.223853}
{"time":"August 6, 1:26 pm","ts":1659772563,"status":200,"resp_time":0.215223}
{"time":"August 6, 1:52 pm","ts":1659774167,"status":200,"resp_time":0.194138}
{"time":"August 6, 2:13 pm","ts":1659775408,"status":200,"resp_time":0.239105}
{"time":"August 6, 2:25 pm","ts":1659776138,"status":200,"resp_time":0.18987}
{"time":"August 6, 2:46 pm","ts":1659777383,"status":200,"resp_time":0.101096}
{"time":"August 6, 3:02 pm","ts":1659778344,"status":200,"resp_time":0.250471}
