{"time":"August 1, 11:20 pm","ts":1659376209,"status":200,"resp_time":0.172319}
{"time":"August 1, 11:33 pm","ts":1659377024,"status":200,"resp_time":0.081872}
{"time":"August 2, 12:09 am","ts":1659379147,"status":200,"resp_time":0.19243}
{"time":"August 2, 12:27 am","ts":1659380229,"status":200,"resp_time":0.195712}
{"time":"August 2, 12:47 am","ts":1659381422,"status":200,"resp_time":0.238311}
{"time":"August 2, 12:58 am","ts":1659382092,"status":200,"resp_time":0.087744}
{"time":"August 2, 1:09 am","ts":1659382765,"status":200,"resp_time":0.313332}
{"time":"August 2, 1:19 am","ts":1659383388,"status":200,"resp_time":0.109104}
{"time":"August 2, 1:30 am","ts":1659384009,"status":200,"resp_time":0.086034}
{"time":"August 2, 1:59 am","ts":1659385783,"status":200,"resp_time":0.090764}
{"time":"August 2, 2:15 am","ts":1659386748,"status":200,"resp_time":0.193582}
{"time":"August 2, 2:26 am","ts":1659387365,"status":200,"resp_time":0.079301}
{"time":"August 2, 2:47 am","ts":1659388637,"status":200,"resp_time":0.181829}
{"time":"August 2, 3:05 am","ts":1659389720,"status":200,"resp_time":0.299524}
{"time":"August 2, 3:18 am","ts":1659390514,"status":200,"resp_time":0.32431}
{"time":"August 2, 3:29 am","ts":1659391141,"status":200,"resp_time":0.197175}
{"time":"August 2, 3:56 am","ts":1659392783,"status":200,"resp_time":0.212887}
{"time":"August 2, 4:12 am","ts":1659393753,"status":200,"resp_time":0.11711}
{"time":"August 2, 4:25 am","ts":1659394527,"status":200,"resp_time":0.118704}
{"time":"August 2, 4:50 am","ts":1659396017,"status":200,"resp_time":0.204622}
{"time":"August 2, 5:11 am","ts":1659397311,"status":200,"resp_time":0.241574}
{"time":"August 2, 5:25 am","ts":1659398141,"status":200,"resp_time":0.28286}
{"time":"August 2, 7:36 am","ts":1659405982,"status":200,"resp_time":0.229257}
{"time":"August 2, 9:42 am","ts":1659413558,"status":200,"resp_time":0.260677}
{"time":"August 2, 10:58 am","ts":1659418089,"status":200,"resp_time":0.24588}
{"time":"August 2, 11:25 am","ts":1659419759,"status":200,"resp_time":0.130812}
{"time":"August 2, 11:53 am","ts":1659421433,"status":200,"resp_time":0.090727}
{"time":"August 2, 12:17 pm","ts":1659422837,"status":200,"resp_time":0.101577}
{"time":"August 2, 12:27 pm","ts":1659423460,"status":200,"resp_time":0.104437}
{"time":"August 2, 12:53 pm","ts":1659425022,"status":200,"resp_time":0.128157}
{"time":"August 2, 1:08 pm","ts":1659425938,"status":200,"resp_time":0.30704}
{"time":"August 2, 1:19 pm","ts":1659426555,"status":200,"resp_time":0.202147}
{"time":"August 2, 1:29 pm","ts":1659427177,"status":200,"resp_time":0.109701}
{"time":"August 2, 2:03 pm","ts":1659429191,"status":200,"resp_time":0.112783}
{"time":"August 2, 2:23 pm","ts":1659430426,"status":200,"resp_time":0.243507}
{"time":"August 2, 2:46 pm","ts":1659431775,"status":200,"resp_time":0.209476}
{"time":"August 2, 3:03 pm","ts":1659432815,"status":200,"resp_time":0.058999}
{"time":"August 2, 3:16 pm","ts":1659433588,"status":200,"resp_time":0.143462}
{"time":"August 2, 3:26 pm","ts":1659434212,"status":200,"resp_time":0.282592}
{"time":"August 2, 3:57 pm","ts":1659436048,"status":200,"resp_time":0.097143}
{"time":"August 2, 4:17 pm","ts":1659437241,"status":200,"resp_time":0.198353}
{"time":"August 2, 4:27 pm","ts":1659437865,"status":200,"resp_time":0.145081}
{"time":"August 2, 4:49 pm","ts":1659439176,"status":200,"resp_time":0.202499}
{"time":"August 2, 5:01 pm","ts":1659439911,"status":200,"resp_time":0.092424}
{"time":"August 2, 5:15 pm","ts":1659440735,"status":200,"resp_time":0.249515}
{"time":"August 2, 5:26 pm","ts":1659441361,"status":200,"resp_time":0.203986}
{"time":"August 2, 6:12 pm","ts":1659444125,"status":200,"resp_time":0.103329}
{"time":"August 2, 6:59 pm","ts":1659446944,"status":200,"resp_time":0.074694}
{"time":"August 2, 7:26 pm","ts":1659448614,"status":200,"resp_time":0.182419}
{"time":"August 2, 7:50 pm","ts":1659450053,"status":200,"resp_time":0.081903}
{"time":"August 2, 8:09 pm","ts":1659451193,"status":200,"resp_time":0.107177}
{"time":"August 2, 8:20 pm","ts":1659451813,"status":200,"resp_time":0.231048}
{"time":"August 2, 8:47 pm","ts":1659453478,"status":200,"resp_time":0.254439}
{"time":"August 2, 9:08 pm","ts":1659454702,"status":200,"resp_time":0.201076}
{"time":"August 2, 9:21 pm","ts":1659455479,"status":200,"resp_time":0.185761}
{"time":"August 2, 9:53 pm","ts":1659457409,"status":200,"resp_time":0.110154}
{"time":"August 2, 10:31 pm","ts":1659459680,"status":200,"resp_time":0.11633}
{"time":"August 2, 11:04 pm","ts":1659461674,"status":200,"resp_time":0.058994}
{"time":"August 2, 11:20 pm","ts":1659462618,"status":200,"resp_time":0.199378}
{"time":"August 2, 11:51 pm","ts":1659464465,"status":200,"resp_time":0.331145}
{"time":"August 3, 12:16 am","ts":1659465965,"status":200,"resp_time":0.093507}
{"time":"August 3, 12:26 am","ts":1659466597,"status":200,"resp_time":0.322949}
{"time":"August 3, 12:46 am","ts":1659467777,"status":200,"resp_time":0.117396}
{"time":"August 3, 12:57 am","ts":1659468471,"status":200,"resp_time":0.288525}
{"time":"August 3, 1:09 am","ts":1659469143,"status":200,"resp_time":0.242915}
{"time":"August 3, 1:19 am","ts":1659469761,"status":200,"resp_time":0.182102}
{"time":"August 3, 1:29 am","ts":1659470383,"status":200,"resp_time":0.228236}
{"time":"August 3, 1:56 am","ts":1659472003,"status":200,"resp_time":0.308623}
{"time":"August 3, 2:12 am","ts":1659472969,"status":200,"resp_time":0.085838}
{"time":"August 3, 2:25 am","ts":1659473744,"status":200,"resp_time":0.064359}
{"time":"August 3, 2:46 am","ts":1659474972,"status":200,"resp_time":0.291441}
{"time":"August 3, 3:01 am","ts":1659475897,"status":200,"resp_time":0.31425}
{"time":"August 3, 3:15 am","ts":1659476727,"status":200,"resp_time":0.33243}
{"time":"August 3, 3:25 am","ts":1659477345,"status":200,"resp_time":0.318175}
{"time":"August 3, 3:49 am","ts":1659478783,"status":200,"resp_time":0.091514}
{"time":"August 3, 4:08 am","ts":1659479896,"status":200,"resp_time":0.10032}
{"time":"August 3, 4:20 am","ts":1659480630,"status":200,"resp_time":0.128221}
{"time":"August 3, 4:47 am","ts":1659482241,"status":200,"resp_time":0.09081}
{"time":"August 3, 5:05 am","ts":1659483321,"status":200,"resp_time":0.193561}
{"time":"August 3, 5:16 am","ts":1659484000,"status":200,"resp_time":0.178536}
{"time":"August 3, 5:27 am","ts":1659484622,"status":200,"resp_time":0.119347}
{"time":"August 3, 7:40 am","ts":1659492626,"status":200,"resp_time":0.238061}
{"time":"August 3, 9:31 am","ts":1659499289,"status":200,"resp_time":0.254254}
{"time":"August 3, 10:45 am","ts":1659503735,"status":200,"resp_time":0.209812}
{"time":"August 3, 11:20 am","ts":1659505817,"status":200,"resp_time":0.226949}
{"time":"August 3, 11:50 am","ts":1659507650,"status":200,"resp_time":0.252943}
{"time":"August 3, 12:16 pm","ts":1659509219,"status":200,"resp_time":0.205571}
{"time":"August 3, 12:27 pm","ts":1659509841,"status":200,"resp_time":0.195563}
{"time":"August 3, 12:50 pm","ts":1659511231,"status":200,"resp_time":0.062147}
{"time":"August 3, 1:07 pm","ts":1659512278,"status":200,"resp_time":0.389572}
{"time":"August 3, 1:18 pm","ts":1659512891,"status":200,"resp_time":0.064363}
{"time":"August 3, 1:28 pm","ts":1659513510,"status":200,"resp_time":0.110071}
