{"time":"July 28, 7:29 pm","ts":1659016798,"status":200,"resp_time":0.301862}
{"time":"July 28, 7:58 pm","ts":1659018501,"status":200,"resp_time":0.175982}
{"time":"July 28, 8:13 pm","ts":1659019420,"status":200,"resp_time":0.169544}
{"time":"July 28, 8:25 pm","ts":1659020127,"status":200,"resp_time":0.196132}
{"time":"July 28, 8:48 pm","ts":1659021487,"status":200,"resp_time":0.168956}
{"time":"July 28, 9:09 pm","ts":1659022787,"status":200,"resp_time":0.102497}
{"time":"July 28, 9:23 pm","ts":1659023584,"status":200,"resp_time":0.197218}
{"time":"July 28, 9:58 pm","ts":1659025707,"status":200,"resp_time":0.308844}
{"time":"July 28, 10:34 pm","ts":1659027858,"status":200,"resp_time":0.081966}
{"time":"July 28, 11:05 pm","ts":1659029758,"status":200,"resp_time":0.168035}
{"time":"July 28, 11:20 pm","ts":1659030632,"status":200,"resp_time":0.108978}
{"time":"July 28, 11:52 pm","ts":1659032569,"status":200,"resp_time":0.244086}
{"time":"July 29, 12:19 am","ts":1659034143,"status":200,"resp_time":0.211319}
{"time":"July 29, 12:29 am","ts":1659034760,"status":200,"resp_time":0.283378}
{"time":"July 29, 12:49 am","ts":1659035961,"status":200,"resp_time":0.096156}
{"time":"July 29, 12:59 am","ts":1659036583,"status":200,"resp_time":0.201891}
{"time":"July 29, 1:10 am","ts":1659037200,"status":200,"resp_time":0.243971}
{"time":"July 29, 1:20 am","ts":1659037821,"status":200,"resp_time":0.178288}
{"time":"July 29, 1:49 am","ts":1659039555,"status":200,"resp_time":0.220842}
{"time":"July 29, 2:07 am","ts":1659040635,"status":200,"resp_time":0.206642}
{"time":"July 29, 2:18 am","ts":1659041310,"status":200,"resp_time":0.232887}
{"time":"July 29, 2:28 am","ts":1659041925,"status":200,"resp_time":0.229337}
{"time":"July 29, 2:51 am","ts":1659043297,"status":200,"resp_time":0.136383}
{"time":"July 29, 3:08 am","ts":1659044331,"status":200,"resp_time":0.089418}
{"time":"July 29, 3:19 am","ts":1659044975,"status":200,"resp_time":0.208295}
{"time":"July 29, 3:29 am","ts":1659045591,"status":200,"resp_time":0.09006}
{"time":"July 29, 3:54 am","ts":1659047049,"status":200,"resp_time":0.114273}
{"time":"July 29, 4:09 am","ts":1659047972,"status":200,"resp_time":0.217071}
{"time":"July 29, 4:19 am","ts":1659048589,"status":200,"resp_time":0.284041}
{"time":"July 29, 4:30 am","ts":1659049211,"status":200,"resp_time":0.186524}
{"time":"July 29, 4:56 am","ts":1659050804,"status":200,"resp_time":0.210986}
{"time":"July 29, 5:11 am","ts":1659051713,"status":200,"resp_time":0.108969}
{"time":"July 29, 5:25 am","ts":1659052527,"status":200,"resp_time":0.089585}
{"time":"July 29, 7:27 am","ts":1659059823,"status":200,"resp_time":0.210753}
{"time":"July 29, 9:23 am","ts":1659066783,"status":200,"resp_time":0.208808}
{"time":"July 29, 10:19 am","ts":1659070197,"status":200,"resp_time":0.300172}
{"time":"July 29, 10:49 am","ts":1659071977,"status":200,"resp_time":0.101499}
{"time":"July 29, 11:13 am","ts":1659073398,"status":200,"resp_time":0.103234}
{"time":"July 29, 11:25 am","ts":1659074125,"status":200,"resp_time":0.13437}
{"time":"July 29, 11:53 am","ts":1659075827,"status":200,"resp_time":0.134494}
{"time":"July 29, 12:18 pm","ts":1659077326,"status":200,"resp_time":0.276862}
{"time":"July 29, 12:28 pm","ts":1659077935,"status":200,"resp_time":0.118143}
{"time":"July 29, 12:52 pm","ts":1659079348,"status":200,"resp_time":0.305048}
{"time":"July 29, 1:07 pm","ts":1659080256,"status":200,"resp_time":0.205057}
{"time":"July 29, 1:18 pm","ts":1659080883,"status":200,"resp_time":0.115461}
{"time":"July 29, 1:28 pm","ts":1659081506,"status":200,"resp_time":0.062847}
{"time":"July 29, 2:00 pm","ts":1659083404,"status":200,"resp_time":0.093792}
{"time":"July 29, 2:18 pm","ts":1659084502,"status":200,"resp_time":0.189735}
{"time":"July 29, 2:28 pm","ts":1659085118,"status":200,"resp_time":0.105518}
{"time":"July 29, 2:54 pm","ts":1659086675,"status":200,"resp_time":0.217436}
{"time":"July 29, 3:11 pm","ts":1659087678,"status":200,"resp_time":0.105346}
{"time":"July 29, 3:25 pm","ts":1659088526,"status":200,"resp_time":0.318099}
{"time":"July 29, 3:50 pm","ts":1659090047,"status":200,"resp_time":0.098359}
{"time":"July 29, 4:14 pm","ts":1659091491,"status":200,"resp_time":0.093945}
{"time":"July 29, 4:25 pm","ts":1659092131,"status":200,"resp_time":0.238445}
{"time":"July 29, 4:44 pm","ts":1659093298,"status":200,"resp_time":0.252917}
{"time":"July 29, 4:59 pm","ts":1659094185,"status":200,"resp_time":0.312557}
{"time":"July 29, 5:10 pm","ts":1659094823,"status":200,"resp_time":0.07511}
{"time":"July 29, 5:25 pm","ts":1659095746,"status":200,"resp_time":0.136242}
{"time":"July 29, 6:09 pm","ts":1659098347,"status":200,"resp_time":0.172184}
{"time":"July 29, 6:54 pm","ts":1659101087,"status":200,"resp_time":0.288616}
{"time":"July 29, 7:25 pm","ts":1659102922,"status":503,"resp_time":0.159299}
{"time":"July 29, 7:45 pm","ts":1659104109,"status":503,"resp_time":0.183639}
{"time":"July 29, 8:00 pm","ts":1659105040,"status":503,"resp_time":0.190493}
{"time":"July 29, 8:15 pm","ts":1659105931,"status":200,"resp_time":0.194655}
{"time":"July 29, 8:26 pm","ts":1659106568,"status":200,"resp_time":0.217302}
{"time":"July 29, 8:54 pm","ts":1659108261,"status":503,"resp_time":0.192301}
{"time":"July 29, 9:16 pm","ts":1659109589,"status":503,"resp_time":0.119688}
{"time":"July 29, 9:27 pm","ts":1659110221,"status":200,"resp_time":0.065927}
{"time":"July 29, 10:02 pm","ts":1659112345,"status":200,"resp_time":0.093421}
{"time":"July 29, 10:30 pm","ts":1659114050,"status":200,"resp_time":0.111297}
{"time":"July 29, 11:01 pm","ts":1659115914,"status":200,"resp_time":0.090926}
{"time":"July 29, 11:17 pm","ts":1659116876,"status":200,"resp_time":0.221906}
{"time":"July 29, 11:28 pm","ts":1659117495,"status":200,"resp_time":0.279096}
{"time":"July 30, 12:01 am","ts":1659119474,"status":200,"resp_time":0.184814}
{"time":"July 30, 12:23 am","ts":1659120805,"status":200,"resp_time":0.263861}
{"time":"July 30, 12:43 am","ts":1659122031,"status":200,"resp_time":0.237892}
{"time":"July 30, 12:57 am","ts":1659122837,"status":200,"resp_time":0.112649}
{"time":"July 30, 1:08 am","ts":1659123509,"status":200,"resp_time":0.207546}
{"time":"July 30, 1:18 am","ts":1659124122,"status":200,"resp_time":0.16862}
{"time":"July 30, 1:29 am","ts":1659124749,"status":200,"resp_time":0.234868}
{"time":"July 30, 1:57 am","ts":1659126452,"status":200,"resp_time":0.310676}
{"time":"July 30, 2:13 am","ts":1659127407,"status":200,"resp_time":0.200169}
{"time":"July 30, 2:25 am","ts":1659128135,"status":200,"resp_time":0.302661}
{"time":"July 30, 2:45 am","ts":1659129341,"status":200,"resp_time":0.349517}
{"time":"July 30, 3:01 am","ts":1659130287,"status":200,"resp_time":0.142276}
{"time":"July 30, 3:15 am","ts":1659131131,"status":200,"resp_time":0.183926}
{"time":"July 30, 3:25 am","ts":1659131759,"status":200,"resp_time":0.125971}
{"time":"July 30, 3:48 am","ts":1659133128,"status":200,"resp_time":0.198098}
{"time":"July 30, 4:05 am","ts":1659134149,"status":200,"resp_time":0.381524}
{"time":"July 30, 4:16 am","ts":1659134788,"status":200,"resp_time":0.219102}
{"time":"July 30, 4:26 am","ts":1659135413,"status":200,"resp_time":0.098253}
