{"time":"August 12, 1:09 am","ts":1660246747,"status":200,"resp_time":0.115236}
{"time":"August 12, 1:19 am","ts":1660247368,"status":200,"resp_time":0.301183}
{"time":"August 12, 1:29 am","ts":1660247995,"status":200,"resp_time":0.191631}
{"time":"August 12, 1:55 am","ts":1660249524,"status":200,"resp_time":0.112032}
{"time":"August 12, 2:10 am","ts":1660250434,"status":200,"resp_time":0.168253}
{"time":"August 12, 2:25 am","ts":1660251334,"status":200,"resp_time":0.108464}
{"time":"August 12, 2:46 am","ts":1660252583,"status":200,"resp_time":0.28203}
{"time":"August 12, 3:03 am","ts":1660253589,"status":200,"resp_time":0.191301}
{"time":"August 12, 3:16 am","ts":1660254369,"status":200,"resp_time":0.114215}
{"time":"August 12, 3:26 am","ts":1660254986,"status":200,"resp_time":0.186791}
{"time":"August 12, 3:49 am","ts":1660256368,"status":200,"resp_time":0.09834}
{"time":"August 12, 4:05 am","ts":1660257345,"status":200,"resp_time":0.203349}
{"time":"August 12, 4:16 am","ts":1660257999,"status":200,"resp_time":2.116791}
{"time":"August 12, 4:27 am","ts":1660258629,"status":200,"resp_time":0.104696}
{"time":"August 12, 4:52 am","ts":1660260133,"status":200,"resp_time":0.222722}
{"time":"August 12, 5:09 am","ts":1660261197,"status":200,"resp_time":0.309748}
{"time":"August 12, 5:20 am","ts":1660261816,"status":200,"resp_time":0.123262}
{"time":"August 12, 7:10 am","ts":1660268414,"status":200,"resp_time":0.215644}
{"time":"August 12, 8:50 am","ts":1660274452,"status":200,"resp_time":0.216942}
{"time":"August 12, 9:36 am","ts":1660277213,"status":200,"resp_time":0.068455}
{"time":"August 12, 10:16 am","ts":1660279610,"status":200,"resp_time":0.22711}
{"time":"August 12, 10:34 am","ts":1660280684,"status":200,"resp_time":0.218383}
{"time":"August 12, 10:58 am","ts":1660282093,"status":200,"resp_time":0.288937}
{"time":"August 12, 11:12 am","ts":1660282933,"status":200,"resp_time":0.242264}
{"time":"August 12, 11:25 am","ts":1660283728,"status":200,"resp_time":0.273772}
{"time":"August 12, 11:53 am","ts":1660285383,"status":200,"resp_time":0.116602}
{"time":"August 12, 12:18 pm","ts":1660286918,"status":200,"resp_time":0.05895}
{"time":"August 12, 12:29 pm","ts":1660287544,"status":200,"resp_time":0.093778}
{"time":"August 12, 12:52 pm","ts":1660288966,"status":200,"resp_time":0.219771}
{"time":"August 12, 1:08 pm","ts":1660289881,"status":200,"resp_time":0.146853}
{"time":"August 12, 1:18 pm","ts":1660290499,"status":200,"resp_time":0.259223}
{"time":"August 12, 1:28 pm","ts":1660291127,"status":200,"resp_time":0.265898}
{"time":"August 12, 2:00 pm","ts":1660293012,"status":200,"resp_time":0.182833}
{"time":"August 12, 2:21 pm","ts":1660294269,"status":200,"resp_time":0.351314}
{"time":"August 12, 2:46 pm","ts":1660295790,"status":200,"resp_time":0.185363}
{"time":"August 12, 3:04 pm","ts":1660296841,"status":200,"resp_time":0.101353}
{"time":"August 12, 3:16 pm","ts":1660297617,"status":200,"resp_time":0.238297}
{"time":"August 12, 3:27 pm","ts":1660298243,"status":200,"resp_time":0.282871}
{"time":"August 12, 3:57 pm","ts":1660300067,"status":200,"resp_time":0.233145}
{"time":"August 12, 4:16 pm","ts":1660301197,"status":200,"resp_time":0.104886}
{"time":"August 12, 4:26 pm","ts":1660301809,"status":200,"resp_time":0.227417}
{"time":"August 12, 4:48 pm","ts":1660303080,"status":200,"resp_time":0.311587}
{"time":"August 12, 5:00 pm","ts":1660303820,"status":200,"resp_time":0.239471}
{"time":"August 12, 5:15 pm","ts":1660304736,"status":200,"resp_time":0.209144}
{"time":"August 12, 5:25 pm","ts":1660305355,"status":200,"resp_time":0.27084}
{"time":"August 12, 6:05 pm","ts":1660307727,"status":200,"resp_time":0.13052}
{"time":"August 12, 6:55 pm","ts":1660310724,"status":200,"resp_time":0.290506}
{"time":"August 12, 7:26 pm","ts":1660312584,"status":200,"resp_time":0.182737}
{"time":"August 12, 7:48 pm","ts":1660313899,"status":200,"resp_time":0.073717}
{"time":"August 12, 8:03 pm","ts":1660314806,"status":200,"resp_time":0.079679}
{"time":"August 12, 8:16 pm","ts":1660315601,"status":200,"resp_time":0.213523}
{"time":"August 12, 8:27 pm","ts":1660316236,"status":200,"resp_time":0.324738}
{"time":"August 12, 8:55 pm","ts":1660317923,"status":200,"resp_time":0.072865}
{"time":"August 12, 9:15 pm","ts":1660319139,"status":200,"resp_time":0.232154}
{"time":"August 12, 9:26 pm","ts":1660319819,"status":200,"resp_time":0.278187}
{"time":"August 12, 10:05 pm","ts":1660322142,"status":200,"resp_time":0.174373}
{"time":"August 12, 10:36 pm","ts":1660323960,"status":200,"resp_time":0.474912}
{"time":"August 12, 11:03 pm","ts":1660325612,"status":200,"resp_time":0.065736}
{"time":"August 12, 11:19 pm","ts":1660326545,"status":200,"resp_time":0.344918}
{"time":"August 12, 11:29 pm","ts":1660327163,"status":200,"resp_time":0.51638}
{"time":"August 13, 12:00 am","ts":1660329023,"status":200,"resp_time":0.112948}
{"time":"August 13, 12:22 am","ts":1660330367,"status":200,"resp_time":0.144122}
{"time":"August 13, 12:43 am","ts":1660331622,"status":200,"resp_time":0.107168}
{"time":"August 13, 12:57 am","ts":1660332444,"status":200,"resp_time":0.21445}
{"time":"August 13, 1:08 am","ts":1660333126,"status":200,"resp_time":0.185109}
{"time":"August 13, 1:19 am","ts":1660333750,"status":200,"resp_time":0.075399}
{"time":"August 13, 1:29 am","ts":1660334375,"status":200,"resp_time":0.183292}
{"time":"August 13, 1:55 am","ts":1660335916,"status":200,"resp_time":0.21851}
{"time":"August 13, 2:10 am","ts":1660336815,"status":200,"resp_time":0.201044}
{"time":"August 13, 2:25 am","ts":1660337727,"status":200,"resp_time":0.213197}
{"time":"August 13, 2:45 am","ts":1660338950,"status":200,"resp_time":0.126897}
{"time":"August 13, 3:01 am","ts":1660339902,"status":200,"resp_time":0.103233}
{"time":"August 13, 3:15 am","ts":1660340728,"status":200,"resp_time":0.108209}
{"time":"August 13, 3:25 am","ts":1660341350,"status":200,"resp_time":0.088822}
{"time":"August 13, 3:49 am","ts":1660342769,"status":200,"resp_time":0.311914}
{"time":"August 13, 4:07 am","ts":1660343826,"status":200,"resp_time":0.220504}
{"time":"August 13, 4:18 am","ts":1660344487,"status":200,"resp_time":0.210634}
{"time":"August 13, 4:28 am","ts":1660345107,"status":200,"resp_time":0.130302}
{"time":"August 13, 4:53 am","ts":1660346605,"status":200,"resp_time":0.282497}
{"time":"August 13, 5:09 am","ts":1660347561,"status":200,"resp_time":0.114632}
{"time":"August 13, 5:19 am","ts":1660348179,"status":200,"resp_time":0.072499}
{"time":"August 13, 5:30 am","ts":1660348808,"status":200,"resp_time":0.324721}
{"time":"August 13, 7:38 am","ts":1660356524,"status":200,"resp_time":0.106497}
{"time":"August 13, 9:00 am","ts":1660361409,"status":200,"resp_time":0.215111}
{"time":"August 13, 9:30 am","ts":1660363254,"status":200,"resp_time":0.131213}
{"time":"August 13, 10:08 am","ts":1660365517,"status":200,"resp_time":0.101976}
{"time":"August 13, 10:26 am","ts":1660366582,"status":200,"resp_time":0.136481}
{"time":"August 13, 10:47 am","ts":1660367825,"status":200,"resp_time":0.235786}
{"time":"August 13, 11:00 am","ts":1660368655,"status":200,"resp_time":0.18918}
{"time":"August 13, 11:15 am","ts":1660369528,"status":200,"resp_time":0.124835}
{"time":"August 13, 11:25 am","ts":1660370149,"status":200,"resp_time":0.150028}
{"time":"August 13, 11:52 am","ts":1660371747,"status":200,"resp_time":0.322386}
{"time":"August 13, 12:15 pm","ts":1660373149,"status":200,"resp_time":0.147652}
{"time":"August 13, 12:26 pm","ts":1660373772,"status":200,"resp_time":0.210701}
{"time":"August 13, 12:48 pm","ts":1660375094,"status":200,"resp_time":0.109256}
{"time":"August 13, 1:04 pm","ts":1660376060,"status":200,"resp_time":0.132045}
{"time":"August 13, 1:16 pm","ts":1660376796,"status":200,"resp_time":0.204387}
{"time":"August 13, 1:26 pm","ts":1660377417,"status":200,"resp_time":0.206034}
{"time":"August 13, 1:56 pm","ts":1660379181,"status":200,"resp_time":0.167277}
{"time":"August 13, 2:15 pm","ts":1660380310,"status":200,