{"time":"November 14, 3:15 am","ts":1668375939,"status":0,"resp_time":7.000506}
{"time":"November 14, 3:25 am","ts":1668376556,"status":200,"resp_time":0.17844}
{"time":"November 14, 3:48 am","ts":1668377935,"status":200,"resp_time":0.326076}
{"time":"November 14, 4:06 am","ts":1668379012,"status":200,"resp_time":0.259115}
{"time":"November 14, 4:18 am","ts":1668379696,"status":200,"resp_time":0.108354}
{"time":"November 14, 4:28 am","ts":1668380325,"status":200,"resp_time":0.210945}
{"time":"November 14, 4:57 am","ts":1668382024,"status":200,"resp_time":0.129213}
{"time":"November 14, 5:13 am","ts":1668383019,"status":200,"resp_time":0.260218}
{"time":"November 14, 5:25 am","ts":1668383727,"status":200,"resp_time":0.0578}
{"time":"November 14, 7:11 am","ts":1668390080,"status":200,"resp_time":0.220388}
{"time":"November 14, 8:48 am","ts":1668395916,"status":200,"resp_time":0.215318}
{"time":"November 14, 9:37 am","ts":1668398851,"status":200,"resp_time":0.093742}
{"time":"November 14, 10:20 am","ts":1668401456,"status":200,"resp_time":0.365568}
{"time":"November 14, 10:54 am","ts":1668403473,"status":200,"resp_time":0.227678}
{"time":"November 14, 11:14 am","ts":1668404659,"status":200,"resp_time":0.061709}
{"time":"November 14, 11:25 am","ts":1668405332,"status":200,"resp_time":0.081924}
{"time":"November 14, 11:54 am","ts":1668407085,"status":200,"resp_time":0.109709}
{"time":"November 14, 12:18 pm","ts":1668408519,"status":200,"resp_time":0.069701}
{"time":"November 14, 12:29 pm","ts":1668409148,"status":200,"resp_time":3.555826}
{"time":"November 14, 12:53 pm","ts":1668410619,"status":200,"resp_time":0.093032}
{"time":"November 14, 1:08 pm","ts":1668411506,"status":200,"resp_time":0.192588}
{"time":"November 14, 1:19 pm","ts":1668412141,"status":200,"resp_time":0.131709}
{"time":"November 14, 1:29 pm","ts":1668412759,"status":200,"resp_time":0.241327}
{"time":"November 14, 2:04 pm","ts":1668414852,"status":200,"resp_time":0.290749}
{"time":"November 14, 2:23 pm","ts":1668415994,"status":200,"resp_time":0.095962}
{"time":"November 14, 2:48 pm","ts":1668417499,"status":200,"resp_time":0.233972}
{"time":"November 14, 3:07 pm","ts":1668418622,"status":200,"resp_time":0.227729}
{"time":"November 14, 3:19 pm","ts":1668419341,"status":200,"resp_time":0.125371}
{"time":"November 14, 3:29 pm","ts":1668419971,"status":200,"resp_time":0.056454}
{"time":"November 14, 3:59 pm","ts":1668421785,"status":200,"resp_time":0.300328}
{"time":"November 14, 4:17 pm","ts":1668422876,"status":200,"resp_time":0.357145}
{"time":"November 14, 4:28 pm","ts":1668423495,"status":200,"resp_time":0.203767}
{"time":"November 14, 4:51 pm","ts":1668424902,"status":200,"resp_time":6.350824}
{"time":"November 14, 5:08 pm","ts":1668425886,"status":200,"resp_time":0.231297}
{"time":"November 14, 5:18 pm","ts":1668426509,"status":200,"resp_time":0.287445}
{"time":"November 14, 5:28 pm","ts":1668427132,"status":200,"resp_time":3.690193}
{"time":"November 14, 6:29 pm","ts":1668430767,"status":200,"resp_time":0.210845}
{"time":"November 14, 7:23 pm","ts":1668434003,"status":200,"resp_time":0.088615}
{"time":"November 14, 7:50 pm","ts":1668435658,"status":200,"resp_time":0.086863}
{"time":"November 14, 8:12 pm","ts":1668436935,"status":200,"resp_time":0.334232}
{"time":"November 14, 8:25 pm","ts":1668437728,"status":200,"resp_time":0.25407}
{"time":"November 14, 8:50 pm","ts":1668439237,"status":200,"resp_time":0.236946}
{"time":"November 14, 9:12 pm","ts":1668440569,"status":200,"resp_time":0.126808}
{"time":"November 14, 9:25 pm","ts":1668441326,"status":200,"resp_time":0.123393}
{"time":"November 14, 9:56 pm","ts":1668443202,"status":200,"resp_time":0.201407}
{"time":"November 14, 10:33 pm","ts":1668445403,"status":200,"resp_time":0.126192}
{"time":"November 14, 11:12 pm","ts":1668447766,"status":200,"resp_time":0.060768}
{"time":"November 14, 11:29 pm","ts":1668448742,"status":200,"resp_time":0.184868}
{"time":"November 15, 12:01 am","ts":1668450695,"status":200,"resp_time":0.115976}
{"time":"November 15, 12:23 am","ts":1668451983,"status":200,"resp_time":0.074507}
{"time":"November 15, 12:44 am","ts":1668453258,"status":200,"resp_time":0.073373}
{"time":"November 15, 12:57 am","ts":1668454075,"status":200,"resp_time":0.081326}
{"time":"November 15, 1:09 am","ts":1668454766,"status":200,"resp_time":0.103668}
{"time":"November 15, 1:19 am","ts":1668455383,"status":200,"resp_time":0.369269}
{"time":"November 15, 1:29 am","ts":1668455997,"status":200,"resp_time":0.232866}
{"time":"November 15, 1:57 am","ts":1668457626,"status":200,"resp_time":0.232686}
{"time":"November 15, 2:13 am","ts":1668458621,"status":200,"resp_time":0.206113}
{"time":"November 15, 2:25 am","ts":1668459344,"status":200,"resp_time":0.093871}
{"time":"November 15, 2:47 am","ts":1668460644,"status":200,"resp_time":0.08792}
{"time":"November 15, 3:04 am","ts":1668461644,"status":200,"resp_time":0.095088}
{"time":"November 15, 3:27 am","ts":1668463031,"status":200,"resp_time":3.5677}
{"time":"November 15, 3:57 am","ts":1668464857,"status":200,"resp_time":0.208037}
{"time":"November 15, 4:15 am","ts":1668465942,"status":200,"resp_time":0.162673}
{"time":"November 15, 4:26 am","ts":1668466560,"status":200,"resp_time":0.111012}
{"time":"November 15, 4:49 am","ts":1668467958,"status":200,"resp_time":0.097868}
{"time":"November 15, 5:04 am","ts":1668468892,"status":200,"resp_time":0.134276}
{"time":"November 15, 5:16 am","ts":1668469579,"status":200,"resp_time":0.109722}
{"time":"November 15, 5:26 am","ts":1668470202,"status":200,"resp_time":0.100671}
{"time":"November 15, 7:21 am","ts":1668477118,"status":200,"resp_time":0.087638}
{"time":"November 15, 8:44 am","ts":1668482042,"status":200,"resp_time":0.185971}
{"time":"November 15, 9:24 am","ts":1668484494,"status":200,"resp_time":0.109221}
{"time":"November 15, 9:55 am","ts":1668486335,"status":200,"resp_time":0.106319}
{"time":"November 15, 10:18 am","ts":1668487726,"status":200,"resp_time":0.277242}
{"time":"November 15, 10:29 am","ts":1668488344,"status":200,"resp_time":0.290201}
{"time":"November 15, 10:52 am","ts":1668489735,"status":200,"resp_time":0.088776}
{"time":"November 15, 11:07 am","ts":1668490672,"status":200,"resp_time":0.085118}
{"time":"November 15, 11:18 am","ts":1668491305,"status":200,"resp_time":0.115089}
{"time":"November 15, 11:28 am","ts":1668491927,"status":200,"resp_time":0.083624}
{"time":"November 15, 11:59 am","ts":1668493777,"status":200,"resp_time":0.092602}
{"time":"November 15, 12:17 pm","ts":1668494867,"status":200,"resp_time":0.308944}
{"time":"November 15, 12:28 pm","ts":1668495486,"status":200,"resp_time":0.273038}
{"time":"November 15, 12:51 pm","ts":1668496882,"status":200,"resp_time":0.239904}
{"time":"November 15, 1:06 pm","ts":1668497789,"status":200,"resp_time":0.238554}
{"time":"November 15, 1:16 pm","ts":1668498402,"status":200,"resp_time":0.084484}
{"time":"November 15, 1:27 pm","ts":1668499026,"status":200,"resp_time":0.190141}
{"time":"November 15, 1:59 pm","ts":1668500975,"status":200,"resp_time":0.288344}
{"time":"November 15, 2:18 pm","ts":1668502104,"status":200,"resp_time":0.221763}
{"time":"November 15, 2:28 pm","ts":1668502731,"status":200,"resp_time":0.104854}
{"time":"November 15, 2:53 pm","ts":1668504234,"status":200,"resp_time":3.598559}
{"time":"November 15, 3:09 pm","ts":1668505171,"status":200,"resp_time":0.282825}
{"time":"November 15, 3:19 pm","ts":1668505799,"status":200,"resp_time":0.382444}
{"time":"November 15, 3:30 pm","ts":1668506425,"status":200,"resp_time":0.105503}
{"time":"November 15, 4:00 pm","ts":1668508229,"status":200,"resp_time":0.21431}
{"time":"November 15, 4:17 pm","ts":1668509239,"status":200,"resp_time":0.319936}
{"time":"November 15, 4:27 pm","ts":1668509873,"status":200,"resp_time":0.21921}
{"time":"November 15, 4:48 pm","ts":1668511118,"status":200,"resp_time":0.10624}
{"time":"November 15, 4:59 pm","ts":1668511769,"status":200,"resp_time":0.054741}
