{"time":"July 26, 3:02 am","ts":1658784727,"status":200,"resp_time":0.203449}
{"time":"July 26, 3:15 am","ts":1658785538,"status":200,"resp_time":0.173957}
{"time":"July 26, 3:25 am","ts":1658786155,"status":200,"resp_time":0.413386}
{"time":"July 26, 3:47 am","ts":1658787462,"status":200,"resp_time":0.063497}
{"time":"July 26, 4:04 am","ts":1658788464,"status":200,"resp_time":0.231358}
{"time":"July 26, 4:15 am","ts":1658789133,"status":200,"resp_time":0.199281}
{"time":"July 26, 4:25 am","ts":1658789748,"status":200,"resp_time":0.17095}
{"time":"July 26, 4:49 am","ts":1658791145,"status":200,"resp_time":0.09238}
{"time":"July 26, 5:05 am","ts":1658792133,"status":200,"resp_time":0.093674}
{"time":"July 26, 5:16 am","ts":1658792810,"status":200,"resp_time":0.174153}
{"time":"July 26, 5:27 am","ts":1658793441,"status":200,"resp_time":0.172107}
{"time":"July 26, 7:57 am","ts":1658802440,"status":200,"resp_time":0.108169}
{"time":"July 26, 9:45 am","ts":1658808940,"status":200,"resp_time":0.344295}
{"time":"July 26, 10:48 am","ts":1658812718,"status":200,"resp_time":0.069854}
{"time":"July 26, 11:21 am","ts":1658814690,"status":200,"resp_time":0.29233}
{"time":"July 26, 11:52 am","ts":1658816577,"status":200,"resp_time":0.503943}
{"time":"July 26, 12:19 pm","ts":1658818153,"status":200,"resp_time":0.151713}
{"time":"July 26, 12:29 pm","ts":1658818770,"status":200,"resp_time":0.22542}
{"time":"July 26, 12:53 pm","ts":1658820199,"status":200,"resp_time":0.087254}
{"time":"July 26, 1:07 pm","ts":1658821074,"status":200,"resp_time":0.345487}
{"time":"July 26, 1:18 pm","ts":1658821688,"status":200,"resp_time":0.213089}
{"time":"July 26, 1:28 pm","ts":1658822312,"status":200,"resp_time":0.183388}
{"time":"July 26, 1:59 pm","ts":1658824166,"status":200,"resp_time":0.29897}
{"time":"July 26, 2:17 pm","ts":1658825220,"status":200,"resp_time":0.207706}
{"time":"July 26, 2:27 pm","ts":1658825836,"status":200,"resp_time":0.203199}
{"time":"July 26, 2:53 pm","ts":1658827387,"status":200,"resp_time":0.286497}
{"time":"July 26, 3:10 pm","ts":1658828404,"status":200,"resp_time":0.158003}
{"time":"July 26, 3:20 pm","ts":1658829027,"status":200,"resp_time":0.286084}
{"time":"July 26, 3:50 pm","ts":1658830841,"status":200,"resp_time":0.132777}
{"time":"July 26, 4:14 pm","ts":1658832275,"status":200,"resp_time":0.213332}
{"time":"July 26, 4:25 pm","ts":1658832932,"status":200,"resp_time":0.239862}
{"time":"July 26, 4:45 pm","ts":1658834114,"status":200,"resp_time":0.22021}
{"time":"July 26, 4:59 pm","ts":1658834999,"status":200,"resp_time":0.229408}
{"time":"July 26, 5:11 pm","ts":1658835662,"status":200,"resp_time":0.239253}
{"time":"July 26, 5:25 pm","ts":1658836536,"status":200,"resp_time":0.247111}
{"time":"July 26, 6:06 pm","ts":1658839009,"status":200,"resp_time":0.217579}
{"time":"July 26, 6:54 pm","ts":1658841898,"status":200,"resp_time":0.302752}
{"time":"July 26, 7:25 pm","ts":1658843750,"status":200,"resp_time":0.306492}
{"time":"July 26, 7:46 pm","ts":1658844986,"status":200,"resp_time":0.242864}
{"time":"July 26, 8:01 pm","ts":1658845882,"status":200,"resp_time":0.1227}
{"time":"July 26, 8:15 pm","ts":1658846729,"status":200,"resp_time":0.098661}
{"time":"July 26, 8:25 pm","ts":1658847350,"status":200,"resp_time":0.169873}
{"time":"July 26, 8:51 pm","ts":1658848875,"status":200,"resp_time":0.088343}
{"time":"July 26, 9:15 pm","ts":1658850355,"status":200,"resp_time":0.290331}
{"time":"July 26, 9:26 pm","ts":1658850994,"status":200,"resp_time":0.093705}
{"time":"July 26, 10:00 pm","ts":1658853000,"status":200,"resp_time":0.101626}
{"time":"July 26, 10:28 pm","ts":1658854719,"status":200,"resp_time":0.056493}
{"time":"July 26, 10:56 pm","ts":1658856404,"status":200,"resp_time":0.060827}
{"time":"July 26, 11:13 pm","ts":1658857436,"status":200,"resp_time":0.197822}
{"time":"July 26, 11:25 pm","ts":1658858143,"status":200,"resp_time":0.198878}
{"time":"July 26, 11:52 pm","ts":1658859744,"status":200,"resp_time":0.298511}
{"time":"July 27, 12:17 am","ts":1658861237,"status":200,"resp_time":0.115307}
{"time":"July 27, 12:28 am","ts":1658861903,"status":200,"resp_time":0.084433}
{"time":"July 27, 12:49 am","ts":1658863193,"status":200,"resp_time":0.236207}
{"time":"July 27, 1:00 am","ts":1658863822,"status":200,"resp_time":0.091275}
{"time":"July 27, 1:15 am","ts":1658864728,"status":200,"resp_time":0.293497}
{"time":"July 27, 1:26 am","ts":1658865362,"status":200,"resp_time":0.175677}
{"time":"July 27, 1:49 am","ts":1658866798,"status":200,"resp_time":0.102753}
{"time":"July 27, 2:05 am","ts":1658867723,"status":200,"resp_time":0.275893}
{"time":"July 27, 2:16 am","ts":1658868418,"status":200,"resp_time":0.278935}
{"time":"July 27, 2:27 am","ts":1658869039,"status":200,"resp_time":0.199846}
{"time":"July 27, 2:49 am","ts":1658870342,"status":200,"resp_time":0.08944}
{"time":"July 27, 3:02 am","ts":1658871173,"status":200,"resp_time":0.232683}
{"time":"July 27, 3:15 am","ts":1658871927,"status":200,"resp_time":0.151758}
{"time":"July 27, 3:25 am","ts":1658872559,"status":200,"resp_time":0.113171}
{"time":"July 27, 3:50 am","ts":1658874027,"status":200,"resp_time":0.244356}
{"time":"July 27, 4:11 am","ts":1658875266,"status":200,"resp_time":0.315676}
{"time":"July 27, 4:25 am","ts":1658876134,"status":200,"resp_time":0.29324}
{"time":"July 27, 4:47 am","ts":1658877425,"status":200,"resp_time":0.294592}
{"time":"July 27, 5:03 am","ts":1658878394,"status":200,"resp_time":0.218685}
{"time":"July 27, 5:15 am","ts":1658879151,"status":200,"resp_time":0.264735}
{"time":"July 27, 5:26 am","ts":1658879788,"status":200,"resp_time":0.06191}
{"time":"July 27, 7:34 am","ts":1658887489,"status":200,"resp_time":0.219923}
{"time":"July 27, 9:24 am","ts":1658894041,"status":200,"resp_time":0.083175}
{"time":"July 27, 10:23 am","ts":1658897589,"status":200,"resp_time":0.180565}
{"time":"July 27, 11:01 am","ts":1658899907,"status":200,"resp_time":0.129852}
{"time":"July 27, 11:21 am","ts":1658901098,"status":200,"resp_time":0.286061}
{"time":"July 27, 11:52 am","ts":1658902933,"status":200,"resp_time":0.101282}
{"time":"July 27, 12:17 pm","ts":1658904470,"status":200,"resp_time":0.206282}
{"time":"July 27, 12:28 pm","ts":1658905090,"status":200,"resp_time":0.291604}
{"time":"July 27, 12:53 pm","ts":1658906630,"status":200,"resp_time":0.087129}
{"time":"July 27, 1:10 pm","ts":1658907618,"status":200,"resp_time":0.279425}
{"time":"July 27, 1:25 pm","ts":1658908536,"status":200,"resp_time":0.211628}
{"time":"July 27, 1:53 pm","ts":1658910233,"status":200,"resp_time":0.060434}
{"time":"July 27, 2:16 pm","ts":1658911567,"status":200,"resp_time":0.198657}
{"time":"July 27, 2:26 pm","ts":1658912208,"status":200,"resp_time":0.229526}
{"time":"July 27, 2:50 pm","ts":1658913618,"status":200,"resp_time":0.304299}
{"time":"July 27, 3:10 pm","ts":1658914810,"status":200,"resp_time":0.294936}
{"time":"July 27, 3:20 pm","ts":1658915423,"status":200,"resp_time":0.121377}
{"time":"July 27, 3:51 pm","ts":1658917264,"status":200,"resp_time":0.211331}
{"time":"July 27, 4:14 pm","ts":1658918661,"status":200,"resp_time":0.118748}
{"time":"July 27, 4:25 pm","ts":1658919331,"status":200,"resp_time":0.180776}
{"time":"July 27, 4:45 pm","ts":1658920506,"status":200,"resp_time":0.240558}
{"time":"July 27, 4:59 pm","ts":1658921385,"status":200,"resp_time":0.136334}
{"time":"July 27, 5:10 pm","ts":1658922041,"status":200,"resp_time":0.101365}
{"time":"July 27, 5:25 pm","ts":1658922950,"status":200,"resp_time":0.330554}
{"time":"July 27, 6:12 pm","ts":1658925731,"status":200,"resp_time":0.234494}
{"time":"July 27, 7:01 pm","ts":1658928704,"status":200,"resp_time":0.286762}
{"time":"July 27, 7:31 pm","ts":1658930502,"status":200,"resp_time":0.21126}
{"time":"July 27, 7:57 pm","ts":1658932028,"status":200,"resp_time":0.061632}
