{"time":"October 11, 5:21 pm","ts":1665489068,"status":200,"resp_time":0.103692}
{"time":"October 11, 6:12 pm","ts":1665492148,"status":200,"resp_time":0.179645}
{"time":"October 11, 7:12 pm","ts":1665495755,"status":200,"resp_time":0.05352}
{"time":"October 11, 7:51 pm","ts":1665498115,"status":200,"resp_time":0.161564}
{"time":"October 11, 8:23 pm","ts":1665499995,"status":200,"resp_time":0.270442}
{"time":"October 11, 8:53 pm","ts":1665501836,"status":200,"resp_time":0.229192}
{"time":"October 11, 9:22 pm","ts":1665503529,"status":200,"resp_time":0.0581}
{"time":"October 11, 10:01 pm","ts":1665505914,"status":200,"resp_time":0.056895}
{"time":"October 11, 10:44 pm","ts":1665508489,"status":200,"resp_time":0.084212}
{"time":"October 11, 11:18 pm","ts":1665510499,"status":200,"resp_time":0.086014}
{"time":"October 11, 11:39 pm","ts":1665511758,"status":200,"resp_time":0.173717}
{"time":"October 12, 12:17 am","ts":1665514026,"status":200,"resp_time":0.069789}
{"time":"October 12, 12:39 am","ts":1665515358,"status":200,"resp_time":0.085589}
{"time":"October 12, 1:03 am","ts":1665516792,"status":200,"resp_time":0.320157}
{"time":"October 12, 1:20 am","ts":1665517803,"status":200,"resp_time":0.319437}
{"time":"October 12, 1:30 am","ts":1665518434,"status":200,"resp_time":0.202968}
{"time":"October 12, 2:06 am","ts":1665520595,"status":200,"resp_time":0.062871}
{"time":"October 12, 2:26 am","ts":1665521780,"status":200,"resp_time":0.112034}
{"time":"October 12, 2:53 am","ts":1665523426,"status":200,"resp_time":0.210964}
{"time":"October 12, 3:16 am","ts":1665524815,"status":200,"resp_time":0.280079}
{"time":"October 12, 3:28 am","ts":1665525522,"status":200,"resp_time":0.391307}
{"time":"October 12, 4:00 am","ts":1665527456,"status":200,"resp_time":0.326537}
{"time":"October 12, 4:25 am","ts":1665528934,"status":200,"resp_time":0.075286}
{"time":"October 12, 4:57 am","ts":1665530833,"status":200,"resp_time":0.138213}
{"time":"October 12, 5:24 am","ts":1665532453,"status":200,"resp_time":0.231153}
{"time":"October 12, 7:40 am","ts":1665540608,"status":200,"resp_time":0.09562}
{"time":"October 12, 9:42 am","ts":1665547928,"status":200,"resp_time":0.131557}
{"time":"October 12, 10:54 am","ts":1665552282,"status":200,"resp_time":0.244358}
{"time":"October 12, 11:32 am","ts":1665554570,"status":200,"resp_time":0.268713}
{"time":"October 12, 12:19 pm","ts":1665557361,"status":200,"resp_time":0.190655}
{"time":"October 12, 12:46 pm","ts":1665559004,"status":200,"resp_time":0.320993}
{"time":"October 12, 1:15 pm","ts":1665560731,"status":200,"resp_time":0.095862}
{"time":"October 12, 1:29 pm","ts":1665561540,"status":200,"resp_time":0.325492}
{"time":"October 12, 2:06 pm","ts":1665563810,"status":200,"resp_time":0.101919}
{"time":"October 12, 2:30 pm","ts":1665565231,"status":200,"resp_time":0.249348}
{"time":"October 12, 3:07 pm","ts":1665567465,"status":200,"resp_time":0.273852}
{"time":"October 12, 3:28 pm","ts":1665568693,"status":200,"resp_time":0.13192}
{"time":"October 12, 4:03 pm","ts":1665570806,"status":200,"resp_time":0.074201}
{"time":"October 12, 4:27 pm","ts":1665572228,"status":200,"resp_time":0.252299}
{"time":"October 12, 4:54 pm","ts":1665573897,"status":200,"resp_time":0.369009}
{"time":"October 12, 5:13 pm","ts":1665575028,"status":200,"resp_time":0.162828}
{"time":"October 12, 5:26 pm","ts":1665575779,"status":200,"resp_time":0.103722}
{"time":"October 12, 6:19 pm","ts":1665578969,"status":200,"resp_time":0.1866}
{"time":"October 12, 7:12 pm","ts":1665582177,"status":200,"resp_time":0.066124}
{"time":"October 12, 7:58 pm","ts":1665584898,"status":200,"resp_time":0.258789}
{"time":"October 12, 8:28 pm","ts":1665586715,"status":200,"resp_time":0.174477}
{"time":"October 12, 9:05 pm","ts":1665588922,"status":200,"resp_time":0.175707}
{"time":"October 12, 9:31 pm","ts":1665590492,"status":200,"resp_time":0.116822}
{"time":"October 12, 10:30 pm","ts":1665594037,"status":200,"resp_time":0.192124}
{"time":"October 12, 11:22 pm","ts":1665597128,"status":200,"resp_time":0.19559}
{"time":"October 12, 11:59 pm","ts":1665599395,"status":200,"resp_time":0.159335}
{"time":"October 13, 12:31 am","ts":1665601271,"status":200,"resp_time":0.175979}
{"time":"October 13, 1:02 am","ts":1665603147,"status":200,"resp_time":0.288424}
{"time":"October 13, 1:20 am","ts":1665604242,"status":200,"resp_time":0.215991}
{"time":"October 13, 1:53 am","ts":1665606211,"status":200,"resp_time":0.277878}
{"time":"October 13, 2:19 am","ts":1665607756,"status":200,"resp_time":0.105966}
{"time":"October 13, 2:35 am","ts":1665608707,"status":200,"resp_time":0.073007}
{"time":"October 13, 3:02 am","ts":1665610326,"status":200,"resp_time":0.092135}
{"time":"October 13, 3:22 am","ts":1665611568,"status":200,"resp_time":0.277952}
{"time":"October 13, 3:50 am","ts":1665613237,"status":200,"resp_time":0.221905}
{"time":"October 13, 4:17 am","ts":1665614855,"status":200,"resp_time":0.217915}
{"time":"October 13, 4:29 am","ts":1665615555,"status":200,"resp_time":0.207724}
{"time":"October 13, 5:04 am","ts":1665617657,"status":200,"resp_time":0.333976}
{"time":"October 13, 5:26 am","ts":1665618999,"status":200,"resp_time":0.091422}
{"time":"October 13, 7:56 am","ts":1665628003,"status":200,"resp_time":0.102411}
{"time":"October 13, 9:57 am","ts":1665635227,"status":200,"resp_time":0.055698}
{"time":"October 13, 11:18 am","ts":1665640085,"status":200,"resp_time":0.145126}
{"time":"October 13, 12:00 pm","ts":1665642636,"status":200,"resp_time":0.28201}
{"time":"October 13, 12:50 pm","ts":1665645624,"status":200,"resp_time":0.200828}
{"time":"October 13, 1:23 pm","ts":1665647588,"status":200,"resp_time":0.242028}
{"time":"October 13, 1:57 pm","ts":1665649646,"status":200,"resp_time":0.200889}
{"time":"October 13, 2:26 pm","ts":1665651400,"status":200,"resp_time":0.113363}
{"time":"October 13, 2:58 pm","ts":1665653299,"status":200,"resp_time":0.211499}
{"time":"October 13, 3:22 pm","ts":1665654756,"status":200,"resp_time":0.059571}
{"time":"October 13, 3:53 pm","ts":1665656591,"status":200,"resp_time":0.328735}
{"time":"October 13, 4:20 pm","ts":1665658230,"status":200,"resp_time":0.305718}
{"time":"October 13, 4:47 pm","ts":1665659879,"status":200,"resp_time":0.17219}
{"time":"October 13, 5:08 pm","ts":1665661094,"status":200,"resp_time":0.228543}
{"time":"October 13, 5:21 pm","ts":1665661895,"status":200,"resp_time":0.286268}
{"time":"October 13, 6:14 pm","ts":1665665080,"status":200,"resp_time":0.152979}
{"time":"October 13, 7:14 pm","ts":1665668690,"status":200,"resp_time":0.053355}
{"time":"October 13, 7:46 pm","ts":1665670581,"status":200,"resp_time":0.068655}
{"time":"October 13, 8:16 pm","ts":1665672372,"status":200,"resp_time":0.251542}
{"time":"October 13, 8:30 pm","ts":1665673246,"status":200,"resp_time":0.07348}
{"time":"October 13, 9:07 pm","ts":1665675467,"status":200,"resp_time":0.066269}
{"time":"October 13, 9:29 pm","ts":1665676759,"status":200,"resp_time":0.244789}
{"time":"October 13, 10:17 pm","ts":1665679655,"status":200,"resp_time":0.095567}
{"time":"October 13, 10:57 pm","ts":1665682062,"status":200,"resp_time":0.259897}
{"time":"October 13, 11:33 pm","ts":1665684224,"status":200,"resp_time":0.092319}
{"time":"October 14, 12:17 am","ts":1665686837,"status":200,"resp_time":0.117323}
{"time":"October 14, 12:42 am","ts":1665688373,"status":200,"resp_time":0.216959}
{"time":"October 14, 1:08 am","ts":1665689927,"status":200,"resp_time":0.054599}
{"time":"October 14, 1:21 am","ts":1665690690,"status":200,"resp_time":0.103366}
{"time":"October 14, 1:53 am","ts":1665692581,"status":200,"resp_time":0.202906}
{"time":"October 14, 2:18 am","ts":1665694118,"status":200,"resp_time":0.199804}
{"time":"October 14, 2:30 am","ts":1665694829,"status":200,"resp_time":0.187624}
{"time":"October 14, 3:01 am","ts":1665696688,"status":200,"resp_time":0.106172}
{"time":"October 14, 3:21 am","ts":1665697899,"status":200,"resp_time":0.076056}
{"time":"October 14, 3:52 am","ts":1665699764,