{"time":"August 15, 7:28 pm","ts":1660571885,"status":200,"resp_time":0.309086}
{"time":"August 15, 7:55 pm","ts":1660573544,"status":200,"resp_time":0.16705}
{"time":"August 15, 8:11 pm","ts":1660574496,"status":200,"resp_time":0.115255}
{"time":"August 15, 8:25 pm","ts":1660575337,"status":200,"resp_time":0.172136}
{"time":"August 15, 8:50 pm","ts":1660576852,"status":200,"resp_time":0.077663}
{"time":"August 15, 9:14 pm","ts":1660578284,"status":200,"resp_time":0.190279}
{"time":"August 15, 9:25 pm","ts":1660578941,"status":200,"resp_time":0.146446}
{"time":"August 15, 9:56 pm","ts":1660580817,"status":200,"resp_time":0.105114}
{"time":"August 15, 10:32 pm","ts":1660582922,"status":200,"resp_time":0.235739}
{"time":"August 15, 11:03 pm","ts":1660584824,"status":200,"resp_time":0.194976}
{"time":"August 15, 11:19 pm","ts":1660585769,"status":200,"resp_time":0.233199}
{"time":"August 15, 11:29 pm","ts":1660586383,"status":200,"resp_time":0.207653}
{"time":"August 16, 12:02 am","ts":1660588341,"status":200,"resp_time":0.325117}
{"time":"August 16, 12:23 am","ts":1660589634,"status":200,"resp_time":0.100372}
{"time":"August 16, 12:43 am","ts":1660590820,"status":200,"resp_time":0.2012}
{"time":"August 16, 12:58 am","ts":1660591685,"status":200,"resp_time":0.079074}
{"time":"August 16, 1:09 am","ts":1660592366,"status":200,"resp_time":0.11935}
{"time":"August 16, 1:19 am","ts":1660592988,"status":200,"resp_time":0.322966}
{"time":"August 16, 1:30 am","ts":1660593607,"status":200,"resp_time":0.166577}
{"time":"August 16, 1:56 am","ts":1660595179,"status":200,"resp_time":0.094289}
{"time":"August 16, 2:11 am","ts":1660596110,"status":200,"resp_time":0.245995}
{"time":"August 16, 2:25 am","ts":1660596939,"status":200,"resp_time":0.192006}
{"time":"August 16, 2:46 am","ts":1660598175,"status":200,"resp_time":0.218796}
{"time":"August 16, 3:03 am","ts":1660599196,"status":200,"resp_time":0.10709}
{"time":"August 16, 3:16 am","ts":1660599969,"status":200,"resp_time":0.195107}
{"time":"August 16, 3:26 am","ts":1660600589,"status":200,"resp_time":0.084423}
{"time":"August 16, 3:51 am","ts":1660602106,"status":200,"resp_time":0.280755}
{"time":"August 16, 4:11 am","ts":1660603277,"status":200,"resp_time":0.086426}
{"time":"August 16, 4:25 am","ts":1660604139,"status":200,"resp_time":0.259514}
{"time":"August 16, 4:48 am","ts":1660605512,"status":200,"resp_time":0.086633}
{"time":"August 16, 5:05 am","ts":1660606539,"status":200,"resp_time":0.109794}
{"time":"August 16, 5:17 am","ts":1660607227,"status":200,"resp_time":0.112702}
{"time":"August 16, 5:27 am","ts":1660607860,"status":200,"resp_time":0.197602}
{"time":"August 16, 7:52 am","ts":1660616570,"status":200,"resp_time":0.116535}
{"time":"August 16, 9:23 am","ts":1660621997,"status":200,"resp_time":0.283015}
{"time":"August 16, 10:10 am","ts":1660624824,"status":200,"resp_time":0.254264}
{"time":"August 16, 10:39 am","ts":1660626547,"status":200,"resp_time":0.454162}
{"time":"August 16, 10:58 am","ts":1660627719,"status":200,"resp_time":0.059553}
{"time":"August 16, 11:09 am","ts":1660628348,"status":200,"resp_time":0.249953}
{"time":"August 16, 11:19 am","ts":1660628970,"status":200,"resp_time":0.236903}
{"time":"August 16, 11:29 am","ts":1660629589,"status":200,"resp_time":0.063805}
{"time":"August 16, 12:01 pm","ts":1660631485,"status":200,"resp_time":0.190493}
{"time":"August 16, 12:22 pm","ts":1660632746,"status":200,"resp_time":0.093059}
{"time":"August 16, 12:43 pm","ts":1660634004,"status":200,"resp_time":0.19972}
{"time":"August 16, 12:56 pm","ts":1660634818,"status":200,"resp_time":0.19731}
{"time":"August 16, 1:07 pm","ts":1660635456,"status":200,"resp_time":0.097534}
{"time":"August 16, 1:18 pm","ts":1660636082,"status":200,"resp_time":0.114658}
{"time":"August 16, 1:28 pm","ts":1660636703,"status":200,"resp_time":0.084328}
{"time":"August 16, 1:55 pm","ts":1660638354,"status":200,"resp_time":0.078878}
{"time":"August 16, 2:10 pm","ts":1660639217,"status":200,"resp_time":0.216648}
{"time":"August 16, 2:25 pm","ts":1660640139,"status":200,"resp_time":0.198893}
{"time":"August 16, 2:45 pm","ts":1660641328,"status":200,"resp_time":0.081643}
{"time":"August 16, 2:59 pm","ts":1660642140,"status":200,"resp_time":0.315479}
{"time":"August 16, 3:09 pm","ts":1660642759,"status":200,"resp_time":0.084696}
{"time":"August 16, 3:19 pm","ts":1660643378,"status":200,"resp_time":0.056221}
{"time":"August 16, 3:29 pm","ts":1660643998,"status":200,"resp_time":0.176592}
{"time":"August 16, 3:57 pm","ts":1660645624,"status":200,"resp_time":0.191412}
{"time":"August 16, 4:11 pm","ts":1660646468,"status":200,"resp_time":0.14865}
{"time":"August 16, 4:25 pm","ts":1660647333,"status":200,"resp_time":0.214982}
{"time":"August 16, 4:43 pm","ts":1660648428,"status":200,"resp_time":0.084199}
{"time":"August 16, 4:56 pm","ts":1660649193,"status":200,"resp_time":0.113763}
{"time":"August 16, 5:07 pm","ts":1660649862,"status":200,"resp_time":0.274502}
{"time":"August 16, 5:18 pm","ts":1660650488,"status":200,"resp_time":0.294738}
{"time":"August 16, 5:28 pm","ts":1660651116,"status":200,"resp_time":0.140682}
{"time":"August 16, 6:15 pm","ts":1660653931,"status":200,"resp_time":0.117444}
{"time":"August 16, 6:49 pm","ts":1660655980,"status":200,"resp_time":0.190583}
{"time":"August 16, 7:11 pm","ts":1660657292,"status":200,"resp_time":0.214988}
{"time":"August 16, 7:25 pm","ts":1660658128,"status":200,"resp_time":0.0931}
{"time":"August 16, 7:46 pm","ts":1660659407,"status":200,"resp_time":0.195506}
{"time":"August 16, 8:02 pm","ts":1660660331,"status":200,"resp_time":0.293876}
{"time":"August 16, 8:15 pm","ts":1660661129,"status":200,"resp_time":0.148216}
{"time":"August 16, 8:25 pm","ts":1660661754,"status":200,"resp_time":0.337106}
{"time":"August 16, 8:50 pm","ts":1660663223,"status":200,"resp_time":0.267795}
{"time":"August 16, 9:15 pm","ts":1660664717,"status":200,"resp_time":0.198296}
{"time":"August 16, 9:27 pm","ts":1660665432,"status":200,"resp_time":0.245623}
{"time":"August 16, 10:02 pm","ts":1660667548,"status":200,"resp_time":0.212076}
{"time":"August 16, 10:30 pm","ts":1660669253,"status":200,"resp_time":0.182328}
{"time":"August 16, 11:01 pm","ts":1660671119,"status":200,"resp_time":0.249195}
{"time":"August 16, 11:18 pm","ts":1660672120,"status":200,"resp_time":0.090864}
{"time":"August 16, 11:28 pm","ts":1660672737,"status":200,"resp_time":0.139587}
{"time":"August 17, 12:03 am","ts":1660674812,"status":200,"resp_time":0.295022}
{"time":"August 17, 12:23 am","ts":1660676017,"status":200,"resp_time":0.086961}
{"time":"August 17, 12:43 am","ts":1660677223,"status":200,"resp_time":0.089563}
{"time":"August 17, 12:57 am","ts":1660678059,"status":200,"resp_time":0.088069}
{"time":"August 17, 1:09 am","ts":1660678740,"status":200,"resp_time":0.190719}
{"time":"August 17, 1:19 am","ts":1660679359,"status":200,"resp_time":0.234544}
{"time":"August 17, 1:29 am","ts":1660679982,"status":200,"resp_time":0.197288}
{"time":"August 17, 1:55 am","ts":1660681522,"status":200,"resp_time":0.118015}
{"time":"August 17, 2:11 am","ts":1660682479,"status":200,"resp_time":0.278711}
{"time":"August 17, 2:25 am","ts":1660683333,"status":200,"resp_time":0.28007}
{"time":"August 17, 2:46 am","ts":1660684560,"status":200,"resp_time":0.226643}
{"time":"August 17, 3:02 am","ts":1660685537,"status":200,"resp_time":0.33636}
{"time":"August 17, 3:16 am","ts":1660686368,"status":200,"resp_time":0.066701}
