{"time":"September 15, 4:54 pm","ts":1663241055,"status":200,"resp_time":0.194338}
{"time":"September 15, 5:10 pm","ts":1663242024,"status":200,"resp_time":0.234339}
{"time":"September 15, 5:25 pm","ts":1663242943,"status":200,"resp_time":0.114411}
{"time":"September 15, 6:17 pm","ts":1663246026,"status":200,"resp_time":0.061771}
{"time":"September 15, 7:07 pm","ts":1663249046,"status":200,"resp_time":0.080217}
{"time":"September 15, 7:43 pm","ts":1663251226,"status":200,"resp_time":0.243283}
{"time":"September 15, 8:11 pm","ts":1663252909,"status":200,"resp_time":0.210308}
{"time":"September 15, 8:27 pm","ts":1663253828,"status":200,"resp_time":0.174941}
{"time":"September 15, 8:56 pm","ts":1663255588,"status":200,"resp_time":0.053437}
{"time":"September 15, 9:18 pm","ts":1663256931,"status":200,"resp_time":0.241064}
{"time":"September 15, 9:30 pm","ts":1663257601,"status":200,"resp_time":0.207067}
{"time":"September 15, 10:10 pm","ts":1663260004,"status":200,"resp_time":0.29413}
{"time":"September 15, 10:37 pm","ts":1663261676,"status":200,"resp_time":0.283193}
{"time":"September 15, 11:08 pm","ts":1663263503,"status":200,"resp_time":0.07546}
{"time":"September 15, 11:24 pm","ts":1663264453,"status":200,"resp_time":0.19517}
{"time":"September 15, 11:53 pm","ts":1663266231,"status":200,"resp_time":0.088446}
{"time":"September 16, 12:20 am","ts":1663267805,"status":200,"resp_time":0.062405}
{"time":"September 16, 12:33 am","ts":1663268598,"status":200,"resp_time":0.233457}
{"time":"September 16, 12:55 am","ts":1663269957,"status":200,"resp_time":0.224915}
{"time":"September 16, 1:09 am","ts":1663270773,"status":200,"resp_time":0.179936}
{"time":"September 16, 1:20 am","ts":1663271400,"status":200,"resp_time":0.240045}
{"time":"September 16, 1:32 am","ts":1663272162,"status":200,"resp_time":0.195307}
{"time":"September 16, 2:03 am","ts":1663274037,"status":200,"resp_time":0.16932}
{"time":"September 16, 2:23 am","ts":1663275194,"status":200,"resp_time":0.069044}
{"time":"September 16, 2:47 am","ts":1663276679,"status":200,"resp_time":0.197765}
{"time":"September 16, 3:08 am","ts":1663277881,"status":200,"resp_time":0.125553}
{"time":"September 16, 3:21 am","ts":1663278682,"status":200,"resp_time":0.171185}
{"time":"September 16, 3:49 am","ts":1663280351,"status":200,"resp_time":0.078973}
{"time":"September 16, 4:09 am","ts":1663281596,"status":200,"resp_time":0.193801}
{"time":"September 16, 4:22 am","ts":1663282367,"status":200,"resp_time":0.063166}
{"time":"September 16, 4:51 am","ts":1663284111,"status":200,"resp_time":0.089241}
{"time":"September 16, 5:16 am","ts":1663285594,"status":200,"resp_time":0.248073}
{"time":"September 16, 5:30 am","ts":1663286436,"status":200,"resp_time":0.202495}
{"time":"September 16, 8:41 am","ts":1663297891,"status":200,"resp_time":0.196504}
{"time":"September 16, 10:32 am","ts":1663304570,"status":200,"resp_time":0.282454}
{"time":"September 16, 11:45 am","ts":1663308919,"status":200,"resp_time":0.304705}
{"time":"September 16, 12:30 pm","ts":1663311648,"status":200,"resp_time":0.154264}
{"time":"September 16, 1:06 pm","ts":1663313819,"status":200,"resp_time":0.057603}
{"time":"September 16, 1:22 pm","ts":1663314752,"status":200,"resp_time":0.074819}
{"time":"September 16, 1:54 pm","ts":1663316649,"status":200,"resp_time":0.067109}
{"time":"September 16, 2:19 pm","ts":1663318177,"status":200,"resp_time":0.212287}
{"time":"September 16, 2:36 pm","ts":1663319210,"status":200,"resp_time":0.108853}
{"time":"September 16, 3:04 pm","ts":1663320872,"status":200,"resp_time":0.240941}
{"time":"September 16, 3:22 pm","ts":1663321934,"status":200,"resp_time":0.333942}
{"time":"September 16, 3:51 pm","ts":1663323688,"status":200,"resp_time":0.298914}
{"time":"September 16, 4:18 pm","ts":1663325317,"status":200,"resp_time":0.080511}
{"time":"September 16, 4:29 pm","ts":1663325962,"status":200,"resp_time":0.089235}
{"time":"September 16, 4:54 pm","ts":1663327443,"status":200,"resp_time":0.445611}
{"time":"September 16, 5:10 pm","ts":1663328417,"status":200,"resp_time":0.285487}
{"time":"September 16, 5:25 pm","ts":1663329339,"status":200,"resp_time":0.181338}
{"time":"September 16, 6:08 pm","ts":1663331909,"status":200,"resp_time":0.21318}
{"time":"September 16, 7:00 pm","ts":1663335048,"status":200,"resp_time":0.093397}
{"time":"September 16, 7:44 pm","ts":1663337692,"status":200,"resp_time":0.307142}
{"time":"September 16, 8:13 pm","ts":1663339430,"status":200,"resp_time":0.163447}
{"time":"September 16, 8:27 pm","ts":1663340275,"status":200,"resp_time":0.054638}
{"time":"September 16, 8:58 pm","ts":1663342089,"status":200,"resp_time":0.159838}
{"time":"September 16, 9:18 pm","ts":1663343298,"status":200,"resp_time":0.239969}
{"time":"September 16, 9:28 pm","ts":1663343919,"status":200,"resp_time":0.304275}
{"time":"September 16, 10:09 pm","ts":1663346393,"status":200,"resp_time":0.169559}
{"time":"September 16, 10:49 pm","ts":1663348789,"status":200,"resp_time":0.287268}
{"time":"September 16, 11:21 pm","ts":1663350660,"status":200,"resp_time":0.113764}
{"time":"September 16, 11:54 pm","ts":1663352679,"status":200,"resp_time":0.102971}
{"time":"September 17, 12:23 am","ts":1663354415,"status":200,"resp_time":0.272593}
{"time":"September 17, 12:47 am","ts":1663355837,"status":200,"resp_time":0.338705}
{"time":"September 17, 1:02 am","ts":1663356779,"status":200,"resp_time":0.202399}
{"time":"September 17, 1:16 am","ts":1663357561,"status":200,"resp_time":0.083244}
{"time":"September 17, 1:26 am","ts":1663358176,"status":200,"resp_time":0.173871}
{"time":"September 17, 1:53 am","ts":1663359809,"status":200,"resp_time":0.233341}
{"time":"September 17, 2:14 am","ts":1663361062,"status":200,"resp_time":0.224678}
{"time":"September 17, 2:26 am","ts":1663361782,"status":200,"resp_time":0.190848}
{"time":"September 17, 2:49 am","ts":1663363143,"status":200,"resp_time":0.348965}
{"time":"September 17, 3:06 am","ts":1663364219,"status":200,"resp_time":0.141986}
{"time":"September 17, 3:20 am","ts":1663365017,"status":200,"resp_time":0.165885}
{"time":"September 17, 3:50 am","ts":1663366835,"status":200,"resp_time":0.235694}
{"time":"September 17, 4:15 am","ts":1663368316,"status":200,"resp_time":0.293489}
{"time":"September 17, 4:26 am","ts":1663368979,"status":200,"resp_time":0.273185}
{"time":"September 17, 4:53 am","ts":1663370587,"status":200,"resp_time":0.154297}
{"time":"September 17, 5:15 am","ts":1663371952,"status":200,"resp_time":0.238524}
{"time":"September 17, 5:29 am","ts":1663372759,"status":200,"resp_time":0.103647}
{"time":"September 17, 8:11 am","ts":1663382515,"status":200,"resp_time":0.053754}
{"time":"September 17, 9:41 am","ts":1663387879,"status":200,"resp_time":0.20988}
{"time":"September 17, 10:46 am","ts":1663391762,"status":200,"resp_time":0.064526}
{"time":"September 17, 11:19 am","ts":1663393774,"status":200,"resp_time":0.308555}
{"time":"September 17, 11:37 am","ts":1663394853,"status":200,"resp_time":0.119713}
{"time":"September 17, 12:10 pm","ts":1663396804,"status":200,"resp_time":0.183869}
{"time":"September 17, 12:28 pm","ts":1663397899,"status":200,"resp_time":0.10047}
{"time":"September 17, 12:54 pm","ts":1663399484,"status":200,"resp_time":0.282696}
{"time":"September 17, 1:10 pm","ts":1663400410,"status":200,"resp_time":0.137081}
{"time":"September 17, 1:25 pm","ts":1663401332,"status":200,"resp_time":0.09021}
{"time":"September 17, 1:54 pm","ts":1663403087,"status":200,"resp_time":0.307587}
{"time":"September 17, 2:19 pm","ts":1663404547,"status":200,"resp_time":0.115754}
{"time":"September 17, 2:31 pm","ts":1663405277,"status":200,"resp_time":0.167598}
{"time":"September 17, 3:00 pm","ts":1663407022,"status":200,"resp_time":0.280715}
{"time":"September 17, 3:19 pm","ts":1663408161,"status":200,"resp_time":0.243124}
{"time":"September 17, 3:29 pm","ts":1663408779,"status":200,"resp_time":0.089915}
