{"time":"October 24, 4:27 am","ts":1666565876,"status":200,"resp_time":0.228753}
{"time":"October 24, 5:04 am","ts":1666568058,"status":200,"resp_time":0.233637}
{"time":"October 24, 5:26 am","ts":1666569399,"status":200,"resp_time":0.279103}
{"time":"October 24, 8:09 am","ts":1666579191,"status":200,"resp_time":0.318204}
{"time":"October 24, 10:19 am","ts":1666586976,"status":200,"resp_time":0.095392}
{"time":"October 24, 11:39 am","ts":1666591782,"status":200,"resp_time":0.180474}
{"time":"October 24, 12:45 pm","ts":1666595758,"status":200,"resp_time":0.063272}
{"time":"October 24, 1:29 pm","ts":1666598342,"status":200,"resp_time":0.206107}
{"time":"October 24, 2:17 pm","ts":1666601261,"status":200,"resp_time":0.084238}
{"time":"October 24, 2:48 pm","ts":1666603119,"status":200,"resp_time":0.264842}
{"time":"October 24, 3:22 pm","ts":1666605129,"status":200,"resp_time":0.104801}
{"time":"October 24, 3:57 pm","ts":1666607222,"status":200,"resp_time":0.209909}
{"time":"October 24, 4:28 pm","ts":1666609134,"status":200,"resp_time":0.104665}
{"time":"October 24, 4:59 pm","ts":1666610953,"status":200,"resp_time":0.062382}
{"time":"October 24, 5:18 pm","ts":1666612082,"status":200,"resp_time":0.054544}
{"time":"October 24, 5:28 pm","ts":1666612710,"status":200,"resp_time":0.203676}
{"time":"October 24, 6:33 pm","ts":1666616583,"status":200,"resp_time":0.202147}
{"time":"October 24, 7:40 pm","ts":1666620637,"status":200,"resp_time":0.155658}
{"time":"October 24, 8:20 pm","ts":1666623059,"status":200,"resp_time":0.0797}
{"time":"October 24, 8:56 pm","ts":1666625160,"status":200,"resp_time":2.015581}
{"time":"October 24, 9:24 pm","ts":1666626888,"status":200,"resp_time":0.111243}
{"time":"October 24, 10:03 pm","ts":1666629209,"status":200,"resp_time":0.206611}
{"time":"October 24, 10:48 pm","ts":1666631899,"status":200,"resp_time":0.079253}
{"time":"October 24, 11:26 pm","ts":1666634186,"status":200,"resp_time":0.118895}
{"time":"October 25, 12:09 am","ts":1666636762,"status":200,"resp_time":0.202564}
{"time":"October 25, 12:43 am","ts":1666638827,"status":200,"resp_time":0.339825}
{"time":"October 25, 1:11 am","ts":1666640468,"status":200,"resp_time":0.203576}
{"time":"October 25, 1:27 am","ts":1666641428,"status":200,"resp_time":0.077343}
{"time":"October 25, 1:59 am","ts":1666643393,"status":200,"resp_time":0.065166}
{"time":"October 25, 2:22 am","ts":1666644761,"status":200,"resp_time":0.212495}
{"time":"October 25, 2:49 am","ts":1666646373,"status":200,"resp_time":0.324673}
{"time":"October 25, 3:11 am","ts":1666647679,"status":200,"resp_time":0.07185}
{"time":"October 25, 3:27 am","ts":1666648663,"status":200,"resp_time":0.239151}
{"time":"October 25, 3:59 am","ts":1666650554,"status":200,"resp_time":0.083934}
{"time":"October 25, 4:21 am","ts":1666651890,"status":200,"resp_time":0.220504}
{"time":"October 25, 4:54 am","ts":1666653877,"status":200,"resp_time":0.198138}
{"time":"October 25, 5:21 am","ts":1666655503,"status":200,"resp_time":0.181605}
{"time":"October 25, 7:38 am","ts":1666663691,"status":200,"resp_time":0.38858}
{"time":"October 25, 10:02 am","ts":1666672344,"status":200,"resp_time":0.207638}
{"time":"October 25, 11:32 am","ts":1666677749,"status":200,"resp_time":0.217995}
{"time":"October 25, 12:38 pm","ts":1666681728,"status":200,"resp_time":0.311202}
{"time":"October 25, 1:21 pm","ts":1666684299,"status":200,"resp_time":0.265327}
{"time":"October 25, 2:05 pm","ts":1666686920,"status":200,"resp_time":0.309177}
{"time":"October 25, 2:35 pm","ts":1666688717,"status":200,"resp_time":0.250252}
{"time":"October 25, 3:14 pm","ts":1666691091,"status":200,"resp_time":0.327938}
{"time":"October 25, 3:32 pm","ts":1666692141,"status":200,"resp_time":0.107738}
{"time":"October 25, 4:09 pm","ts":1666694391,"status":200,"resp_time":0.095034}
{"time":"October 25, 4:29 pm","ts":1666695588,"status":0,"resp_time":7.00097}
{"time":"October 25, 4:57 pm","ts":1666697261,"status":200,"resp_time":0.266324}
{"time":"October 25, 5:16 pm","ts":1666698366,"status":200,"resp_time":0.334388}
{"time":"October 25, 5:26 pm","ts":1666699010,"status":200,"resp_time":0.115101}
{"time":"October 25, 6:27 pm","ts":1666702633,"status":200,"resp_time":0.090429}
{"time":"October 25, 7:36 pm","ts":1666706799,"status":200,"resp_time":0.082235}
{"time":"October 25, 8:16 pm","ts":1666709184,"status":200,"resp_time":0.061504}
{"time":"October 25, 8:39 pm","ts":1666710575,"status":200,"resp_time":0.168342}
{"time":"October 25, 9:15 pm","ts":1666712735,"status":200,"resp_time":0.106205}
{"time":"October 25, 9:43 pm","ts":1666714387,"status":200,"resp_time":0.36645}
{"time":"October 25, 10:44 pm","ts":1666718078,"status":200,"resp_time":0.085528}
{"time":"October 25, 11:42 pm","ts":1666721545,"status":200,"resp_time":0.261589}
{"time":"October 26, 12:41 am","ts":1666725077,"status":200,"resp_time":0.077708}
{"time":"October 26, 1:21 am","ts":1666727487,"status":200,"resp_time":0.124224}
{"time":"October 26, 1:54 am","ts":1666729451,"status":200,"resp_time":0.30743}
{"time":"October 26, 2:19 am","ts":1666730990,"status":200,"resp_time":0.08326}
{"time":"October 26, 2:35 am","ts":1666731907,"status":200,"resp_time":0.207075}
{"time":"October 26, 3:02 am","ts":1666733545,"status":200,"resp_time":0.134458}
{"time":"October 26, 3:23 am","ts":1666734793,"status":200,"resp_time":0.084507}
{"time":"October 26, 3:51 am","ts":1666736501,"status":200,"resp_time":0.206675}
{"time":"October 26, 4:18 am","ts":1666738097,"status":200,"resp_time":0.308946}
{"time":"October 26, 4:28 am","ts":1666738718,"status":200,"resp_time":0.211975}
{"time":"October 26, 5:00 am","ts":1666740646,"status":200,"resp_time":0.149219}
{"time":"October 26, 5:22 am","ts":1666741920,"status":200,"resp_time":0.107249}
{"time":"October 26, 7:19 am","ts":1666748966,"status":200,"resp_time":0.324511}
{"time":"October 26, 9:11 am","ts":1666755708,"status":200,"resp_time":0.114288}
{"time":"October 26, 10:09 am","ts":1666759174,"status":200,"resp_time":0.067325}
{"time":"October 26, 10:48 am","ts":1666761520,"status":200,"resp_time":0.234217}
{"time":"October 26, 11:16 am","ts":1666763177,"status":200,"resp_time":0.245301}
{"time":"October 26, 11:27 am","ts":1666763858,"status":200,"resp_time":0.110525}
{"time":"October 26, 12:05 pm","ts":1666766121,"status":200,"resp_time":0.056368}
{"time":"October 26, 12:28 pm","ts":1666767506,"status":200,"resp_time":0.259218}
{"time":"October 26, 12:56 pm","ts":1666769207,"status":200,"resp_time":0.145468}
{"time":"October 26, 1:13 pm","ts":1666770191,"status":200,"resp_time":0.219214}
{"time":"October 26, 1:25 pm","ts":1666770949,"status":200,"resp_time":0.253127}
{"time":"October 26, 1:55 pm","ts":1666772757,"status":200,"resp_time":0.204503}
{"time":"October 26, 2:18 pm","ts":1666774121,"status":200,"resp_time":0.207421}
{"time":"October 26, 2:29 pm","ts":1666774766,"status":200,"resp_time":0.209696}
{"time":"October 26, 2:56 pm","ts":1666776408,"status":200,"resp_time":0.082705}
{"time":"October 26, 3:14 pm","ts":1666777494,"status":200,"resp_time":0.226703}
{"time":"October 26, 3:25 pm","ts":1666778127,"status":200,"resp_time":0.262953}
{"time":"October 26, 3:51 pm","ts":1666779662,"status":200,"resp_time":0.083165}
{"time":"October 26, 4:14 pm","ts":1666781092,"status":200,"resp_time":0.205645}
{"time":"October 26, 4:26 pm","ts":1666781760,"status":200,"resp_time":0.227992}
