{"time":"August 28, 10:33 am","ts":1661663032,"status":200,"resp_time":0.277868}
{"time":"August 28, 11:06 am","ts":1661664977,"status":200,"resp_time":0.098928}
{"time":"August 28, 11:21 am","ts":1661665863,"status":200,"resp_time":0.166996}
{"time":"August 28, 11:50 am","ts":1661667652,"status":200,"resp_time":0.109738}
{"time":"August 28, 12:16 pm","ts":1661669208,"status":200,"resp_time":0.212496}
{"time":"August 28, 12:27 pm","ts":1661669839,"status":200,"resp_time":0.234057}
{"time":"August 28, 12:50 pm","ts":1661671225,"status":200,"resp_time":0.215986}
{"time":"August 28, 1:07 pm","ts":1661672274,"status":200,"resp_time":0.232793}
{"time":"August 28, 1:18 pm","ts":1661672908,"status":200,"resp_time":0.192744}
{"time":"August 28, 1:28 pm","ts":1661673530,"status":200,"resp_time":0.206994}
{"time":"August 28, 1:59 pm","ts":1661675351,"status":200,"resp_time":0.211496}
{"time":"August 28, 2:17 pm","ts":1661676458,"status":200,"resp_time":0.072422}
{"time":"August 28, 2:27 pm","ts":1661677078,"status":200,"resp_time":0.093518}
{"time":"August 28, 2:53 pm","ts":1661678580,"status":200,"resp_time":0.305402}
{"time":"August 28, 3:10 pm","ts":1661679619,"status":200,"resp_time":0.161506}
{"time":"August 28, 3:25 pm","ts":1661680528,"status":200,"resp_time":0.102082}
{"time":"August 28, 3:49 pm","ts":1661681981,"status":200,"resp_time":0.301483}
{"time":"August 28, 4:08 pm","ts":1661683109,"status":200,"resp_time":0.193606}
{"time":"August 28, 4:20 pm","ts":1661683813,"status":200,"resp_time":0.243287}
{"time":"August 28, 4:43 pm","ts":1661685230,"status":200,"resp_time":0.243711}
{"time":"August 28, 4:59 pm","ts":1661686166,"status":200,"resp_time":0.060482}
{"time":"August 28, 5:10 pm","ts":1661686811,"status":200,"resp_time":0.140935}
{"time":"August 28, 5:25 pm","ts":1661687727,"status":200,"resp_time":0.06067}
{"time":"August 28, 6:01 pm","ts":1661689880,"status":200,"resp_time":0.230632}
{"time":"August 28, 6:37 pm","ts":1661692076,"status":200,"resp_time":0.193288}
{"time":"August 28, 7:07 pm","ts":1661693857,"status":200,"resp_time":0.077708}
{"time":"August 28, 7:20 pm","ts":1661694617,"status":200,"resp_time":0.092833}
{"time":"August 28, 7:45 pm","ts":1661696117,"status":200,"resp_time":0.214993}
{"time":"August 28, 8:01 pm","ts":1661697064,"status":200,"resp_time":0.191482}
{"time":"August 28, 8:15 pm","ts":1661697930,"status":200,"resp_time":0.360547}
{"time":"August 28, 8:25 pm","ts":1661698543,"status":200,"resp_time":0.090186}
{"time":"August 28, 8:48 pm","ts":1661699935,"status":200,"resp_time":0.203871}
{"time":"August 28, 9:08 pm","ts":1661701094,"status":200,"resp_time":0.224366}
{"time":"August 28, 9:21 pm","ts":1661701869,"status":200,"resp_time":0.133774}
{"time":"August 28, 9:52 pm","ts":1661703761,"status":200,"resp_time":0.196798}
{"time":"August 28, 10:23 pm","ts":1661705628,"status":200,"resp_time":0.109375}
{"time":"August 28, 10:47 pm","ts":1661707075,"status":200,"resp_time":0.407433}
{"time":"August 28, 11:05 pm","ts":1661708128,"status":200,"resp_time":0.209929}
{"time":"August 28, 11:16 pm","ts":1661708770,"status":200,"resp_time":0.175868}
{"time":"August 28, 11:26 pm","ts":1661709391,"status":200,"resp_time":0.224054}
{"time":"August 28, 11:54 pm","ts":1661711096,"status":200,"resp_time":0.114469}
{"time":"August 29, 12:15 am","ts":1661712332,"status":200,"resp_time":0.093522}
{"time":"August 29, 12:26 am","ts":1661712982,"status":200,"resp_time":0.07669}
{"time":"August 29, 12:46 am","ts":1661714188,"status":200,"resp_time":0.128423}
{"time":"August 29, 12:58 am","ts":1661714904,"status":200,"resp_time":0.066957}
{"time":"August 29, 1:09 am","ts":1661715567,"status":200,"resp_time":0.281702}
{"time":"August 29, 1:19 am","ts":1661716184,"status":200,"resp_time":0.091151}
{"time":"August 29, 1:30 am","ts":1661716804,"status":200,"resp_time":0.101502}
{"time":"August 29, 1:56 am","ts":1661718394,"status":200,"resp_time":0.12959}
{"time":"August 29, 2:12 am","ts":1661719356,"status":200,"resp_time":0.30787}
{"time":"August 29, 2:25 am","ts":1661720132,"status":200,"resp_time":0.167256}
{"time":"August 29, 2:47 am","ts":1661721461,"status":200,"resp_time":0.091588}
{"time":"August 29, 3:04 am","ts":1661722466,"status":200,"resp_time":0.065865}
{"time":"August 29, 3:16 am","ts":1661723189,"status":200,"resp_time":0.208144}
{"time":"August 29, 3:26 am","ts":1661723811,"status":200,"resp_time":0.101396}
{"time":"August 29, 3:50 am","ts":1661725225,"status":200,"resp_time":0.170069}
{"time":"August 29, 4:10 am","ts":1661726421,"status":200,"resp_time":0.195101}
{"time":"August 29, 4:25 am","ts":1661727336,"status":200,"resp_time":0.213564}
{"time":"August 29, 4:47 am","ts":1661728662,"status":200,"resp_time":0.128803}
{"time":"August 29, 5:05 am","ts":1661729747,"status":200,"resp_time":0.095639}
{"time":"August 29, 5:18 am","ts":1661730516,"status":200,"resp_time":0.067295}
{"time":"August 29, 5:29 am","ts":1661731142,"status":200,"resp_time":0.242347}
{"time":"August 29, 8:13 am","ts":1661741005,"status":200,"resp_time":0.202145}
{"time":"August 29, 9:56 am","ts":1661747166,"status":200,"resp_time":0.078514}
{"time":"August 29, 11:25 am","ts":1661752506,"status":200,"resp_time":0.092265}
{"time":"August 29, 12:17 pm","ts":1661755625,"status":200,"resp_time":0.199789}
{"time":"August 29, 12:43 pm","ts":1661757190,"status":200,"resp_time":0.197087}
{"time":"August 29, 1:08 pm","ts":1661758685,"status":200,"resp_time":0.280667}
{"time":"August 29, 1:19 pm","ts":1661759376,"status":200,"resp_time":0.102216}
{"time":"August 29, 1:29 pm","ts":1661759997,"status":200,"resp_time":0.101929}
{"time":"August 29, 2:02 pm","ts":1661761945,"status":200,"resp_time":0.100228}
{"time":"August 29, 2:24 pm","ts":1661763274,"status":200,"resp_time":0.199168}
{"time":"August 29, 2:47 pm","ts":1661764652,"status":200,"resp_time":0.108424}
{"time":"August 29, 3:06 pm","ts":1661765803,"status":200,"resp_time":0.196988}
{"time":"August 29, 3:19 pm","ts":1661766540,"status":200,"resp_time":0.252743}
{"time":"August 29, 3:29 pm","ts":1661767160,"status":200,"resp_time":0.282676}
{"time":"August 29, 3:59 pm","ts":1661768943,"status":200,"resp_time":0.101566}
{"time":"August 29, 4:18 pm","ts":1661770084,"status":200,"resp_time":0.302149}
{"time":"August 29, 4:28 pm","ts":1661770685,"status":200,"resp_time":0.080909}
{"time":"August 29, 4:52 pm","ts":1661772120,"status":200,"resp_time":0.237702}
{"time":"August 29, 5:08 pm","ts":1661773105,"status":200,"resp_time":0.258634}
{"time":"August 29, 5:18 pm","ts":1661773719,"status":200,"resp_time":0.243574}
{"time":"August 29, 5:29 pm","ts":1661774347,"status":200,"resp_time":0.297229}
{"time":"August 29, 6:22 pm","ts":1661777558,"status":200,"resp_time":0.657324}
{"time":"August 29, 7:11 pm","ts":1661780481,"status":200,"resp_time":0.170762}
{"time":"August 29, 7:30 pm","ts":1661781659,"status":200,"resp_time":0.282301}
{"time":"August 29, 7:58 pm","ts":1661783294,"status":200,"resp_time":0.195441}
{"time":"August 29, 8:13 pm","ts":1661784193,"status":200,"resp_time":0.102473}
{"time":"August 29, 8:25 pm","ts":1661784928,"status":200,"resp_time":0.078737}
{"time":"August 29, 8:49 pm","ts":1661786369,"status":200,"resp_time":0.144378}
{"time":"August 29, 9:09 pm","ts":1661787589,"status":200,"resp_time":0.236754}
{"time":"August 29, 9:23 pm","ts":1661788386,"status":200,"resp_time":0.072113}
{"time":"August 29, 9:54 pm","ts":1661790267,"status":200,"resp_time":0.089773}
{"time":"August 29, 10:27 pm","ts":1661792276,"status":200,"resp_time":0.25421}
{"time":"August 29, 10:57 pm","ts":1661794044,"status":200,"resp_time":0.104339}
{"time":"August 29, 11:14 pm","ts":1661795097,"status":200,"resp_time":0.064946}
