{"time":"September 11, 1:56 pm","ts":1662884793,"status":200,"resp_time":0.249868}
{"time":"September 11, 2:18 pm","ts":1662886102,"status":200,"resp_time":0.245622}
{"time":"September 11, 2:29 pm","ts":1662886759,"status":200,"resp_time":0.097383}
{"time":"September 11, 2:56 pm","ts":1662888361,"status":200,"resp_time":0.242522}
{"time":"September 11, 3:13 pm","ts":1662889406,"status":200,"resp_time":0.239727}
{"time":"September 11, 3:25 pm","ts":1662890129,"status":200,"resp_time":0.210777}
{"time":"September 11, 3:50 pm","ts":1662891638,"status":200,"resp_time":0.350397}
{"time":"September 11, 4:14 pm","ts":1662893040,"status":200,"resp_time":0.104378}
{"time":"September 11, 4:25 pm","ts":1662893740,"status":200,"resp_time":0.237088}
{"time":"September 11, 4:46 pm","ts":1662894990,"status":200,"resp_time":0.085944}
{"time":"September 11, 5:02 pm","ts":1662895939,"status":200,"resp_time":0.277478}
{"time":"September 11, 5:15 pm","ts":1662896732,"status":200,"resp_time":0.302449}
{"time":"September 11, 5:25 pm","ts":1662897348,"status":200,"resp_time":0.058452}
{"time":"September 11, 6:06 pm","ts":1662899796,"status":200,"resp_time":0.140087}
{"time":"September 11, 6:47 pm","ts":1662902241,"status":200,"resp_time":0.236571}
{"time":"September 11, 7:16 pm","ts":1662903995,"status":200,"resp_time":0.195133}
{"time":"September 11, 7:27 pm","ts":1662904662,"status":200,"resp_time":0.214423}
{"time":"September 11, 7:52 pm","ts":1662906153,"status":200,"resp_time":0.124564}
{"time":"September 11, 8:10 pm","ts":1662907227,"status":200,"resp_time":0.10271}
{"time":"September 11, 8:25 pm","ts":1662908132,"status":200,"resp_time":0.134518}
{"time":"September 11, 8:49 pm","ts":1662909598,"status":200,"resp_time":0.321929}
{"time":"September 11, 9:10 pm","ts":1662910854,"status":200,"resp_time":0.177191}
{"time":"September 11, 9:26 pm","ts":1662911809,"status":200,"resp_time":0.083681}
{"time":"September 11, 10:01 pm","ts":1662913874,"status":200,"resp_time":0.090924}
{"time":"September 11, 10:32 pm","ts":1662915730,"status":200,"resp_time":0.215866}
{"time":"September 11, 11:02 pm","ts":1662917554,"status":200,"resp_time":0.224819}
{"time":"September 11, 11:20 pm","ts":1662918610,"status":200,"resp_time":0.300486}
{"time":"September 11, 11:36 pm","ts":1662919569,"status":200,"resp_time":0.205886}
{"time":"September 12, 12:06 am","ts":1662921381,"status":200,"resp_time":0.062483}
{"time":"September 12, 12:25 am","ts":1662922509,"status":200,"resp_time":0.108531}
{"time":"September 12, 12:44 am","ts":1662923674,"status":200,"resp_time":0.255278}
{"time":"September 12, 12:59 am","ts":1662924561,"status":200,"resp_time":0.070512}
{"time":"September 12, 1:11 am","ts":1662925275,"status":200,"resp_time":0.160757}
{"time":"September 12, 1:25 am","ts":1662926131,"status":200,"resp_time":0.204823}
{"time":"September 12, 1:50 am","ts":1662927639,"status":200,"resp_time":0.28081}
{"time":"September 12, 2:15 am","ts":1662929101,"status":200,"resp_time":0.274963}
{"time":"September 12, 2:26 am","ts":1662929779,"status":200,"resp_time":0.186245}
{"time":"September 12, 2:49 am","ts":1662931150,"status":200,"resp_time":0.083664}
{"time":"September 12, 3:06 am","ts":1662932193,"status":200,"resp_time":0.075302}
{"time":"September 12, 3:19 am","ts":1662932950,"status":200,"resp_time":0.259985}
{"time":"September 12, 3:29 am","ts":1662933574,"status":200,"resp_time":0.065945}
{"time":"September 12, 3:57 am","ts":1662935227,"status":200,"resp_time":0.247514}
{"time":"September 12, 4:14 am","ts":1662936298,"status":200,"resp_time":0.061178}
{"time":"September 12, 4:25 am","ts":1662936928,"status":200,"resp_time":0.195034}
{"time":"September 12, 4:49 am","ts":1662938391,"status":200,"resp_time":0.278159}
{"time":"September 12, 5:09 am","ts":1662939578,"status":200,"resp_time":0.23738}
{"time":"September 12, 5:25 am","ts":1662940550,"status":200,"resp_time":0.219046}
{"time":"September 12, 7:51 am","ts":1662949270,"status":200,"resp_time":0.099221}
{"time":"September 12, 10:06 am","ts":1662957364,"status":200,"resp_time":0.301284}
{"time":"September 12, 11:34 am","ts":1662962657,"status":200,"resp_time":0.081062}
{"time":"September 12, 12:32 pm","ts":1662966152,"status":200,"resp_time":0.060954}
{"time":"September 12, 1:17 pm","ts":1662968850,"status":200,"resp_time":0.105442}
{"time":"September 12, 1:31 pm","ts":1662969681,"status":200,"resp_time":0.112402}
{"time":"September 12, 2:14 pm","ts":1662972264,"status":200,"resp_time":0.271862}
{"time":"September 12, 2:40 pm","ts":1662973828,"status":200,"resp_time":0.220043}
{"time":"September 12, 3:07 pm","ts":1662975440,"status":200,"resp_time":0.28451}
{"time":"September 12, 3:23 pm","ts":1662976439,"status":200,"resp_time":0.060051}
{"time":"September 12, 3:51 pm","ts":1662978091,"status":200,"resp_time":0.124776}
{"time":"September 12, 4:16 pm","ts":1662979590,"status":200,"resp_time":0.237679}
{"time":"September 12, 4:27 pm","ts":1662980249,"status":200,"resp_time":0.1941}
{"time":"September 12, 4:51 pm","ts":1662981717,"status":200,"resp_time":0.104927}
{"time":"September 12, 5:10 pm","ts":1662982815,"status":200,"resp_time":0.172752}
{"time":"September 12, 5:25 pm","ts":1662983740,"status":200,"resp_time":0.135335}
{"time":"September 12, 6:15 pm","ts":1662986714,"status":200,"resp_time":0.286271}
{"time":"September 12, 7:05 pm","ts":1662989705,"status":200,"resp_time":0.104823}
{"time":"September 12, 7:36 pm","ts":1662991589,"status":200,"resp_time":0.219207}
{"time":"September 12, 8:05 pm","ts":1662993357,"status":200,"resp_time":0.286809}
{"time":"September 12, 8:22 pm","ts":1662994351,"status":200,"resp_time":0.13216}
{"time":"September 12, 8:51 pm","ts":1662996118,"status":200,"resp_time":0.087099}
{"time":"September 12, 9:19 pm","ts":1662997783,"status":200,"resp_time":0.140404}
{"time":"September 12, 9:37 pm","ts":1662998874,"status":200,"resp_time":0.062056}
{"time":"September 12, 10:23 pm","ts":1663001581,"status":200,"resp_time":0.331758}
{"time":"September 12, 10:58 pm","ts":1663003699,"status":200,"resp_time":0.215733}
{"time":"September 12, 11:20 pm","ts":1663005016,"status":200,"resp_time":0.199806}
{"time":"September 12, 11:36 pm","ts":1663006014,"status":200,"resp_time":0.211589}
{"time":"September 13, 12:10 am","ts":1663008028,"status":200,"resp_time":0.213105}
{"time":"September 13, 12:31 am","ts":1663009290,"status":200,"resp_time":0.166732}
{"time":"September 13, 12:56 am","ts":1663010794,"status":200,"resp_time":0.235614}
{"time":"September 13, 1:10 am","ts":1663011621,"status":200,"resp_time":0.120406}
{"time":"September 13, 1:25 am","ts":1663012533,"status":200,"resp_time":0.104012}
{"time":"September 13, 1:51 am","ts":1663014100,"status":200,"resp_time":0.191881}
{"time":"September 13, 2:14 am","ts":1663015471,"status":200,"resp_time":0.249631}
{"time":"September 13, 2:26 am","ts":1663016173,"status":200,"resp_time":0.060727}
{"time":"September 13, 2:50 am","ts":1663017617,"status":200,"resp_time":0.23414}
{"time":"September 13, 3:12 am","ts":1663018960,"status":200,"resp_time":0.30441}
{"time":"September 13, 3:25 am","ts":1663019725,"status":200,"resp_time":0.227897}
{"time":"September 13, 3:49 am","ts":1663021164,"status":200,"resp_time":0.202379}
{"time":"September 13, 4:09 am","ts":1663022379,"status":200,"resp_time":0.214629}
{"time":"September 13, 4:22 am","ts":1663023148,"status":200,"resp_time":0.242377}
{"time":"September 13, 4:50 am","ts":1663024854,"status":200,"resp_time":0.20031}
{"time":"September 13, 5:16 am","ts":1663026376,"status":200,"resp_time":0.213371}
{"time":"September 13, 5:29 am","ts":1663027197,"status":200,"resp_time":0.232606}
{"time":"September 13, 8:20 am","ts":1663037425,"status":200,"resp_time":0.255469}
{"time":"September 13, 10:17 am","ts":1663044450,"status":200,"resp_time":0.056497}
{"time":"September 13, 11:35 am","ts":1663049138,"status":200,"resp_time":0.210243}
