{"time":"November 14, 8:25 pm","ts":1668437728,"status":200,"resp_time":0.25407}
{"time":"November 14, 8:50 pm","ts":1668439237,"status":200,"resp_time":0.236946}
{"time":"November 14, 9:12 pm","ts":1668440569,"status":200,"resp_time":0.126808}
{"time":"November 14, 9:25 pm","ts":1668441326,"status":200,"resp_time":0.123393}
{"time":"November 14, 9:56 pm","ts":1668443202,"status":200,"resp_time":0.201407}
{"time":"November 14, 10:33 pm","ts":1668445403,"status":200,"resp_time":0.126192}
{"time":"November 14, 11:12 pm","ts":1668447766,"status":200,"resp_time":0.060768}
{"time":"November 14, 11:29 pm","ts":1668448742,"status":200,"resp_time":0.184868}
{"time":"November 15, 12:01 am","ts":1668450695,"status":200,"resp_time":0.115976}
{"time":"November 15, 12:23 am","ts":1668451983,"status":200,"resp_time":0.074507}
{"time":"November 15, 12:44 am","ts":1668453258,"status":200,"resp_time":0.073373}
{"time":"November 15, 12:57 am","ts":1668454075,"status":200,"resp_time":0.081326}
{"time":"November 15, 1:09 am","ts":1668454766,"status":200,"resp_time":0.103668}
{"time":"November 15, 1:19 am","ts":1668455383,"status":200,"resp_time":0.369269}
{"time":"November 15, 1:29 am","ts":1668455997,"status":200,"resp_time":0.232866}
{"time":"November 15, 1:57 am","ts":1668457626,"status":200,"resp_time":0.232686}
{"time":"November 15, 2:13 am","ts":1668458621,"status":200,"resp_time":0.206113}
{"time":"November 15, 2:25 am","ts":1668459344,"status":200,"resp_time":0.093871}
{"time":"November 15, 2:47 am","ts":1668460644,"status":200,"resp_time":0.08792}
{"time":"November 15, 3:04 am","ts":1668461644,"status":200,"resp_time":0.095088}
{"time":"November 15, 3:27 am","ts":1668463031,"status":200,"resp_time":3.5677}
{"time":"November 15, 3:57 am","ts":1668464857,"status":200,"resp_time":0.208037}
{"time":"November 15, 4:15 am","ts":1668465942,"status":200,"resp_time":0.162673}
{"time":"November 15, 4:26 am","ts":1668466560,"status":200,"resp_time":0.111012}
{"time":"November 15, 4:49 am","ts":1668467958,"status":200,"resp_time":0.097868}
{"time":"November 15, 5:04 am","ts":1668468892,"status":200,"resp_time":0.134276}
{"time":"November 15, 5:16 am","ts":1668469579,"status":200,"resp_time":0.109722}
{"time":"November 15, 5:26 am","ts":1668470202,"status":200,"resp_time":0.100671}
{"time":"November 15, 7:21 am","ts":1668477118,"status":200,"resp_time":0.087638}
{"time":"November 15, 8:44 am","ts":1668482042,"status":200,"resp_time":0.185971}
{"time":"November 15, 9:24 am","ts":1668484494,"status":200,"resp_time":0.109221}
{"time":"November 15, 9:55 am","ts":1668486335,"status":200,"resp_time":0.106319}
{"time":"November 15, 10:18 am","ts":1668487726,"status":200,"resp_time":0.277242}
{"time":"November 15, 10:29 am","ts":1668488344,"status":200,"resp_time":0.290201}
{"time":"November 15, 10:52 am","ts":1668489735,"status":200,"resp_time":0.088776}
{"time":"November 15, 11:07 am","ts":1668490672,"status":200,"resp_time":0.085118}
{"time":"November 15, 11:18 am","ts":1668491305,"status":200,"resp_time":0.115089}
{"time":"November 15, 11:28 am","ts":1668491927,"status":200,"resp_time":0.083624}
{"time":"November 15, 11:59 am","ts":1668493777,"status":200,"resp_time":0.092602}
{"time":"November 15, 12:17 pm","ts":1668494867,"status":200,"resp_time":0.308944}
{"time":"November 15, 12:28 pm","ts":1668495486,"status":200,"resp_time":0.273038}
{"time":"November 15, 12:51 pm","ts":1668496882,"status":200,"resp_time":0.239904}
{"time":"November 15, 1:06 pm","ts":1668497789,"status":200,"resp_time":0.238554}
{"time":"November 15, 1:16 pm","ts":1668498402,"status":200,"resp_time":0.084484}
{"time":"November 15, 1:27 pm","ts":1668499026,"status":200,"resp_time":0.190141}
{"time":"November 15, 1:59 pm","ts":1668500975,"status":200,"resp_time":0.288344}
{"time":"November 15, 2:18 pm","ts":1668502104,"status":200,"resp_time":0.221763}
{"time":"November 15, 2:28 pm","ts":1668502731,"status":200,"resp_time":0.104854}
{"time":"November 15, 2:53 pm","ts":1668504234,"status":200,"resp_time":3.598559}
{"time":"November 15, 3:09 pm","ts":1668505171,"status":200,"resp_time":0.282825}
{"time":"November 15, 3:19 pm","ts":1668505799,"status":200,"resp_time":0.382444}
{"time":"November 15, 3:30 pm","ts":1668506425,"status":200,"resp_time":0.105503}
{"time":"November 15, 4:00 pm","ts":1668508229,"status":200,"resp_time":0.21431}
{"time":"November 15, 4:17 pm","ts":1668509239,"status":200,"resp_time":0.319936}
{"time":"November 15, 4:27 pm","ts":1668509873,"status":200,"resp_time":0.21921}
{"time":"November 15, 4:48 pm","ts":1668511118,"status":200,"resp_time":0.10624}
{"time":"November 15, 4:59 pm","ts":1668511769,"status":200,"resp_time":0.054741}
{"time":"November 15, 5:09 pm","ts":1668512393,"status":200,"resp_time":0.203989}
{"time":"November 15, 5:20 pm","ts":1668513011,"status":200,"resp_time":0.216002}
{"time":"November 15, 6:04 pm","ts":1668515654,"status":200,"resp_time":0.333417}
{"time":"November 15, 6:51 pm","ts":1668518466,"status":200,"resp_time":0.21246}
{"time":"November 15, 7:19 pm","ts":1668520157,"status":200,"resp_time":0.290093}
{"time":"November 15, 7:29 pm","ts":1668520782,"status":200,"resp_time":0.078139}
{"time":"November 15, 7:52 pm","ts":1668522145,"status":200,"resp_time":0.867339}
{"time":"November 15, 8:08 pm","ts":1668523124,"status":200,"resp_time":0.182325}
{"time":"November 15, 8:19 pm","ts":1668523745,"status":200,"resp_time":0.308826}
{"time":"November 15, 8:29 pm","ts":1668524363,"status":200,"resp_time":0.211651}
{"time":"November 15, 8:55 pm","ts":1668525957,"status":200,"resp_time":0.250552}
{"time":"November 15, 9:12 pm","ts":1668526922,"status":200,"resp_time":0.211845}
{"time":"November 15, 9:26 pm","ts":1668527800,"status":200,"resp_time":0.207451}
{"time":"November 15, 9:56 pm","ts":1668529577,"status":200,"resp_time":0.272388}
{"time":"November 15, 10:24 pm","ts":1668531276,"status":200,"resp_time":0.064441}
{"time":"November 15, 10:47 pm","ts":1668532626,"status":200,"resp_time":0.239693}
{"time":"November 15, 11:03 pm","ts":1668533628,"status":200,"resp_time":0.305301}
{"time":"November 15, 11:15 pm","ts":1668534330,"status":200,"resp_time":0.164899}
{"time":"November 15, 11:26 pm","ts":1668534963,"status":200,"resp_time":0.236631}
{"time":"November 15, 11:53 pm","ts":1668536621,"status":200,"resp_time":0.113049}
{"time":"November 16, 12:14 am","ts":1668537860,"status":200,"resp_time":0.063971}
{"time":"November 16, 12:25 am","ts":1668538533,"status":200,"resp_time":0.142992}
{"time":"November 16, 12:43 am","ts":1668539631,"status":200,"resp_time":0.237327}
{"time":"November 16, 12:56 am","ts":1668540364,"status":200,"resp_time":0.108921}
{"time":"November 16, 1:07 am","ts":1668541066,"status":200,"resp_time":0.29157}
{"time":"November 16, 1:18 am","ts":1668541700,"status":200,"resp_time":0.082066}
{"time":"November 16, 1:28 am","ts":1668542322,"status":200,"resp_time":0.327046}
{"time":"November 16, 1:55 am","ts":1668543921,"status":200,"resp_time":0.086745}
{"time":"November 16, 2:10 am","ts":1668544801,"status":200,"resp_time":0.316611}
{"time":"November 16, 2:45 am","ts":1668546911,"status":200,"resp_time":0.130851}
{"time":"November 16, 3:00 am","ts":1668547822,"status":200,"resp_time":0.08356}
{"time":"November 16, 3:15 am","ts":1668548737,"status":200,"resp_time":0.11274}
{"time":"November 16, 3:25 am","ts":1668549355,"status":200,"resp_time":0.303946}
{"time":"November 16, 3:47 am","ts":1668550668,"status":200,"resp_time":0.109082}
{"time":"November 16, 4:04 am","ts":1668551668,"status":200,"resp_time":0.317125}
{"time":"November 16, 4:15 am","ts":1668552346,"status":200,"resp_time":0.086527}
{"time":"November 16, 4:26 am","ts":1668552961,"status":200,"resp_time":0.062637}
{"time":"November 16, 4:49 am","ts":1668554355,"status":200,"resp_time":0.135648}
{"time":"November 16, 5:04 am","ts":1668555278,"status":200,"resp_time":0.099473}
{"time":"November 16, 5:16 am","ts":1668555968,"status":200,