{"time":"October 6, 2:57 am","ts":1665005260,"status":200,"resp_time":0.303404}
{"time":"October 6, 3:17 am","ts":1665006449,"status":200,"resp_time":0.123978}
{"time":"October 6, 3:27 am","ts":1665007076,"status":200,"resp_time":0.155557}
{"time":"October 6, 4:01 am","ts":1665009060,"status":200,"resp_time":0.086922}
{"time":"October 6, 4:25 am","ts":1665010503,"status":200,"resp_time":0.246883}
{"time":"October 6, 4:53 am","ts":1665012220,"status":200,"resp_time":0.248567}
{"time":"October 6, 5:20 am","ts":1665013817,"status":200,"resp_time":0.293001}
{"time":"October 6, 7:16 am","ts":1665020793,"status":200,"resp_time":0.238274}
{"time":"October 6, 8:54 am","ts":1665026655,"status":200,"resp_time":0.058748}
{"time":"October 6, 9:52 am","ts":1665030155,"status":200,"resp_time":0.116124}
{"time":"October 6, 10:41 am","ts":1665033081,"status":200,"resp_time":0.170803}
{"time":"October 6, 11:25 am","ts":1665035712,"status":200,"resp_time":0.145287}
{"time":"October 6, 11:59 am","ts":1665037792,"status":200,"resp_time":0.194369}
{"time":"October 6, 12:31 pm","ts":1665039690,"status":200,"resp_time":0.192147}
{"time":"October 6, 1:05 pm","ts":1665041732,"status":200,"resp_time":0.183647}
{"time":"October 6, 1:22 pm","ts":1665042746,"status":200,"resp_time":0.117023}
{"time":"October 6, 1:57 pm","ts":1665044843,"status":200,"resp_time":0.226627}
{"time":"October 6, 2:26 pm","ts":1665046607,"status":200,"resp_time":0.181561}
{"time":"October 6, 3:00 pm","ts":1665048619,"status":200,"resp_time":0.233082}
{"time":"October 6, 3:28 pm","ts":1665050319,"status":200,"resp_time":0.066984}
{"time":"October 6, 4:03 pm","ts":1665052397,"status":200,"resp_time":0.214095}
{"time":"October 6, 4:26 pm","ts":1665053770,"status":200,"resp_time":0.140769}
{"time":"October 6, 4:50 pm","ts":1665055245,"status":200,"resp_time":0.264462}
{"time":"October 6, 5:12 pm","ts":1665056561,"status":200,"resp_time":0.190886}
{"time":"October 6, 5:25 pm","ts":1665057330,"status":200,"resp_time":0.171584}
{"time":"October 6, 6:14 pm","ts":1665060285,"status":200,"resp_time":0.265181}
{"time":"October 6, 7:10 pm","ts":1665063644,"status":200,"resp_time":0.171324}
{"time":"October 6, 7:54 pm","ts":1665066257,"status":200,"resp_time":0.203707}
{"time":"October 6, 8:25 pm","ts":1665068128,"status":200,"resp_time":0.200213}
{"time":"October 6, 8:55 pm","ts":1665069930,"status":200,"resp_time":0.18896}
{"time":"October 6, 9:22 pm","ts":1665071542,"status":200,"resp_time":0.223189}
{"time":"October 6, 10:01 pm","ts":1665073891,"status":200,"resp_time":0.205302}
{"time":"October 6, 10:45 pm","ts":1665076547,"status":200,"resp_time":0.143189}
{"time":"October 6, 11:18 pm","ts":1665078520,"status":200,"resp_time":0.207453}
{"time":"October 6, 11:39 pm","ts":1665079783,"status":200,"resp_time":0.164348}
{"time":"October 7, 12:19 am","ts":1665082168,"status":200,"resp_time":0.055887}
{"time":"October 7, 12:45 am","ts":1665083721,"status":200,"resp_time":0.099337}
{"time":"October 7, 1:10 am","ts":1665085205,"status":200,"resp_time":0.17171}
{"time":"October 7, 1:22 am","ts":1665085976,"status":200,"resp_time":0.138528}
{"time":"October 7, 1:52 am","ts":1665087746,"status":200,"resp_time":0.184285}
{"time":"October 7, 2:17 am","ts":1665089274,"status":200,"resp_time":0.139046}
{"time":"October 7, 2:29 am","ts":1665089991,"status":200,"resp_time":0.157074}
{"time":"October 7, 2:57 am","ts":1665091645,"status":200,"resp_time":0.201757}
{"time":"October 7, 3:17 am","ts":1665092863,"status":200,"resp_time":0.183823}
{"time":"October 7, 3:28 am","ts":1665093487,"status":200,"resp_time":0.290013}
{"time":"October 7, 3:59 am","ts":1665095352,"status":200,"resp_time":0.134295}
{"time":"October 7, 4:20 am","ts":1665096627,"status":200,"resp_time":0.19961}
{"time":"October 7, 4:54 am","ts":1665098690,"status":200,"resp_time":0.193102}
{"time":"October 7, 5:22 am","ts":1665100363,"status":200,"resp_time":0.273474}
{"time":"October 7, 7:28 am","ts":1665107924,"status":200,"resp_time":0.257759}
{"time":"October 7, 9:22 am","ts":1665114754,"status":200,"resp_time":0.16251}
{"time":"October 7, 10:23 am","ts":1665118432,"status":200,"resp_time":0.058018}
{"time":"October 7, 11:05 am","ts":1665120923,"status":200,"resp_time":0.054731}
{"time":"October 7, 11:29 am","ts":1665122358,"status":200,"resp_time":0.072382}
{"time":"October 7, 12:14 pm","ts":1665125063,"status":200,"resp_time":0.214214}
{"time":"October 7, 12:43 pm","ts":1665126809,"status":200,"resp_time":0.16938}
{"time":"October 7, 1:15 pm","ts":1665128713,"status":200,"resp_time":0.187642}
{"time":"October 7, 1:27 pm","ts":1665129470,"status":200,"resp_time":0.235132}
{"time":"October 7, 2:05 pm","ts":1665131746,"status":200,"resp_time":0.29107}
{"time":"October 7, 2:29 pm","ts":1665133155,"status":200,"resp_time":0.280222}
{"time":"October 7, 3:03 pm","ts":1665135188,"status":200,"resp_time":0.082053}
{"time":"October 7, 3:27 pm","ts":1665136622,"status":200,"resp_time":0.259147}
{"time":"October 7, 4:00 pm","ts":1665138636,"status":200,"resp_time":0.103489}
{"time":"October 7, 4:29 pm","ts":1665140368,"status":200,"resp_time":0.112447}
{"time":"October 7, 4:58 pm","ts":1665142084,"status":200,"resp_time":0.288709}
{"time":"October 7, 5:15 pm","ts":1665143155,"status":200,"resp_time":0.133453}
{"time":"October 7, 5:26 pm","ts":1665143781,"status":200,"resp_time":0.111575}
{"time":"October 7, 6:22 pm","ts":1665147136,"status":200,"resp_time":0.090014}
{"time":"October 7, 7:23 pm","ts":1665150806,"status":200,"resp_time":0.288215}
{"time":"October 7, 8:04 pm","ts":1665153269,"status":200,"resp_time":0.102569}
{"time":"October 7, 8:27 pm","ts":1665154677,"status":200,"resp_time":0.113232}
{"time":"October 7, 9:01 pm","ts":1665156702,"status":200,"resp_time":0.233549}
{"time":"October 7, 9:26 pm","ts":1665158219,"status":200,"resp_time":0.1134}
{"time":"October 7, 10:10 pm","ts":1665160829,"status":200,"resp_time":0.186692}
{"time":"October 7, 10:54 pm","ts":1665163440,"status":200,"resp_time":0.055343}
{"time":"October 7, 11:31 pm","ts":1665165673,"status":200,"resp_time":0.183462}
{"time":"October 8, 12:15 am","ts":1665168313,"status":200,"resp_time":0.283592}
{"time":"October 8, 12:38 am","ts":1665169729,"status":200,"resp_time":0.108445}
{"time":"October 8, 1:02 am","ts":1665171123,"status":200,"resp_time":0.331863}
{"time":"October 8, 1:18 am","ts":1665172119,"status":200,"resp_time":0.192229}
{"time":"October 8, 1:29 am","ts":1665172747,"status":200,"resp_time":0.108603}
{"time":"October 8, 2:01 am","ts":1665174688,"status":200,"resp_time":0.274085}
{"time":"October 8, 2:23 am","ts":1665176021,"status":200,"resp_time":0.065721}
{"time":"October 8, 2:48 am","ts":1665177484,"status":200,"resp_time":0.145735}
{"time":"October 8, 3:09 am","ts":1665178771,"status":200,"resp_time":0.216373}
{"time":"October 8, 3:24 am","ts":1665179641,"status":200,"resp_time":0.160612}
{"time":"October 8, 3:51 am","ts":1665181264,"status":200,"resp_time":0.074569}
{"time":"October 8, 4:18 am","ts":1665182905,"status":200,"resp_time":0.249794}
{"time":"October 8, 4:29 am","ts":1665183553,"status":200,"resp_time":0.18086}
{"time":"October 8, 5:04 am","ts":1665185663,"status":200,"resp_time":0.249019}
{"time":"October 8, 5:26 am","ts":1665187000,"status":200,"resp_time":0.223106}
{"time":"October 8, 7:31 am","ts":1665194475,"status":200,"resp_time":0.063694}
{"time":"October 8, 9:11 am","ts":1665200512,"status":200,"resp_time":0.21436}
{"time":"October 8, 9:56 am","ts":1665203193,"status":200,"resp_time":0.065978}
{"time":"October 8, 10:39 am","ts":1665205741,"status":200,"resp_time":0.171003}
{"time":"October 8, 11:13 am","ts":1665207835,"status":200,"resp_time":0.097822}
{"time":"October 8, 11:29 am","ts":1665208797,"status":200,"resp_time":0.185669}
{"time":"October 8, 12:08 pm","ts":1665211085,"status":200,"resp_time":0.232733}
{"time":"October 8, 12:31 pm","ts":1665212469,"status":200,"resp_time":0.143129}
{"time":"October 8, 1:02 pm","ts":1665214361,"status":200,