{"time":"October 8, 10:09 pm","ts":1665247192,"status":200,"resp_time":0.252139}
{"time":"October 8, 10:40 pm","ts":1665249003,"status":200,"resp_time":0.200139}
{"time":"October 8, 11:11 pm","ts":1665250903,"status":200,"resp_time":0.310514}
{"time":"October 8, 11:28 pm","ts":1665251918,"status":200,"resp_time":0.26181}
{"time":"October 9, 12:03 am","ts":1665254029,"status":200,"resp_time":0.272543}
{"time":"October 9, 12:26 am","ts":1665255414,"status":200,"resp_time":0.207586}
{"time":"October 9, 12:50 am","ts":1665256836,"status":200,"resp_time":0.28988}
{"time":"October 9, 1:09 am","ts":1665257971,"status":200,"resp_time":0.102124}
{"time":"October 9, 1:19 am","ts":1665258595,"status":200,"resp_time":0.293872}
{"time":"October 9, 1:30 am","ts":1665259238,"status":200,"resp_time":0.091476}
{"time":"October 9, 2:03 am","ts":1665261208,"status":200,"resp_time":0.218065}
{"time":"October 9, 2:22 am","ts":1665262344,"status":200,"resp_time":0.216214}
{"time":"October 9, 2:47 am","ts":1665263866,"status":200,"resp_time":0.082626}
{"time":"October 9, 3:08 am","ts":1665265115,"status":200,"resp_time":0.267167}
{"time":"October 9, 3:22 am","ts":1665265967,"status":200,"resp_time":0.257379}
{"time":"October 9, 3:49 am","ts":1665267564,"status":200,"resp_time":0.063624}
{"time":"October 9, 4:11 am","ts":1665268911,"status":200,"resp_time":0.227739}
{"time":"October 9, 4:27 am","ts":1665269863,"status":200,"resp_time":0.35923}
{"time":"October 9, 5:00 am","ts":1665271850,"status":200,"resp_time":0.213618}
{"time":"October 9, 5:25 am","ts":1665273300,"status":200,"resp_time":0.220247}
{"time":"October 9, 7:26 am","ts":1665280607,"status":200,"resp_time":0.131529}
{"time":"October 9, 9:36 am","ts":1665288391,"status":200,"resp_time":0.315638}
{"time":"October 9, 10:40 am","ts":1665292234,"status":200,"resp_time":0.191584}
{"time":"October 9, 11:22 am","ts":1665294752,"status":200,"resp_time":0.099719}
{"time":"October 9, 11:57 am","ts":1665296856,"status":200,"resp_time":0.289777}
{"time":"October 9, 12:27 pm","ts":1665298651,"status":200,"resp_time":0.17112}
{"time":"October 9, 12:56 pm","ts":1665300417,"status":200,"resp_time":0.358408}
{"time":"October 9, 1:15 pm","ts":1665301510,"status":200,"resp_time":0.044364}
{"time":"October 9, 1:25 pm","ts":1665302129,"status":200,"resp_time":0.182564}
{"time":"October 9, 1:56 pm","ts":1665303980,"status":200,"resp_time":0.147963}
{"time":"October 9, 2:22 pm","ts":1665305549,"status":200,"resp_time":0.357697}
{"time":"October 9, 2:50 pm","ts":1665307251,"status":200,"resp_time":0.192968}
{"time":"October 9, 3:16 pm","ts":1665308789,"status":200,"resp_time":0.219182}
{"time":"October 9, 3:27 pm","ts":1665309471,"status":200,"resp_time":0.271507}
{"time":"October 9, 4:00 pm","ts":1665311432,"status":200,"resp_time":0.220606}
{"time":"October 9, 4:24 pm","ts":1665312840,"status":200,"resp_time":0.362637}
{"time":"October 9, 4:46 pm","ts":1665314180,"status":200,"resp_time":0.324715}
{"time":"October 9, 5:04 pm","ts":1665315275,"status":200,"resp_time":0.103857}
{"time":"October 9, 5:17 pm","ts":1665316051,"status":200,"resp_time":0.134181}
{"time":"October 9, 5:27 pm","ts":1665316676,"status":200,"resp_time":0.274929}
{"time":"October 9, 6:21 pm","ts":1665319874,"status":200,"resp_time":0.241904}
{"time":"October 9, 7:09 pm","ts":1665322751,"status":200,"resp_time":0.263464}
{"time":"October 9, 7:30 pm","ts":1665324032,"status":200,"resp_time":0.267133}
{"time":"October 9, 8:01 pm","ts":1665325861,"status":200,"resp_time":0.302113}
{"time":"October 9, 8:20 pm","ts":1665327036,"status":200,"resp_time":0.272222}
{"time":"October 9, 8:51 pm","ts":1665328895,"status":200,"resp_time":0.27209}
{"time":"October 9, 9:18 pm","ts":1665330520,"status":200,"resp_time":0.055144}
{"time":"October 9, 9:31 pm","ts":1665331289,"status":200,"resp_time":0.099303}
{"time":"October 9, 10:17 pm","ts":1665334054,"status":200,"resp_time":0.170222}
{"time":"October 9, 10:45 pm","ts":1665335743,"status":200,"resp_time":0.059527}
{"time":"October 9, 11:15 pm","ts":1665337500,"status":200,"resp_time":0.106434}
{"time":"October 9, 11:29 pm","ts":1665338345,"status":200,"resp_time":0.223548}
{"time":"October 10, 12:04 am","ts":1665340448,"status":200,"resp_time":0.124111}
{"time":"October 10, 12:27 am","ts":1665341824,"status":200,"resp_time":0.229105}
{"time":"October 10, 12:51 am","ts":1665343285,"status":200,"resp_time":0.362683}
{"time":"October 10, 1:09 am","ts":1665344392,"status":200,"resp_time":0.083056}
{"time":"October 10, 1:20 am","ts":1665345007,"status":200,"resp_time":0.18028}
{"time":"October 10, 1:36 am","ts":1665345989,"status":200,"resp_time":0.189026}
{"time":"October 10, 2:04 am","ts":1665347690,"status":200,"resp_time":0.259511}
{"time":"October 10, 2:22 am","ts":1665348766,"status":200,"resp_time":0.312425}
{"time":"October 10, 2:47 am","ts":1665350260,"status":200,"resp_time":0.176095}
{"time":"October 10, 3:08 am","ts":1665351494,"status":200,"resp_time":0.182558}
{"time":"October 10, 3:22 am","ts":1665352340,"status":200,"resp_time":0.185029}
{"time":"October 10, 3:49 am","ts":1665353982,"status":200,"resp_time":0.294436}
{"time":"October 10, 4:12 am","ts":1665355332,"status":200,"resp_time":0.077397}
{"time":"October 10, 4:27 am","ts":1665356270,"status":200,"resp_time":0.104519}
{"time":"October 10, 5:02 am","ts":1665358355,"status":200,"resp_time":0.163982}
{"time":"October 10, 5:25 am","ts":1665359731,"status":200,"resp_time":0.220203}
{"time":"October 10, 7:35 am","ts":1665367533,"status":200,"resp_time":0.194846}
{"time":"October 10, 9:50 am","ts":1665375647,"status":200,"resp_time":0.270953}
{"time":"October 10, 11:19 am","ts":1665380984,"status":200,"resp_time":0.185463}
{"time":"October 10, 12:04 pm","ts":1665383658,"status":200,"resp_time":0.21459}
{"time":"October 10, 12:52 pm","ts":1665386526,"status":200,"resp_time":0.183152}
{"time":"October 10, 1:28 pm","ts":1665388696,"status":200,"resp_time":0.133547}
{"time":"October 10, 2:10 pm","ts":1665391231,"status":200,"resp_time":0.130962}
{"time":"October 10, 2:40 pm","ts":1665393033,"status":200,"resp_time":0.295643}
{"time":"October 10, 3:15 pm","ts":1665395103,"status":200,"resp_time":0.055295}
{"time":"October 10, 3:29 pm","ts":1665395984,"status":200,"resp_time":0.201475}
{"time":"October 10, 4:02 pm","ts":1665397951,"status":200,"resp_time":0.210741}
{"time":"October 10, 4:25 pm","ts":1665399306,"status":200,"resp_time":0.100783}
{"time":"October 10, 4:47 pm","ts":1665400674,"status":200,"resp_time":0.11138}
{"time":"October 10, 5:07 pm","ts":1665401879,"status":200,"resp_time":0.081525}
{"time":"October 10, 5:20 pm","ts":1665402653,"status":200,"resp_time":0.16089}
{"time":"October 10, 6:16 pm","ts":1665405986,"status":200,"resp_time":0.174704}
{"time":"October 10, 7:14 pm","ts":1665409494,"status":200,"resp_time":0.218853}
{"time":"October 10, 7:59 pm","ts":1665412173,"status":200,"resp_time":0.101487}
{"time":"October 10, 8:30 pm","ts":1665414052,"status":200,"resp_time":0.108196}
{"time":"October 10, 9:09 pm","ts":1665416349,"status":200,"resp_time":0.176166}
{"time":"October 10, 9:29 pm","ts":1665417591,"status":200,"resp_time":0.095213}
{"time":"October 10, 10:16 pm","ts":1665420377,"status":200,"resp_time":0.246269}
{"time":"October 10, 10:56 pm","ts":1665422818,"status":200,"resp_time":0.290805}
{"time":"October 10, 11:31 pm","ts":1665424896,"status":200,"resp_time":1.632185}
{"time":"October 11, 12:20 am","ts":1665427808,"status":200,"resp_time":0.250021}
{"time":"October 11, 12:45 am","ts":1665429349,"status":200,"resp_time":0.272173}
{"time":"October 11, 1:11 am","ts":1665430876,"status":200,"resp_time":0.189334}
{"time":"October 11, 1:26 am","ts":1665431785,"status":200,"resp_time":0.170867}
{"time":"October 11, 1:56 am","ts":1665433613,"status":200,"resp_time":0.234644}
