{"time":"September 23, 4:00 pm","ts":1663929000,"status":200,"resp_time":0.203418}
{"time":"September 23, 4:19 pm","ts":1663930193,"status":200,"resp_time":0.277518}
{"time":"September 23, 4:30 pm","ts":1663930813,"status":200,"resp_time":0.194999}
{"time":"September 23, 4:58 pm","ts":1663932515,"status":200,"resp_time":0.221641}
{"time":"September 23, 5:14 pm","ts":1663933469,"status":200,"resp_time":0.158925}
{"time":"September 23, 5:25 pm","ts":1663934129,"status":200,"resp_time":0.198293}
{"time":"September 23, 6:09 pm","ts":1663936764,"status":200,"resp_time":0.059957}
{"time":"September 23, 7:03 pm","ts":1663940002,"status":200,"resp_time":0.065386}
{"time":"September 23, 7:48 pm","ts":1663942702,"status":200,"resp_time":0.119884}
{"time":"September 23, 8:19 pm","ts":1663944579,"status":200,"resp_time":0.22115}
{"time":"September 23, 8:37 pm","ts":1663945638,"status":200,"resp_time":0.20328}
{"time":"September 23, 9:08 pm","ts":1663947484,"status":200,"resp_time":0.282353}
{"time":"September 23, 9:26 pm","ts":1663948618,"status":200,"resp_time":0.188069}
{"time":"September 23, 10:06 pm","ts":1663950993,"status":200,"resp_time":0.109097}
{"time":"September 23, 10:46 pm","ts":1663953381,"status":200,"resp_time":0.236502}
{"time":"September 23, 11:18 pm","ts":1663955318,"status":200,"resp_time":0.157602}
{"time":"September 23, 11:37 pm","ts":1663956449,"status":200,"resp_time":0.19647}
{"time":"September 24, 12:14 am","ts":1663958654,"status":200,"resp_time":0.242803}
{"time":"September 24, 12:34 am","ts":1663959856,"status":200,"resp_time":0.109807}
{"time":"September 24, 12:57 am","ts":1663961274,"status":200,"resp_time":0.189231}
{"time":"September 24, 1:12 am","ts":1663962158,"status":200,"resp_time":0.226039}
{"time":"September 24, 1:25 am","ts":1663962935,"status":200,"resp_time":0.224885}
{"time":"September 24, 1:51 am","ts":1663964505,"status":200,"resp_time":0.113482}
{"time":"September 24, 2:14 am","ts":1663965895,"status":200,"resp_time":0.082223}
{"time":"September 24, 2:26 am","ts":1663966596,"status":200,"resp_time":0.234944}
{"time":"September 24, 2:50 am","ts":1663968041,"status":200,"resp_time":0.263361}
{"time":"September 24, 3:12 am","ts":1663969368,"status":200,"resp_time":0.229727}
{"time":"September 24, 3:25 am","ts":1663970127,"status":200,"resp_time":0.213726}
{"time":"September 24, 3:54 am","ts":1663971853,"status":200,"resp_time":0.122232}
{"time":"September 24, 4:17 am","ts":1663973244,"status":200,"resp_time":0.082841}
{"time":"September 24, 4:28 am","ts":1663973889,"status":200,"resp_time":0.163755}
{"time":"September 24, 4:59 am","ts":1663975775,"status":200,"resp_time":0.131766}
{"time":"September 24, 5:21 am","ts":1663977093,"status":200,"resp_time":0.326963}
{"time":"September 24, 7:30 am","ts":1663984855,"status":200,"resp_time":0.191205}
{"time":"September 24, 9:49 am","ts":1663993186,"status":200,"resp_time":0.198925}
{"time":"September 24, 10:58 am","ts":1663997337,"status":200,"resp_time":0.277771}
{"time":"September 24, 11:31 am","ts":1663999280,"status":200,"resp_time":0.304037}
{"time":"September 24, 12:12 pm","ts":1664001761,"status":200,"resp_time":0.169581}
{"time":"September 24, 12:32 pm","ts":1664002937,"status":200,"resp_time":0.101091}
{"time":"September 24, 1:00 pm","ts":1664004600,"status":200,"resp_time":0.173921}
{"time":"September 24, 1:14 pm","ts":1664005471,"status":200,"resp_time":0.188278}
{"time":"September 24, 1:25 pm","ts":1664006135,"status":200,"resp_time":0.195349}
{"time":"September 24, 1:55 pm","ts":1664007902,"status":200,"resp_time":0.236712}
{"time":"September 24, 2:19 pm","ts":1664009393,"status":200,"resp_time":0.089736}
{"time":"September 24, 2:36 pm","ts":1664010411,"status":200,"resp_time":0.225648}
{"time":"September 24, 3:02 pm","ts":1664011944,"status":200,"resp_time":0.108419}
{"time":"September 24, 3:20 pm","ts":1664013016,"status":200,"resp_time":0.196022}
{"time":"September 24, 3:49 pm","ts":1664014793,"status":200,"resp_time":0.104052}
{"time":"September 24, 4:11 pm","ts":1664016073,"status":200,"resp_time":0.273056}
{"time":"September 24, 4:26 pm","ts":1664016966,"status":200,"resp_time":0.283865}
{"time":"September 24, 4:47 pm","ts":1664018266,"status":200,"resp_time":0.064766}
{"time":"September 24, 5:04 pm","ts":1664019287,"status":200,"resp_time":0.340263}
{"time":"September 24, 5:16 pm","ts":1664020000,"status":200,"resp_time":0.105329}
{"time":"September 24, 5:27 pm","ts":1664020626,"status":200,"resp_time":0.082862}
{"time":"September 24, 6:15 pm","ts":1664023527,"status":200,"resp_time":0.275747}
{"time":"September 24, 6:53 pm","ts":1664025800,"status":200,"resp_time":0.071682}
{"time":"September 24, 7:22 pm","ts":1664027520,"status":200,"resp_time":0.173208}
{"time":"September 24, 7:46 pm","ts":1664028967,"status":200,"resp_time":0.093376}
{"time":"September 24, 8:03 pm","ts":1664030033,"status":200,"resp_time":0.153163}
{"time":"September 24, 8:17 pm","ts":1664030866,"status":200,"resp_time":0.199473}
{"time":"September 24, 8:28 pm","ts":1664031484,"status":200,"resp_time":0.287912}
{"time":"September 24, 8:56 pm","ts":1664033217,"status":200,"resp_time":0.072373}
{"time":"September 24, 9:16 pm","ts":1664034418,"status":200,"resp_time":0.189705}
{"time":"September 24, 9:27 pm","ts":1664035064,"status":200,"resp_time":0.119684}
{"time":"September 24, 10:05 pm","ts":1664037304,"status":200,"resp_time":0.278995}
{"time":"September 24, 10:31 pm","ts":1664038916,"status":200,"resp_time":0.057422}
{"time":"September 24, 11:02 pm","ts":1664040774,"status":200,"resp_time":0.212137}
{"time":"September 24, 11:20 pm","ts":1664041816,"status":200,"resp_time":0.185319}
{"time":"September 24, 11:53 pm","ts":1664043834,"status":200,"resp_time":0.2864}
{"time":"September 25, 12:20 am","ts":1664045407,"status":200,"resp_time":0.73773}
{"time":"September 25, 12:33 am","ts":1664046185,"status":200,"resp_time":0.23525}
{"time":"September 25, 12:54 am","ts":1664047497,"status":200,"resp_time":0.179398}
{"time":"September 25, 1:07 am","ts":1664048271,"status":200,"resp_time":0.060304}
{"time":"September 25, 1:18 am","ts":1664048887,"status":200,"resp_time":0.065032}
{"time":"September 25, 1:28 am","ts":1664049509,"status":200,"resp_time":0.099826}
{"time":"September 25, 1:57 am","ts":1664051251,"status":200,"resp_time":0.12412}
{"time":"September 25, 2:15 am","ts":1664052350,"status":200,"resp_time":0.213057}
{"time":"September 25, 2:26 am","ts":1664052964,"status":200,"resp_time":0.204615}
{"time":"September 25, 2:48 am","ts":1664054333,"status":200,"resp_time":0.298749}
{"time":"September 25, 3:06 am","ts":1664055414,"status":200,"resp_time":0.09331}
{"time":"September 25, 3:19 am","ts":1664056192,"status":200,"resp_time":0.133641}
{"time":"September 25, 3:30 am","ts":1664056813,"status":200,"resp_time":0.11249}
{"time":"September 25, 3:59 am","ts":1664058599,"status":200,"resp_time":0.062486}
{"time":"September 25, 4:16 am","ts":1664059610,"status":200,"resp_time":0.093402}
{"time":"September 25, 4:27 am","ts":1664060226,"status":200,"resp_time":0.13044}
{"time":"September 25, 4:55 am","ts":1664061910,"status":200,"resp_time":0.276968}
{"time":"September 25, 5:16 am","ts":1664063160,"status":200,"resp_time":0.239797}
{"time":"September 25, 5:29 am","ts":1664063975,"status":200,"resp_time":0.310394}
{"time":"September 25, 8:19 am","ts":1664074175,"status":200,"resp_time":0.227653}
{"time":"September 25, 9:48 am","ts":1664079525,"status":200,"resp_time":0.119957}
{"time":"September 25, 10:45 am","ts":1664082911,"status":200,"resp_time":0.187338}
{"time":"September 25, 11:21 am","ts":1664085115,"status":200,"resp_time":0.104032}
