{"time":"August 14, 4:59 pm","ts":1660476558,"status":200,"resp_time":0.071329}
{"time":"August 14, 5:10 pm","ts":1660477203,"status":200,"resp_time":0.207044}
{"time":"August 14, 5:20 pm","ts":1660477833,"status":200,"resp_time":0.353634}
{"time":"August 14, 6:00 pm","ts":1660480202,"status":200,"resp_time":0.226151}
{"time":"August 14, 6:34 pm","ts":1660482289,"status":200,"resp_time":0.180749}
{"time":"August 14, 7:06 pm","ts":1660484211,"status":200,"resp_time":0.234602}
{"time":"August 14, 7:19 pm","ts":1660484983,"status":200,"resp_time":0.306804}
{"time":"August 14, 7:30 pm","ts":1660485612,"status":200,"resp_time":0.099275}
{"time":"August 14, 7:55 pm","ts":1660487120,"status":200,"resp_time":0.294001}
{"time":"August 14, 8:08 pm","ts":1660487910,"status":200,"resp_time":0.213996}
{"time":"August 14, 8:18 pm","ts":1660488527,"status":200,"resp_time":0.269933}
{"time":"August 14, 8:29 pm","ts":1660489144,"status":200,"resp_time":0.095551}
{"time":"August 14, 8:55 pm","ts":1660490712,"status":200,"resp_time":0.33155}
{"time":"August 14, 9:11 pm","ts":1660491704,"status":200,"resp_time":0.337402}
{"time":"August 14, 9:25 pm","ts":1660492529,"status":200,"resp_time":0.257421}
{"time":"August 14, 9:53 pm","ts":1660494184,"status":200,"resp_time":0.215138}
{"time":"August 14, 10:22 pm","ts":1660495955,"status":200,"resp_time":0.189684}
{"time":"August 14, 10:46 pm","ts":1660497397,"status":200,"resp_time":0.109311}
{"time":"August 14, 11:03 pm","ts":1660498400,"status":200,"resp_time":0.294313}
{"time":"August 14, 11:15 pm","ts":1660499129,"status":200,"resp_time":0.179765}
{"time":"August 14, 11:25 pm","ts":1660499745,"status":200,"resp_time":0.106802}
{"time":"August 14, 11:51 pm","ts":1660501281,"status":200,"resp_time":0.273447}
{"time":"August 15, 12:14 am","ts":1660502656,"status":200,"resp_time":0.236252}
{"time":"August 15, 12:25 am","ts":1660503329,"status":200,"resp_time":0.254997}
{"time":"August 15, 12:44 am","ts":1660504443,"status":200,"resp_time":0.091302}
{"time":"August 15, 12:57 am","ts":1660505227,"status":200,"resp_time":0.316193}
{"time":"August 15, 1:08 am","ts":1660505907,"status":200,"resp_time":0.22962}
{"time":"August 15, 1:18 am","ts":1660506517,"status":200,"resp_time":0.171192}
{"time":"August 15, 1:29 am","ts":1660507141,"status":200,"resp_time":0.182459}
{"time":"August 15, 1:54 am","ts":1660508667,"status":200,"resp_time":0.058934}
{"time":"August 15, 2:09 am","ts":1660509579,"status":200,"resp_time":0.294164}
{"time":"August 15, 2:19 am","ts":1660510197,"status":200,"resp_time":0.366089}
{"time":"August 15, 2:30 am","ts":1660510810,"status":200,"resp_time":0.221208}
{"time":"August 15, 2:55 am","ts":1660512304,"status":200,"resp_time":0.288519}
{"time":"August 15, 3:08 am","ts":1660513098,"status":200,"resp_time":0.065794}
{"time":"August 15, 3:18 am","ts":1660513716,"status":200,"resp_time":0.22914}
{"time":"August 15, 3:28 am","ts":1660514328,"status":200,"resp_time":0.107156}
{"time":"August 15, 3:53 am","ts":1660515821,"status":200,"resp_time":0.302401}
{"time":"August 15, 4:09 am","ts":1660516786,"status":200,"resp_time":0.198818}
{"time":"August 15, 4:20 am","ts":1660517407,"status":200,"resp_time":0.248503}
{"time":"August 15, 4:31 am","ts":1660518072,"status":200,"resp_time":0.222681}
{"time":"August 15, 4:56 am","ts":1660519611,"status":200,"resp_time":0.240346}
{"time":"August 15, 5:10 am","ts":1660520450,"status":200,"resp_time":0.198348}
{"time":"August 15, 5:25 am","ts":1660521336,"status":200,"resp_time":0.506198}
{"time":"August 15, 7:26 am","ts":1660528606,"status":200,"resp_time":0.305167}
{"time":"August 15, 9:28 am","ts":1660535906,"status":200,"resp_time":0.32457}
{"time":"August 15, 10:38 am","ts":1660540119,"status":200,"resp_time":0.217215}
{"time":"August 15, 11:14 am","ts":1660542261,"status":200,"resp_time":0.243345}
{"time":"August 15, 11:27 am","ts":1660543051,"status":200,"resp_time":0.332454}
{"time":"August 15, 12:01 pm","ts":1660545064,"status":200,"resp_time":0.327147}
{"time":"August 15, 12:25 pm","ts":1660546516,"status":200,"resp_time":0.213437}
{"time":"August 15, 12:45 pm","ts":1660547739,"status":200,"resp_time":0.066452}
{"time":"August 15, 1:01 pm","ts":1660548707,"status":200,"resp_time":0.079393}
{"time":"August 15, 1:15 pm","ts":1660549533,"status":200,"resp_time":0.200259}
{"time":"August 15, 1:26 pm","ts":1660550161,"status":200,"resp_time":0.2871}
{"time":"August 15, 1:54 pm","ts":1660551854,"status":200,"resp_time":0.227532}
{"time":"August 15, 2:15 pm","ts":1660553158,"status":200,"resp_time":0.096129}
{"time":"August 15, 2:26 pm","ts":1660553815,"status":200,"resp_time":0.09152}
{"time":"August 15, 2:51 pm","ts":1660555288,"status":200,"resp_time":0.206912}
{"time":"August 15, 3:10 pm","ts":1660556447,"status":200,"resp_time":0.237662}
{"time":"August 15, 3:25 pm","ts":1660557335,"status":200,"resp_time":0.066907}
{"time":"August 15, 3:50 pm","ts":1660558854,"status":200,"resp_time":0.126715}
{"time":"August 15, 4:13 pm","ts":1660560201,"status":200,"resp_time":0.288233}
{"time":"August 15, 4:25 pm","ts":1660560926,"status":200,"resp_time":0.069019}
{"time":"August 15, 4:44 pm","ts":1660562094,"status":200,"resp_time":0.089028}
{"time":"August 15, 5:00 pm","ts":1660563007,"status":200,"resp_time":0.271807}
{"time":"August 15, 5:11 pm","ts":1660563668,"status":200,"resp_time":0.103462}
{"time":"August 15, 5:25 pm","ts":1660564534,"status":200,"resp_time":0.220815}
{"time":"August 15, 6:07 pm","ts":1660567030,"status":200,"resp_time":0.209824}
{"time":"August 15, 6:56 pm","ts":1660569972,"status":200,"resp_time":0.314887}
{"time":"August 15, 7:28 pm","ts":1660571885,"status":200,"resp_time":0.309086}
{"time":"August 15, 7:55 pm","ts":1660573544,"status":200,"resp_time":0.16705}
{"time":"August 15, 8:11 pm","ts":1660574496,"status":200,"resp_time":0.115255}
{"time":"August 15, 8:25 pm","ts":1660575337,"status":200,"resp_time":0.172136}
{"time":"August 15, 8:50 pm","ts":1660576852,"status":200,"resp_time":0.077663}
{"time":"August 15, 9:14 pm","ts":1660578284,"status":200,"resp_time":0.190279}
{"time":"August 15, 9:25 pm","ts":1660578941,"status":200,"resp_time":0.146446}
{"time":"August 15, 9:56 pm","ts":1660580817,"status":200,"resp_time":0.105114}
{"time":"August 15, 10:32 pm","ts":1660582922,"status":200,"resp_time":0.235739}
{"time":"August 15, 11:03 pm","ts":1660584824,"status":200,"resp_time":0.194976}
{"time":"August 15, 11:19 pm","ts":1660585769,"status":200,"resp_time":0.233199}
{"time":"August 15, 11:29 pm","ts":1660586383,"status":200,"resp_time":0.207653}
{"time":"August 16, 12:02 am","ts":1660588341,"status":200,"resp_time":0.325117}
{"time":"August 16, 12:23 am","ts":1660589634,"status":200,"resp_time":0.100372}
{"time":"August 16, 12:43 am","ts":1660590820,"status":200,"resp_time":0.2012}
{"time":"August 16, 12:58 am","ts":1660591685,"status":200,"resp_time":0.079074}
{"time":"August 16, 1:09 am","ts":1660592366,"status":200,"resp_time":0.11935}
{"time":"August 16, 1:19 am","ts":1660592988,"status":200,"resp_time":0.322966}
{"time":"August 16, 1:30 am","ts":1660593607,"status":200,"resp_time":0.166577}
{"time":"August 16, 1:56 am","ts":1660595179,"status":200,"resp_time":0.094289}
{"time":"August 16, 2:11 am","ts":1660596110,"status":200,"resp_time":0.245995}
{"time":"August 16, 2:25 am","ts":1660596939,"status":200,"resp_time":0.192006}
