{"time":"September 18, 1:07 am","ts":1663443454,"status":200,"resp_time":0.224228}
{"time":"September 18, 1:18 am","ts":1663444081,"status":200,"resp_time":0.274411}
{"time":"September 18, 1:28 am","ts":1663444702,"status":200,"resp_time":0.296709}
{"time":"September 18, 1:57 am","ts":1663446441,"status":200,"resp_time":0.128341}
{"time":"September 18, 2:15 am","ts":1663447525,"status":200,"resp_time":0.182805}
{"time":"September 18, 2:25 am","ts":1663448151,"status":200,"resp_time":0.17413}
{"time":"September 18, 2:48 am","ts":1663449484,"status":200,"resp_time":0.238549}
{"time":"September 18, 3:06 am","ts":1663450564,"status":200,"resp_time":0.066956}
{"time":"September 18, 3:19 am","ts":1663451347,"status":200,"resp_time":0.216971}
{"time":"September 18, 3:29 am","ts":1663451965,"status":200,"resp_time":0.181435}
{"time":"September 18, 3:56 am","ts":1663453584,"status":200,"resp_time":0.054372}
{"time":"September 18, 4:14 am","ts":1663454653,"status":200,"resp_time":0.197059}
{"time":"September 18, 4:25 am","ts":1663455331,"status":200,"resp_time":0.280907}
{"time":"September 18, 4:49 am","ts":1663456769,"status":200,"resp_time":0.08503}
{"time":"September 18, 5:09 am","ts":1663457953,"status":200,"resp_time":0.064226}
{"time":"September 18, 5:25 am","ts":1663458930,"status":200,"resp_time":0.122624}
{"time":"September 18, 7:53 am","ts":1663467815,"status":200,"resp_time":0.122202}
{"time":"September 18, 9:50 am","ts":1663474839,"status":200,"resp_time":0.200975}
{"time":"September 18, 10:59 am","ts":1663478953,"status":200,"resp_time":0.191926}
{"time":"September 18, 11:27 am","ts":1663480638,"status":200,"resp_time":0.046725}
{"time":"September 18, 12:01 pm","ts":1663482661,"status":200,"resp_time":0.185983}
{"time":"September 18, 12:26 pm","ts":1663484216,"status":200,"resp_time":0.218068}
{"time":"September 18, 12:51 pm","ts":1663485716,"status":200,"resp_time":0.085999}
{"time":"September 18, 1:10 pm","ts":1663486825,"status":200,"resp_time":0.196888}
{"time":"September 18, 1:25 pm","ts":1663487736,"status":200,"resp_time":0.241783}
{"time":"September 18, 1:53 pm","ts":1663489403,"status":200,"resp_time":0.251444}
{"time":"September 18, 2:17 pm","ts":1663490870,"status":200,"resp_time":0.228793}
{"time":"September 18, 2:29 pm","ts":1663491586,"status":200,"resp_time":0.195972}
{"time":"September 18, 2:56 pm","ts":1663493200,"status":200,"resp_time":0.310464}
{"time":"September 18, 3:14 pm","ts":1663494289,"status":200,"resp_time":0.190446}
{"time":"September 18, 3:25 pm","ts":1663494929,"status":200,"resp_time":0.24302}
{"time":"September 18, 3:50 pm","ts":1663496452,"status":200,"resp_time":0.330715}
{"time":"September 18, 4:14 pm","ts":1663497862,"status":200,"resp_time":0.213073}
{"time":"September 18, 4:25 pm","ts":1663498555,"status":200,"resp_time":0.220139}
{"time":"September 18, 4:47 pm","ts":1663499834,"status":200,"resp_time":0.083787}
{"time":"September 18, 5:02 pm","ts":1663500779,"status":200,"resp_time":0.099225}
{"time":"September 18, 5:15 pm","ts":1663501550,"status":200,"resp_time":0.321148}
{"time":"September 18, 5:26 pm","ts":1663502189,"status":200,"resp_time":0.241912}
{"time":"September 18, 6:10 pm","ts":1663504805,"status":200,"resp_time":0.221856}
{"time":"September 18, 6:51 pm","ts":1663507271,"status":200,"resp_time":0.235533}
{"time":"September 18, 7:22 pm","ts":1663509145,"status":200,"resp_time":0.175194}
{"time":"September 18, 7:46 pm","ts":1663510560,"status":200,"resp_time":0.117513}
{"time":"September 18, 8:03 pm","ts":1663511614,"status":200,"resp_time":0.187964}
{"time":"September 18, 8:17 pm","ts":1663512451,"status":200,"resp_time":0.296153}
{"time":"September 18, 8:27 pm","ts":1663513071,"status":200,"resp_time":0.182399}
{"time":"September 18, 8:57 pm","ts":1663514820,"status":200,"resp_time":0.301434}
{"time":"September 18, 9:17 pm","ts":1663516051,"status":200,"resp_time":0.244557}
{"time":"September 18, 9:28 pm","ts":1663516682,"status":200,"resp_time":0.197907}
{"time":"September 18, 10:06 pm","ts":1663518974,"status":200,"resp_time":0.124853}
{"time":"September 18, 10:33 pm","ts":1663520611,"status":200,"resp_time":0.21506}
{"time":"September 18, 11:03 pm","ts":1663522401,"status":200,"resp_time":0.15381}
{"time":"September 18, 11:20 pm","ts":1663523452,"status":200,"resp_time":0.228375}
{"time":"September 18, 11:52 pm","ts":1663525378,"status":200,"resp_time":0.061925}
{"time":"September 19, 12:19 am","ts":1663526962,"status":200,"resp_time":0.231326}
{"time":"September 19, 12:30 am","ts":1663527624,"status":200,"resp_time":0.061533}
{"time":"September 19, 12:54 am","ts":1663529093,"status":200,"resp_time":0.079236}
{"time":"September 19, 1:07 am","ts":1663529861,"status":200,"resp_time":0.171081}
{"time":"September 19, 1:18 am","ts":1663530483,"status":200,"resp_time":0.052953}
{"time":"September 19, 1:28 am","ts":1663531101,"status":200,"resp_time":0.08168}
{"time":"September 19, 1:57 am","ts":1663532849,"status":200,"resp_time":0.12032}
{"time":"September 19, 2:15 am","ts":1663533936,"status":200,"resp_time":0.205618}
{"time":"September 19, 2:25 am","ts":1663534555,"status":200,"resp_time":0.083111}
{"time":"September 19, 2:48 am","ts":1663535896,"status":200,"resp_time":0.238367}
{"time":"September 19, 3:06 am","ts":1663536976,"status":200,"resp_time":0.205218}
{"time":"September 19, 3:19 am","ts":1663537761,"status":200,"resp_time":0.232504}
{"time":"September 19, 3:29 am","ts":1663538381,"status":200,"resp_time":0.07193}
{"time":"September 19, 3:56 am","ts":1663540011,"status":200,"resp_time":0.086717}
{"time":"September 19, 4:14 am","ts":1663541086,"status":200,"resp_time":0.179222}
{"time":"September 19, 4:25 am","ts":1663541730,"status":200,"resp_time":0.207878}
{"time":"September 19, 4:50 am","ts":1663543213,"status":200,"resp_time":0.197839}
{"time":"September 19, 5:15 am","ts":1663544730,"status":200,"resp_time":0.119749}
{"time":"September 19, 5:28 am","ts":1663545518,"status":200,"resp_time":0.378893}
{"time":"September 19, 8:33 am","ts":1663556601,"status":200,"resp_time":0.078326}
{"time":"September 19, 10:32 am","ts":1663563733,"status":200,"resp_time":0.172268}
{"time":"September 19, 11:52 am","ts":1663568541,"status":200,"resp_time":0.065369}
{"time":"September 19, 12:51 pm","ts":1663572097,"status":200,"resp_time":0.282562}
{"time":"September 19, 1:27 pm","ts":1663574254,"status":200,"resp_time":0.23423}
{"time":"September 19, 2:05 pm","ts":1663576522,"status":200,"resp_time":0.278162}
{"time":"September 19, 2:30 pm","ts":1663578000,"status":200,"resp_time":0.101687}
{"time":"September 19, 3:01 pm","ts":1663579877,"status":200,"resp_time":0.171136}
{"time":"September 19, 3:23 pm","ts":1663581180,"status":200,"resp_time":0.196265}
{"time":"September 19, 3:52 pm","ts":1663582954,"status":200,"resp_time":0.129775}
{"time":"September 19, 4:20 pm","ts":1663584600,"status":200,"resp_time":0.313085}
{"time":"September 19, 4:31 pm","ts":1663585263,"status":200,"resp_time":0.154025}
{"time":"September 19, 4:57 pm","ts":1663586864,"status":200,"resp_time":0.164571}
{"time":"September 19, 5:13 pm","ts":1663587785,"status":200,"resp_time":0.061785}
{"time":"September 19, 5:25 pm","ts":1663588535,"status":200,"resp_time":0.106943}
{"time":"September 19, 6:14 pm","ts":1663591465,"status":200,"resp_time":0.236815}
{"time":"September 19, 7:07 pm","ts":1663594643,"status":200,"resp_time":0.11414}
{"time":"September 19, 7:44 pm","ts":1663596899,"status":200,"resp_time":0.142006}
{"time":"September 19, 8:12 pm","ts":1663598565,"status":200,"resp_time":0.275796}
{"time":"September 19, 8:27 pm","ts":1663599451,"status":200,"resp_time":0.193265}
{"time":"September 19, 8:57 pm","ts":1663601279,"status":200,"resp_time":0.070691}
{"time":"September 19, 9:20 pm","ts":1663602612,"status":200,"resp_time":0.160323}
{"time":"September 19, 9:57 pm","ts":1663604829,"status":200,"resp_time":0.057806}
{"time":"September 19, 10:36 pm","ts":1663607216,"status":200,