{"time":"October 3, 10:56 pm","ts":1664817973,"status":200,"resp_time":0.146428}
{"time":"October 3, 11:31 pm","ts":1664820104,"status":200,"resp_time":0.085539}
{"time":"October 4, 12:16 am","ts":1664822771,"status":200,"resp_time":0.089024}
{"time":"October 4, 12:40 am","ts":1664824205,"status":200,"resp_time":0.201382}
{"time":"October 4, 1:02 am","ts":1664825577,"status":200,"resp_time":0.132356}
{"time":"October 4, 1:19 am","ts":1664826547,"status":200,"resp_time":0.200636}
{"time":"October 4, 1:29 am","ts":1664827163,"status":200,"resp_time":0.229272}
{"time":"October 4, 2:02 am","ts":1664829125,"status":200,"resp_time":0.186331}
{"time":"October 4, 2:23 am","ts":1664830436,"status":200,"resp_time":0.244366}
{"time":"October 4, 2:48 am","ts":1664831893,"status":200,"resp_time":0.065081}
{"time":"October 4, 3:09 am","ts":1664833198,"status":200,"resp_time":0.242854}
{"time":"October 4, 3:24 am","ts":1664834066,"status":200,"resp_time":0.113291}
{"time":"October 4, 3:50 am","ts":1664835647,"status":200,"resp_time":0.208769}
{"time":"October 4, 4:18 am","ts":1664837314,"status":200,"resp_time":0.171845}
{"time":"October 4, 4:30 am","ts":1664838013,"status":200,"resp_time":0.064683}
{"time":"October 4, 5:08 am","ts":1664840289,"status":200,"resp_time":0.117819}
{"time":"October 4, 5:29 am","ts":1664841556,"status":200,"resp_time":0.293463}
{"time":"October 4, 7:59 am","ts":1664850576,"status":200,"resp_time":0.122036}
{"time":"October 4, 9:27 am","ts":1664855860,"status":200,"resp_time":0.122328}
{"time":"October 4, 10:37 am","ts":1664860024,"status":200,"resp_time":0.165502}
{"time":"October 4, 11:25 am","ts":1664862952,"status":200,"resp_time":0.281008}
{"time":"October 4, 12:04 pm","ts":1664865251,"status":200,"resp_time":0.058515}
{"time":"October 4, 12:37 pm","ts":1664867241,"status":200,"resp_time":0.198929}
{"time":"October 4, 1:10 pm","ts":1664869243,"status":200,"resp_time":0.389502}
{"time":"October 4, 1:29 pm","ts":1664870345,"status":200,"resp_time":0.061141}
{"time":"October 4, 2:08 pm","ts":1664872715,"status":200,"resp_time":0.188568}
{"time":"October 4, 2:30 pm","ts":1664874044,"status":200,"resp_time":0.287106}
{"time":"October 4, 3:06 pm","ts":1664876182,"status":200,"resp_time":0.242836}
{"time":"October 4, 3:25 pm","ts":1664877354,"status":200,"resp_time":0.136065}
{"time":"October 4, 3:54 pm","ts":1664879088,"status":200,"resp_time":0.189351}
{"time":"October 4, 4:19 pm","ts":1664880556,"status":200,"resp_time":0.122912}
{"time":"October 4, 4:34 pm","ts":1664881455,"status":200,"resp_time":0.197127}
{"time":"October 4, 5:00 pm","ts":1664883001,"status":200,"resp_time":0.209451}
{"time":"October 4, 5:16 pm","ts":1664883982,"status":200,"resp_time":0.28143}
{"time":"October 4, 5:26 pm","ts":1664884598,"status":200,"resp_time":0.234216}
{"time":"October 4, 6:24 pm","ts":1664888098,"status":200,"resp_time":0.139787}
{"time":"October 4, 7:26 pm","ts":1664891773,"status":200,"resp_time":0.166564}
{"time":"October 4, 8:07 pm","ts":1664894258,"status":200,"resp_time":0.284675}
{"time":"October 4, 8:31 pm","ts":1664895714,"status":200,"resp_time":0.154231}
{"time":"October 4, 9:08 pm","ts":1664897909,"status":200,"resp_time":0.06042}
{"time":"October 4, 9:29 pm","ts":1664899171,"status":200,"resp_time":0.061857}
{"time":"October 4, 10:17 pm","ts":1664902044,"status":200,"resp_time":6.476757}
{"time":"October 4, 10:57 pm","ts":1664904441,"status":200,"resp_time":0.187483}
{"time":"October 4, 11:32 pm","ts":1664906560,"status":200,"resp_time":0.26284}
{"time":"October 5, 12:18 am","ts":1664909298,"status":200,"resp_time":0.22448}
{"time":"October 5, 12:41 am","ts":1664910716,"status":200,"resp_time":0.065701}
{"time":"October 5, 1:07 am","ts":1664912233,"status":200,"resp_time":0.163382}
{"time":"October 5, 1:20 am","ts":1664913035,"status":200,"resp_time":0.517336}
{"time":"October 5, 1:54 am","ts":1664915087,"status":200,"resp_time":0.226585}
{"time":"October 5, 2:19 am","ts":1664916579,"status":200,"resp_time":0.195174}
{"time":"October 5, 2:34 am","ts":1664917489,"status":200,"resp_time":0.328872}
{"time":"October 5, 3:00 am","ts":1664919059,"status":200,"resp_time":0.091025}
{"time":"October 5, 3:21 am","ts":1664920292,"status":200,"resp_time":0.062101}
{"time":"October 5, 3:50 am","ts":1664922041,"status":200,"resp_time":0.24364}
{"time":"October 5, 4:17 am","ts":1664923651,"status":200,"resp_time":0.209305}
{"time":"October 5, 4:29 am","ts":1664924373,"status":200,"resp_time":0.057498}
{"time":"October 5, 5:04 am","ts":1664926458,"status":200,"resp_time":0.240559}
{"time":"October 5, 5:26 am","ts":1664927802,"status":200,"resp_time":0.059392}
{"time":"October 5, 7:42 am","ts":1664935920,"status":200,"resp_time":0.374379}
{"time":"October 5, 9:17 am","ts":1664941654,"status":200,"resp_time":0.187725}
{"time":"October 5, 10:00 am","ts":1664944251,"status":200,"resp_time":0.245481}
{"time":"October 5, 11:01 am","ts":1664947866,"status":200,"resp_time":0.194134}
{"time":"October 5, 11:47 am","ts":1664950651,"status":200,"resp_time":0.164819}
{"time":"October 5, 12:31 pm","ts":1664953314,"status":200,"resp_time":0.105702}
{"time":"October 5, 1:12 pm","ts":1664955764,"status":200,"resp_time":0.179995}
{"time":"October 5, 1:29 pm","ts":1664956766,"status":200,"resp_time":0.102007}
{"time":"October 5, 2:06 pm","ts":1664958981,"status":200,"resp_time":0.062759}
{"time":"October 5, 2:28 pm","ts":1664960320,"status":200,"resp_time":0.271477}
{"time":"October 5, 3:01 pm","ts":1664962308,"status":200,"resp_time":0.293237}
{"time":"October 5, 3:25 pm","ts":1664963757,"status":200,"resp_time":0.268231}
{"time":"October 5, 3:56 pm","ts":1664965576,"status":200,"resp_time":0.062884}
{"time":"October 5, 4:21 pm","ts":1664967072,"status":200,"resp_time":0.084003}
{"time":"October 5, 4:47 pm","ts":1664968676,"status":200,"resp_time":0.295136}
{"time":"October 5, 5:08 pm","ts":1664969880,"status":200,"resp_time":0.214834}
{"time":"October 5, 5:20 pm","ts":1664970653,"status":200,"resp_time":0.201149}
{"time":"October 5, 6:11 pm","ts":1664973702,"status":200,"resp_time":0.273985}
{"time":"October 5, 7:30 pm","ts":1664978406,"status":200,"resp_time":0.090317}
{"time":"October 5, 8:15 pm","ts":1664981156,"status":200,"resp_time":0.169087}
{"time":"October 5, 8:38 pm","ts":1664982507,"status":200,"resp_time":0.109967}
{"time":"October 5, 9:04 pm","ts":1664984059,"status":200,"resp_time":0.359083}
{"time":"October 5, 9:32 pm","ts":1664985736,"status":200,"resp_time":0.065301}
{"time":"October 5, 10:39 pm","ts":1664989757,"status":200,"resp_time":0.236}
{"time":"October 5, 11:26 pm","ts":1664992581,"status":200,"resp_time":0.122694}
{"time":"October 6, 12:08 am","ts":1664995131,"status":200,"resp_time":0.274705}
{"time":"October 6, 12:42 am","ts":1664997134,"status":200,"resp_time":0.194517}
{"time":"October 6, 1:12 am","ts":1664998937,"status":200,"resp_time":0.230893}
{"time":"October 6, 1:27 am","ts":1664999821,"status":200,"resp_time":0.185771}
{"time":"October 6, 1:57 am","ts":1665001663,"status":200,"resp_time":0.094302}
{"time":"October 6, 2:19 am","ts":1665002976,"status":200,"resp_time":0.10502}
{"time":"October 6, 2:30 am","ts":1665003613,"status":200,"resp_time":0.170418}
{"time":"October 6, 2:57 am","ts":1665005260,"status":200,"resp_time":0.303404}
{"time":"October 6, 3:17 am","ts":1665006449,"status":200,"resp_time":0.123978}
{"time":"October 6, 3:27 am","ts":1665007076,"status":200,"resp_time":0.155557}
{"time":"October 6, 4:01 am","ts":1665009060,"status":200,"resp_time":0.086922}
{"time":"October 6, 4:25 am","ts":1665010503,"status":200,"resp_time":0.246883}
{"time":"October 6, 4:53 am","ts":1665012220,"status":200,"resp_time":0.248567}
{"time":"October 6, 5:20 am","ts":1665013817,"status":200,"resp_time":0.293001}
