{"time":"September 26, 1:28 am","ts":1664135920,"status":200,"resp_time":0.199924}
{"time":"September 26, 1:58 am","ts":1664137684,"status":200,"resp_time":0.253348}
{"time":"September 26, 2:16 am","ts":1664138778,"status":200,"resp_time":0.210555}
{"time":"September 26, 2:26 am","ts":1664139398,"status":200,"resp_time":0.265643}
{"time":"September 26, 2:50 am","ts":1664140808,"status":200,"resp_time":0.122331}
{"time":"September 26, 3:07 am","ts":1664141851,"status":200,"resp_time":0.105489}
{"time":"September 26, 3:20 am","ts":1664142626,"status":200,"resp_time":0.191308}
{"time":"September 26, 3:48 am","ts":1664144310,"status":200,"resp_time":0.24603}
{"time":"September 26, 4:08 am","ts":1664145535,"status":200,"resp_time":0.063485}
{"time":"September 26, 4:21 am","ts":1664146316,"status":200,"resp_time":0.237398}
{"time":"September 26, 4:50 am","ts":1664148002,"status":200,"resp_time":0.18127}
{"time":"September 26, 5:11 am","ts":1664149281,"status":200,"resp_time":0.113903}
{"time":"September 26, 5:29 am","ts":1664150392,"status":200,"resp_time":0.245834}
{"time":"September 26, 8:23 am","ts":1664160837,"status":200,"resp_time":0.115805}
{"time":"September 26, 10:24 am","ts":1664168095,"status":200,"resp_time":0.313681}
{"time":"September 26, 11:39 am","ts":1664172559,"status":200,"resp_time":0.307078}
{"time":"September 26, 12:34 pm","ts":1664175877,"status":200,"resp_time":0.173506}
{"time":"September 26, 1:15 pm","ts":1664178309,"status":200,"resp_time":0.275035}
{"time":"September 26, 1:30 pm","ts":1664179224,"status":200,"resp_time":0.101138}
{"time":"September 26, 2:13 pm","ts":1664181816,"status":200,"resp_time":0.10282}
{"time":"September 26, 2:35 pm","ts":1664183158,"status":200,"resp_time":0.091564}
{"time":"September 26, 3:05 pm","ts":1664184951,"status":200,"resp_time":0.260105}
{"time":"September 26, 3:23 pm","ts":1664185982,"status":200,"resp_time":0.060637}
{"time":"September 26, 3:51 pm","ts":1664187703,"status":200,"resp_time":0.110682}
{"time":"September 26, 4:17 pm","ts":1664189231,"status":200,"resp_time":0.299085}
{"time":"September 26, 4:28 pm","ts":1664189884,"status":200,"resp_time":0.188254}
{"time":"September 26, 4:53 pm","ts":1664191419,"status":200,"resp_time":0.279106}
{"time":"September 26, 5:11 pm","ts":1664192479,"status":200,"resp_time":0.273223}
{"time":"September 26, 5:25 pm","ts":1664193334,"status":200,"resp_time":0.075553}
{"time":"September 26, 6:14 pm","ts":1664196248,"status":200,"resp_time":0.230045}
{"time":"September 26, 7:10 pm","ts":1664199625,"status":200,"resp_time":0.117584}
{"time":"September 26, 7:51 pm","ts":1664202111,"status":200,"resp_time":0.295348}
{"time":"September 26, 8:22 pm","ts":1664203939,"status":200,"resp_time":0.350831}
{"time":"September 26, 8:52 pm","ts":1664205723,"status":200,"resp_time":0.141555}
{"time":"September 26, 9:19 pm","ts":1664207391,"status":200,"resp_time":0.237909}
{"time":"September 26, 9:38 pm","ts":1664208488,"status":200,"resp_time":0.081283}
{"time":"September 26, 10:23 pm","ts":1664211188,"status":200,"resp_time":0.176889}
{"time":"September 26, 11:00 pm","ts":1664213441,"status":200,"resp_time":0.236407}
{"time":"September 26, 11:26 pm","ts":1664215018,"status":200,"resp_time":0.267531}
{"time":"September 27, 12:02 am","ts":1664217148,"status":200,"resp_time":0.236715}
{"time":"September 27, 12:28 am","ts":1664218728,"status":200,"resp_time":0.106109}
{"time":"September 27, 12:54 am","ts":1664220275,"status":200,"resp_time":0.104772}
{"time":"September 27, 1:09 am","ts":1664221198,"status":200,"resp_time":0.227644}
{"time":"September 27, 1:20 am","ts":1664221812,"status":200,"resp_time":0.069593}
{"time":"September 27, 1:36 am","ts":1664222806,"status":200,"resp_time":0.093838}
{"time":"September 27, 2:04 am","ts":1664224460,"status":200,"resp_time":0.119653}
{"time":"September 27, 2:21 am","ts":1664225506,"status":200,"resp_time":0.196861}
{"time":"September 27, 2:49 am","ts":1664227140,"status":200,"resp_time":0.312201}
{"time":"September 27, 3:12 am","ts":1664228551,"status":200,"resp_time":0.171533}
{"time":"September 27, 3:27 am","ts":1664229428,"status":200,"resp_time":0.27794}
{"time":"September 27, 3:55 am","ts":1664231152,"status":200,"resp_time":0.300458}
{"time":"September 27, 4:16 am","ts":1664232398,"status":200,"resp_time":0.116418}
{"time":"September 27, 4:27 am","ts":1664233061,"status":200,"resp_time":0.243711}
{"time":"September 27, 5:02 am","ts":1664235134,"status":200,"resp_time":0.268416}
{"time":"September 27, 5:28 am","ts":1664236719,"status":200,"resp_time":0.233049}
{"time":"September 27, 8:10 am","ts":1664246436,"status":200,"resp_time":0.167021}
{"time":"September 27, 9:55 am","ts":1664252703,"status":200,"resp_time":0.181538}
{"time":"September 27, 11:15 am","ts":1664257559,"status":200,"resp_time":0.195682}
{"time":"September 27, 12:05 pm","ts":1664260558,"status":200,"resp_time":0.213665}
{"time":"September 27, 12:56 pm","ts":1664263591,"status":200,"resp_time":0.290065}
{"time":"September 27, 1:32 pm","ts":1664265733,"status":200,"resp_time":0.378696}
{"time":"September 27, 2:20 pm","ts":1664268619,"status":200,"resp_time":0.215542}
{"time":"September 27, 2:58 pm","ts":1664270920,"status":200,"resp_time":0.08297}
{"time":"September 27, 3:25 pm","ts":1664272519,"status":200,"resp_time":0.190016}
{"time":"September 27, 3:53 pm","ts":1664274239,"status":200,"resp_time":0.076359}
{"time":"September 27, 4:19 pm","ts":1664275785,"status":200,"resp_time":0.276172}
{"time":"September 27, 4:32 pm","ts":1664276537,"status":200,"resp_time":0.220186}
{"time":"September 27, 5:00 pm","ts":1664278212,"status":200,"resp_time":0.070825}
{"time":"September 27, 5:16 pm","ts":1664279195,"status":200,"resp_time":0.120277}
{"time":"September 27, 5:26 pm","ts":1664279812,"status":200,"resp_time":0.195172}
{"time":"September 27, 6:23 pm","ts":1664283191,"status":200,"resp_time":0.152852}
{"time":"September 27, 7:25 pm","ts":1664286921,"status":200,"resp_time":0.098282}
{"time":"September 27, 8:02 pm","ts":1664289174,"status":200,"resp_time":0.22162}
{"time":"September 27, 8:27 pm","ts":1664290627,"status":200,"resp_time":0.194602}
{"time":"September 27, 8:59 pm","ts":1664292555,"status":200,"resp_time":0.066429}
{"time":"September 27, 9:24 pm","ts":1664294051,"status":200,"resp_time":0.970783}
{"time":"September 27, 10:02 pm","ts":1664296329,"status":200,"resp_time":0.19712}
{"time":"September 27, 10:48 pm","ts":1664299137,"status":200,"resp_time":0.215181}
{"time":"September 27, 11:23 pm","ts":1664301237,"status":200,"resp_time":0.22722}
{"time":"September 27, 11:59 pm","ts":1664303372,"status":200,"resp_time":0.07477}
{"time":"September 28, 12:31 am","ts":1664305291,"status":200,"resp_time":0.167805}
{"time":"September 28, 1:00 am","ts":1664307059,"status":200,"resp_time":0.303763}
{"time":"September 28, 1:19 am","ts":1664308145,"status":200,"resp_time":0.205679}
{"time":"September 28, 1:29 am","ts":1664308773,"status":200,"resp_time":0.17606}
{"time":"September 28, 2:01 am","ts":1664310667,"status":200,"resp_time":0.102536}
{"time":"September 28, 2:23 am","ts":1664312008,"status":200,"resp_time":0.19976}
{"time":"September 28, 2:47 am","ts":1664313465,"status":200,"resp_time":0.087095}
{"time":"September 28, 3:08 am","ts":1664314729,"status":200,"resp_time":0.219734}
{"time":"September 28, 3:23 am","ts":1664315594,"status":200,"resp_time":0.116575}
{"time":"September 28, 3:50 am","ts":1664317234,"status":200,"resp_time":0.126754}
{"time":"September 28, 4:17 am","ts":1664318851,"status":200,"resp_time":0.118171}
{"time":"September 28, 4:28 am","ts":1664319521,"status":200,"resp_time":0.312548}
{"time":"September 28, 5:04 am","ts":1664321659,"status":200,"resp_time":0.134092}
{"time":"September 28, 5:28 am","ts":1664323106,"status":200,"resp_time":0.091272}
{"time":"September 28, 8:14 am","ts":1664333045,"status":200,"resp_time":0.094407}
{"time":"September 28, 10:01 am","ts":1664339508,"status":200,