{"time":"October 15, 1:02 am","ts":1665775926,"status":200,"resp_time":0.219455}
{"time":"October 15, 1:18 am","ts":1665776905,"status":200,"resp_time":0.16931}
{"time":"October 15, 1:28 am","ts":1665777532,"status":200,"resp_time":0.204223}
{"time":"October 15, 2:05 am","ts":1665779702,"status":200,"resp_time":0.249452}
{"time":"October 15, 2:25 am","ts":1665780947,"status":200,"resp_time":0.087274}
{"time":"October 15, 2:51 am","ts":1665782479,"status":200,"resp_time":0.206188}
{"time":"October 15, 3:15 am","ts":1665783931,"status":200,"resp_time":0.230446}
{"time":"October 15, 3:27 am","ts":1665784647,"status":200,"resp_time":0.289021}
{"time":"October 15, 3:57 am","ts":1665786460,"status":200,"resp_time":0.091918}
{"time":"October 15, 4:20 am","ts":1665787803,"status":200,"resp_time":0.301895}
{"time":"October 15, 4:30 am","ts":1665788459,"status":200,"resp_time":0.115091}
{"time":"October 15, 5:07 am","ts":1665790621,"status":200,"resp_time":0.128474}
{"time":"October 15, 5:27 am","ts":1665791832,"status":200,"resp_time":0.176767}
{"time":"October 15, 8:09 am","ts":1665801565,"status":200,"resp_time":0.107985}
{"time":"October 15, 9:55 am","ts":1665807932,"status":200,"resp_time":0.131021}
{"time":"October 15, 11:03 am","ts":1665812023,"status":200,"resp_time":0.224441}
{"time":"October 15, 11:36 am","ts":1665813980,"status":200,"resp_time":0.319945}
{"time":"October 15, 12:18 pm","ts":1665816484,"status":200,"resp_time":0.066454}
{"time":"October 15, 12:42 pm","ts":1665817932,"status":200,"resp_time":0.198711}
{"time":"October 15, 1:10 pm","ts":1665819639,"status":200,"resp_time":0.150478}
{"time":"October 15, 1:26 pm","ts":1665820576,"status":200,"resp_time":0.090482}
{"time":"October 15, 2:00 pm","ts":1665822659,"status":200,"resp_time":0.056933}
{"time":"October 15, 2:28 pm","ts":1665824321,"status":200,"resp_time":0.181469}
{"time":"October 15, 3:00 pm","ts":1665826225,"status":200,"resp_time":0.305478}
{"time":"October 15, 3:23 pm","ts":1665827604,"status":200,"resp_time":0.344868}
{"time":"October 15, 3:51 pm","ts":1665829277,"status":200,"resp_time":0.233923}
{"time":"October 15, 4:18 pm","ts":1665830896,"status":200,"resp_time":0.224459}
{"time":"October 15, 4:29 pm","ts":1665831579,"status":200,"resp_time":0.200392}
{"time":"October 15, 4:54 pm","ts":1665833072,"status":200,"resp_time":0.31482}
{"time":"October 15, 5:11 pm","ts":1665834070,"status":200,"resp_time":0.155588}
{"time":"October 15, 5:25 pm","ts":1665834933,"status":200,"resp_time":0.195296}
{"time":"October 15, 6:09 pm","ts":1665837557,"status":200,"resp_time":0.049693}
{"time":"October 15, 6:55 pm","ts":1665840338,"status":200,"resp_time":0.081687}
{"time":"October 15, 7:28 pm","ts":1665842303,"status":200,"resp_time":0.285724}
{"time":"October 15, 7:56 pm","ts":1665844018,"status":200,"resp_time":0.295899}
{"time":"October 15, 8:16 pm","ts":1665845176,"status":200,"resp_time":0.10138}
{"time":"October 15, 8:27 pm","ts":1665845826,"status":200,"resp_time":0.187463}
{"time":"October 15, 8:57 pm","ts":1665847624,"status":200,"resp_time":0.101914}
{"time":"October 15, 9:20 pm","ts":1665849004,"status":200,"resp_time":0.246001}
{"time":"October 15, 9:37 pm","ts":1665850068,"status":200,"resp_time":0.246187}
{"time":"October 15, 10:20 pm","ts":1665852642,"status":200,"resp_time":0.101553}
{"time":"October 15, 10:56 pm","ts":1665854798,"status":200,"resp_time":0.200864}
{"time":"October 15, 11:21 pm","ts":1665856285,"status":200,"resp_time":0.198978}
{"time":"October 15, 11:53 pm","ts":1665858237,"status":200,"resp_time":0.064541}
{"time":"October 16, 12:22 am","ts":1665859930,"status":200,"resp_time":0.057188}
{"time":"October 16, 12:47 am","ts":1665861430,"status":200,"resp_time":0.103476}
{"time":"October 16, 1:03 am","ts":1665862422,"status":200,"resp_time":0.157114}
{"time":"October 16, 1:17 am","ts":1665863226,"status":200,"resp_time":0.28765}
{"time":"October 16, 1:27 am","ts":1665863854,"status":200,"resp_time":0.215042}
{"time":"October 16, 1:58 am","ts":1665865723,"status":200,"resp_time":0.190788}
{"time":"October 16, 2:19 am","ts":1665866953,"status":200,"resp_time":0.278636}
{"time":"October 16, 2:29 am","ts":1665867570,"status":200,"resp_time":0.31246}
{"time":"October 16, 2:56 am","ts":1665869198,"status":200,"resp_time":0.079668}
{"time":"October 16, 3:15 am","ts":1665870333,"status":200,"resp_time":0.190789}
{"time":"October 16, 3:26 am","ts":1665870974,"status":200,"resp_time":0.217856}
{"time":"October 16, 3:53 am","ts":1665872581,"status":0,"resp_time":7.000641}
{"time":"October 16, 4:16 am","ts":1665873980,"status":200,"resp_time":0.135588}
{"time":"October 16, 4:27 am","ts":1665874670,"status":200,"resp_time":0.091019}
{"time":"October 16, 5:02 am","ts":1665876769,"status":200,"resp_time":0.229466}
{"time":"October 16, 5:25 am","ts":1665878135,"status":200,"resp_time":0.278644}
{"time":"October 16, 7:52 am","ts":1665886920,"status":200,"resp_time":0.158429}
{"time":"October 16, 9:52 am","ts":1665894175,"status":200,"resp_time":0.098212}
{"time":"October 16, 11:00 am","ts":1665898229,"status":200,"resp_time":0.060027}
{"time":"October 16, 11:33 am","ts":1665900239,"status":200,"resp_time":0.303036}
{"time":"October 16, 12:15 pm","ts":1665902727,"status":200,"resp_time":0.189338}
{"time":"October 16, 12:39 pm","ts":1665904184,"status":200,"resp_time":0.304102}
{"time":"October 16, 1:06 pm","ts":1665905776,"status":200,"resp_time":0.186352}
{"time":"October 16, 1:21 pm","ts":1665906677,"status":200,"resp_time":0.066286}
{"time":"October 16, 1:55 pm","ts":1665908750,"status":200,"resp_time":0.10569}
{"time":"October 16, 2:22 pm","ts":1665910371,"status":200,"resp_time":0.204557}
{"time":"October 16, 2:51 pm","ts":1665912070,"status":200,"resp_time":0.058099}
{"time":"October 16, 3:17 pm","ts":1665913636,"status":200,"resp_time":0.198779}
{"time":"October 16, 3:28 pm","ts":1665914312,"status":200,"resp_time":0.239543}
{"time":"October 16, 4:01 pm","ts":1665916265,"status":200,"resp_time":0.186673}
{"time":"October 16, 4:24 pm","ts":1665917643,"status":200,"resp_time":0.230033}
{"time":"October 16, 4:46 pm","ts":1665918982,"status":200,"resp_time":0.099807}
{"time":"October 16, 5:05 pm","ts":1665920104,"status":200,"resp_time":0.228526}
{"time":"October 16, 5:17 pm","ts":1665920876,"status":200,"resp_time":0.202258}
{"time":"October 16, 5:28 pm","ts":1665921495,"status":200,"resp_time":0.178128}
{"time":"October 16, 6:23 pm","ts":1665924808,"status":200,"resp_time":0.08203}
{"time":"October 16, 7:09 pm","ts":1665927548,"status":200,"resp_time":0.150845}
{"time":"October 16, 7:30 pm","ts":1665928854,"status":200,"resp_time":0.318016}
{"time":"October 16, 8:01 pm","ts":1665930715,"status":200,"resp_time":0.118336}
{"time":"October 16, 8:21 pm","ts":1665931886,"status":200,"resp_time":0.256183}
{"time":"October 16, 8:50 pm","ts":1665933650,"status":200,"resp_time":0.247263}
{"time":"October 16, 9:18 pm","ts":1665935315,"status":200,"resp_time":0.271941}
{"time":"October 16, 9:30 pm","ts":1665936052,"status":200,"resp_time":0.060285}
{"time":"October 16, 10:18 pm","ts":1665938903,"status":200,"resp_time":0.294275}
{"time":"October 16, 10:46 pm","ts":1665940609,"status":200,"resp_time":0.345134}
{"time":"October 16, 11:16 pm","ts":1665942375,"status":200,"resp_time":0.141042}
{"time":"October 16, 11:29 pm","ts":1665943167,"status":200,"resp_time":0.236375}
{"time":"October 17, 12:04 am","ts":1665945297,"status":200,"resp_time":0.116835}
{"time":"October 17, 12:27 am","ts":1665946672,"status":200,"resp_time":0.290286}
{"time":"October 17, 12:53 am","ts":1665948236,"status":200,"resp_time":0.242461}
{"time":"October 17, 1:10 am","ts":1665949219,"status":200,"resp_time":0.199859}
