{"time":"September 20, 12:57 am","ts":1663615650,"status":200,"resp_time":0.099665}
{"time":"September 20, 1:11 am","ts":1663616506,"status":200,"resp_time":0.084218}
{"time":"September 20, 1:25 am","ts":1663617329,"status":200,"resp_time":0.112081}
{"time":"September 20, 1:52 am","ts":1663618944,"status":200,"resp_time":0.089296}
{"time":"September 20, 2:15 am","ts":1663620334,"status":200,"resp_time":0.257938}
{"time":"September 20, 2:26 am","ts":1663621016,"status":200,"resp_time":0.273867}
{"time":"September 20, 2:52 am","ts":1663622564,"status":200,"resp_time":0.099332}
{"time":"September 20, 3:13 am","ts":1663623789,"status":200,"resp_time":0.165474}
{"time":"September 20, 3:25 am","ts":1663624531,"status":200,"resp_time":0.164003}
{"time":"September 20, 3:49 am","ts":1663625948,"status":200,"resp_time":0.086495}
{"time":"September 20, 4:09 am","ts":1663627173,"status":200,"resp_time":0.087635}
{"time":"September 20, 4:22 am","ts":1663627950,"status":200,"resp_time":0.118437}
{"time":"September 20, 4:52 am","ts":1663629764,"status":200,"resp_time":0.252724}
{"time":"September 20, 5:17 am","ts":1663631279,"status":200,"resp_time":0.189671}
{"time":"September 20, 6:03 am","ts":1663634030,"status":200,"resp_time":0.156105}
{"time":"September 20, 8:53 am","ts":1663644198,"status":200,"resp_time":0.097436}
{"time":"September 20, 10:37 am","ts":1663650465,"status":200,"resp_time":0.204056}
{"time":"September 20, 11:46 am","ts":1663654611,"status":200,"resp_time":0.284899}
{"time":"September 20, 12:31 pm","ts":1663657299,"status":200,"resp_time":0.060841}
{"time":"September 20, 1:06 pm","ts":1663659386,"status":200,"resp_time":0.157665}
{"time":"September 20, 1:23 pm","ts":1663660386,"status":200,"resp_time":0.145647}
{"time":"September 20, 1:58 pm","ts":1663662490,"status":200,"resp_time":0.172544}
{"time":"September 20, 2:28 pm","ts":1663664288,"status":200,"resp_time":0.127283}
{"time":"September 20, 2:59 pm","ts":1663666180,"status":200,"resp_time":0.221501}
{"time":"September 20, 3:20 pm","ts":1663667421,"status":200,"resp_time":0.110776}
{"time":"September 20, 3:51 pm","ts":1663669302,"status":200,"resp_time":0.193441}
{"time":"September 20, 4:17 pm","ts":1663670834,"status":200,"resp_time":0.163722}
{"time":"September 20, 4:28 pm","ts":1663671498,"status":200,"resp_time":0.091801}
{"time":"September 20, 4:53 pm","ts":1663673037,"status":200,"resp_time":0.112004}
{"time":"September 20, 5:11 pm","ts":1663674068,"status":200,"resp_time":0.179379}
{"time":"September 20, 5:25 pm","ts":1663674938,"status":200,"resp_time":0.189844}
{"time":"September 20, 6:11 pm","ts":1663677695,"status":200,"resp_time":0.244603}
{"time":"September 20, 7:06 pm","ts":1663681015,"status":200,"resp_time":0.11762}
{"time":"September 20, 7:46 pm","ts":1663683415,"status":200,"resp_time":0.125787}
{"time":"September 20, 8:16 pm","ts":1663685167,"status":200,"resp_time":0.105929}
{"time":"September 20, 8:29 pm","ts":1663685976,"status":200,"resp_time":0.225017}
{"time":"September 20, 9:00 pm","ts":1663687845,"status":200,"resp_time":0.19109}
{"time":"September 20, 9:24 pm","ts":1663689299,"status":200,"resp_time":0.131912}
{"time":"September 20, 9:57 pm","ts":1663691228,"status":200,"resp_time":0.110368}
{"time":"September 20, 10:33 pm","ts":1663693402,"status":200,"resp_time":0.289551}
{"time":"September 20, 11:07 pm","ts":1663695421,"status":200,"resp_time":0.103876}
{"time":"September 20, 11:23 pm","ts":1663696435,"status":200,"resp_time":0.108725}
{"time":"September 20, 11:54 pm","ts":1663698249,"status":200,"resp_time":0.107079}
{"time":"September 21, 12:21 am","ts":1663699914,"status":200,"resp_time":0.227057}
{"time":"September 21, 12:46 am","ts":1663701397,"status":200,"resp_time":0.159836}
{"time":"September 21, 1:02 am","ts":1663702335,"status":200,"resp_time":0.209463}
{"time":"September 21, 1:16 am","ts":1663703181,"status":200,"resp_time":1.01983}
{"time":"September 21, 1:26 am","ts":1663703794,"status":200,"resp_time":0.236066}
{"time":"September 21, 1:54 am","ts":1663705497,"status":200,"resp_time":0.069851}
{"time":"September 21, 2:15 am","ts":1663706705,"status":200,"resp_time":0.151818}
{"time":"September 21, 2:26 am","ts":1663707405,"status":200,"resp_time":0.284251}
{"time":"September 21, 2:51 am","ts":1663708907,"status":200,"resp_time":0.202501}
{"time":"September 21, 3:13 am","ts":1663710186,"status":200,"resp_time":0.118668}
{"time":"September 21, 3:25 am","ts":1663710931,"status":200,"resp_time":0.294271}
{"time":"September 21, 3:54 am","ts":1663712676,"status":200,"resp_time":0.073721}
{"time":"September 21, 4:17 am","ts":1663714043,"status":200,"resp_time":0.283727}
{"time":"September 21, 4:27 am","ts":1663714677,"status":200,"resp_time":0.13235}
{"time":"September 21, 5:00 am","ts":1663716653,"status":200,"resp_time":0.250353}
{"time":"September 21, 5:26 am","ts":1663718177,"status":200,"resp_time":0.13019}
{"time":"September 21, 8:00 am","ts":1663727411,"status":200,"resp_time":0.105606}
{"time":"September 21, 10:03 am","ts":1663734829,"status":200,"resp_time":0.100238}
{"time":"September 21, 11:24 am","ts":1663739694,"status":200,"resp_time":0.232844}
{"time":"September 21, 12:24 pm","ts":1663743279,"status":200,"resp_time":0.117075}
{"time":"September 21, 1:11 pm","ts":1663746069,"status":200,"resp_time":0.097816}
{"time":"September 21, 1:40 pm","ts":1663747831,"status":200,"resp_time":0.056881}
{"time":"September 21, 2:19 pm","ts":1663750174,"status":200,"resp_time":0.081086}
{"time":"September 21, 2:40 pm","ts":1663751400,"status":200,"resp_time":0.058585}
{"time":"September 21, 3:07 pm","ts":1663753057,"status":200,"resp_time":0.277945}
{"time":"September 21, 3:24 pm","ts":1663754071,"status":200,"resp_time":0.293182}
{"time":"September 21, 3:51 pm","ts":1663755688,"status":200,"resp_time":0.202446}
{"time":"September 21, 4:16 pm","ts":1663757201,"status":200,"resp_time":0.20701}
{"time":"September 21, 4:27 pm","ts":1663757858,"status":200,"resp_time":0.30504}
{"time":"September 21, 4:52 pm","ts":1663759368,"status":200,"resp_time":0.195427}
{"time":"September 21, 5:10 pm","ts":1663760438,"status":200,"resp_time":0.196568}
{"time":"September 21, 5:25 pm","ts":1663761332,"status":200,"resp_time":0.057115}
{"time":"September 21, 6:13 pm","ts":1663764182,"status":200,"resp_time":0.200313}
{"time":"September 21, 7:08 pm","ts":1663767518,"status":200,"resp_time":0.051173}
{"time":"September 21, 7:47 pm","ts":1663769860,"status":200,"resp_time":0.119764}
{"time":"September 21, 8:14 pm","ts":1663771492,"status":200,"resp_time":0.146372}
{"time":"September 21, 8:28 pm","ts":1663772284,"status":200,"resp_time":0.216574}
{"time":"September 21, 8:58 pm","ts":1663774138,"status":200,"resp_time":0.103909}
{"time":"September 21, 9:20 pm","ts":1663775421,"status":200,"resp_time":0.11194}
{"time":"September 21, 9:59 pm","ts":1663777783,"status":200,"resp_time":0.038651}
{"time":"September 21, 10:40 pm","ts":1663780236,"status":200,"resp_time":0.162725}
{"time":"September 21, 11:16 pm","ts":1663782417,"status":200,"resp_time":0.211106}
{"time":"September 21, 11:29 pm","ts":1663783186,"status":200,"resp_time":0.232649}
{"time":"September 22, 12:07 am","ts":1663785455,"status":200,"resp_time":0.286676}
{"time":"September 22, 12:30 am","ts":1663786844,"status":200,"resp_time":0.05456}
{"time":"September 22, 12:58 am","ts":1663788488,"status":200,"resp_time":0.087792}
{"time":"September 22, 1:12 am","ts":1663789376,"status":200,"resp_time":0.19378}
{"time":"September 22, 1:25 am","ts":1663790141,"status":200,"resp_time":0.198206}
{"time":"September 22, 1:51 am","ts":1663791713,"status":200,"resp_time":0.061795}
{"time":"September 22, 2:14 am","ts":1663793090,"status":200,"resp_time":0.058758}
{"time":"September 22, 2:26 am","ts":1663793789,"status":200,"resp_time":0.067132}
{"time":"September 22, 2:50 am","ts":1663795232,"status":200,"resp_time":0.193313}
{"time":"September 22, 3:12 am","ts":1663796557,"status":200,