{"time":"August 16, 11:29 am","ts":1660629589,"status":200,"resp_time":0.063805}
{"time":"August 16, 12:01 pm","ts":1660631485,"status":200,"resp_time":0.190493}
{"time":"August 16, 12:22 pm","ts":1660632746,"status":200,"resp_time":0.093059}
{"time":"August 16, 12:43 pm","ts":1660634004,"status":200,"resp_time":0.19972}
{"time":"August 16, 12:56 pm","ts":1660634818,"status":200,"resp_time":0.19731}
{"time":"August 16, 1:07 pm","ts":1660635456,"status":200,"resp_time":0.097534}
{"time":"August 16, 1:18 pm","ts":1660636082,"status":200,"resp_time":0.114658}
{"time":"August 16, 1:28 pm","ts":1660636703,"status":200,"resp_time":0.084328}
{"time":"August 16, 1:55 pm","ts":1660638354,"status":200,"resp_time":0.078878}
{"time":"August 16, 2:10 pm","ts":1660639217,"status":200,"resp_time":0.216648}
{"time":"August 16, 2:25 pm","ts":1660640139,"status":200,"resp_time":0.198893}
{"time":"August 16, 2:45 pm","ts":1660641328,"status":200,"resp_time":0.081643}
{"time":"August 16, 2:59 pm","ts":1660642140,"status":200,"resp_time":0.315479}
{"time":"August 16, 3:09 pm","ts":1660642759,"status":200,"resp_time":0.084696}
{"time":"August 16, 3:19 pm","ts":1660643378,"status":200,"resp_time":0.056221}
{"time":"August 16, 3:29 pm","ts":1660643998,"status":200,"resp_time":0.176592}
{"time":"August 16, 3:57 pm","ts":1660645624,"status":200,"resp_time":0.191412}
{"time":"August 16, 4:11 pm","ts":1660646468,"status":200,"resp_time":0.14865}
{"time":"August 16, 4:25 pm","ts":1660647333,"status":200,"resp_time":0.214982}
{"time":"August 16, 4:43 pm","ts":1660648428,"status":200,"resp_time":0.084199}
{"time":"August 16, 4:56 pm","ts":1660649193,"status":200,"resp_time":0.113763}
{"time":"August 16, 5:07 pm","ts":1660649862,"status":200,"resp_time":0.274502}
{"time":"August 16, 5:18 pm","ts":1660650488,"status":200,"resp_time":0.294738}
{"time":"August 16, 5:28 pm","ts":1660651116,"status":200,"resp_time":0.140682}
{"time":"August 16, 6:15 pm","ts":1660653931,"status":200,"resp_time":0.117444}
{"time":"August 16, 6:49 pm","ts":1660655980,"status":200,"resp_time":0.190583}
{"time":"August 16, 7:11 pm","ts":1660657292,"status":200,"resp_time":0.214988}
{"time":"August 16, 7:25 pm","ts":1660658128,"status":200,"resp_time":0.0931}
{"time":"August 16, 7:46 pm","ts":1660659407,"status":200,"resp_time":0.195506}
{"time":"August 16, 8:02 pm","ts":1660660331,"status":200,"resp_time":0.293876}
{"time":"August 16, 8:15 pm","ts":1660661129,"status":200,"resp_time":0.148216}
{"time":"August 16, 8:25 pm","ts":1660661754,"status":200,"resp_time":0.337106}
{"time":"August 16, 8:50 pm","ts":1660663223,"status":200,"resp_time":0.267795}
{"time":"August 16, 9:15 pm","ts":1660664717,"status":200,"resp_time":0.198296}
{"time":"August 16, 9:27 pm","ts":1660665432,"status":200,"resp_time":0.245623}
{"time":"August 16, 10:02 pm","ts":1660667548,"status":200,"resp_time":0.212076}
{"time":"August 16, 10:30 pm","ts":1660669253,"status":200,"resp_time":0.182328}
{"time":"August 16, 11:01 pm","ts":1660671119,"status":200,"resp_time":0.249195}
{"time":"August 16, 11:18 pm","ts":1660672120,"status":200,"resp_time":0.090864}
{"time":"August 16, 11:28 pm","ts":1660672737,"status":200,"resp_time":0.139587}
{"time":"August 17, 12:03 am","ts":1660674812,"status":200,"resp_time":0.295022}
{"time":"August 17, 12:23 am","ts":1660676017,"status":200,"resp_time":0.086961}
{"time":"August 17, 12:43 am","ts":1660677223,"status":200,"resp_time":0.089563}
{"time":"August 17, 12:57 am","ts":1660678059,"status":200,"resp_time":0.088069}
{"time":"August 17, 1:09 am","ts":1660678740,"status":200,"resp_time":0.190719}
{"time":"August 17, 1:19 am","ts":1660679359,"status":200,"resp_time":0.234544}
{"time":"August 17, 1:29 am","ts":1660679982,"status":200,"resp_time":0.197288}
{"time":"August 17, 1:55 am","ts":1660681522,"status":200,"resp_time":0.118015}
{"time":"August 17, 2:11 am","ts":1660682479,"status":200,"resp_time":0.278711}
{"time":"August 17, 2:25 am","ts":1660683333,"status":200,"resp_time":0.28007}
{"time":"August 17, 2:46 am","ts":1660684560,"status":200,"resp_time":0.226643}
{"time":"August 17, 3:02 am","ts":1660685537,"status":200,"resp_time":0.33636}
{"time":"August 17, 3:16 am","ts":1660686368,"status":200,"resp_time":0.066701}
{"time":"August 17, 3:26 am","ts":1660687001,"status":200,"resp_time":0.092852}
{"time":"August 17, 3:51 am","ts":1660688510,"status":200,"resp_time":0.103359}
{"time":"August 17, 4:11 am","ts":1660689715,"status":200,"resp_time":0.345339}
{"time":"August 17, 4:25 am","ts":1660690528,"status":200,"resp_time":0.075407}
{"time":"August 17, 4:46 am","ts":1660691789,"status":200,"resp_time":0.111031}
{"time":"August 17, 5:02 am","ts":1660692777,"status":200,"resp_time":0.301341}
{"time":"August 17, 5:16 am","ts":1660693606,"status":200,"resp_time":0.201142}
{"time":"August 17, 5:27 am","ts":1660694247,"status":200,"resp_time":0.222456}
{"time":"August 17, 7:58 am","ts":1660703330,"status":200,"resp_time":0.200725}
{"time":"August 17, 9:38 am","ts":1660709290,"status":200,"resp_time":0.168605}
{"time":"August 17, 10:48 am","ts":1660713526,"status":200,"resp_time":0.177486}
{"time":"August 17, 11:20 am","ts":1660715440,"status":200,"resp_time":0.281487}
{"time":"August 17, 11:53 am","ts":1660717439,"status":200,"resp_time":0.188067}
{"time":"August 17, 12:20 pm","ts":1660719030,"status":200,"resp_time":0.343089}
{"time":"August 17, 12:45 pm","ts":1660720521,"status":200,"resp_time":0.193875}
{"time":"August 17, 1:01 pm","ts":1660721482,"status":200,"resp_time":0.326763}
{"time":"August 17, 1:15 pm","ts":1660722328,"status":200,"resp_time":0.198255}
{"time":"August 17, 1:25 pm","ts":1660722945,"status":200,"resp_time":0.090559}
{"time":"August 17, 1:54 pm","ts":1660724679,"status":200,"resp_time":0.112221}
{"time":"August 17, 2:15 pm","ts":1660725943,"status":200,"resp_time":0.060027}
{"time":"August 17, 2:26 pm","ts":1660726596,"status":200,"resp_time":0.194386}
{"time":"August 17, 2:51 pm","ts":1660728117,"status":200,"resp_time":0.305878}
{"time":"August 17, 3:11 pm","ts":1660729305,"status":200,"resp_time":0.080904}
{"time":"August 17, 3:25 pm","ts":1660730131,"status":200,"resp_time":0.464844}
{"time":"August 17, 3:50 pm","ts":1660731629,"status":200,"resp_time":0.203291}
{"time":"August 17, 4:12 pm","ts":1660732951,"status":200,"resp_time":0.260468}
{"time":"August 17, 4:25 pm","ts":1660733731,"status":200,"resp_time":0.232051}
{"time":"August 17, 4:45 pm","ts":1660734910,"status":200,"resp_time":0.25213}
{"time":"August 17, 5:01 pm","ts":1660735872,"status":200,"resp_time":0.047467}
{"time":"August 17, 5:15 pm","ts":1660736747,"status":200,"resp_time":0.114426}
{"time":"August 17, 5:26 pm","ts":1660737382,"status":200,"resp_time":0.087011}
{"time":"August 17, 6:14 pm","ts":1660740283,"status":200,"resp_time":0.281494}
{"time":"August 17, 7:05 pm","ts":1660743311,"status":200,"resp_time":0.255969}
{"time":"August 17, 7:35 pm","ts":1660745140,"status":200,"resp_time":0.09069}
{"time":"August 17, 8:01 pm","ts":1660746686,"status":200,"resp_time":0.106415}
{"time":"August 17, 8:18 pm","ts":1660747687,"status":200,"resp_time":0.179891}
{"time":"August 17, 8:28 pm","ts":1660748314,"status":200,"resp_time":0.173986}
{"time":"August 17, 8:58 pm","ts":1660750096,"status":200,"resp_time":0.203971}
