{"time":"August 20, 8:18 pm","ts":1661006917,"status":200,"resp_time":0.113006}
{"time":"August 20, 8:28 pm","ts":1661007536,"status":200,"resp_time":0.088543}
{"time":"August 20, 8:55 pm","ts":1661009113,"status":200,"resp_time":0.193965}
{"time":"August 20, 9:11 pm","ts":1661010103,"status":200,"resp_time":0.191415}
{"time":"August 20, 9:25 pm","ts":1661010926,"status":200,"resp_time":0.196117}
{"time":"August 20, 9:53 pm","ts":1661012585,"status":200,"resp_time":0.206616}
{"time":"August 20, 10:22 pm","ts":1661014378,"status":200,"resp_time":0.266983}
{"time":"August 20, 10:47 pm","ts":1661015820,"status":200,"resp_time":0.117746}
{"time":"August 20, 11:04 pm","ts":1661016844,"status":200,"resp_time":0.267591}
{"time":"August 20, 11:15 pm","ts":1661017527,"status":200,"resp_time":0.132883}
{"time":"August 20, 11:25 pm","ts":1661018150,"status":200,"resp_time":0.112673}
{"time":"August 20, 11:52 pm","ts":1661019722,"status":200,"resp_time":0.221694}
{"time":"August 21, 12:14 am","ts":1661021081,"status":200,"resp_time":0.32732}
{"time":"August 21, 12:25 am","ts":1661021732,"status":200,"resp_time":0.275063}
{"time":"August 21, 12:44 am","ts":1661022844,"status":200,"resp_time":0.111139}
{"time":"August 21, 12:57 am","ts":1661023642,"status":200,"resp_time":0.210393}
{"time":"August 21, 1:08 am","ts":1661024321,"status":200,"resp_time":0.105541}
{"time":"August 21, 1:19 am","ts":1661024956,"status":200,"resp_time":0.253091}
{"time":"August 21, 1:29 am","ts":1661025575,"status":200,"resp_time":0.193105}
{"time":"August 21, 1:55 am","ts":1661027125,"status":200,"resp_time":0.311686}
{"time":"August 21, 2:10 am","ts":1661028034,"status":200,"resp_time":0.221977}
{"time":"August 21, 2:25 am","ts":1661028940,"status":200,"resp_time":0.361868}
{"time":"August 21, 2:46 am","ts":1661030197,"status":200,"resp_time":0.071104}
{"time":"August 21, 3:04 am","ts":1661031281,"status":200,"resp_time":0.060584}
{"time":"August 21, 3:20 am","ts":1661032227,"status":200,"resp_time":0.080714}
{"time":"August 21, 3:46 am","ts":1661033782,"status":200,"resp_time":0.309197}
{"time":"August 21, 4:04 am","ts":1661034857,"status":200,"resp_time":0.313426}
{"time":"August 21, 4:16 am","ts":1661035564,"status":200,"resp_time":0.087918}
{"time":"August 21, 4:26 am","ts":1661036187,"status":200,"resp_time":0.316108}
{"time":"August 21, 4:48 am","ts":1661037525,"status":200,"resp_time":0.097941}
{"time":"August 21, 5:03 am","ts":1661038428,"status":200,"resp_time":0.10022}
{"time":"August 21, 5:15 am","ts":1661039154,"status":200,"resp_time":0.083844}
{"time":"August 21, 5:26 am","ts":1661039772,"status":200,"resp_time":0.060006}
{"time":"August 21, 7:27 am","ts":1661047027,"status":200,"resp_time":0.108285}
{"time":"August 21, 9:13 am","ts":1661053425,"status":200,"resp_time":0.293709}
{"time":"August 21, 9:51 am","ts":1661055663,"status":200,"resp_time":0.194273}
{"time":"August 21, 10:23 am","ts":1661057621,"status":200,"resp_time":0.254619}
{"time":"August 21, 10:48 am","ts":1661059096,"status":200,"resp_time":0.210861}
{"time":"August 21, 11:04 am","ts":1661060099,"status":200,"resp_time":0.255261}
{"time":"August 21, 11:15 am","ts":1661060730,"status":200,"resp_time":0.186617}
{"time":"August 21, 11:25 am","ts":1661061354,"status":200,"resp_time":0.289715}
{"time":"August 21, 11:53 am","ts":1661062993,"status":200,"resp_time":0.215418}
{"time":"August 21, 12:16 pm","ts":1661064396,"status":200,"resp_time":0.115932}
{"time":"August 21, 12:27 pm","ts":1661065028,"status":200,"resp_time":0.112975}
{"time":"August 21, 12:49 pm","ts":1661066390,"status":200,"resp_time":0.053669}
{"time":"August 21, 1:02 pm","ts":1661067175,"status":200,"resp_time":0.101361}
{"time":"August 21, 1:15 pm","ts":1661067932,"status":200,"resp_time":0.252419}
{"time":"August 21, 1:25 pm","ts":1661068559,"status":200,"resp_time":0.088227}
{"time":"August 21, 1:52 pm","ts":1661070177,"status":200,"resp_time":0.045745}
{"time":"August 21, 2:14 pm","ts":1661071445,"status":200,"resp_time":0.226577}
{"time":"August 21, 2:25 pm","ts":1661072132,"status":200,"resp_time":0.283414}
{"time":"August 21, 2:46 pm","ts":1661073410,"status":200,"resp_time":0.101111}
{"time":"August 21, 3:03 pm","ts":1661074409,"status":200,"resp_time":0.305373}
{"time":"August 21, 3:16 pm","ts":1661075211,"status":200,"resp_time":0.245182}
{"time":"August 21, 3:27 pm","ts":1661075830,"status":200,"resp_time":0.104564}
{"time":"August 21, 3:53 pm","ts":1661077416,"status":200,"resp_time":0.330895}
{"time":"August 21, 4:11 pm","ts":1661078471,"status":200,"resp_time":0.194417}
{"time":"August 21, 4:25 pm","ts":1661079326,"status":200,"resp_time":0.059357}
{"time":"August 21, 4:44 pm","ts":1661080482,"status":200,"resp_time":0.109373}
{"time":"August 21, 4:59 pm","ts":1661081372,"status":200,"resp_time":0.274521}
{"time":"August 21, 5:10 pm","ts":1661082018,"status":200,"resp_time":0.096665}
{"time":"August 21, 5:25 pm","ts":1661082937,"status":200,"resp_time":0.185652}
{"time":"August 21, 6:01 pm","ts":1661085076,"status":200,"resp_time":0.09954}
{"time":"August 21, 6:36 pm","ts":1661087191,"status":200,"resp_time":0.188172}
{"time":"August 21, 7:06 pm","ts":1661088967,"status":200,"resp_time":0.203196}
{"time":"August 21, 7:19 pm","ts":1661089747,"status":200,"resp_time":0.306655}
{"time":"August 21, 7:29 pm","ts":1661090367,"status":200,"resp_time":0.198139}
{"time":"August 21, 7:51 pm","ts":1661091705,"status":200,"resp_time":0.090972}
{"time":"August 21, 8:08 pm","ts":1661092682,"status":200,"resp_time":0.17162}
{"time":"August 21, 8:18 pm","ts":1661093299,"status":200,"resp_time":0.057479}
{"time":"August 21, 8:28 pm","ts":1661093927,"status":200,"resp_time":0.224984}
{"time":"August 21, 8:54 pm","ts":1661095485,"status":200,"resp_time":0.286066}
{"time":"August 21, 9:11 pm","ts":1661096510,"status":200,"resp_time":0.234932}
{"time":"August 21, 9:25 pm","ts":1661097325,"status":200,"resp_time":0.133003}
{"time":"August 21, 9:54 pm","ts":1661099050,"status":200,"resp_time":0.278835}
{"time":"August 21, 10:23 pm","ts":1661100826,"status":200,"resp_time":0.337365}
{"time":"August 21, 10:47 pm","ts":1661102242,"status":200,"resp_time":0.288016}
{"time":"August 21, 11:04 pm","ts":1661103267,"status":200,"resp_time":0.177761}
{"time":"August 21, 11:15 pm","ts":1661103938,"status":200,"resp_time":0.071898}
{"time":"August 21, 11:26 pm","ts":1661104569,"status":200,"resp_time":0.115234}
{"time":"August 21, 11:53 pm","ts":1661106185,"status":200,"resp_time":0.100193}
{"time":"August 22, 12:14 am","ts":1661107489,"status":200,"resp_time":0.292492}
{"time":"August 22, 12:25 am","ts":1661108139,"status":200,"resp_time":0.178253}
{"time":"August 22, 12:44 am","ts":1661109275,"status":200,"resp_time":0.230808}
{"time":"August 22, 12:57 am","ts":1661110047,"status":200,"resp_time":0.198362}
{"time":"August 22, 1:08 am","ts":1661110724,"status":200,"resp_time":0.194364}
{"time":"August 22, 1:19 am","ts":1661111349,"status":200,"resp_time":0.314377}
{"time":"August 22, 1:29 am","ts":1661111967,"status":200,"resp_time":0.071261}
{"time":"August 22, 1:55 am","ts":1661113537,"status":200,"resp_time":0.217501}
{"time":"August 22, 2:10 am","ts":1661114455,"status":200,"resp_time":0.102901}
{"time":"August 22, 2:25 am","ts":1661115333,"status":200,"resp_time":0.07045}
{"time":"August 22, 2:45 am","ts":1661116527,"status":200,"resp_time":0.245446}
{"time":"August 22, 3:00 am","ts":1661117457,"status":200,"resp_time":0.25711}
