{"time":"July 22, 11:52 pm","ts":1658514151,"status":200,"resp_time":0.254311}
{"time":"July 23, 12:02 am","ts":1658514726,"status":200,"resp_time":0.234693}
{"time":"July 23, 12:18 am","ts":1658515693,"status":200,"resp_time":0.223531}
{"time":"July 23, 12:28 am","ts":1658516336,"status":200,"resp_time":0.124855}
{"time":"July 23, 12:50 am","ts":1658517607,"status":200,"resp_time":0.108652}
{"time":"July 23, 1:00 am","ts":1658518249,"status":200,"resp_time":0.194201}
