{"time":"September 6, 8:25 pm","ts":1662476144,"status":200,"resp_time":0.212048}
{"time":"September 6, 8:50 pm","ts":1662477628,"status":200,"resp_time":0.123038}
{"time":"September 6, 9:14 pm","ts":1662479086,"status":200,"resp_time":0.244293}
{"time":"September 6, 9:26 pm","ts":1662479793,"status":200,"resp_time":0.288617}
{"time":"September 6, 10:01 pm","ts":1662481863,"status":200,"resp_time":0.087533}
{"time":"September 6, 10:34 pm","ts":1662483843,"status":200,"resp_time":0.086268}
{"time":"September 6, 11:04 pm","ts":1662485658,"status":200,"resp_time":0.228911}
{"time":"September 6, 11:20 pm","ts":1662486635,"status":200,"resp_time":0.070639}
{"time":"September 6, 11:52 pm","ts":1662488536,"status":200,"resp_time":0.126831}
{"time":"September 7, 12:19 am","ts":1662490163,"status":200,"resp_time":0.287693}
{"time":"September 7, 12:30 am","ts":1662490825,"status":200,"resp_time":0.114009}
{"time":"September 7, 12:53 am","ts":1662492229,"status":200,"resp_time":0.227483}
{"time":"September 7, 1:06 am","ts":1662493012,"status":200,"resp_time":0.091681}
{"time":"September 7, 1:17 am","ts":1662493631,"status":200,"resp_time":0.180086}
{"time":"September 7, 1:27 am","ts":1662494252,"status":200,"resp_time":0.062346}
{"time":"September 7, 1:55 am","ts":1662495931,"status":200,"resp_time":0.208922}
{"time":"September 7, 2:12 am","ts":1662496944,"status":200,"resp_time":0.252957}
{"time":"September 7, 2:25 am","ts":1662497737,"status":200,"resp_time":0.187123}
{"time":"September 7, 2:47 am","ts":1662499024,"status":200,"resp_time":1.365741}
{"time":"September 7, 3:04 am","ts":1662500056,"status":200,"resp_time":0.057852}
{"time":"September 7, 3:15 am","ts":1662500757,"status":200,"resp_time":0.15163}
{"time":"September 7, 3:26 am","ts":1662501389,"status":200,"resp_time":0.199043}
{"time":"September 7, 3:51 am","ts":1662502889,"status":200,"resp_time":0.092153}
{"time":"September 7, 4:12 am","ts":1662504163,"status":200,"resp_time":0.257106}
{"time":"September 7, 4:25 am","ts":1662504938,"status":200,"resp_time":0.262639}
{"time":"September 7, 4:50 am","ts":1662506433,"status":200,"resp_time":0.141163}
{"time":"September 7, 5:15 am","ts":1662507916,"status":200,"resp_time":0.208048}
{"time":"September 7, 5:27 am","ts":1662508622,"status":200,"resp_time":0.222289}
{"time":"September 7, 8:04 am","ts":1662518058,"status":200,"resp_time":0.265971}
{"time":"September 7, 10:10 am","ts":1662525647,"status":200,"resp_time":0.245843}
{"time":"September 7, 11:37 am","ts":1662530851,"status":200,"resp_time":0.128394}
{"time":"September 7, 12:38 pm","ts":1662534529,"status":200,"resp_time":0.230236}
{"time":"September 7, 1:21 pm","ts":1662537062,"status":200,"resp_time":0.219966}
{"time":"September 7, 1:55 pm","ts":1662539105,"status":200,"resp_time":0.099178}
{"time":"September 7, 2:20 pm","ts":1662540602,"status":200,"resp_time":0.173689}
{"time":"September 7, 2:36 pm","ts":1662541600,"status":200,"resp_time":0.284061}
{"time":"September 7, 3:01 pm","ts":1662543098,"status":200,"resp_time":0.186453}
{"time":"September 7, 3:19 pm","ts":1662544175,"status":200,"resp_time":0.159662}
{"time":"September 7, 3:29 pm","ts":1662544798,"status":200,"resp_time":0.289661}
{"time":"September 7, 4:00 pm","ts":1662546654,"status":200,"resp_time":0.169074}
{"time":"September 7, 4:21 pm","ts":1662547880,"status":200,"resp_time":0.102032}
{"time":"September 7, 4:45 pm","ts":1662549356,"status":200,"resp_time":0.226149}
{"time":"September 7, 5:02 pm","ts":1662550347,"status":200,"resp_time":0.218895}
{"time":"September 7, 5:15 pm","ts":1662551153,"status":200,"resp_time":0.207814}
{"time":"September 7, 5:26 pm","ts":1662551769,"status":200,"resp_time":0.26484}
{"time":"September 7, 6:11 pm","ts":1662554496,"status":200,"resp_time":0.059546}
{"time":"September 7, 7:09 pm","ts":1662557948,"status":200,"resp_time":0.116394}
{"time":"September 7, 7:44 pm","ts":1662560092,"status":200,"resp_time":0.118621}
{"time":"September 7, 8:11 pm","ts":1662561693,"status":200,"resp_time":0.07934}
{"time":"September 7, 8:26 pm","ts":1662562601,"status":200,"resp_time":0.221493}
{"time":"September 7, 8:54 pm","ts":1662564246,"status":200,"resp_time":0.249217}
{"time":"September 7, 9:16 pm","ts":1662565593,"status":200,"resp_time":0.239677}
{"time":"September 7, 9:28 pm","ts":1662566304,"status":200,"resp_time":0.060484}
{"time":"September 7, 10:07 pm","ts":1662568631,"status":200,"resp_time":0.309907}
{"time":"September 7, 10:36 pm","ts":1662570403,"status":200,"resp_time":0.10132}
{"time":"September 7, 11:12 pm","ts":1662572538,"status":200,"resp_time":0.089004}
{"time":"September 7, 11:28 pm","ts":1662573522,"status":200,"resp_time":0.314264}
{"time":"September 8, 12:02 am","ts":1662575572,"status":200,"resp_time":0.108394}
{"time":"September 8, 12:25 am","ts":1662576913,"status":200,"resp_time":0.057219}
{"time":"September 8, 12:45 am","ts":1662578116,"status":200,"resp_time":0.095855}
{"time":"September 8, 1:00 am","ts":1662579017,"status":200,"resp_time":0.178329}
{"time":"September 8, 1:16 am","ts":1662580003,"status":200,"resp_time":0.077909}
{"time":"September 8, 1:27 am","ts":1662580640,"status":200,"resp_time":0.244227}
{"time":"September 8, 1:58 am","ts":1662582510,"status":200,"resp_time":1.190291}
{"time":"September 8, 2:18 am","ts":1662583711,"status":200,"resp_time":0.283625}
{"time":"September 8, 2:28 am","ts":1662584323,"status":200,"resp_time":0.081017}
{"time":"September 8, 2:54 am","ts":1662585859,"status":200,"resp_time":0.081939}
{"time":"September 8, 3:11 am","ts":1662586917,"status":200,"resp_time":0.206983}
{"time":"September 8, 3:25 am","ts":1662587730,"status":200,"resp_time":0.109766}
{"time":"September 8, 3:48 am","ts":1662589091,"status":200,"resp_time":0.103016}
{"time":"September 8, 4:08 am","ts":1662590302,"status":200,"resp_time":0.166842}
{"time":"September 8, 4:21 am","ts":1662591089,"status":200,"resp_time":0.239154}
{"time":"September 8, 4:52 am","ts":1662592923,"status":200,"resp_time":0.162096}
{"time":"September 8, 5:16 am","ts":1662594414,"status":200,"resp_time":0.303794}
{"time":"September 8, 5:31 am","ts":1662595263,"status":200,"resp_time":0.074411}
{"time":"September 8, 8:36 am","ts":1662606402,"status":200,"resp_time":0.093016}
{"time":"September 8, 10:18 am","ts":1662612482,"status":200,"resp_time":0.099928}
{"time":"September 8, 11:22 am","ts":1662616357,"status":200,"resp_time":0.063611}
{"time":"September 8, 12:14 pm","ts":1662619495,"status":200,"resp_time":0.194809}
{"time":"September 8, 12:49 pm","ts":1662621575,"status":200,"resp_time":0.089606}
{"time":"September 8, 1:17 pm","ts":1662623254,"status":200,"resp_time":0.325214}
{"time":"September 8, 1:28 pm","ts":1662623926,"status":200,"resp_time":0.179187}
{"time":"September 8, 2:01 pm","ts":1662625919,"status":200,"resp_time":0.100454}
{"time":"September 8, 2:25 pm","ts":1662627332,"status":200,"resp_time":0.252393}
{"time":"September 8, 2:50 pm","ts":1662628815,"status":200,"resp_time":0.250783}
{"time":"September 8, 3:14 pm","ts":1662630272,"status":200,"resp_time":0.136401}
{"time":"September 8, 3:26 pm","ts":1662630974,"status":200,"resp_time":0.107652}
{"time":"September 8, 3:54 pm","ts":1662632656,"status":200,"resp_time":0.233147}
{"time":"September 8, 4:15 pm","ts":1662633951,"status":200,"resp_time":0.234168}
{"time":"September 8, 4:27 pm","ts":1662634622,"status":200,"resp_time":0.057263}
{"time":"September 8, 4:50 pm","ts":1662636034,"status":200,"resp_time":0.24219}
{"time":"September 8, 5:10 pm","ts":1662637219,"status":200,"resp_time":0.189513}
{"time":"September 8, 5:25 pm","ts":1662638134,"status":200,"resp_time":0.233183}
{"time":"September 8, 6:08 pm","ts":1662640706,"status":200,"resp_time":0.258588}
{"time":"September 8, 6:52 pm","ts":1662643363,"status":200,"resp_time":0.284042}
{"time":"September 8, 7:19 pm","ts":1662644945,"status":200,"resp_time":0.092736}
{"time":"September 8, 7:29 pm","ts":1662645568,"status":200,