{"time":"September 30, 1:00 am","ts":1664479817,"status":200,"resp_time":0.233296}
{"time":"September 30, 1:18 am","ts":1664480902,"status":200,"resp_time":0.104559}
{"time":"September 30, 1:28 am","ts":1664481521,"status":200,"resp_time":0.246567}
{"time":"September 30, 2:01 am","ts":1664483510,"status":200,"resp_time":0.12245}
{"time":"September 30, 2:24 am","ts":1664484849,"status":200,"resp_time":0.231885}
{"time":"September 30, 2:49 am","ts":1664486346,"status":200,"resp_time":0.127362}
{"time":"September 30, 3:11 am","ts":1664487668,"status":200,"resp_time":0.115187}
{"time":"September 30, 3:27 am","ts":1664488637,"status":200,"resp_time":0.061551}
{"time":"September 30, 3:57 am","ts":1664490449,"status":200,"resp_time":0.25019}
{"time":"September 30, 4:18 am","ts":1664491718,"status":200,"resp_time":0.082405}
{"time":"September 30, 4:28 am","ts":1664492338,"status":200,"resp_time":0.189684}
{"time":"September 30, 5:07 am","ts":1664494647,"status":200,"resp_time":0.234074}
{"time":"September 30, 5:31 am","ts":1664496071,"status":200,"resp_time":0.080924}
{"time":"September 30, 8:53 am","ts":1664508208,"status":200,"resp_time":0.128357}
{"time":"September 30, 10:39 am","ts":1664514541,"status":200,"resp_time":0.08699}
{"time":"September 30, 12:01 pm","ts":1664519481,"status":200,"resp_time":0.300322}
{"time":"September 30, 12:54 pm","ts":1664522693,"status":200,"resp_time":0.180217}
{"time":"September 30, 1:29 pm","ts":1664524744,"status":200,"resp_time":0.117621}
{"time":"September 30, 2:13 pm","ts":1664527386,"status":200,"resp_time":0.273327}
{"time":"September 30, 2:44 pm","ts":1664529257,"status":200,"resp_time":0.049978}
{"time":"September 30, 3:16 pm","ts":1664531166,"status":200,"resp_time":0.186563}
{"time":"September 30, 3:30 pm","ts":1664532054,"status":200,"resp_time":0.16136}
{"time":"September 30, 4:06 pm","ts":1664534210,"status":200,"resp_time":0.29895}
{"time":"September 30, 4:25 pm","ts":1664535340,"status":200,"resp_time":0.294207}
{"time":"September 30, 4:48 pm","ts":1664536697,"status":200,"resp_time":0.234069}
{"time":"September 30, 5:08 pm","ts":1664537897,"status":200,"resp_time":0.195548}
{"time":"September 30, 5:21 pm","ts":1664538660,"status":200,"resp_time":0.244736}
{"time":"September 30, 6:12 pm","ts":1664541722,"status":200,"resp_time":0.227978}
{"time":"September 30, 7:12 pm","ts":1664545347,"status":200,"resp_time":0.196429}
{"time":"September 30, 7:54 pm","ts":1664547843,"status":200,"resp_time":0.273374}
{"time":"September 30, 8:25 pm","ts":1664549751,"status":200,"resp_time":0.064102}
{"time":"September 30, 8:55 pm","ts":1664551548,"status":200,"resp_time":0.275095}
{"time":"September 30, 9:24 pm","ts":1664553247,"status":200,"resp_time":0.080561}
{"time":"September 30, 10:02 pm","ts":1664555575,"status":200,"resp_time":0.06357}
{"time":"September 30, 10:50 pm","ts":1664558450,"status":200,"resp_time":0.111668}
{"time":"September 30, 11:27 pm","ts":1664560631,"status":200,"resp_time":0.10623}
{"time":"October 1, 12:03 am","ts":1664562834,"status":200,"resp_time":0.128255}
{"time":"October 1, 12:30 am","ts":1664564425,"status":200,"resp_time":0.299853}
{"time":"October 1, 1:00 am","ts":1664566250,"status":200,"resp_time":0.106811}
{"time":"October 1, 1:18 am","ts":1664567334,"status":200,"resp_time":0.077986}
{"time":"October 1, 1:29 am","ts":1664567953,"status":200,"resp_time":0.184084}
{"time":"October 1, 2:01 am","ts":1664569867,"status":200,"resp_time":0.225058}
{"time":"October 1, 2:23 am","ts":1664571212,"status":200,"resp_time":0.191787}
{"time":"October 1, 2:48 am","ts":1664572698,"status":200,"resp_time":0.216186}
{"time":"October 1, 3:09 am","ts":1664573971,"status":200,"resp_time":0.077673}
{"time":"October 1, 3:23 am","ts":1664574830,"status":200,"resp_time":0.194142}
{"time":"October 1, 3:51 am","ts":1664576489,"status":200,"resp_time":0.086705}
{"time":"October 1, 4:17 am","ts":1664578038,"status":200,"resp_time":0.061622}
{"time":"October 1, 4:28 am","ts":1664578717,"status":200,"resp_time":0.877259}
{"time":"October 1, 5:03 am","ts":1664580813,"status":200,"resp_time":0.246369}
{"time":"October 1, 5:27 am","ts":1664582276,"status":200,"resp_time":0.07615}
{"time":"October 1, 8:37 am","ts":1664593641,"status":200,"resp_time":0.087557}
{"time":"October 1, 10:28 am","ts":1664600329,"status":200,"resp_time":0.082596}
{"time":"October 1, 11:34 am","ts":1664604291,"status":200,"resp_time":0.187432}
{"time":"October 1, 12:19 pm","ts":1664606970,"status":200,"resp_time":0.222881}
{"time":"October 1, 12:44 pm","ts":1664608461,"status":200,"resp_time":0.078856}
{"time":"October 1, 1:11 pm","ts":1664610080,"status":200,"resp_time":0.201433}
{"time":"October 1, 1:26 pm","ts":1664610971,"status":200,"resp_time":0.15927}
{"time":"October 1, 1:59 pm","ts":1664612986,"status":200,"resp_time":0.116786}
{"time":"October 1, 2:26 pm","ts":1664614602,"status":200,"resp_time":0.242088}
{"time":"October 1, 2:56 pm","ts":1664616395,"status":200,"resp_time":0.225319}
{"time":"October 1, 3:18 pm","ts":1664617711,"status":200,"resp_time":0.102299}
{"time":"October 1, 3:28 pm","ts":1664618329,"status":200,"resp_time":0.081777}
{"time":"October 1, 4:00 pm","ts":1664620243,"status":200,"resp_time":0.276813}
{"time":"October 1, 4:23 pm","ts":1664621606,"status":200,"resp_time":0.191127}
{"time":"October 1, 4:46 pm","ts":1664622989,"status":200,"resp_time":0.10404}
{"time":"October 1, 5:05 pm","ts":1664624154,"status":200,"resp_time":0.199037}
{"time":"October 1, 5:18 pm","ts":1664624917,"status":200,"resp_time":0.511109}
{"time":"October 1, 5:29 pm","ts":1664625549,"status":200,"resp_time":0.246923}
{"time":"October 1, 6:23 pm","ts":1664628814,"status":200,"resp_time":0.238432}
{"time":"October 1, 7:11 pm","ts":1664631673,"status":200,"resp_time":0.313636}
{"time":"October 1, 7:35 pm","ts":1664633147,"status":200,"resp_time":0.06856}
{"time":"October 1, 8:02 pm","ts":1664634736,"status":200,"resp_time":0.30184}
{"time":"October 1, 8:20 pm","ts":1664635847,"status":200,"resp_time":0.16283}
{"time":"October 1, 8:50 pm","ts":1664637624,"status":200,"resp_time":0.106051}
{"time":"October 1, 9:17 pm","ts":1664639264,"status":200,"resp_time":0.243967}
{"time":"October 1, 9:29 pm","ts":1664639982,"status":200,"resp_time":0.115053}
{"time":"October 1, 10:10 pm","ts":1664642404,"status":200,"resp_time":0.191979}
{"time":"October 1, 10:40 pm","ts":1664644227,"status":200,"resp_time":0.234583}
{"time":"October 1, 11:13 pm","ts":1664646209,"status":200,"resp_time":0.292716}
{"time":"October 1, 11:27 pm","ts":1664647042,"status":200,"resp_time":0.138874}
{"time":"October 2, 12:01 am","ts":1664649097,"status":200,"resp_time":0.130202}
{"time":"October 2, 12:27 am","ts":1664650628,"status":200,"resp_time":0.184199}
{"time":"October 2, 12:51 am","ts":1664652086,"status":200,"resp_time":0.170804}
{"time":"October 2, 1:09 am","ts":1664653175,"status":200,"resp_time":0.118981}
{"time":"October 2, 1:19 am","ts":1664653796,"status":200,"resp_time":0.273927}
{"time":"October 2, 1:30 am","ts":1664654423,"status":200,"resp_time":0.247697}
{"time":"October 2, 2:04 am","ts":1664656442,"status":200,"resp_time":0.218705}
{"time":"October 2, 2:22 am","ts":1664657553,"status":200,"resp_time":0.274009}
{"time":"October 2, 2:47 am","ts":1664659039,"status":200,"resp_time":0.087233}
{"time":"October 2, 3:08 am","ts":1664660292,"status":200,"resp_time":0.273697}
{"time":"October 2, 3:22 am","ts":1664661134,"status":200,"resp_time":0.214881}
{"time":"October 2, 3:49 am","ts":1664662770,"status":200,"resp_time":0.223073}
{"time":"October 2, 4:11 am","ts":1664664087,"status":200,"resp_time":0.094458}
{"time":"October 2, 4:26 am","ts":1664664994,"status":200,"resp_time":0.059831}
