{"time":"November 6, 5:29 pm","ts":1667735988,"status":200,"resp_time":0.078984}
{"time":"November 6, 6:15 pm","ts":1667738756,"status":200,"resp_time":0.299494}
{"time":"November 6, 6:46 pm","ts":1667740582,"status":200,"resp_time":0.250069}
{"time":"November 6, 7:11 pm","ts":1667742063,"status":200,"resp_time":0.182246}
{"time":"November 6, 7:25 pm","ts":1667742934,"status":200,"resp_time":0.085228}
{"time":"November 6, 7:46 pm","ts":1667744177,"status":200,"resp_time":0.064414}
{"time":"November 6, 8:01 pm","ts":1667745091,"status":200,"resp_time":0.058409}
{"time":"November 6, 8:15 pm","ts":1667745932,"status":200,"resp_time":0.145369}
{"time":"November 6, 8:25 pm","ts":1667746549,"status":200,"resp_time":0.212249}
{"time":"November 6, 8:50 pm","ts":1667748037,"status":200,"resp_time":0.052159}
{"time":"November 6, 9:11 pm","ts":1667749305,"status":200,"resp_time":0.117942}
{"time":"November 6, 9:25 pm","ts":1667750134,"status":200,"resp_time":0.080337}
{"time":"November 6, 9:55 pm","ts":1667751916,"status":200,"resp_time":0.237377}
{"time":"November 6, 10:22 pm","ts":1667753559,"status":200,"resp_time":0.143906}
{"time":"November 6, 10:46 pm","ts":1667754968,"status":200,"resp_time":0.249242}
{"time":"November 6, 11:02 pm","ts":1667755968,"status":200,"resp_time":0.189087}
{"time":"November 6, 11:15 pm","ts":1667756733,"status":200,"resp_time":0.0806}
{"time":"November 6, 11:25 pm","ts":1667757351,"status":200,"resp_time":0.173652}
{"time":"November 6, 11:52 pm","ts":1667758976,"status":200,"resp_time":0.153402}
{"time":"November 7, 12:14 am","ts":1667760259,"status":200,"resp_time":0.106398}
{"time":"November 7, 12:25 am","ts":1667760935,"status":200,"resp_time":0.253402}
{"time":"November 7, 12:44 am","ts":1667762059,"status":200,"resp_time":0.242835}
{"time":"November 7, 12:56 am","ts":1667762812,"status":200,"resp_time":0.206038}
{"time":"November 7, 1:08 am","ts":1667763494,"status":200,"resp_time":0.116366}
{"time":"November 7, 1:18 am","ts":1667764114,"status":200,"resp_time":0.199044}
{"time":"November 7, 1:28 am","ts":1667764729,"status":200,"resp_time":0.241861}
{"time":"November 7, 1:55 am","ts":1667766337,"status":200,"resp_time":0.185552}
{"time":"November 7, 2:10 am","ts":1667767228,"status":200,"resp_time":0.310608}
{"time":"November 7, 2:25 am","ts":1667768137,"status":200,"resp_time":0.109755}
{"time":"November 7, 2:46 am","ts":1667769381,"status":200,"resp_time":0.08442}
{"time":"November 7, 3:01 am","ts":1667770262,"status":200,"resp_time":0.104227}
{"time":"November 7, 3:15 am","ts":1667771134,"status":200,"resp_time":0.230055}
{"time":"November 7, 3:26 am","ts":1667771766,"status":200,"resp_time":3.581747}
{"time":"November 7, 3:48 am","ts":1667773123,"status":200,"resp_time":0.090491}
{"time":"November 7, 4:07 am","ts":1667774232,"status":200,"resp_time":0.119951}
{"time":"November 7, 4:18 am","ts":1667774884,"status":200,"resp_time":0.104706}
{"time":"November 7, 4:28 am","ts":1667775501,"status":200,"resp_time":0.202928}
{"time":"November 7, 4:56 am","ts":1667777172,"status":200,"resp_time":0.089773}
{"time":"November 7, 5:13 am","ts":1667778185,"status":200,"resp_time":0.177526}
{"time":"November 7, 5:25 am","ts":1667778932,"status":200,"resp_time":0.093943}
{"time":"November 7, 7:13 am","ts":1667785427,"status":200,"resp_time":0.050878}
{"time":"November 7, 8:49 am","ts":1667791164,"status":200,"resp_time":0.123979}
{"time":"November 7, 9:40 am","ts":1667794239,"status":200,"resp_time":0.142601}
{"time":"November 7, 10:28 am","ts":1667797120,"status":200,"resp_time":0.204867}
{"time":"November 7, 11:02 am","ts":1667799151,"status":200,"resp_time":0.120295}
{"time":"November 7, 11:19 am","ts":1667800197,"status":200,"resp_time":0.092483}
{"time":"November 7, 11:30 am","ts":1667800840,"status":200,"resp_time":0.245037}
{"time":"November 7, 12:05 pm","ts":1667802910,"status":200,"resp_time":0.214215}
{"time":"November 7, 12:23 pm","ts":1667803995,"status":200,"resp_time":0.226803}
{"time":"November 7, 12:47 pm","ts":1667805429,"status":200,"resp_time":0.235981}
{"time":"November 7, 1:02 pm","ts":1667806343,"status":200,"resp_time":0.252675}
{"time":"November 7, 1:15 pm","ts":1667807139,"status":200,"resp_time":0.064022}
{"time":"November 7, 1:26 pm","ts":1667807773,"status":200,"resp_time":0.067296}
{"time":"November 7, 1:58 pm","ts":1667809702,"status":200,"resp_time":0.309158}
{"time":"November 7, 2:21 pm","ts":1667811097,"status":200,"resp_time":0.220988}
{"time":"November 7, 2:47 pm","ts":1667812645,"status":200,"resp_time":0.101265}
{"time":"November 7, 3:06 pm","ts":1667813769,"status":200,"resp_time":0.09095}
{"time":"November 7, 3:18 pm","ts":1667814496,"status":200,"resp_time":0.108473}
{"time":"November 7, 3:28 pm","ts":1667815115,"status":200,"resp_time":0.08159}
{"time":"November 7, 4:00 pm","ts":1667817020,"status":200,"resp_time":0.048438}
{"time":"November 7, 4:21 pm","ts":1667818281,"status":200,"resp_time":0.211032}
{"time":"November 7, 4:45 pm","ts":1667819714,"status":200,"resp_time":0.099775}
{"time":"November 7, 5:00 pm","ts":1667820628,"status":200,"resp_time":0.124503}
{"time":"November 7, 5:15 pm","ts":1667821538,"status":200,"resp_time":0.075525}
{"time":"November 7, 5:25 pm","ts":1667822157,"status":200,"resp_time":0.13211}
{"time":"November 7, 6:12 pm","ts":1667824974,"status":200,"resp_time":0.08357}
{"time":"November 7, 7:01 pm","ts":1667827889,"status":200,"resp_time":0.106029}
{"time":"November 7, 7:34 pm","ts":1667829868,"status":200,"resp_time":0.296205}
{"time":"November 7, 8:00 pm","ts":1667831405,"status":200,"resp_time":0.218974}
{"time":"November 7, 8:15 pm","ts":1667832312,"status":200,"resp_time":0.141076}
{"time":"November 7, 8:25 pm","ts":1667832931,"status":200,"resp_time":0.237312}
{"time":"November 7, 8:49 pm","ts":1667834369,"status":200,"resp_time":0.065768}
{"time":"November 7, 9:08 pm","ts":1667835525,"status":200,"resp_time":0.127209}
{"time":"November 7, 9:21 pm","ts":1667836277,"status":200,"resp_time":0.062455}
{"time":"November 7, 9:54 pm","ts":1667838280,"status":200,"resp_time":0.210587}
{"time":"November 7, 10:28 pm","ts":1667840285,"status":200,"resp_time":0.179676}
{"time":"November 7, 11:00 pm","ts":1667842241,"status":200,"resp_time":0.087341}
{"time":"November 7, 11:22 pm","ts":1667843525,"status":200,"resp_time":0.092316}
{"time":"November 7, 11:52 pm","ts":1667845329,"status":200,"resp_time":0.258615}
{"time":"November 8, 12:15 am","ts":1667846749,"status":200,"resp_time":0.091445}
{"time":"November 8, 12:26 am","ts":1667847387,"status":200,"resp_time":0.318681}
{"time":"November 8, 12:47 am","ts":1667848632,"status":200,"resp_time":0.139199}
{"time":"November 8, 12:58 am","ts":1667849300,"status":200,"resp_time":0.223513}
{"time":"November 8, 1:09 am","ts":1667849970,"status":200,"resp_time":0.091457}
{"time":"November 8, 1:19 am","ts":1667850596,"status":200,"resp_time":0.397298}
{"time":"November 8, 1:30 am","ts":1667851213,"status":200,"resp_time":0.113525}
{"time":"November 8, 2:01 am","ts":1667853060,"status":200,"resp_time":0.073166}
{"time":"November 8, 2:17 am","ts":1667854079,"status":200,"resp_time":0.200659}
{"time":"November 8, 2:54 am","ts":1667856244,"status":200,"resp_time":0.348004}
{"time":"November 8, 3:10 am","ts":1667857257,"status":200,"resp_time":0.088114}
{"time":"November 8, 3:49 am","ts":1667859597,"status":200,"resp_time":0.306563}
{"time":"November 8, 4:08 am","ts":1667860690,"status":200,"resp_time":0.224529}
{"time":"November 8, 4:19 am","ts":1667861375,"status":200,"resp_time":0.232643}
{"time":"November 8, 4:30 am","ts":1667862007,"status":200,"resp_time":0.10829}
{"time":"November 8, 5:00 am","ts":1667863812,"status":200,"resp_time":0.09859}
{"time":"November 8, 5:19 am","ts":1667864983,"status":200,"resp_time":0.063319}
