{"time":"September 21, 2:26 am","ts":1663707405,"status":200,"resp_time":0.284251}
{"time":"September 21, 2:51 am","ts":1663708907,"status":200,"resp_time":0.202501}
{"time":"September 21, 3:13 am","ts":1663710186,"status":200,"resp_time":0.118668}
{"time":"September 21, 3:25 am","ts":1663710931,"status":200,"resp_time":0.294271}
{"time":"September 21, 3:54 am","ts":1663712676,"status":200,"resp_time":0.073721}
{"time":"September 21, 4:17 am","ts":1663714043,"status":200,"resp_time":0.283727}
{"time":"September 21, 4:27 am","ts":1663714677,"status":200,"resp_time":0.13235}
{"time":"September 21, 5:00 am","ts":1663716653,"status":200,"resp_time":0.250353}
{"time":"September 21, 5:26 am","ts":1663718177,"status":200,"resp_time":0.13019}
{"time":"September 21, 8:00 am","ts":1663727411,"status":200,"resp_time":0.105606}
{"time":"September 21, 10:03 am","ts":1663734829,"status":200,"resp_time":0.100238}
{"time":"September 21, 11:24 am","ts":1663739694,"status":200,"resp_time":0.232844}
{"time":"September 21, 12:24 pm","ts":1663743279,"status":200,"resp_time":0.117075}
{"time":"September 21, 1:11 pm","ts":1663746069,"status":200,"resp_time":0.097816}
{"time":"September 21, 1:40 pm","ts":1663747831,"status":200,"resp_time":0.056881}
{"time":"September 21, 2:19 pm","ts":1663750174,"status":200,"resp_time":0.081086}
{"time":"September 21, 2:40 pm","ts":1663751400,"status":200,"resp_time":0.058585}
{"time":"September 21, 3:07 pm","ts":1663753057,"status":200,"resp_time":0.277945}
{"time":"September 21, 3:24 pm","ts":1663754071,"status":200,"resp_time":0.293182}
{"time":"September 21, 3:51 pm","ts":1663755688,"status":200,"resp_time":0.202446}
{"time":"September 21, 4:16 pm","ts":1663757201,"status":200,"resp_time":0.20701}
{"time":"September 21, 4:27 pm","ts":1663757858,"status":200,"resp_time":0.30504}
{"time":"September 21, 4:52 pm","ts":1663759368,"status":200,"resp_time":0.195427}
{"time":"September 21, 5:10 pm","ts":1663760438,"status":200,"resp_time":0.196568}
{"time":"September 21, 5:25 pm","ts":1663761332,"status":200,"resp_time":0.057115}
{"time":"September 21, 6:13 pm","ts":1663764182,"status":200,"resp_time":0.200313}
{"time":"September 21, 7:08 pm","ts":1663767518,"status":200,"resp_time":0.051173}
{"time":"September 21, 7:47 pm","ts":1663769860,"status":200,"resp_time":0.119764}
{"time":"September 21, 8:14 pm","ts":1663771492,"status":200,"resp_time":0.146372}
{"time":"September 21, 8:28 pm","ts":1663772284,"status":200,"resp_time":0.216574}
{"time":"September 21, 8:58 pm","ts":1663774138,"status":200,"resp_time":0.103909}
{"time":"September 21, 9:20 pm","ts":1663775421,"status":200,"resp_time":0.11194}
{"time":"September 21, 9:59 pm","ts":1663777783,"status":200,"resp_time":0.038651}
{"time":"September 21, 10:40 pm","ts":1663780236,"status":200,"resp_time":0.162725}
{"time":"September 21, 11:16 pm","ts":1663782417,"status":200,"resp_time":0.211106}
{"time":"September 21, 11:29 pm","ts":1663783186,"status":200,"resp_time":0.232649}
{"time":"September 22, 12:07 am","ts":1663785455,"status":200,"resp_time":0.286676}
{"time":"September 22, 12:30 am","ts":1663786844,"status":200,"resp_time":0.05456}
{"time":"September 22, 12:58 am","ts":1663788488,"status":200,"resp_time":0.087792}
{"time":"September 22, 1:12 am","ts":1663789376,"status":200,"resp_time":0.19378}
{"time":"September 22, 1:25 am","ts":1663790141,"status":200,"resp_time":0.198206}
{"time":"September 22, 1:51 am","ts":1663791713,"status":200,"resp_time":0.061795}
{"time":"September 22, 2:14 am","ts":1663793090,"status":200,"resp_time":0.058758}
{"time":"September 22, 2:26 am","ts":1663793789,"status":200,"resp_time":0.067132}
{"time":"September 22, 2:50 am","ts":1663795232,"status":200,"resp_time":0.193313}
{"time":"September 22, 3:12 am","ts":1663796557,"status":200,"resp_time":0.074509}
{"time":"September 22, 3:25 am","ts":1663797328,"status":200,"resp_time":0.09168}
{"time":"September 22, 3:51 am","ts":1663798909,"status":200,"resp_time":0.259761}
{"time":"September 22, 4:16 am","ts":1663800369,"status":200,"resp_time":0.242812}
{"time":"September 22, 4:27 am","ts":1663801023,"status":200,"resp_time":0.091852}
{"time":"September 22, 4:56 am","ts":1663802813,"status":200,"resp_time":0.3019}
{"time":"September 22, 5:18 am","ts":1663804094,"status":200,"resp_time":0.063432}
{"time":"September 22, 6:00 am","ts":1663806655,"status":200,"resp_time":0.070011}
{"time":"September 22, 8:49 am","ts":1663816780,"status":200,"resp_time":0.141082}
{"time":"September 22, 10:29 am","ts":1663822774,"status":200,"resp_time":0.21456}
{"time":"September 22, 11:40 am","ts":1663827016,"status":200,"resp_time":0.184453}
{"time":"September 22, 12:33 pm","ts":1663830208,"status":200,"resp_time":0.259843}
{"time":"September 22, 1:15 pm","ts":1663832749,"status":200,"resp_time":0.279416}
{"time":"September 22, 1:30 pm","ts":1663833638,"status":200,"resp_time":0.19669}
{"time":"September 22, 2:10 pm","ts":1663836020,"status":200,"resp_time":0.192213}
{"time":"September 22, 2:32 pm","ts":1663837352,"status":200,"resp_time":0.309705}
{"time":"September 22, 3:05 pm","ts":1663839319,"status":200,"resp_time":0.274878}
{"time":"September 22, 3:23 pm","ts":1663840422,"status":200,"resp_time":0.212618}
{"time":"September 22, 3:51 pm","ts":1663842075,"status":200,"resp_time":0.199049}
{"time":"September 22, 4:16 pm","ts":1663843603,"status":200,"resp_time":0.082466}
{"time":"September 22, 4:27 pm","ts":1663844270,"status":200,"resp_time":0.103426}
{"time":"September 22, 4:53 pm","ts":1663845783,"status":200,"resp_time":0.282303}
{"time":"September 22, 5:10 pm","ts":1663846840,"status":200,"resp_time":0.051892}
{"time":"September 22, 5:25 pm","ts":1663847730,"status":200,"resp_time":0.140286}
{"time":"September 22, 6:10 pm","ts":1663850404,"status":200,"resp_time":0.19097}
{"time":"September 22, 7:02 pm","ts":1663853550,"status":200,"resp_time":0.111633}
{"time":"September 22, 7:38 pm","ts":1663855728,"status":200,"resp_time":0.25618}
{"time":"September 22, 8:08 pm","ts":1663857515,"status":200,"resp_time":0.100681}
{"time":"September 22, 8:24 pm","ts":1663858464,"status":200,"resp_time":0.066308}
{"time":"September 22, 8:50 pm","ts":1663860025,"status":200,"resp_time":0.074924}
{"time":"September 22, 9:18 pm","ts":1663861680,"status":200,"resp_time":0.166665}
{"time":"September 22, 9:29 pm","ts":1663862395,"status":200,"resp_time":0.102133}
{"time":"September 22, 10:11 pm","ts":1663864894,"status":200,"resp_time":0.056899}
{"time":"September 22, 10:49 pm","ts":1663867140,"status":200,"resp_time":0.082611}
{"time":"September 22, 11:17 pm","ts":1663868848,"status":200,"resp_time":0.112304}
{"time":"September 22, 11:29 pm","ts":1663869566,"status":200,"resp_time":0.272573}
{"time":"September 23, 12:03 am","ts":1663871635,"status":200,"resp_time":0.309819}
{"time":"September 23, 12:26 am","ts":1663872997,"status":200,"resp_time":0.077058}
{"time":"September 23, 12:49 am","ts":1663874381,"status":200,"resp_time":0.223739}
{"time":"September 23, 1:03 am","ts":1663875217,"status":200,"resp_time":0.216361}
{"time":"September 23, 1:16 am","ts":1663875967,"status":200,"resp_time":0.226179}
{"time":"September 23, 1:26 am","ts":1663876596,"status":200,"resp_time":0.217669}
{"time":"September 23, 1:55 am","ts":1663878324,"status":200,"resp_time":0.198449}
{"time":"September 23, 2:15 am","ts":1663879526,"status":200,"resp_time":0.20261}
{"time":"September 23, 2:27 am","ts":1663880222,"status":200,"resp_time":0.273643}
{"time":"September 23, 2:52 am","ts":1663881749,"status":200,"resp_time":0.062314}
